# Twenty Tons grey box. Map data (c) OpenStreetMap contributors, ODbL.
o Pavement_+0_+0
v -1.01 0.15 141.40
v 0.98 0.15 141.16
v -5.40 0.15 104.34
v -3.42 0.15 104.08
v -7.64 0.15 88.79
v -5.66 0.15 88.49
v -9.32 0.15 78.57
v -7.35 0.15 78.23
v -13.09 0.15 58.25
v -11.13 0.15 57.87
v -16.18 0.15 43.28
v -14.23 0.15 42.85
v -19.55 0.15 28.56
v -17.60 0.15 28.11
v -27.24 0.15 -3.27
v -25.29 0.15 -3.72
v -31.16 0.15 -21.36
v -29.20 0.15 -21.73
v -34.08 0.15 -38.68
v -32.10 0.15 -38.97
v -38.89 0.15 -76.25
v -36.91 0.15 -76.50
v -1.01 0.00 141.40
v 0.98 0.00 141.16
v -5.40 0.00 104.34
v -3.42 0.00 104.08
v -7.64 0.00 88.79
v -5.66 0.00 88.49
v -9.32 0.00 78.57
v -7.35 0.00 78.23
v -13.09 0.00 58.25
v -11.13 0.00 57.87
v -16.18 0.00 43.28
v -14.23 0.00 42.85
v -19.55 0.00 28.56
v -17.60 0.00 28.11
v -27.24 0.00 -3.27
v -25.29 0.00 -3.72
v -31.16 0.00 -21.36
v -29.20 0.00 -21.73
v -34.08 0.00 -38.68
v -32.10 0.00 -38.97
v -38.89 0.00 -76.25
v -36.91 0.00 -76.50
f 2 4 3 1
f 4 6 5 3
f 6 8 7 5
f 8 10 9 7
f 10 12 11 9
f 12 14 13 11
f 14 16 15 13
f 16 18 17 15
f 18 20 19 17
f 20 22 21 19
f 1 23 25 3
f 4 26 24 2
f 3 25 27 5
f 6 28 26 4
f 5 27 29 7
f 8 30 28 6
f 7 29 31 9
f 10 32 30 8
f 9 31 33 11
f 12 34 32 10
f 11 33 35 13
f 14 36 34 12
f 13 35 37 15
f 16 38 36 14
f 15 37 39 17
f 18 40 38 16
f 17 39 41 19
f 20 42 40 18
f 19 41 43 21
f 22 44 42 20
o Pavement_+0_-1
v -179.46 0.15 147.00
v -177.49 0.15 146.69
v -227.02 0.15 -152.80
v -225.05 0.15 -153.11
v -179.46 0.00 147.00
v -177.49 0.00 146.69
v -227.02 0.00 -152.80
v -225.05 0.00 -153.11
v -165.63 0.15 144.81
v -163.66 0.15 144.50
v -213.19 0.15 -154.99
v -211.22 0.15 -155.30
v -165.63 0.00 144.81
v -163.66 0.00 144.50
v -213.19 0.00 -154.99
v -211.22 0.00 -155.30
f 46 48 47 45
f 45 49 51 47
f 48 52 50 46
f 54 56 55 53
f 53 57 59 55
f 56 60 58 54
o Pavement_+0_-10
v 55.42 0.15 -2521.36
v 54.36 0.15 -2523.05
v -3.00 0.15 -2484.71
v -4.07 0.15 -2486.40
v -87.08 0.15 -2431.08
v -88.14 0.15 -2432.78
v -127.26 0.15 -2406.45
v -128.28 0.15 -2408.17
v -146.96 0.15 -2395.02
v -147.93 0.15 -2396.76
v -162.80 0.15 -2386.54
v -163.71 0.15 -2388.32
v -178.84 0.15 -2378.66
v -179.70 0.15 -2380.47
v -196.11 0.15 -2370.90
v -196.90 0.15 -2372.74
v -208.52 0.15 -2365.81
v -209.24 0.15 -2367.68
v -220.89 0.15 -2361.23
v -221.55 0.15 -2363.12
v -232.52 0.15 -2357.41
v -233.11 0.15 -2359.32
v -243.18 0.15 -2354.32
v -243.70 0.15 -2356.25
v -267.97 0.15 -2348.01
v -268.45 0.15 -2349.95
v -412.58 0.15 -2313.15
v -413.08 0.15 -2315.08
v -429.31 0.15 -2308.60
v -429.87 0.15 -2310.52
v -438.96 0.15 -2305.57
v -439.59 0.15 -2307.47
v -451.53 0.15 -2301.19
v -452.18 0.15 -2303.08
v 55.42 0.00 -2521.36
v 54.36 0.00 -2523.05
v -3.00 0.00 -2484.71
v -4.07 0.00 -2486.40
v -87.08 0.00 -2431.08
v -88.14 0.00 -2432.78
v -127.26 0.00 -2406.45
v -128.28 0.00 -2408.17
v -146.96 0.00 -2395.02
v -147.93 0.00 -2396.76
v -162.80 0.00 -2386.54
v -163.71 0.00 -2388.32
v -178.84 0.00 -2378.66
v -179.70 0.00 -2380.47
v -196.11 0.00 -2370.90
v -196.90 0.00 -2372.74
v -208.52 0.00 -2365.81
v -209.24 0.00 -2367.68
v -220.89 0.00 -2361.23
v -221.55 0.00 -2363.12
v -232.52 0.00 -2357.41
v -233.11 0.00 -2359.32
v -243.18 0.00 -2354.32
v -243.70 0.00 -2356.25
v -267.97 0.00 -2348.01
v -268.45 0.00 -2349.95
v -412.58 0.00 -2313.15
v -413.08 0.00 -2315.08
v -429.31 0.00 -2308.60
v -429.87 0.00 -2310.52
v -438.96 0.00 -2305.57
v -439.59 0.00 -2307.47
v -451.53 0.00 -2301.19
v -452.18 0.00 -2303.08
v -459.80 0.15 -2330.60
v -459.42 0.15 -2328.63
v -444.15 0.15 -2333.63
v -443.74 0.15 -2331.67
v -425.27 0.15 -2337.82
v -424.83 0.15 -2335.87
v -316.47 0.15 -2363.22
v -316.01 0.15 -2361.28
v -286.16 0.15 -2370.63
v -285.67 0.15 -2368.69
v -249.10 0.15 -2380.33
v -248.57 0.15 -2378.40
v -232.42 0.15 -2385.12
v -231.82 0.15 -2383.21
v -215.91 0.15 -2390.61
v -215.23 0.15 -2388.73
v -205.34 0.15 -2394.72
v -204.59 0.15 -2392.86
v -200.16 0.15 -2396.92
v -199.34 0.15 -2395.10
v -183.98 0.15 -2404.59
v -183.09 0.15 -2402.80
v -173.59 0.15 -2410.06
v -172.63 0.15 -2408.30
v -163.90 0.15 -2415.51
v -162.89 0.15 -2413.78
v -145.60 0.15 -2426.43
v -144.57 0.15 -2424.72
v -72.79 0.15 -2470.76
v -71.73 0.15 -2469.06
v -50.18 0.15 -2484.99
v -49.11 0.15 -2483.30
v 47.23 0.15 -2547.65
v 48.32 0.15 -2545.97
v 82.42 0.15 -2570.70
v 83.51 0.15 -2569.02
v -459.80 0.00 -2330.60
v -459.42 0.00 -2328.63
v -444.15 0.00 -2333.63
v -443.74 0.00 -2331.67
v -425.27 0.00 -2337.82
v -424.83 0.00 -2335.87
v -316.47 0.00 -2363.22
v -316.01 0.00 -2361.28
v -286.16 0.00 -2370.63
v -285.67 0.00 -2368.69
v -249.10 0.00 -2380.33
v -248.57 0.00 -2378.40
v -232.42 0.00 -2385.12
v -231.82 0.00 -2383.21
v -215.91 0.00 -2390.61
v -215.23 0.00 -2388.73
v -205.34 0.00 -2394.72
v -204.59 0.00 -2392.86
v -200.16 0.00 -2396.92
v -199.34 0.00 -2395.10
v -183.98 0.00 -2404.59
v -183.09 0.00 -2402.80
v -173.59 0.00 -2410.06
v -172.63 0.00 -2408.30
v -163.90 0.00 -2415.51
v -162.89 0.00 -2413.78
v -145.60 0.00 -2426.43
v -144.57 0.00 -2424.72
v -72.79 0.00 -2470.76
v -71.73 0.00 -2469.06
v -50.18 0.00 -2484.99
v -49.11 0.00 -2483.30
v 47.23 0.00 -2547.65
v 48.32 0.00 -2545.97
v 82.42 0.00 -2570.70
v 83.51 0.00 -2569.02
f 62 64 63 61
f 64 66 65 63
f 66 68 67 65
f 68 70 69 67
f 70 72 71 69
f 72 74 73 71
f 74 76 75 73
f 76 78 77 75
f 78 80 79 77
f 80 82 81 79
f 82 84 83 81
f 84 86 85 83
f 86 88 87 85
f 88 90 89 87
f 90 92 91 89
f 92 94 93 91
f 61 95 97 63
f 64 98 96 62
f 63 97 99 65
f 66 100 98 64
f 65 99 101 67
f 68 102 100 66
f 67 101 103 69
f 70 104 102 68
f 69 103 105 71
f 72 106 104 70
f 71 105 107 73
f 74 108 106 72
f 73 107 109 75
f 76 110 108 74
f 75 109 111 77
f 78 112 110 76
f 77 111 113 79
f 80 114 112 78
f 79 113 115 81
f 82 116 114 80
f 81 115 117 83
f 84 118 116 82
f 83 117 119 85
f 86 120 118 84
f 85 119 121 87
f 88 122 120 86
f 87 121 123 89
f 90 124 122 88
f 89 123 125 91
f 92 126 124 90
f 91 125 127 93
f 94 128 126 92
f 130 132 131 129
f 132 134 133 131
f 134 136 135 133
f 136 138 137 135
f 138 140 139 137
f 140 142 141 139
f 142 144 143 141
f 144 146 145 143
f 146 148 147 145
f 148 150 149 147
f 150 152 151 149
f 152 154 153 151
f 154 156 155 153
f 156 158 157 155
f 158 160 159 157
f 160 162 161 159
f 162 164 163 161
f 129 165 167 131
f 132 168 166 130
f 131 167 169 133
f 134 170 168 132
f 133 169 171 135
f 136 172 170 134
f 135 171 173 137
f 138 174 172 136
f 137 173 175 139
f 140 176 174 138
f 139 175 177 141
f 142 178 176 140
f 141 177 179 143
f 144 180 178 142
f 143 179 181 145
f 146 182 180 144
f 145 181 183 147
f 148 184 182 146
f 147 183 185 149
f 150 186 184 148
f 149 185 187 151
f 152 188 186 150
f 151 187 189 153
f 154 190 188 152
f 153 189 191 155
f 156 192 190 154
f 155 191 193 157
f 158 194 192 156
f 157 193 195 159
f 160 196 194 158
f 159 195 197 161
f 162 198 196 160
f 161 197 199 163
f 164 200 198 162
o Pavement_+0_-11
v -237.27 0.15 -2526.26
v -236.43 0.15 -2524.45
v -221.71 0.15 -2533.52
v -220.83 0.15 -2531.73
v -208.39 0.15 -2540.38
v -207.44 0.15 -2538.62
v -190.23 0.15 -2550.57
v -189.24 0.15 -2548.83
v -163.17 0.15 -2566.45
v -162.13 0.15 -2564.74
v -139.52 0.15 -2581.45
v -138.44 0.15 -2579.77
v -24.04 0.15 -2657.48
v -22.97 0.15 -2655.79
v -10.47 0.15 -2665.71
v -9.47 0.15 -2663.98
v 8.83 0.15 -2676.39
v 9.80 0.15 -2674.64
v -237.27 0.00 -2526.26
v -236.43 0.00 -2524.45
v -221.71 0.00 -2533.52
v -220.83 0.00 -2531.73
v -208.39 0.00 -2540.38
v -207.44 0.00 -2538.62
v -190.23 0.00 -2550.57
v -189.24 0.00 -2548.83
v -163.17 0.00 -2566.45
v -162.13 0.00 -2564.74
v -139.52 0.00 -2581.45
v -138.44 0.00 -2579.77
v -24.04 0.00 -2657.48
v -22.97 0.00 -2655.79
v -10.47 0.00 -2665.71
v -9.47 0.00 -2663.98
v 8.83 0.00 -2676.39
v 9.80 0.00 -2674.64
v -231.35 0.15 -2513.57
v -230.51 0.15 -2511.76
v -215.55 0.15 -2520.95
v -214.67 0.15 -2519.16
v -201.76 0.15 -2528.04
v -200.81 0.15 -2526.28
v -183.26 0.15 -2538.43
v -182.27 0.15 -2536.69
v -155.87 0.15 -2554.50
v -154.83 0.15 -2552.79
v -131.92 0.15 -2569.69
v -130.84 0.15 -2568.01
v -16.55 0.15 -2645.65
v -15.48 0.15 -2643.96
v -3.45 0.15 -2653.60
v -2.45 0.15 -2651.87
v 15.60 0.15 -2664.14
v 16.57 0.15 -2662.39
v -231.35 0.00 -2513.57
v -230.51 0.00 -2511.76
v -215.55 0.00 -2520.95
v -214.67 0.00 -2519.16
v -201.76 0.00 -2528.04
v -200.81 0.00 -2526.28
v -183.26 0.00 -2538.43
v -182.27 0.00 -2536.69
v -155.87 0.00 -2554.50
v -154.83 0.00 -2552.79
v -131.92 0.00 -2569.69
v -130.84 0.00 -2568.01
v -16.55 0.00 -2645.65
v -15.48 0.00 -2643.96
v -3.45 0.00 -2653.60
v -2.45 0.00 -2651.87
v 15.60 0.00 -2664.14
v 16.57 0.00 -2662.39
f 202 204 203 201
f 204 206 205 203
f 206 208 207 205
f 208 210 209 207
f 210 212 211 209
f 212 214 213 211
f 214 216 215 213
f 216 218 217 215
f 201 219 221 203
f 204 222 220 202
f 203 221 223 205
f 206 224 222 204
f 205 223 225 207
f 208 226 224 206
f 207 225 227 209
f 210 228 226 208
f 209 227 229 211
f 212 230 228 210
f 211 229 231 213
f 214 232 230 212
f 213 231 233 215
f 216 234 232 214
f 215 233 235 217
f 218 236 234 216
f 238 240 239 237
f 240 242 241 239
f 242 244 243 241
f 244 246 245 243
f 246 248 247 245
f 248 250 249 247
f 250 252 251 249
f 252 254 253 251
f 237 255 257 239
f 240 258 256 238
f 239 257 259 241
f 242 260 258 240
f 241 259 261 243
f 244 262 260 242
f 243 261 263 245
f 246 264 262 244
f 245 263 265 247
f 248 266 264 246
f 247 265 267 249
f 250 268 266 248
f 249 267 269 251
f 252 270 268 250
f 251 269 271 253
f 254 272 270 252
o Pavement_+0_-15
v -128.97 0.15 -3747.77
v -130.97 0.15 -3747.88
v -129.83 0.15 -3730.83
v -131.83 0.15 -3730.89
v -129.91 0.15 -3720.29
v -131.91 0.15 -3720.25
v -129.38 0.15 -3708.57
v -131.37 0.15 -3708.41
v -128.06 0.15 -3696.57
v -130.04 0.15 -3696.29
v -126.02 0.15 -3684.82
v -127.98 0.15 -3684.43
v -123.53 0.15 -3673.44
v -125.48 0.15 -3672.98
v -111.48 0.15 -3625.57
v -113.42 0.15 -3625.10
v -107.68 0.15 -3609.56
v -109.63 0.15 -3609.13
v -105.43 0.15 -3598.43
v -107.40 0.15 -3598.07
v -104.45 0.15 -3592.48
v -106.43 0.15 -3592.19
v -103.65 0.15 -3586.24
v -105.63 0.15 -3586.02
v -103.06 0.15 -3579.58
v -105.05 0.15 -3579.44
v -102.75 0.15 -3572.50
v -104.75 0.15 -3572.46
v -102.78 0.15 -3565.02
v -104.78 0.15 -3565.08
v -103.21 0.15 -3557.29
v -105.21 0.15 -3557.45
v -104.03 0.15 -3549.44
v -106.02 0.15 -3549.70
v -105.23 0.15 -3541.56
v -107.20 0.15 -3541.91
v -110.95 0.15 -3512.78
v -112.92 0.15 -3513.14
v -111.98 0.15 -3506.47
v -113.96 0.15 -3506.75
v -112.72 0.15 -3500.53
v -114.71 0.15 -3500.72
v -113.45 0.15 -3488.98
v -115.45 0.15 -3489.05
v -113.52 0.15 -3483.48
v -115.52 0.15 -3483.47
v -113.21 0.15 -3471.98
v -115.21 0.15 -3471.87
v -112.26 0.15 -3460.16
v -114.25 0.15 -3459.94
v -111.49 0.15 -3454.45
v -113.46 0.15 -3454.13
v -110.45 0.15 -3448.83
v -112.40 0.15 -3448.41
v -109.13 0.15 -3443.43
v -111.05 0.15 -3442.89
v -107.52 0.15 -3438.24
v -109.41 0.15 -3437.59
v -105.61 0.15 -3433.15
v -107.46 0.15 -3432.40
v -103.46 0.15 -3428.17
v -105.27 0.15 -3427.33
v -88.38 0.15 -3397.65
v -90.18 0.15 -3396.78
v -72.05 0.15 -3363.19
v -73.84 0.15 -3362.31
v -64.84 0.15 -3349.03
v -66.61 0.15 -3348.09
v -54.31 0.15 -3330.23
v -56.05 0.15 -3329.24
v -40.51 0.15 -3306.75
v -42.22 0.15 -3305.72
v -32.14 0.15 -3293.18
v -33.83 0.15 -3292.11
v -11.90 0.15 -3262.04
v -13.60 0.15 -3260.99
v -7.12 0.15 -3253.98
v -8.85 0.15 -3252.99
v -1.44 0.15 -3243.81
v -3.18 0.15 -3242.84
v -128.97 0.00 -3747.77
v -130.97 0.00 -3747.88
v -129.83 0.00 -3730.83
v -131.83 0.00 -3730.89
v -129.91 0.00 -3720.29
v -131.91 0.00 -3720.25
v -129.38 0.00 -3708.57
v -131.37 0.00 -3708.41
v -128.06 0.00 -3696.57
v -130.04 0.00 -3696.29
v -126.02 0.00 -3684.82
v -127.98 0.00 -3684.43
v -123.53 0.00 -3673.44
v -125.48 0.00 -3672.98
v -111.48 0.00 -3625.57
v -113.42 0.00 -3625.10
v -107.68 0.00 -3609.56
v -109.63 0.00 -3609.13
v -105.43 0.00 -3598.43
v -107.40 0.00 -3598.07
v -104.45 0.00 -3592.48
v -106.43 0.00 -3592.19
v -103.65 0.00 -3586.24
v -105.63 0.00 -3586.02
v -103.06 0.00 -3579.58
v -105.05 0.00 -3579.44
v -102.75 0.00 -3572.50
v -104.75 0.00 -3572.46
v -102.78 0.00 -3565.02
v -104.78 0.00 -3565.08
v -103.21 0.00 -3557.29
v -105.21 0.00 -3557.45
v -104.03 0.00 -3549.44
v -106.02 0.00 -3549.70
v -105.23 0.00 -3541.56
v -107.20 0.00 -3541.91
v -110.95 0.00 -3512.78
v -112.92 0.00 -3513.14
v -111.98 0.00 -3506.47
v -113.96 0.00 -3506.75
v -112.72 0.00 -3500.53
v -114.71 0.00 -3500.72
v -113.45 0.00 -3488.98
v -115.45 0.00 -3489.05
v -113.52 0.00 -3483.48
v -115.52 0.00 -3483.47
v -113.21 0.00 -3471.98
v -115.21 0.00 -3471.87
v -112.26 0.00 -3460.16
v -114.25 0.00 -3459.94
v -111.49 0.00 -3454.45
v -113.46 0.00 -3454.13
v -110.45 0.00 -3448.83
v -112.40 0.00 -3448.41
v -109.13 0.00 -3443.43
v -111.05 0.00 -3442.89
v -107.52 0.00 -3438.24
v -109.41 0.00 -3437.59
v -105.61 0.00 -3433.15
v -107.46 0.00 -3432.40
v -103.46 0.00 -3428.17
v -105.27 0.00 -3427.33
v -88.38 0.00 -3397.65
v -90.18 0.00 -3396.78
v -72.05 0.00 -3363.19
v -73.84 0.00 -3362.31
v -64.84 0.00 -3349.03
v -66.61 0.00 -3348.09
v -54.31 0.00 -3330.23
v -56.05 0.00 -3329.24
v -40.51 0.00 -3306.75
v -42.22 0.00 -3305.72
v -32.14 0.00 -3293.18
v -33.83 0.00 -3292.11
v -11.90 0.00 -3262.04
v -13.60 0.00 -3260.99
v -7.12 0.00 -3253.98
v -8.85 0.00 -3252.99
v -1.44 0.00 -3243.81
v -3.18 0.00 -3242.84
v -137.96 0.15 -3505.20
v -135.99 0.15 -3504.84
v -136.07 0.15 -3515.71
v -134.11 0.15 -3515.33
v -129.43 0.15 -3547.04
v -127.46 0.15 -3546.68
v -128.57 0.15 -3552.53
v -126.58 0.15 -3552.27
v -127.94 0.15 -3558.15
v -125.95 0.15 -3557.98
v -127.60 0.15 -3563.85
v -125.60 0.15 -3563.78
v -127.56 0.15 -3569.65
v -125.56 0.15 -3569.69
v -127.82 0.15 -3575.60
v -125.83 0.15 -3575.73
v -128.36 0.15 -3581.67
v -126.37 0.15 -3581.89
v -129.16 0.15 -3587.83
v -127.19 0.15 -3588.13
v -131.38 0.15 -3600.64
v -129.42 0.15 -3601.03
v -135.61 0.15 -3619.90
v -133.67 0.15 -3620.36
v -144.47 0.15 -3655.32
v -142.53 0.15 -3655.79
v -148.49 0.15 -3672.77
v -146.54 0.15 -3673.19
v -150.89 0.15 -3685.09
v -148.92 0.15 -3685.44
v -151.92 0.15 -3691.45
v -149.94 0.15 -3691.74
v -153.48 0.15 -3703.82
v -151.49 0.15 -3704.03
v -154.01 0.15 -3710.03
v -152.02 0.15 -3710.16
v -154.54 0.15 -3721.90
v -152.54 0.15 -3721.94
v -154.49 0.15 -3733.60
v -152.49 0.15 -3733.56
v -154.05 0.15 -3745.17
v -152.05 0.15 -3745.08
v -152.23 0.15 -3778.17
v -150.23 0.15 -3778.09
v -151.73 0.15 -3794.06
v -149.73 0.15 -3794.02
v -151.64 0.15 -3809.96
v -149.64 0.15 -3809.96
v -151.91 0.15 -3852.52
v -149.91 0.15 -3852.54
v -152.22 0.15 -3873.07
v -150.22 0.15 -3873.12
v -152.79 0.15 -3887.92
v -150.79 0.15 -3888.04
v -154.01 0.15 -3902.73
v -152.02 0.15 -3902.93
v -155.78 0.15 -3917.72
v -153.80 0.15 -3917.98
v -157.16 0.15 -3927.68
v -155.19 0.15 -3927.98
v -158.79 0.15 -3937.52
v -156.82 0.15 -3937.89
v -161.82 0.15 -3952.30
v -159.87 0.15 -3952.74
v -170.28 0.15 -3987.23
v -168.34 0.15 -3987.72
v -173.00 0.15 -3997.20
v -171.08 0.15 -3997.76
v -176.09 0.15 -4007.26
v -174.19 0.15 -4007.89
v -181.65 0.15 -4022.77
v -179.78 0.15 -4023.49
v -188.01 0.15 -4038.46
v -186.17 0.15 -4039.23
v -200.79 0.15 -4068.10
v -198.96 0.15 -4068.89
v -216.09 0.15 -4102.86
v -214.26 0.15 -4103.66
v -137.96 0.00 -3505.20
v -135.99 0.00 -3504.84
v -136.07 0.00 -3515.71
v -134.11 0.00 -3515.33
v -129.43 0.00 -3547.04
v -127.46 0.00 -3546.68
v -128.57 0.00 -3552.53
v -126.58 0.00 -3552.27
v -127.94 0.00 -3558.15
v -125.95 0.00 -3557.98
v -127.60 0.00 -3563.85
v -125.60 0.00 -3563.78
v -127.56 0.00 -3569.65
v -125.56 0.00 -3569.69
v -127.82 0.00 -3575.60
v -125.83 0.00 -3575.73
v -128.36 0.00 -3581.67
v -126.37 0.00 -3581.89
v -129.16 0.00 -3587.83
v -127.19 0.00 -3588.13
v -131.38 0.00 -3600.64
v -129.42 0.00 -3601.03
v -135.61 0.00 -3619.90
v -133.67 0.00 -3620.36
v -144.47 0.00 -3655.32
v -142.53 0.00 -3655.79
v -148.49 0.00 -3672.77
v -146.54 0.00 -3673.19
v -150.89 0.00 -3685.09
v -148.92 0.00 -3685.44
v -151.92 0.00 -3691.45
v -149.94 0.00 -3691.74
v -153.48 0.00 -3703.82
v -151.49 0.00 -3704.03
v -154.01 0.00 -3710.03
v -152.02 0.00 -3710.16
v -154.54 0.00 -3721.90
v -152.54 0.00 -3721.94
v -154.49 0.00 -3733.60
v -152.49 0.00 -3733.56
v -154.05 0.00 -3745.17
v -152.05 0.00 -3745.08
v -152.23 0.00 -3778.17
v -150.23 0.00 -3778.09
v -151.73 0.00 -3794.06
v -149.73 0.00 -3794.02
v -151.64 0.00 -3809.96
v -149.64 0.00 -3809.96
v -151.91 0.00 -3852.52
v -149.91 0.00 -3852.54
v -152.22 0.00 -3873.07
v -150.22 0.00 -3873.12
v -152.79 0.00 -3887.92
v -150.79 0.00 -3888.04
v -154.01 0.00 -3902.73
v -152.02 0.00 -3902.93
v -155.78 0.00 -3917.72
v -153.80 0.00 -3917.98
v -157.16 0.00 -3927.68
v -155.19 0.00 -3927.98
v -158.79 0.00 -3937.52
v -156.82 0.00 -3937.89
v -161.82 0.00 -3952.30
v -159.87 0.00 -3952.74
v -170.28 0.00 -3987.23
v -168.34 0.00 -3987.72
v -173.00 0.00 -3997.20
v -171.08 0.00 -3997.76
v -176.09 0.00 -4007.26
v -174.19 0.00 -4007.89
v -181.65 0.00 -4022.77
v -179.78 0.00 -4023.49
v -188.01 0.00 -4038.46
v -186.17 0.00 -4039.23
v -200.79 0.00 -4068.10
v -198.96 0.00 -4068.89
v -216.09 0.00 -4102.86
v -214.26 0.00 -4103.66
f 274 276 275 273
f 276 278 277 275
f 278 280 279 277
f 280 282 281 279
f 282 284 283 281
f 284 286 285 283
f 286 288 287 285
f 288 290 289 287
f 290 292 291 289
f 292 294 293 291
f 294 296 295 293
f 296 298 297 295
f 298 300 299 297
f 300 302 301 299
f 302 304 303 301
f 304 306 305 303
f 306 308 307 305
f 308 310 309 307
f 310 312 311 309
f 312 314 313 311
f 314 316 315 313
f 316 318 317 315
f 318 320 319 317
f 320 322 321 319
f 322 324 323 321
f 324 326 325 323
f 326 328 327 325
f 328 330 329 327
f 330 332 331 329
f 332 334 333 331
f 334 336 335 333
f 336 338 337 335
f 338 340 339 337
f 340 342 341 339
f 342 344 343 341
f 344 346 345 343
f 346 348 347 345
f 348 350 349 347
f 350 352 351 349
f 273 353 355 275
f 276 356 354 274
f 275 355 357 277
f 278 358 356 276
f 277 357 359 279
f 280 360 358 278
f 279 359 361 281
f 282 362 360 280
f 281 361 363 283
f 284 364 362 282
f 283 363 365 285
f 286 366 364 284
f 285 365 367 287
f 288 368 366 286
f 287 367 369 289
f 290 370 368 288
f 289 369 371 291
f 292 372 370 290
f 291 371 373 293
f 294 374 372 292
f 293 373 375 295
f 296 376 374 294
f 295 375 377 297
f 298 378 376 296
f 297 377 379 299
f 300 380 378 298
f 299 379 381 301
f 302 382 380 300
f 301 381 383 303
f 304 384 382 302
f 303 383 385 305
f 306 386 384 304
f 305 385 387 307
f 308 388 386 306
f 307 387 389 309
f 310 390 388 308
f 309 389 391 311
f 312 392 390 310
f 311 391 393 313
f 314 394 392 312
f 313 393 395 315
f 316 396 394 314
f 315 395 397 317
f 318 398 396 316
f 317 397 399 319
f 320 400 398 318
f 319 399 401 321
f 322 402 400 320
f 321 401 403 323
f 324 404 402 322
f 323 403 405 325
f 326 406 404 324
f 325 405 407 327
f 328 408 406 326
f 327 407 409 329
f 330 410 408 328
f 329 409 411 331
f 332 412 410 330
f 331 411 413 333
f 334 414 412 332
f 333 413 415 335
f 336 416 414 334
f 335 415 417 337
f 338 418 416 336
f 337 417 419 339
f 340 420 418 338
f 339 419 421 341
f 342 422 420 340
f 341 421 423 343
f 344 424 422 342
f 343 423 425 345
f 346 426 424 344
f 345 425 427 347
f 348 428 426 346
f 347 427 429 349
f 350 430 428 348
f 349 429 431 351
f 352 432 430 350
f 434 436 435 433
f 436 438 437 435
f 438 440 439 437
f 440 442 441 439
f 442 444 443 441
f 444 446 445 443
f 446 448 447 445
f 448 450 449 447
f 450 452 451 449
f 452 454 453 451
f 454 456 455 453
f 456 458 457 455
f 458 460 459 457
f 460 462 461 459
f 462 464 463 461
f 464 466 465 463
f 466 468 467 465
f 468 470 469 467
f 470 472 471 469
f 472 474 473 471
f 474 476 475 473
f 476 478 477 475
f 478 480 479 477
f 480 482 481 479
f 482 484 483 481
f 484 486 485 483
f 486 488 487 485
f 488 490 489 487
f 490 492 491 489
f 492 494 493 491
f 494 496 495 493
f 496 498 497 495
f 498 500 499 497
f 500 502 501 499
f 502 504 503 501
f 504 506 505 503
f 506 508 507 505
f 508 510 509 507
f 433 511 513 435
f 436 514 512 434
f 435 513 515 437
f 438 516 514 436
f 437 515 517 439
f 440 518 516 438
f 439 517 519 441
f 442 520 518 440
f 441 519 521 443
f 444 522 520 442
f 443 521 523 445
f 446 524 522 444
f 445 523 525 447
f 448 526 524 446
f 447 525 527 449
f 450 528 526 448
f 449 527 529 451
f 452 530 528 450
f 451 529 531 453
f 454 532 530 452
f 453 531 533 455
f 456 534 532 454
f 455 533 535 457
f 458 536 534 456
f 457 535 537 459
f 460 538 536 458
f 459 537 539 461
f 462 540 538 460
f 461 539 541 463
f 464 542 540 462
f 463 541 543 465
f 466 544 542 464
f 465 543 545 467
f 468 546 544 466
f 467 545 547 469
f 470 548 546 468
f 469 547 549 471
f 472 550 548 470
f 471 549 551 473
f 474 552 550 472
f 473 551 553 475
f 476 554 552 474
f 475 553 555 477
f 478 556 554 476
f 477 555 557 479
f 480 558 556 478
f 479 557 559 481
f 482 560 558 480
f 481 559 561 483
f 484 562 560 482
f 483 561 563 485
f 486 564 562 484
f 485 563 565 487
f 488 566 564 486
f 487 565 567 489
f 490 568 566 488
f 489 567 569 491
f 492 570 568 490
f 491 569 571 493
f 494 572 570 492
f 493 571 573 495
f 496 574 572 494
f 495 573 575 497
f 498 576 574 496
f 497 575 577 499
f 500 578 576 498
f 499 577 579 501
f 502 580 578 500
f 501 579 581 503
f 504 582 580 502
f 503 581 583 505
f 506 584 582 504
f 505 583 585 507
f 508 586 584 506
f 507 585 587 509
f 510 588 586 508
o Pavement_+0_-2
v -74.76 0.15 -824.47
v -76.69 0.15 -823.92
v -62.13 0.15 -780.56
v -64.06 0.15 -780.02
v -56.77 0.15 -760.74
v -58.71 0.15 -760.24
v -46.75 0.15 -720.84
v -48.69 0.15 -720.37
v -37.59 0.15 -681.42
v -39.54 0.15 -680.97
v -32.10 0.15 -656.56
v -34.06 0.15 -656.15
v -28.22 0.15 -636.05
v -30.19 0.15 -635.71
v -25.77 0.15 -620.36
v -27.75 0.15 -620.08
v -23.21 0.15 -599.36
v -25.20 0.15 -599.15
v -22.28 0.15 -588.87
v -24.27 0.15 -588.72
v -21.39 0.15 -573.49
v -23.38 0.15 -573.40
v -17.54 0.15 -458.38
v -19.54 0.15 -458.29
v -16.56 0.15 -438.14
v -18.56 0.15 -438.03
v -14.35 0.15 -402.01
v -16.34 0.15 -401.91
v -13.56 0.15 -381.16
v -15.56 0.15 -381.11
v -12.14 0.15 -261.90
v -14.14 0.15 -261.89
v -11.94 0.15 -121.65
v -13.94 0.15 -121.63
v -11.45 0.15 -99.88
v -13.45 0.15 -99.81
v -10.67 0.15 -83.70
v -12.67 0.15 -83.58
v -9.91 0.15 -73.20
v -11.90 0.15 -73.04
v -8.47 0.15 -57.69
v -10.46 0.15 -57.49
v -6.77 0.15 -42.40
v -8.76 0.15 -42.17
v -4.83 0.15 -27.24
v -6.81 0.15 -26.96
v -1.74 0.15 -6.62
v -3.71 0.15 -6.30
v 7.80 0.15 47.83
v 5.83 0.15 48.16
v 12.12 0.15 75.11
v 10.15 0.15 75.41
v 16.70 0.15 107.82
v 14.72 0.15 108.07
v 20.55 0.15 141.23
v 18.56 0.15 141.46
v -74.76 0.00 -824.47
v -76.69 0.00 -823.92
v -62.13 0.00 -780.56
v -64.06 0.00 -780.02
v -56.77 0.00 -760.74
v -58.71 0.00 -760.24
v -46.75 0.00 -720.84
v -48.69 0.00 -720.37
v -37.59 0.00 -681.42
v -39.54 0.00 -680.97
v -32.10 0.00 -656.56
v -34.06 0.00 -656.15
v -28.22 0.00 -636.05
v -30.19 0.00 -635.71
v -25.77 0.00 -620.36
v -27.75 0.00 -620.08
v -23.21 0.00 -599.36
v -25.20 0.00 -599.15
v -22.28 0.00 -588.87
v -24.27 0.00 -588.72
v -21.39 0.00 -573.49
v -23.38 0.00 -573.40
v -17.54 0.00 -458.38
v -19.54 0.00 -458.29
v -16.56 0.00 -438.14
v -18.56 0.00 -438.03
v -14.35 0.00 -402.01
v -16.34 0.00 -401.91
v -13.56 0.00 -381.16
v -15.56 0.00 -381.11
v -12.14 0.00 -261.90
v -14.14 0.00 -261.89
v -11.94 0.00 -121.65
v -13.94 0.00 -121.63
v -11.45 0.00 -99.88
v -13.45 0.00 -99.81
v -10.67 0.00 -83.70
v -12.67 0.00 -83.58
v -9.91 0.00 -73.20
v -11.90 0.00 -73.04
v -8.47 0.00 -57.69
v -10.46 0.00 -57.49
v -6.77 0.00 -42.40
v -8.76 0.00 -42.17
v -4.83 0.00 -27.24
v -6.81 0.00 -26.96
v -1.74 0.00 -6.62
v -3.71 0.00 -6.30
v 7.80 0.00 47.83
v 5.83 0.00 48.16
v 12.12 0.00 75.11
v 10.15 0.00 75.41
v 16.70 0.00 107.82
v 14.72 0.00 108.07
v 20.55 0.00 141.23
v 18.56 0.00 141.46
f 590 592 591 589
f 592 594 593 591
f 594 596 595 593
f 596 598 597 595
f 598 600 599 597
f 600 602 601 599
f 602 604 603 601
f 604 606 605 603
f 606 608 607 605
f 608 610 609 607
f 610 612 611 609
f 612 614 613 611
f 614 616 615 613
f 616 618 617 615
f 618 620 619 617
f 620 622 621 619
f 622 624 623 621
f 624 626 625 623
f 626 628 627 625
f 628 630 629 627
f 630 632 631 629
f 632 634 633 631
f 634 636 635 633
f 636 638 637 635
f 638 640 639 637
f 640 642 641 639
f 642 644 643 641
f 589 645 647 591
f 592 648 646 590
f 591 647 649 593
f 594 650 648 592
f 593 649 651 595
f 596 652 650 594
f 595 651 653 597
f 598 654 652 596
f 597 653 655 599
f 600 656 654 598
f 599 655 657 601
f 602 658 656 600
f 601 657 659 603
f 604 660 658 602
f 603 659 661 605
f 606 662 660 604
f 605 661 663 607
f 608 664 662 606
f 607 663 665 609
f 610 666 664 608
f 609 665 667 611
f 612 668 666 610
f 611 667 669 613
f 614 670 668 612
f 613 669 671 615
f 616 672 670 614
f 615 671 673 617
f 618 674 672 616
f 617 673 675 619
f 620 676 674 618
f 619 675 677 621
f 622 678 676 620
f 621 677 679 623
f 624 680 678 622
f 623 679 681 625
f 626 682 680 624
f 625 681 683 627
f 628 684 682 626
f 627 683 685 629
f 630 686 684 628
f 629 685 687 631
f 632 688 686 630
f 631 687 689 633
f 634 690 688 632
f 633 689 691 635
f 636 692 690 634
f 635 691 693 637
f 638 694 692 636
f 637 693 695 639
f 640 696 694 638
f 639 695 697 641
f 642 698 696 640
f 641 697 699 643
f 644 700 698 642
o Pavement_+0_-3
v -40.18 0.15 -76.65
v -38.18 0.15 -76.75
v -42.32 0.15 -119.33
v -40.33 0.15 -119.42
v -42.93 0.15 -135.35
v -40.93 0.15 -135.40
v -43.05 0.15 -145.95
v -41.05 0.15 -145.96
v -42.82 0.15 -183.30
v -40.82 0.15 -183.31
v -43.98 0.15 -284.42
v -41.98 0.15 -284.45
v -44.65 0.15 -322.02
v -42.65 0.15 -322.07
v -46.21 0.15 -375.21
v -44.21 0.15 -375.28
v -49.16 0.15 -440.30
v -47.16 0.15 -440.40
v -50.54 0.15 -465.26
v -48.54 0.15 -465.39
v -58.01 0.15 -566.25
v -56.01 0.15 -566.40
v -59.67 0.15 -586.54
v -57.68 0.15 -586.73
v -61.28 0.15 -602.12
v -59.30 0.15 -602.34
v -63.86 0.15 -623.43
v -61.88 0.15 -623.68
v -65.95 0.15 -639.32
v -63.97 0.15 -639.60
v -67.51 0.15 -649.58
v -65.54 0.15 -649.91
v -70.26 0.15 -664.60
v -68.30 0.15 -664.98
v -79.34 0.15 -709.53
v -77.37 0.15 -709.90
v -87.48 0.15 -756.92
v -85.52 0.15 -757.30
v -89.60 0.15 -767.00
v -87.65 0.15 -767.44
v -93.46 0.15 -782.72
v -91.52 0.15 -783.21
v -112.89 0.15 -856.27
v -110.96 0.15 -856.78
v -40.18 0.00 -76.65
v -38.18 0.00 -76.75
v -42.32 0.00 -119.33
v -40.33 0.00 -119.42
v -42.93 0.00 -135.35
v -40.93 0.00 -135.40
v -43.05 0.00 -145.95
v -41.05 0.00 -145.96
v -42.82 0.00 -183.30
v -40.82 0.00 -183.31
v -43.98 0.00 -284.42
v -41.98 0.00 -284.45
v -44.65 0.00 -322.02
v -42.65 0.00 -322.07
v -46.21 0.00 -375.21
v -44.21 0.00 -375.28
v -49.16 0.00 -440.30
v -47.16 0.00 -440.40
v -50.54 0.00 -465.26
v -48.54 0.00 -465.39
v -58.01 0.00 -566.25
v -56.01 0.00 -566.40
v -59.67 0.00 -586.54
v -57.68 0.00 -586.73
v -61.28 0.00 -602.12
v -59.30 0.00 -602.34
v -63.86 0.00 -623.43
v -61.88 0.00 -623.68
v -65.95 0.00 -639.32
v -63.97 0.00 -639.60
v -67.51 0.00 -649.58
v -65.54 0.00 -649.91
v -70.26 0.00 -664.60
v -68.30 0.00 -664.98
v -79.34 0.00 -709.53
v -77.37 0.00 -709.90
v -87.48 0.00 -756.92
v -85.52 0.00 -757.30
v -89.60 0.00 -767.00
v -87.65 0.00 -767.44
v -93.46 0.00 -782.72
v -91.52 0.00 -783.21
v -112.89 0.00 -856.27
v -110.96 0.00 -856.78
f 702 704 703 701
f 704 706 705 703
f 706 708 707 705
f 708 710 709 707
f 710 712 711 709
f 712 714 713 711
f 714 716 715 713
f 716 718 717 715
f 718 720 719 717
f 720 722 721 719
f 722 724 723 721
f 724 726 725 723
f 726 728 727 725
f 728 730 729 727
f 730 732 731 729
f 732 734 733 731
f 734 736 735 733
f 736 738 737 735
f 738 740 739 737
f 740 742 741 739
f 742 744 743 741
f 701 745 747 703
f 704 748 746 702
f 703 747 749 705
f 706 750 748 704
f 705 749 751 707
f 708 752 750 706
f 707 751 753 709
f 710 754 752 708
f 709 753 755 711
f 712 756 754 710
f 711 755 757 713
f 714 758 756 712
f 713 757 759 715
f 716 760 758 714
f 715 759 761 717
f 718 762 760 716
f 717 761 763 719
f 720 764 762 718
f 719 763 765 721
f 722 766 764 720
f 721 765 767 723
f 724 768 766 722
f 723 767 769 725
f 726 770 768 724
f 725 769 771 727
f 728 772 770 726
f 727 771 773 729
f 730 774 772 728
f 729 773 775 731
f 732 776 774 730
f 731 775 777 733
f 734 778 776 732
f 733 777 779 735
f 736 780 778 734
f 735 779 781 737
f 738 782 780 736
f 737 781 783 739
f 740 784 782 738
f 739 783 785 741
f 742 786 784 740
f 741 785 787 743
f 744 788 786 742
o Pavement_+0_-4
v -122.09 0.15 -887.90
v -120.15 0.15 -888.39
v -146.14 0.15 -982.85
v -144.20 0.15 -983.34
v -234.62 0.15 -1334.75
v -232.68 0.15 -1335.24
v -122.09 0.00 -887.90
v -120.15 0.00 -888.39
v -146.14 0.00 -982.85
v -144.20 0.00 -983.34
v -234.62 0.00 -1334.75
v -232.68 0.00 -1335.24
v -112.84 0.15 -856.10
v -110.92 0.15 -856.65
v -122.02 0.15 -887.66
v -120.10 0.15 -888.21
v -112.84 0.00 -856.10
v -110.92 0.00 -856.65
v -122.02 0.00 -887.66
v -120.10 0.00 -888.21
v -258.48 0.15 -836.90
v -258.11 0.15 -834.93
v -107.22 0.15 -865.25
v -106.85 0.15 -863.28
v -258.48 0.00 -836.90
v -258.11 0.00 -834.93
v -107.22 0.00 -865.25
v -106.85 0.00 -863.28
v -104.16 0.15 -939.47
v -106.09 0.15 -938.95
v -83.83 0.15 -864.04
v -85.76 0.15 -863.54
v -80.15 0.15 -848.93
v -82.10 0.15 -848.47
v -74.67 0.15 -824.10
v -76.62 0.15 -823.67
v -104.16 0.00 -939.47
v -106.09 0.00 -938.95
v -83.83 0.00 -864.04
v -85.76 0.00 -863.54
v -80.15 0.00 -848.93
v -82.10 0.00 -848.47
v -74.67 0.00 -824.10
v -76.62 0.00 -823.67
f 790 792 791 789
f 792 794 793 791
f 789 795 797 791
f 792 798 796 790
f 791 797 799 793
f 794 800 798 792
f 802 804 803 801
f 801 805 807 803
f 804 808 806 802
f 810 812 811 809
f 809 813 815 811
f 812 816 814 810
f 818 820 819 817
f 820 822 821 819
f 822 824 823 821
f 817 825 827 819
f 820 828 826 818
f 819 827 829 821
f 822 830 828 820
f 821 829 831 823
f 824 832 830 822
o Pavement_+0_-5
v 275.74 0.15 -1078.13
v 275.30 0.15 -1080.09
v -51.97 0.15 -1004.72
v -52.41 0.15 -1006.67
v -126.19 0.15 -988.54
v -126.61 0.15 -990.50
v 275.74 0.00 -1078.13
v 275.30 0.00 -1080.09
v -51.97 0.00 -1004.72
v -52.41 0.00 -1006.67
v -126.19 0.00 -988.54
v -126.61 0.00 -990.50
v 272.68 0.15 -1091.79
v 272.24 0.15 -1093.75
v -54.99 0.15 -1018.39
v -55.43 0.15 -1020.34
v -129.17 0.15 -1002.22
v -129.59 0.15 -1004.18
v 272.68 0.00 -1091.79
v 272.24 0.00 -1093.75
v -54.99 0.00 -1018.39
v -55.43 0.00 -1020.34
v -129.17 0.00 -1002.22
v -129.59 0.00 -1004.18
f 834 836 835 833
f 836 838 837 835
f 833 839 841 835
f 836 842 840 834
f 835 841 843 837
f 838 844 842 836
f 846 848 847 845
f 848 850 849 847
f 845 851 853 847
f 848 854 852 846
f 847 853 855 849
f 850 856 854 848
o Pavement_+0_-6
v -359.10 0.15 -1939.98
v -361.02 0.15 -1939.42
v -343.51 0.15 -1886.51
v -345.43 0.15 -1885.96
v -336.63 0.15 -1861.91
v -338.56 0.15 -1861.39
v -292.12 0.15 -1690.19
v -294.06 0.15 -1689.69
v -274.24 0.15 -1620.42
v -276.18 0.15 -1619.94
v -251.93 0.15 -1528.17
v -253.87 0.15 -1527.68
v -239.46 0.15 -1479.95
v -241.39 0.15 -1479.46
v -215.31 0.15 -1383.81
v -217.24 0.15 -1383.32
v -206.87 0.15 -1351.03
v -208.81 0.15 -1350.55
v -201.90 0.15 -1330.16
v -203.84 0.15 -1329.70
v -155.00 0.15 -1122.72
v -156.95 0.15 -1122.27
v -150.26 0.15 -1102.72
v -152.20 0.15 -1102.25
v -142.76 0.15 -1072.44
v -144.70 0.15 -1071.94
v -136.10 0.15 -1047.51
v -138.03 0.15 -1046.98
v -124.75 0.15 -1007.45
v -126.67 0.15 -1006.89
v -118.37 0.15 -985.87
v -120.29 0.15 -985.29
v -104.21 0.15 -939.67
v -106.13 0.15 -939.08
v -359.10 0.00 -1939.98
v -361.02 0.00 -1939.42
v -343.51 0.00 -1886.51
v -345.43 0.00 -1885.96
v -336.63 0.00 -1861.91
v -338.56 0.00 -1861.39
v -292.12 0.00 -1690.19
v -294.06 0.00 -1689.69
v -274.24 0.00 -1620.42
v -276.18 0.00 -1619.94
v -251.93 0.00 -1528.17
v -253.87 0.00 -1527.68
v -239.46 0.00 -1479.95
v -241.39 0.00 -1479.46
v -215.31 0.00 -1383.81
v -217.24 0.00 -1383.32
v -206.87 0.00 -1351.03
v -208.81 0.00 -1350.55
v -201.90 0.00 -1330.16
v -203.84 0.00 -1329.70
v -155.00 0.00 -1122.72
v -156.95 0.00 -1122.27
v -150.26 0.00 -1102.72
v -152.20 0.00 -1102.25
v -142.76 0.00 -1072.44
v -144.70 0.00 -1071.94
v -136.10 0.00 -1047.51
v -138.03 0.00 -1046.98
v -124.75 0.00 -1007.45
v -126.67 0.00 -1006.89
v -118.37 0.00 -985.87
v -120.29 0.00 -985.29
v -104.21 0.00 -939.67
v -106.13 0.00 -939.08
f 858 860 859 857
f 860 862 861 859
f 862 864 863 861
f 864 866 865 863
f 866 868 867 865
f 868 870 869 867
f 870 872 871 869
f 872 874 873 871
f 874 876 875 873
f 876 878 877 875
f 878 880 879 877
f 880 882 881 879
f 882 884 883 881
f 884 886 885 883
f 886 888 887 885
f 888 890 889 887
f 857 891 893 859
f 860 894 892 858
f 859 893 895 861
f 862 896 894 860
f 861 895 897 863
f 864 898 896 862
f 863 897 899 865
f 866 900 898 864
f 865 899 901 867
f 868 902 900 866
f 867 901 903 869
f 870 904 902 868
f 869 903 905 871
f 872 906 904 870
f 871 905 907 873
f 874 908 906 872
f 873 907 909 875
f 876 910 908 874
f 875 909 911 877
f 878 912 910 876
f 877 911 913 879
f 880 914 912 878
f 879 913 915 881
f 882 916 914 880
f 881 915 917 883
f 884 918 916 882
f 883 917 919 885
f 886 920 918 884
f 885 919 921 887
f 888 922 920 886
f 887 921 923 889
f 890 924 922 888
o Pavement_+1_+0
v -777.26 0.15 146.28
v -777.23 0.15 148.28
v -393.24 0.15 141.96
v -393.22 0.15 143.96
v 2.63 0.15 137.87
v 2.65 0.15 139.87
v -777.26 0.00 146.28
v -777.23 0.00 148.28
v -393.24 0.00 141.96
v -393.22 0.00 143.96
v 2.63 0.00 137.87
v 2.65 0.00 139.87
f 926 928 927 925
f 928 930 929 927
f 925 931 933 927
f 928 934 932 926
f 927 933 935 929
f 930 936 934 928
o Pavement_+1_-1
v -497.64 0.15 -518.27
v -499.61 0.15 -517.92
v -444.03 0.15 -215.01
v -446.00 0.15 -214.65
v -440.11 0.15 -193.95
v -442.08 0.15 -193.57
v -432.56 0.15 -155.99
v -434.53 0.15 -155.63
v -430.78 0.15 -145.37
v -432.76 0.15 -145.06
v -426.05 0.15 -114.26
v -428.02 0.15 -113.95
v -420.56 0.15 -81.42
v -422.53 0.15 -81.08
v -383.25 0.15 128.19
v -385.22 0.15 128.53
v -380.12 0.15 146.55
v -382.10 0.15 146.88
v -497.64 0.00 -518.27
v -499.61 0.00 -517.92
v -444.03 0.00 -215.01
v -446.00 0.00 -214.65
v -440.11 0.00 -193.95
v -442.08 0.00 -193.57
v -432.56 0.00 -155.99
v -434.53 0.00 -155.63
v -430.78 0.00 -145.37
v -432.76 0.00 -145.06
v -426.05 0.00 -114.26
v -428.02 0.00 -113.95
v -420.56 0.00 -81.42
v -422.53 0.00 -81.08
v -383.25 0.00 128.19
v -385.22 0.00 128.53
v -380.12 0.00 146.55
v -382.10 0.00 146.88
v -511.43 0.15 -515.84
v -513.40 0.15 -515.49
v -457.80 0.15 -212.51
v -459.77 0.15 -212.15
v -453.86 0.15 -191.31
v -455.83 0.15 -190.93
v -446.33 0.15 -153.47
v -448.30 0.15 -153.11
v -444.60 0.15 -143.16
v -446.58 0.15 -142.85
v -439.88 0.15 -112.05
v -441.85 0.15 -111.74
v -434.35 0.15 -79.04
v -436.32 0.15 -78.70
v -397.04 0.15 130.59
v -399.01 0.15 130.93
v -393.92 0.15 148.90
v -395.90 0.15 149.23
v -511.43 0.00 -515.84
v -513.40 0.00 -515.49
v -457.80 0.00 -212.51
v -459.77 0.00 -212.15
v -453.86 0.00 -191.31
v -455.83 0.00 -190.93
v -446.33 0.00 -153.47
v -448.30 0.00 -153.11
v -444.60 0.00 -143.16
v -446.58 0.00 -142.85
v -439.88 0.00 -112.05
v -441.85 0.00 -111.74
v -434.35 0.00 -79.04
v -436.32 0.00 -78.70
v -397.04 0.00 130.59
v -399.01 0.00 130.93
v -393.92 0.00 148.90
v -395.90 0.00 149.23
f 938 940 939 937
f 940 942 941 939
f 942 944 943 941
f 944 946 945 943
f 946 948 947 945
f 948 950 949 947
f 950 952 951 949
f 952 954 953 951
f 937 955 957 939
f 940 958 956 938
f 939 957 959 941
f 942 960 958 940
f 941 959 961 943
f 944 962 960 942
f 943 961 963 945
f 946 964 962 944
f 945 963 965 947
f 948 966 964 946
f 947 965 967 949
f 950 968 966 948
f 949 967 969 951
f 952 970 968 950
f 951 969 971 953
f 954 972 970 952
f 974 976 975 973
f 976 978 977 975
f 978 980 979 977
f 980 982 981 979
f 982 984 983 981
f 984 986 985 983
f 986 988 987 985
f 988 990 989 987
f 973 991 993 975
f 976 994 992 974
f 975 993 995 977
f 978 996 994 976
f 977 995 997 979
f 980 998 996 978
f 979 997 999 981
f 982 1000 998 980
f 981 999 1001 983
f 984 1002 1000 982
f 983 1001 1003 985
f 986 1004 1002 984
f 985 1003 1005 987
f 988 1006 1004 986
f 987 1005 1007 989
f 990 1008 1006 988
o Pavement_+1_-10
v -490.92 0.15 -2307.10
v -488.94 0.15 -2306.81
v -489.80 0.15 -2314.84
v -487.86 0.15 -2314.30
v -487.10 0.15 -2321.38
v -485.36 0.15 -2320.36
v -484.35 0.15 -2324.83
v -482.89 0.15 -2323.46
v -480.98 0.15 -2327.91
v -479.82 0.15 -2326.26
v -476.80 0.15 -2330.12
v -476.07 0.15 -2328.24
v -472.21 0.15 -2331.32
v -471.95 0.15 -2329.32
v -467.35 0.15 -2331.29
v -467.64 0.15 -2329.30
v -462.60 0.15 -2329.93
v -463.42 0.15 -2328.09
v -458.31 0.15 -2327.23
v -459.62 0.15 -2325.70
v -454.87 0.15 -2323.32
v -456.57 0.15 -2322.22
v -452.63 0.15 -2318.50
v -454.56 0.15 -2317.91
v -451.77 0.15 -2313.14
v -453.79 0.15 -2313.10
v -452.43 0.15 -2307.61
v -454.38 0.15 -2308.15
v -454.71 0.15 -2302.44
v -456.41 0.15 -2303.52
v -458.41 0.15 -2298.19
v -459.72 0.15 -2299.73
v -463.19 0.15 -2295.19
v -463.99 0.15 -2297.05
v -468.44 0.15 -2293.88
v -468.72 0.15 -2295.88
v -473.68 0.15 -2293.72
v -473.39 0.15 -2295.73
v -481.44 0.15 -2296.25
v -480.52 0.15 -2298.05
v -488.51 0.15 -2301.39
v -487.33 0.15 -2303.00
v -490.92 0.00 -2307.10
v -488.94 0.00 -2306.81
v -489.80 0.00 -2314.84
v -487.86 0.00 -2314.30
v -487.10 0.00 -2321.38
v -485.36 0.00 -2320.36
v -484.35 0.00 -2324.83
v -482.89 0.00 -2323.46
v -480.98 0.00 -2327.91
v -479.82 0.00 -2326.26
v -476.80 0.00 -2330.12
v -476.07 0.00 -2328.24
v -472.21 0.00 -2331.32
v -471.95 0.00 -2329.32
v -467.35 0.00 -2331.29
v -467.64 0.00 -2329.30
v -462.60 0.00 -2329.93
v -463.42 0.00 -2328.09
v -458.31 0.00 -2327.23
v -459.62 0.00 -2325.70
v -454.87 0.00 -2323.32
v -456.57 0.00 -2322.22
v -452.63 0.00 -2318.50
v -454.56 0.00 -2317.91
v -451.77 0.00 -2313.14
v -453.79 0.00 -2313.10
v -452.43 0.00 -2307.61
v -454.38 0.00 -2308.15
v -454.71 0.00 -2302.44
v -456.41 0.00 -2303.52
v -458.41 0.00 -2298.19
v -459.72 0.00 -2299.73
v -463.19 0.00 -2295.19
v -463.99 0.00 -2297.05
v -468.44 0.00 -2293.88
v -468.72 0.00 -2295.88
v -473.68 0.00 -2293.72
v -473.39 0.00 -2295.73
v -481.44 0.00 -2296.25
v -480.52 0.00 -2298.05
v -488.51 0.00 -2301.39
v -487.33 0.00 -2303.00
v -505.81 0.15 -2453.79
v -505.33 0.15 -2451.85
v -373.88 0.15 -2486.65
v -373.39 0.15 -2484.71
v -334.86 0.15 -2496.66
v -334.34 0.15 -2494.73
v -315.42 0.15 -2502.08
v -314.87 0.15 -2500.16
v -295.89 0.15 -2507.88
v -295.31 0.15 -2505.97
v -236.29 0.15 -2526.64
v -235.69 0.15 -2524.73
v -505.81 0.00 -2453.79
v -505.33 0.00 -2451.85
v -373.88 0.00 -2486.65
v -373.39 0.00 -2484.71
v -334.86 0.00 -2496.66
v -334.34 0.00 -2494.73
v -315.42 0.00 -2502.08
v -314.87 0.00 -2500.16
v -295.89 0.00 -2507.88
v -295.31 0.00 -2505.97
v -236.29 0.00 -2526.64
v -235.69 0.00 -2524.73
v -502.43 0.15 -2440.21
v -501.95 0.15 -2438.27
v -370.45 0.15 -2473.07
v -369.96 0.15 -2471.13
v -331.24 0.15 -2483.13
v -330.72 0.15 -2481.20
v -311.55 0.15 -2488.62
v -311.00 0.15 -2486.70
v -291.79 0.15 -2494.49
v -291.21 0.15 -2492.58
v -232.09 0.15 -2513.29
v -231.49 0.15 -2511.38
v -502.43 0.00 -2440.21
v -501.95 0.00 -2438.27
v -370.45 0.00 -2473.07
v -369.96 0.00 -2471.13
v -331.24 0.00 -2483.13
v -330.72 0.00 -2481.20
v -311.55 0.00 -2488.62
v -311.00 0.00 -2486.70
v -291.79 0.00 -2494.49
v -291.21 0.00 -2492.58
v -232.09 0.00 -2513.29
v -231.49 0.00 -2511.38
f 1010 1012 1011 1009
f 1012 1014 1013 1011
f 1014 1016 1015 1013
f 1016 1018 1017 1015
f 1018 1020 1019 1017
f 1020 1022 1021 1019
f 1022 1024 1023 1021
f 1024 1026 1025 1023
f 1026 1028 1027 1025
f 1028 1030 1029 1027
f 1030 1032 1031 1029
f 1032 1034 1033 1031
f 1034 1036 1035 1033
f 1036 1038 1037 1035
f 1038 1040 1039 1037
f 1040 1042 1041 1039
f 1042 1044 1043 1041
f 1044 1046 1045 1043
f 1046 1048 1047 1045
f 1048 1050 1049 1047
f 1009 1051 1053 1011
f 1012 1054 1052 1010
f 1011 1053 1055 1013
f 1014 1056 1054 1012
f 1013 1055 1057 1015
f 1016 1058 1056 1014
f 1015 1057 1059 1017
f 1018 1060 1058 1016
f 1017 1059 1061 1019
f 1020 1062 1060 1018
f 1019 1061 1063 1021
f 1022 1064 1062 1020
f 1021 1063 1065 1023
f 1024 1066 1064 1022
f 1023 1065 1067 1025
f 1026 1068 1066 1024
f 1025 1067 1069 1027
f 1028 1070 1068 1026
f 1027 1069 1071 1029
f 1030 1072 1070 1028
f 1029 1071 1073 1031
f 1032 1074 1072 1030
f 1031 1073 1075 1033
f 1034 1076 1074 1032
f 1033 1075 1077 1035
f 1036 1078 1076 1034
f 1035 1077 1079 1037
f 1038 1080 1078 1036
f 1037 1079 1081 1039
f 1040 1082 1080 1038
f 1039 1081 1083 1041
f 1042 1084 1082 1040
f 1041 1083 1085 1043
f 1044 1086 1084 1042
f 1043 1085 1087 1045
f 1046 1088 1086 1044
f 1045 1087 1089 1047
f 1048 1090 1088 1046
f 1047 1089 1091 1049
f 1050 1092 1090 1048
f 1094 1096 1095 1093
f 1096 1098 1097 1095
f 1098 1100 1099 1097
f 1100 1102 1101 1099
f 1102 1104 1103 1101
f 1093 1105 1107 1095
f 1096 1108 1106 1094
f 1095 1107 1109 1097
f 1098 1110 1108 1096
f 1097 1109 1111 1099
f 1100 1112 1110 1098
f 1099 1111 1113 1101
f 1102 1114 1112 1100
f 1101 1113 1115 1103
f 1104 1116 1114 1102
f 1118 1120 1119 1117
f 1120 1122 1121 1119
f 1122 1124 1123 1121
f 1124 1126 1125 1123
f 1126 1128 1127 1125
f 1117 1129 1131 1119
f 1120 1132 1130 1118
f 1119 1131 1133 1121
f 1122 1134 1132 1120
f 1121 1133 1135 1123
f 1124 1136 1134 1122
f 1123 1135 1137 1125
f 1126 1138 1136 1124
f 1125 1137 1139 1127
f 1128 1140 1138 1126
o Pavement_+1_-2
v -227.01 0.15 -152.71
v -225.03 0.15 -153.04
v -272.00 0.15 -417.06
v -270.02 0.15 -417.39
v -227.01 0.00 -152.71
v -225.03 0.00 -153.04
v -272.00 0.00 -417.06
v -270.02 0.00 -417.39
v -213.21 0.15 -155.06
v -211.23 0.15 -155.39
v -258.20 0.15 -419.41
v -256.22 0.15 -419.74
v -213.21 0.00 -155.06
v -211.23 0.00 -155.39
v -258.20 0.00 -419.41
v -256.22 0.00 -419.74
f 1142 1144 1143 1141
f 1141 1145 1147 1143
f 1144 1148 1146 1142
f 1150 1152 1151 1149
f 1149 1153 1155 1151
f 1152 1156 1154 1150
o Pavement_+1_-4
v -286.78 0.15 -834.05
v -286.46 0.15 -832.08
v -258.59 0.15 -838.65
v -258.27 0.15 -836.68
v -286.78 0.00 -834.05
v -286.46 0.00 -832.08
v -258.59 0.00 -838.65
v -258.27 0.00 -836.68
v -365.56 0.15 -819.96
v -365.20 0.15 -817.99
v -286.92 0.15 -834.03
v -286.56 0.15 -832.06
v -365.56 0.00 -819.96
v -365.20 0.00 -817.99
v -286.92 0.00 -834.03
v -286.56 0.00 -832.06
v -419.96 0.15 -809.04
v -419.63 0.15 -807.07
v -365.17 0.15 -818.25
v -364.84 0.15 -816.28
v -419.96 0.00 -809.04
v -419.63 0.00 -807.07
v -365.17 0.00 -818.25
v -364.84 0.00 -816.28
f 1158 1160 1159 1157
f 1157 1161 1163 1159
f 1160 1164 1162 1158
f 1166 1168 1167 1165
f 1165 1169 1171 1167
f 1168 1172 1170 1166
f 1174 1176 1175 1173
f 1173 1177 1179 1175
f 1176 1180 1178 1174
o Pavement_+1_-5
v -210.93 0.15 -1270.52
v -211.43 0.15 -1272.45
v -350.33 0.15 -1234.24
v -350.83 0.15 -1236.17
v -210.93 0.00 -1270.52
v -211.43 0.00 -1272.45
v -350.33 0.00 -1234.24
v -350.83 0.00 -1236.17
v -214.45 0.15 -1284.07
v -214.95 0.15 -1286.00
v -353.85 0.15 -1247.79
v -354.35 0.15 -1249.72
v -214.45 0.00 -1284.07
v -214.95 0.00 -1286.00
v -353.85 0.00 -1247.79
v -354.35 0.00 -1249.72
f 1182 1184 1183 1181
f 1181 1185 1187 1183
f 1184 1188 1186 1182
f 1190 1192 1191 1189
f 1189 1193 1195 1191
f 1192 1196 1194 1190
o Pavement_+1_-6
v -233.42 0.15 -1335.08
v -231.47 0.15 -1335.56
v -251.80 0.15 -1409.73
v -249.86 0.15 -1410.21
v -261.48 0.15 -1447.91
v -259.53 0.15 -1448.39
v -271.90 0.15 -1491.41
v -269.96 0.15 -1491.89
v -292.53 0.15 -1575.24
v -290.58 0.15 -1575.71
v -233.42 0.00 -1335.08
v -231.47 0.00 -1335.56
v -251.80 0.00 -1409.73
v -249.86 0.00 -1410.21
v -261.48 0.00 -1447.91
v -259.53 0.00 -1448.39
v -271.90 0.00 -1491.41
v -269.96 0.00 -1491.89
v -292.53 0.00 -1575.24
v -290.58 0.00 -1575.71
f 1198 1200 1199 1197
f 1200 1202 1201 1199
f 1202 1204 1203 1201
f 1204 1206 1205 1203
f 1197 1207 1209 1199
f 1200 1210 1208 1198
f 1199 1209 1211 1201
f 1202 1212 1210 1200
f 1201 1211 1213 1203
f 1204 1214 1212 1202
f 1203 1213 1215 1205
f 1206 1216 1214 1204
o Pavement_+1_-7
v -292.53 0.15 -1575.23
v -290.58 0.15 -1575.71
v -301.39 0.15 -1611.21
v -299.46 0.15 -1611.71
v -305.43 0.15 -1626.44
v -303.50 0.15 -1626.98
v -308.42 0.15 -1636.45
v -306.51 0.15 -1637.04
v -318.13 0.15 -1666.62
v -316.21 0.15 -1667.20
v -322.37 0.15 -1681.78
v -320.44 0.15 -1682.30
v -326.32 0.15 -1696.95
v -324.37 0.15 -1697.42
v -328.61 0.15 -1707.36
v -326.64 0.15 -1707.74
v -329.56 0.15 -1712.78
v -327.58 0.15 -1713.09
v -332.53 0.15 -1734.10
v -330.55 0.15 -1734.40
v -333.38 0.15 -1739.23
v -331.41 0.15 -1739.59
v -335.49 0.15 -1749.50
v -333.54 0.15 -1749.94
v -355.75 0.15 -1832.16
v -353.81 0.15 -1832.64
v -292.53 0.00 -1575.23
v -290.58 0.00 -1575.71
v -301.39 0.00 -1611.21
v -299.46 0.00 -1611.71
v -305.43 0.00 -1626.44
v -303.50 0.00 -1626.98
v -308.42 0.00 -1636.45
v -306.51 0.00 -1637.04
v -318.13 0.00 -1666.62
v -316.21 0.00 -1667.20
v -322.37 0.00 -1681.78
v -320.44 0.00 -1682.30
v -326.32 0.00 -1696.95
v -324.37 0.00 -1697.42
v -328.61 0.00 -1707.36
v -326.64 0.00 -1707.74
v -329.56 0.00 -1712.78
v -327.58 0.00 -1713.09
v -332.53 0.00 -1734.10
v -330.55 0.00 -1734.40
v -333.38 0.00 -1739.23
v -331.41 0.00 -1739.59
v -335.49 0.00 -1749.50
v -333.54 0.00 -1749.94
v -355.75 0.00 -1832.16
v -353.81 0.00 -1832.64
f 1218 1220 1219 1217
f 1220 1222 1221 1219
f 1222 1224 1223 1221
f 1224 1226 1225 1223
f 1226 1228 1227 1225
f 1228 1230 1229 1227
f 1230 1232 1231 1229
f 1232 1234 1233 1231
f 1234 1236 1235 1233
f 1236 1238 1237 1235
f 1238 1240 1239 1237
f 1240 1242 1241 1239
f 1217 1243 1245 1219
f 1220 1246 1244 1218
f 1219 1245 1247 1221
f 1222 1248 1246 1220
f 1221 1247 1249 1223
f 1224 1250 1248 1222
f 1223 1249 1251 1225
f 1226 1252 1250 1224
f 1225 1251 1253 1227
f 1228 1254 1252 1226
f 1227 1253 1255 1229
f 1230 1256 1254 1228
f 1229 1255 1257 1231
f 1232 1258 1256 1230
f 1231 1257 1259 1233
f 1234 1260 1258 1232
f 1233 1259 1261 1235
f 1236 1262 1260 1234
f 1235 1261 1263 1237
f 1238 1264 1262 1236
f 1237 1263 1265 1239
f 1240 1266 1264 1238
f 1239 1265 1267 1241
f 1242 1268 1266 1240
o Pavement_+1_-8
v -364.79 0.15 -1936.63
v -365.23 0.15 -1938.58
v -374.86 0.15 -1934.34
v -375.30 0.15 -1936.29
v -364.79 0.00 -1936.63
v -365.23 0.00 -1938.58
v -374.86 0.00 -1934.34
v -375.30 0.00 -1936.29
v -367.89 0.15 -1950.28
v -368.33 0.15 -1952.23
v -377.96 0.15 -1947.99
v -378.40 0.15 -1949.94
v -367.89 0.00 -1950.28
v -368.33 0.00 -1952.23
v -377.96 0.00 -1947.99
v -378.40 0.00 -1949.94
v -382.43 0.15 -1940.59
v -380.49 0.15 -1941.11
v -383.15 0.15 -1943.29
v -381.21 0.15 -1943.81
v -382.43 0.00 -1940.59
v -380.49 0.00 -1941.11
v -383.15 0.00 -1943.29
v -381.21 0.00 -1943.81
v -377.85 0.15 -1921.96
v -375.90 0.15 -1922.43
v -382.46 0.15 -1940.71
v -380.51 0.15 -1941.18
v -377.85 0.00 -1921.96
v -375.90 0.00 -1922.43
v -382.46 0.00 -1940.71
v -380.51 0.00 -1941.18
v -360.78 0.15 -1946.03
v -362.71 0.15 -1945.50
v -359.08 0.15 -1939.90
v -361.01 0.15 -1939.37
v -360.78 0.00 -1946.03
v -362.71 0.00 -1945.50
v -359.08 0.00 -1939.90
v -361.01 0.00 -1939.37
v -368.45 0.15 -1952.82
v -368.01 0.15 -1950.87
v -313.94 0.15 -1965.11
v -313.52 0.15 -1963.15
v -303.32 0.15 -1967.31
v -302.97 0.15 -1965.34
v -292.83 0.15 -1968.90
v -292.61 0.15 -1966.91
v -283.99 0.15 -1969.46
v -283.95 0.15 -1967.45
v -273.79 0.15 -1969.22
v -273.84 0.15 -1967.22
v -368.45 0.00 -1952.82
v -368.01 0.00 -1950.87
v -313.94 0.00 -1965.11
v -313.52 0.00 -1963.15
v -303.32 0.00 -1967.31
v -302.97 0.00 -1965.34
v -292.83 0.00 -1968.90
v -292.61 0.00 -1966.91
v -283.99 0.00 -1969.46
v -283.95 0.00 -1967.45
v -273.79 0.00 -1969.22
v -273.84 0.00 -1967.22
v -281.56 0.15 -1945.96
v -281.96 0.15 -1947.92
v -328.08 0.15 -1936.48
v -328.50 0.15 -1938.44
v -338.01 0.15 -1934.19
v -338.48 0.15 -1936.13
v -355.98 0.15 -1929.62
v -356.47 0.15 -1931.56
v -281.56 0.00 -1945.96
v -281.96 0.00 -1947.92
v -328.08 0.00 -1936.48
v -328.50 0.00 -1938.44
v -338.01 0.00 -1934.19
v -338.48 0.00 -1936.13
v -355.98 0.00 -1929.62
v -356.47 0.00 -1931.56
v -355.86 0.15 -1929.65
v -356.38 0.15 -1931.58
v -372.27 0.15 -1925.20
v -372.79 0.15 -1927.13
v -355.86 0.00 -1929.65
v -356.38 0.00 -1931.58
v -372.27 0.00 -1925.20
v -372.79 0.00 -1927.13
v -268.86 0.15 -1953.72
v -270.05 0.15 -1955.32
v -278.03 0.15 -1946.90
v -279.22 0.15 -1948.50
v -268.86 0.00 -1953.72
v -270.05 0.00 -1955.32
v -278.03 0.00 -1946.90
v -279.22 0.00 -1948.50
v -355.75 0.15 -1832.16
v -353.80 0.15 -1832.63
v -377.85 0.15 -1921.96
v -375.90 0.15 -1922.43
v -355.75 0.00 -1832.16
v -353.80 0.00 -1832.63
v -377.85 0.00 -1921.96
v -375.90 0.00 -1922.43
f 1270 1272 1271 1269
f 1269 1273 1275 1271
f 1272 1276 1274 1270
f 1278 1280 1279 1277
f 1277 1281 1283 1279
f 1280 1284 1282 1278
f 1286 1288 1287 1285
f 1285 1289 1291 1287
f 1288 1292 1290 1286
f 1294 1296 1295 1293
f 1293 1297 1299 1295
f 1296 1300 1298 1294
f 1302 1304 1303 1301
f 1301 1305 1307 1303
f 1304 1308 1306 1302
f 1310 1312 1311 1309
f 1312 1314 1313 1311
f 1314 1316 1315 1313
f 1316 1318 1317 1315
f 1318 1320 1319 1317
f 1309 1321 1323 1311
f 1312 1324 1322 1310
f 1311 1323 1325 1313
f 1314 1326 1324 1312
f 1313 1325 1327 1315
f 1316 1328 1326 1314
f 1315 1327 1329 1317
f 1318 1330 1328 1316
f 1317 1329 1331 1319
f 1320 1332 1330 1318
f 1334 1336 1335 1333
f 1336 1338 1337 1335
f 1338 1340 1339 1337
f 1333 1341 1343 1335
f 1336 1344 1342 1334
f 1335 1343 1345 1337
f 1338 1346 1344 1336
f 1337 1345 1347 1339
f 1340 1348 1346 1338
f 1350 1352 1351 1349
f 1349 1353 1355 1351
f 1352 1356 1354 1350
f 1358 1360 1359 1357
f 1357 1361 1363 1359
f 1360 1364 1362 1358
f 1366 1368 1367 1365
f 1365 1369 1371 1367
f 1368 1372 1370 1366
o Pavement_+1_-9
v -450.26 0.15 -2304.54
v -452.20 0.15 -2304.05
v -407.87 0.15 -2137.70
v -409.81 0.15 -2137.20
v -394.84 0.15 -2087.38
v -396.78 0.15 -2086.89
v -389.99 0.15 -2066.97
v -391.94 0.15 -2066.53
v -381.12 0.15 -2026.00
v -383.07 0.15 -2025.57
v -377.58 0.15 -2010.76
v -379.53 0.15 -2010.28
v -360.75 0.15 -1945.94
v -362.69 0.15 -1945.44
v -450.26 0.00 -2304.54
v -452.20 0.00 -2304.05
v -407.87 0.00 -2137.70
v -409.81 0.00 -2137.20
v -394.84 0.00 -2087.38
v -396.78 0.00 -2086.89
v -389.99 0.00 -2066.97
v -391.94 0.00 -2066.53
v -381.12 0.00 -2026.00
v -383.07 0.00 -2025.57
v -377.58 0.00 -2010.76
v -379.53 0.00 -2010.28
v -360.75 0.00 -1945.94
v -362.69 0.00 -1945.44
v -383.14 0.15 -1943.28
v -381.21 0.15 -1943.80
v -395.86 0.15 -1990.39
v -393.93 0.15 -1990.90
v -412.12 0.15 -2054.46
v -410.18 0.15 -2054.96
v -426.77 0.15 -2109.43
v -424.83 0.15 -2109.93
v -430.55 0.15 -2124.54
v -428.61 0.15 -2125.01
v -440.10 0.15 -2164.63
v -438.15 0.15 -2165.11
v -445.21 0.15 -2184.65
v -443.27 0.15 -2185.16
v -462.62 0.15 -2249.92
v -460.69 0.15 -2250.45
v -474.96 0.15 -2294.09
v -473.03 0.15 -2294.62
v -383.14 0.00 -1943.28
v -381.21 0.00 -1943.80
v -395.86 0.00 -1990.39
v -393.93 0.00 -1990.90
v -412.12 0.00 -2054.46
v -410.18 0.00 -2054.96
v -426.77 0.00 -2109.43
v -424.83 0.00 -2109.93
v -430.55 0.00 -2124.54
v -428.61 0.00 -2125.01
v -440.10 0.00 -2164.63
v -438.15 0.00 -2165.11
v -445.21 0.00 -2184.65
v -443.27 0.00 -2185.16
v -462.62 0.00 -2249.92
v -460.69 0.00 -2250.45
v -474.96 0.00 -2294.09
v -473.03 0.00 -2294.62
f 1374 1376 1375 1373
f 1376 1378 1377 1375
f 1378 1380 1379 1377
f 1380 1382 1381 1379
f 1382 1384 1383 1381
f 1384 1386 1385 1383
f 1373 1387 1389 1375
f 1376 1390 1388 1374
f 1375 1389 1391 1377
f 1378 1392 1390 1376
f 1377 1391 1393 1379
f 1380 1394 1392 1378
f 1379 1393 1395 1381
f 1382 1396 1394 1380
f 1381 1395 1397 1383
f 1384 1398 1396 1382
f 1383 1397 1399 1385
f 1386 1400 1398 1384
f 1402 1404 1403 1401
f 1404 1406 1405 1403
f 1406 1408 1407 1405
f 1408 1410 1409 1407
f 1410 1412 1411 1409
f 1412 1414 1413 1411
f 1414 1416 1415 1413
f 1416 1418 1417 1415
f 1401 1419 1421 1403
f 1404 1422 1420 1402
f 1403 1421 1423 1405
f 1406 1424 1422 1404
f 1405 1423 1425 1407
f 1408 1426 1424 1406
f 1407 1425 1427 1409
f 1410 1428 1426 1408
f 1409 1427 1429 1411
f 1412 1430 1428 1410
f 1411 1429 1431 1413
f 1414 1432 1430 1412
f 1413 1431 1433 1415
f 1416 1434 1432 1414
f 1415 1433 1435 1417
f 1418 1436 1434 1416
o Pavement_+2_-10
v -523.59 0.15 -2284.89
v -523.79 0.15 -2286.88
v -544.06 0.15 -2282.88
v -544.24 0.15 -2284.87
v -559.47 0.15 -2281.74
v -559.57 0.15 -2283.73
v -570.35 0.15 -2281.42
v -570.35 0.15 -2283.42
v -586.90 0.15 -2281.77
v -586.81 0.15 -2283.77
v -597.87 0.15 -2282.54
v -597.69 0.15 -2284.54
v -613.56 0.15 -2284.35
v -613.30 0.15 -2286.34
v -638.77 0.15 -2288.26
v -638.43 0.15 -2290.23
v -653.91 0.15 -2291.21
v -653.49 0.15 -2293.17
v -663.98 0.15 -2293.53
v -663.52 0.15 -2295.48
v -698.91 0.15 -2302.17
v -698.45 0.15 -2304.12
v -709.27 0.15 -2304.47
v -708.85 0.15 -2306.43
v -746.95 0.15 -2312.11
v -746.52 0.15 -2314.06
v -801.60 0.15 -2325.02
v -801.12 0.15 -2326.96
v -842.97 0.15 -2335.33
v -842.47 0.15 -2337.27
v -932.82 0.15 -2358.52
v -932.34 0.15 -2360.46
v -973.10 0.15 -2368.25
v -972.62 0.15 -2370.19
v -1003.53 0.15 -2376.10
v -1003.01 0.15 -2378.03
v -1019.19 0.15 -2380.41
v -1018.61 0.15 -2382.33
v -1035.61 0.15 -2385.77
v -1034.95 0.15 -2387.66
v -1051.92 0.15 -2391.95
v -1051.19 0.15 -2393.81
v -1087.43 0.15 -2406.20
v -1086.68 0.15 -2408.06
v -523.59 0.00 -2284.89
v -523.79 0.00 -2286.88
v -544.06 0.00 -2282.88
v -544.24 0.00 -2284.87
v -559.47 0.00 -2281.74
v -559.57 0.00 -2283.73
v -570.35 0.00 -2281.42
v -570.35 0.00 -2283.42
v -586.90 0.00 -2281.77
v -586.81 0.00 -2283.77
v -597.87 0.00 -2282.54
v -597.69 0.00 -2284.54
v -613.56 0.00 -2284.35
v -613.30 0.00 -2286.34
v -638.77 0.00 -2288.26
v -638.43 0.00 -2290.23
v -653.91 0.00 -2291.21
v -653.49 0.00 -2293.17
v -663.98 0.00 -2293.53
v -663.52 0.00 -2295.48
v -698.91 0.00 -2302.17
v -698.45 0.00 -2304.12
v -709.27 0.00 -2304.47
v -708.85 0.00 -2306.43
v -746.95 0.00 -2312.11
v -746.52 0.00 -2314.06
v -801.60 0.00 -2325.02
v -801.12 0.00 -2326.96
v -842.97 0.00 -2335.33
v -842.47 0.00 -2337.27
v -932.82 0.00 -2358.52
v -932.34 0.00 -2360.46
v -973.10 0.00 -2368.25
v -972.62 0.00 -2370.19
v -1003.53 0.00 -2376.10
v -1003.01 0.00 -2378.03
v -1019.19 0.00 -2380.41
v -1018.61 0.00 -2382.33
v -1035.61 0.00 -2385.77
v -1034.95 0.00 -2387.66
v -1051.92 0.00 -2391.95
v -1051.19 0.00 -2393.81
v -1087.43 0.00 -2406.20
v -1086.68 0.00 -2408.06
v -480.79 0.15 -2295.10
v -481.32 0.15 -2297.03
v -522.28 0.15 -2283.86
v -522.81 0.15 -2285.79
v -480.79 0.00 -2295.10
v -481.32 0.00 -2297.03
v -522.28 0.00 -2283.86
v -522.81 0.00 -2285.79
f 1438 1440 1439 1437
f 1440 1442 1441 1439
f 1442 1444 1443 1441
f 1444 1446 1445 1443
f 1446 1448 1447 1445
f 1448 1450 1449 1447
f 1450 1452 1451 1449
f 1452 1454 1453 1451
f 1454 1456 1455 1453
f 1456 1458 1457 1455
f 1458 1460 1459 1457
f 1460 1462 1461 1459
f 1462 1464 1463 1461
f 1464 1466 1465 1463
f 1466 1468 1467 1465
f 1468 1470 1469 1467
f 1470 1472 1471 1469
f 1472 1474 1473 1471
f 1474 1476 1475 1473
f 1476 1478 1477 1475
f 1478 1480 1479 1477
f 1437 1481 1483 1439
f 1440 1484 1482 1438
f 1439 1483 1485 1441
f 1442 1486 1484 1440
f 1441 1485 1487 1443
f 1444 1488 1486 1442
f 1443 1487 1489 1445
f 1446 1490 1488 1444
f 1445 1489 1491 1447
f 1448 1492 1490 1446
f 1447 1491 1493 1449
f 1450 1494 1492 1448
f 1449 1493 1495 1451
f 1452 1496 1494 1450
f 1451 1495 1497 1453
f 1454 1498 1496 1452
f 1453 1497 1499 1455
f 1456 1500 1498 1454
f 1455 1499 1501 1457
f 1458 1502 1500 1456
f 1457 1501 1503 1459
f 1460 1504 1502 1458
f 1459 1503 1505 1461
f 1462 1506 1504 1460
f 1461 1505 1507 1463
f 1464 1508 1506 1462
f 1463 1507 1509 1465
f 1466 1510 1508 1464
f 1465 1509 1511 1467
f 1468 1512 1510 1466
f 1467 1511 1513 1469
f 1470 1514 1512 1468
f 1469 1513 1515 1471
f 1472 1516 1514 1470
f 1471 1515 1517 1473
f 1474 1518 1516 1472
f 1473 1517 1519 1475
f 1476 1520 1518 1474
f 1475 1519 1521 1477
f 1478 1522 1520 1476
f 1477 1521 1523 1479
f 1480 1524 1522 1478
f 1526 1528 1527 1525
f 1525 1529 1531 1527
f 1528 1532 1530 1526
o Pavement_+2_-12
v -485.97 0.15 -2323.18
v -484.04 0.15 -2323.72
v -491.84 0.15 -2343.97
v -489.93 0.15 -2344.54
v -496.58 0.15 -2358.73
v -494.69 0.15 -2359.38
v -503.80 0.15 -2378.39
v -501.93 0.15 -2379.09
v -517.11 0.15 -2412.62
v -515.26 0.15 -2413.38
v -531.67 0.15 -2446.44
v -529.83 0.15 -2447.21
v -547.68 0.15 -2486.17
v -545.83 0.15 -2486.94
v -564.01 0.15 -2524.46
v -562.17 0.15 -2525.26
v -572.43 0.15 -2543.45
v -570.61 0.15 -2544.27
v -588.11 0.15 -2577.28
v -586.29 0.15 -2578.11
v -599.46 0.15 -2602.32
v -597.63 0.15 -2603.14
v -613.92 0.15 -2635.04
v -612.08 0.15 -2635.84
v -621.89 0.15 -2653.57
v -620.04 0.15 -2654.34
v -633.33 0.15 -2681.81
v -631.47 0.15 -2682.54
v -648.29 0.15 -2721.09
v -646.43 0.15 -2721.81
v -654.21 0.15 -2736.08
v -652.35 0.15 -2736.83
v -689.04 0.15 -2820.82
v -687.19 0.15 -2821.58
v -714.05 0.15 -2880.90
v -712.21 0.15 -2881.68
v -729.80 0.15 -2918.02
v -727.96 0.15 -2918.78
v -737.68 0.15 -2937.37
v -735.82 0.15 -2938.10
v -774.34 0.15 -3032.26
v -772.47 0.15 -3032.97
v -802.18 0.15 -3107.02
v -800.30 0.15 -3107.72
v -818.24 0.15 -3149.40
v -816.38 0.15 -3150.12
v -827.47 0.15 -3172.74
v -825.62 0.15 -3173.48
v -865.17 0.15 -3266.31
v -863.31 0.15 -3267.05
v -876.47 0.15 -3295.02
v -874.61 0.15 -3295.75
v -912.81 0.15 -3388.66
v -910.94 0.15 -3389.37
v -927.66 0.15 -3428.60
v -925.79 0.15 -3429.30
v -968.21 0.15 -3536.12
v -966.34 0.15 -3536.83
v -1001.62 0.15 -3621.91
v -999.76 0.15 -3622.65
v -1030.06 0.15 -3693.39
v -1028.20 0.15 -3694.12
v -1057.47 0.15 -3765.06
v -1055.61 0.15 -3765.78
v -1077.29 0.15 -3814.45
v -1075.43 0.15 -3815.19
v -1083.94 0.15 -3831.70
v -1082.08 0.15 -3832.42
v -485.97 0.00 -2323.18
v -484.04 0.00 -2323.72
v -491.84 0.00 -2343.97
v -489.93 0.00 -2344.54
v -496.58 0.00 -2358.73
v -494.69 0.00 -2359.38
v -503.80 0.00 -2378.39
v -501.93 0.00 -2379.09
v -517.11 0.00 -2412.62
v -515.26 0.00 -2413.38
v -531.67 0.00 -2446.44
v -529.83 0.00 -2447.21
v -547.68 0.00 -2486.17
v -545.83 0.00 -2486.94
v -564.01 0.00 -2524.46
v -562.17 0.00 -2525.26
v -572.43 0.00 -2543.45
v -570.61 0.00 -2544.27
v -588.11 0.00 -2577.28
v -586.29 0.00 -2578.11
v -599.46 0.00 -2602.32
v -597.63 0.00 -2603.14
v -613.92 0.00 -2635.04
v -612.08 0.00 -2635.84
v -621.89 0.00 -2653.57
v -620.04 0.00 -2654.34
v -633.33 0.00 -2681.81
v -631.47 0.00 -2682.54
v -648.29 0.00 -2721.09
v -646.43 0.00 -2721.81
v -654.21 0.00 -2736.08
v -652.35 0.00 -2736.83
v -689.04 0.00 -2820.82
v -687.19 0.00 -2821.58
v -714.05 0.00 -2880.90
v -712.21 0.00 -2881.68
v -729.80 0.00 -2918.02
v -727.96 0.00 -2918.78
v -737.68 0.00 -2937.37
v -735.82 0.00 -2938.10
v -774.34 0.00 -3032.26
v -772.47 0.00 -3032.97
v -802.18 0.00 -3107.02
v -800.30 0.00 -3107.72
v -818.24 0.00 -3149.40
v -816.38 0.00 -3150.12
v -827.47 0.00 -3172.74
v -825.62 0.00 -3173.48
v -865.17 0.00 -3266.31
v -863.31 0.00 -3267.05
v -876.47 0.00 -3295.02
v -874.61 0.00 -3295.75
v -912.81 0.00 -3388.66
v -910.94 0.00 -3389.37
v -927.66 0.00 -3428.60
v -925.79 0.00 -3429.30
v -968.21 0.00 -3536.12
v -966.34 0.00 -3536.83
v -1001.62 0.00 -3621.91
v -999.76 0.00 -3622.65
v -1030.06 0.00 -3693.39
v -1028.20 0.00 -3694.12
v -1057.47 0.00 -3765.06
v -1055.61 0.00 -3765.78
v -1077.29 0.00 -3814.45
v -1075.43 0.00 -3815.19
v -1083.94 0.00 -3831.70
v -1082.08 0.00 -3832.42
f 1534 1536 1535 1533
f 1536 1538 1537 1535
f 1538 1540 1539 1537
f 1540 1542 1541 1539
f 1542 1544 1543 1541
f 1544 1546 1545 1543
f 1546 1548 1547 1545
f 1548 1550 1549 1547
f 1550 1552 1551 1549
f 1552 1554 1553 1551
f 1554 1556 1555 1553
f 1556 1558 1557 1555
f 1558 1560 1559 1557
f 1560 1562 1561 1559
f 1562 1564 1563 1561
f 1564 1566 1565 1563
f 1566 1568 1567 1565
f 1568 1570 1569 1567
f 1570 1572 1571 1569
f 1572 1574 1573 1571
f 1574 1576 1575 1573
f 1576 1578 1577 1575
f 1578 1580 1579 1577
f 1580 1582 1581 1579
f 1582 1584 1583 1581
f 1584 1586 1585 1583
f 1586 1588 1587 1585
f 1588 1590 1589 1587
f 1590 1592 1591 1589
f 1592 1594 1593 1591
f 1594 1596 1595 1593
f 1596 1598 1597 1595
f 1598 1600 1599 1597
f 1533 1601 1603 1535
f 1536 1604 1602 1534
f 1535 1603 1605 1537
f 1538 1606 1604 1536
f 1537 1605 1607 1539
f 1540 1608 1606 1538
f 1539 1607 1609 1541
f 1542 1610 1608 1540
f 1541 1609 1611 1543
f 1544 1612 1610 1542
f 1543 1611 1613 1545
f 1546 1614 1612 1544
f 1545 1613 1615 1547
f 1548 1616 1614 1546
f 1547 1615 1617 1549
f 1550 1618 1616 1548
f 1549 1617 1619 1551
f 1552 1620 1618 1550
f 1551 1619 1621 1553
f 1554 1622 1620 1552
f 1553 1621 1623 1555
f 1556 1624 1622 1554
f 1555 1623 1625 1557
f 1558 1626 1624 1556
f 1557 1625 1627 1559
f 1560 1628 1626 1558
f 1559 1627 1629 1561
f 1562 1630 1628 1560
f 1561 1629 1631 1563
f 1564 1632 1630 1562
f 1563 1631 1633 1565
f 1566 1634 1632 1564
f 1565 1633 1635 1567
f 1568 1636 1634 1566
f 1567 1635 1637 1569
f 1570 1638 1636 1568
f 1569 1637 1639 1571
f 1572 1640 1638 1570
f 1571 1639 1641 1573
f 1574 1642 1640 1572
f 1573 1641 1643 1575
f 1576 1644 1642 1574
f 1575 1643 1645 1577
f 1578 1646 1644 1576
f 1577 1645 1647 1579
f 1580 1648 1646 1578
f 1579 1647 1649 1581
f 1582 1650 1648 1580
f 1581 1649 1651 1583
f 1584 1652 1650 1582
f 1583 1651 1653 1585
f 1586 1654 1652 1584
f 1585 1653 1655 1587
f 1588 1656 1654 1586
f 1587 1655 1657 1589
f 1590 1658 1656 1588
f 1589 1657 1659 1591
f 1592 1660 1658 1590
f 1591 1659 1661 1593
f 1594 1662 1660 1592
f 1593 1661 1663 1595
f 1596 1664 1662 1594
f 1595 1663 1665 1597
f 1598 1666 1664 1596
f 1597 1665 1667 1599
f 1600 1668 1666 1598
o Pavement_+2_-3
v -544.83 0.15 -788.17
v -546.80 0.15 -787.82
v -497.64 0.15 -518.26
v -499.61 0.15 -517.91
v -544.83 0.00 -788.17
v -546.80 0.00 -787.82
v -497.64 0.00 -518.26
v -499.61 0.00 -517.91
v -558.62 0.15 -785.76
v -560.59 0.15 -785.41
v -511.43 0.15 -515.85
v -513.40 0.15 -515.50
v -558.62 0.00 -785.76
v -560.59 0.00 -785.41
v -511.43 0.00 -515.85
v -513.40 0.00 -515.50
f 1670 1672 1671 1669
f 1669 1673 1675 1671
f 1672 1676 1674 1670
f 1678 1680 1679 1677
f 1677 1681 1683 1679
f 1680 1684 1682 1678
o Pavement_+2_-4
v -102.65 0.15 -843.06
v -102.94 0.15 -845.03
v -122.72 0.15 -840.07
v -123.02 0.15 -842.05
v -174.57 0.15 -831.83
v -174.90 0.15 -833.80
v -392.98 0.15 -794.19
v -393.33 0.15 -796.16
v -418.33 0.15 -789.45
v -418.71 0.15 -791.41
v -533.71 0.15 -766.59
v -534.05 0.15 -768.56
v -544.33 0.15 -764.98
v -544.59 0.15 -766.96
v -549.86 0.15 -764.36
v -550.05 0.15 -766.35
v -576.80 0.15 -762.11
v -577.01 0.15 -764.10
v -586.84 0.15 -760.82
v -587.12 0.15 -762.80
v -596.69 0.15 -759.26
v -597.01 0.15 -761.23
v -710.12 0.15 -739.96
v -710.47 0.15 -741.93
v -784.51 0.15 -726.25
v -784.86 0.15 -728.22
v -804.74 0.15 -722.70
v -805.08 0.15 -724.67
v -891.88 0.15 -708.26
v -892.21 0.15 -710.23
v -1229.35 0.15 -651.52
v -1229.67 0.15 -653.49
v -1355.22 0.15 -631.40
v -1355.54 0.15 -633.37
v -102.65 0.00 -843.06
v -102.94 0.00 -845.03
v -122.72 0.00 -840.07
v -123.02 0.00 -842.05
v -174.57 0.00 -831.83
v -174.90 0.00 -833.80
v -392.98 0.00 -794.19
v -393.33 0.00 -796.16
v -418.33 0.00 -789.45
v -418.71 0.00 -791.41
v -533.71 0.00 -766.59
v -534.05 0.00 -768.56
v -544.33 0.00 -764.98
v -544.59 0.00 -766.96
v -549.86 0.00 -764.36
v -550.05 0.00 -766.35
v -576.80 0.00 -762.11
v -577.01 0.00 -764.10
v -586.84 0.00 -760.82
v -587.12 0.00 -762.80
v -596.69 0.00 -759.26
v -597.01 0.00 -761.23
v -710.12 0.00 -739.96
v -710.47 0.00 -741.93
v -784.51 0.00 -726.25
v -784.86 0.00 -728.22
v -804.74 0.00 -722.70
v -805.08 0.00 -724.67
v -891.88 0.00 -708.26
v -892.21 0.00 -710.23
v -1229.35 0.00 -651.52
v -1229.67 0.00 -653.49
v -1355.22 0.00 -631.40
v -1355.54 0.00 -633.37
v -1249.87 0.15 -676.11
v -1249.52 0.15 -674.14
v -1182.66 0.15 -688.15
v -1182.32 0.15 -686.18
v -1048.97 0.15 -710.33
v -1048.65 0.15 -708.35
v -976.93 0.15 -721.93
v -976.62 0.15 -719.96
v -901.38 0.15 -733.41
v -901.07 0.15 -731.44
v -855.87 0.15 -740.69
v -855.53 0.15 -738.72
v -840.67 0.15 -743.43
v -840.31 0.15 -741.46
v -815.08 0.15 -748.39
v -814.70 0.15 -746.43
v -779.07 0.15 -755.62
v -778.67 0.15 -753.66
v -737.67 0.15 -764.26
v -737.28 0.15 -762.30
v -727.22 0.15 -766.29
v -726.86 0.15 -764.33
v -716.77 0.15 -768.06
v -716.46 0.15 -766.08
v -701.31 0.15 -770.22
v -701.05 0.15 -768.23
v -660.65 0.15 -775.29
v -660.39 0.15 -773.30
v -645.55 0.15 -777.41
v -645.24 0.15 -775.43
v -625.33 0.15 -780.83
v -624.98 0.15 -778.86
v -569.22 0.15 -791.09
v -568.88 0.15 -789.12
v -548.54 0.15 -794.35
v -548.26 0.15 -792.37
v -527.80 0.15 -796.89
v -527.56 0.15 -794.90
v -419.57 0.15 -809.09
v -419.35 0.15 -807.11
v -1249.87 0.00 -676.11
v -1249.52 0.00 -674.14
v -1182.66 0.00 -688.15
v -1182.32 0.00 -686.18
v -1048.97 0.00 -710.33
v -1048.65 0.00 -708.35
v -976.93 0.00 -721.93
v -976.62 0.00 -719.96
v -901.38 0.00 -733.41
v -901.07 0.00 -731.44
v -855.87 0.00 -740.69
v -855.53 0.00 -738.72
v -840.67 0.00 -743.43
v -840.31 0.00 -741.46
v -815.08 0.00 -748.39
v -814.70 0.00 -746.43
v -779.07 0.00 -755.62
v -778.67 0.00 -753.66
v -737.67 0.00 -764.26
v -737.28 0.00 -762.30
v -727.22 0.00 -766.29
v -726.86 0.00 -764.33
v -716.77 0.00 -768.06
v -716.46 0.00 -766.08
v -701.31 0.00 -770.22
v -701.05 0.00 -768.23
v -660.65 0.00 -775.29
v -660.39 0.00 -773.30
v -645.55 0.00 -777.41
v -645.24 0.00 -775.43
v -625.33 0.00 -780.83
v -624.98 0.00 -778.86
v -569.22 0.00 -791.09
v -568.88 0.00 -789.12
v -548.54 0.00 -794.35
v -548.26 0.00 -792.37
v -527.80 0.00 -796.89
v -527.56 0.00 -794.90
v -419.57 0.00 -809.09
v -419.35 0.00 -807.11
f 1686 1688 1687 1685
f 1688 1690 1689 1687
f 1690 1692 1691 1689
f 1692 1694 1693 1691
f 1694 1696 1695 1693
f 1696 1698 1697 1695
f 1698 1700 1699 1697
f 1700 1702 1701 1699
f 1702 1704 1703 1701
f 1704 1706 1705 1703
f 1706 1708 1707 1705
f 1708 1710 1709 1707
f 1710 1712 1711 1709
f 1712 1714 1713 1711
f 1714 1716 1715 1713
f 1716 1718 1717 1715
f 1685 1719 1721 1687
f 1688 1722 1720 1686
f 1687 1721 1723 1689
f 1690 1724 1722 1688
f 1689 1723 1725 1691
f 1692 1726 1724 1690
f 1691 1725 1727 1693
f 1694 1728 1726 1692
f 1693 1727 1729 1695
f 1696 1730 1728 1694
f 1695 1729 1731 1697
f 1698 1732 1730 1696
f 1697 1731 1733 1699
f 1700 1734 1732 1698
f 1699 1733 1735 1701
f 1702 1736 1734 1700
f 1701 1735 1737 1703
f 1704 1738 1736 1702
f 1703 1737 1739 1705
f 1706 1740 1738 1704
f 1705 1739 1741 1707
f 1708 1742 1740 1706
f 1707 1741 1743 1709
f 1710 1744 1742 1708
f 1709 1743 1745 1711
f 1712 1746 1744 1710
f 1711 1745 1747 1713
f 1714 1748 1746 1712
f 1713 1747 1749 1715
f 1716 1750 1748 1714
f 1715 1749 1751 1717
f 1718 1752 1750 1716
f 1754 1756 1755 1753
f 1756 1758 1757 1755
f 1758 1760 1759 1757
f 1760 1762 1761 1759
f 1762 1764 1763 1761
f 1764 1766 1765 1763
f 1766 1768 1767 1765
f 1768 1770 1769 1767
f 1770 1772 1771 1769
f 1772 1774 1773 1771
f 1774 1776 1775 1773
f 1776 1778 1777 1775
f 1778 1780 1779 1777
f 1780 1782 1781 1779
f 1782 1784 1783 1781
f 1784 1786 1785 1783
f 1786 1788 1787 1785
f 1788 1790 1789 1787
f 1790 1792 1791 1789
f 1753 1793 1795 1755
f 1756 1796 1794 1754
f 1755 1795 1797 1757
f 1758 1798 1796 1756
f 1757 1797 1799 1759
f 1760 1800 1798 1758
f 1759 1799 1801 1761
f 1762 1802 1800 1760
f 1761 1801 1803 1763
f 1764 1804 1802 1762
f 1763 1803 1805 1765
f 1766 1806 1804 1764
f 1765 1805 1807 1767
f 1768 1808 1806 1766
f 1767 1807 1809 1769
f 1770 1810 1808 1768
f 1769 1809 1811 1771
f 1772 1812 1810 1770
f 1771 1811 1813 1773
f 1774 1814 1812 1772
f 1773 1813 1815 1775
f 1776 1816 1814 1774
f 1775 1815 1817 1777
f 1778 1818 1816 1776
f 1777 1817 1819 1779
f 1780 1820 1818 1778
f 1779 1819 1821 1781
f 1782 1822 1820 1780
f 1781 1821 1823 1783
f 1784 1824 1822 1782
f 1783 1823 1825 1785
f 1786 1826 1824 1784
f 1785 1825 1827 1787
f 1788 1828 1826 1786
f 1787 1827 1829 1789
f 1790 1830 1828 1788
f 1789 1829 1831 1791
f 1792 1832 1830 1790
o Pavement_+2_-5
v -610.67 0.15 -1201.09
v -611.16 0.15 -1203.03
v -686.22 0.15 -1182.36
v -686.71 0.15 -1184.30
v -610.67 0.00 -1201.09
v -611.16 0.00 -1203.03
v -686.22 0.00 -1182.36
v -686.71 0.00 -1184.30
v -614.04 0.15 -1214.67
v -614.53 0.15 -1216.61
v -689.59 0.15 -1195.94
v -690.08 0.15 -1197.88
v -614.04 0.00 -1214.67
v -614.53 0.00 -1216.61
v -689.59 0.00 -1195.94
v -690.08 0.00 -1197.88
v -351.97 0.15 -1233.99
v -352.06 0.15 -1235.99
v -373.71 0.15 -1232.98
v -373.82 0.15 -1234.98
v -399.65 0.15 -1231.34
v -399.78 0.15 -1233.33
v -497.87 0.15 -1224.57
v -498.02 0.15 -1226.57
v -508.00 0.15 -1223.77
v -508.19 0.15 -1225.77
v -517.90 0.15 -1222.72
v -518.16 0.15 -1224.70
v -527.57 0.15 -1221.21
v -527.93 0.15 -1223.17
v -537.16 0.15 -1219.22
v -537.60 0.15 -1221.17
v -610.68 0.15 -1201.08
v -611.16 0.15 -1203.02
v -351.97 0.00 -1233.99
v -352.06 0.00 -1235.99
v -373.71 0.00 -1232.98
v -373.82 0.00 -1234.98
v -399.65 0.00 -1231.34
v -399.78 0.00 -1233.33
v -497.87 0.00 -1224.57
v -498.02 0.00 -1226.57
v -508.00 0.00 -1223.77
v -508.19 0.00 -1225.77
v -517.90 0.00 -1222.72
v -518.16 0.00 -1224.70
v -527.57 0.00 -1221.21
v -527.93 0.00 -1223.17
v -537.16 0.00 -1219.22
v -537.60 0.00 -1221.17
v -610.68 0.00 -1201.08
v -611.16 0.00 -1203.02
v -352.62 0.15 -1247.97
v -352.71 0.15 -1249.97
v -374.48 0.15 -1246.96
v -374.59 0.15 -1248.96
v -400.58 0.15 -1245.31
v -400.71 0.15 -1247.30
v -498.90 0.15 -1238.53
v -499.05 0.15 -1240.53
v -509.29 0.15 -1237.71
v -509.48 0.15 -1239.71
v -519.72 0.15 -1236.60
v -519.98 0.15 -1238.58
v -530.07 0.15 -1234.99
v -530.43 0.15 -1236.95
v -540.26 0.15 -1232.87
v -540.70 0.15 -1234.82
v -614.04 0.15 -1214.68
v -614.52 0.15 -1216.62
v -352.62 0.00 -1247.97
v -352.71 0.00 -1249.97
v -374.48 0.00 -1246.96
v -374.59 0.00 -1248.96
v -400.58 0.00 -1245.31
v -400.71 0.00 -1247.30
v -498.90 0.00 -1238.53
v -499.05 0.00 -1240.53
v -509.29 0.00 -1237.71
v -509.48 0.00 -1239.71
v -519.72 0.00 -1236.60
v -519.98 0.00 -1238.58
v -530.07 0.00 -1234.99
v -530.43 0.00 -1236.95
v -540.26 0.00 -1232.87
v -540.70 0.00 -1234.82
v -614.04 0.00 -1214.68
v -614.52 0.00 -1216.62
f 1834 1836 1835 1833
f 1833 1837 1839 1835
f 1836 1840 1838 1834
f 1842 1844 1843 1841
f 1841 1845 1847 1843
f 1844 1848 1846 1842
f 1850 1852 1851 1849
f 1852 1854 1853 1851
f 1854 1856 1855 1853
f 1856 1858 1857 1855
f 1858 1860 1859 1857
f 1860 1862 1861 1859
f 1862 1864 1863 1861
f 1864 1866 1865 1863
f 1849 1867 1869 1851
f 1852 1870 1868 1850
f 1851 1869 1871 1853
f 1854 1872 1870 1852
f 1853 1871 1873 1855
f 1856 1874 1872 1854
f 1855 1873 1875 1857
f 1858 1876 1874 1856
f 1857 1875 1877 1859
f 1860 1878 1876 1858
f 1859 1877 1879 1861
f 1862 1880 1878 1860
f 1861 1879 1881 1863
f 1864 1882 1880 1862
f 1863 1881 1883 1865
f 1866 1884 1882 1864
f 1886 1888 1887 1885
f 1888 1890 1889 1887
f 1890 1892 1891 1889
f 1892 1894 1893 1891
f 1894 1896 1895 1893
f 1896 1898 1897 1895
f 1898 1900 1899 1897
f 1900 1902 1901 1899
f 1885 1903 1905 1887
f 1888 1906 1904 1886
f 1887 1905 1907 1889
f 1890 1908 1906 1888
f 1889 1907 1909 1891
f 1892 1910 1908 1890
f 1891 1909 1911 1893
f 1894 1912 1910 1892
f 1893 1911 1913 1895
f 1896 1914 1912 1894
f 1895 1913 1915 1897
f 1898 1916 1914 1896
f 1897 1915 1917 1899
f 1900 1918 1916 1898
f 1899 1917 1919 1901
f 1902 1920 1918 1900
o Pavement_+3_+0
v 5.06 0.15 157.35
v 5.02 0.15 155.35
v -71.90 0.15 159.01
v -71.93 0.15 157.01
v -223.43 0.15 160.77
v -223.45 0.15 158.77
v -268.87 0.15 161.20
v -268.89 0.15 159.20
v -482.24 0.15 162.46
v -482.26 0.15 160.46
v -555.69 0.15 163.28
v -555.72 0.15 161.28
v -709.75 0.15 165.47
v -709.79 0.15 163.47
v -746.94 0.15 166.27
v -746.99 0.15 164.27
v -855.29 0.15 169.49
v -855.36 0.15 167.49
v -865.35 0.15 169.84
v -865.44 0.15 167.85
v -875.25 0.15 170.43
v -875.43 0.15 168.44
v -885.01 0.15 171.57
v -885.31 0.15 169.60
v -894.79 0.15 173.44
v -895.22 0.15 171.49
v -904.72 0.15 175.92
v -905.23 0.15 173.98
v -945.80 0.15 187.16
v -946.30 0.15 185.22
v -956.87 0.15 189.90
v -957.33 0.15 187.95
v -973.59 0.15 193.61
v -974.00 0.15 191.65
v -1117.86 0.15 222.73
v -1118.26 0.15 220.77
v -1249.40 0.15 250.04
v -1249.83 0.15 248.09
v -1254.35 0.15 251.21
v -1254.86 0.15 249.27
v -1264.43 0.15 254.11
v -1265.06 0.15 252.21
v -1273.20 0.15 257.41
v -1273.97 0.15 255.56
v -1284.89 0.15 262.77
v -1285.72 0.15 260.95
v 5.06 0.00 157.35
v 5.02 0.00 155.35
v -71.90 0.00 159.01
v -71.93 0.00 157.01
v -223.43 0.00 160.77
v -223.45 0.00 158.77
v -268.87 0.00 161.20
v -268.89 0.00 159.20
v -482.24 0.00 162.46
v -482.26 0.00 160.46
v -555.69 0.00 163.28
v -555.72 0.00 161.28
v -709.75 0.00 165.47
v -709.79 0.00 163.47
v -746.94 0.00 166.27
v -746.99 0.00 164.27
v -855.29 0.00 169.49
v -855.36 0.00 167.49
v -865.35 0.00 169.84
v -865.44 0.00 167.85
v -875.25 0.00 170.43
v -875.43 0.00 168.44
v -885.01 0.00 171.57
v -885.31 0.00 169.60
v -894.79 0.00 173.44
v -895.22 0.00 171.49
v -904.72 0.00 175.92
v -905.23 0.00 173.98
v -945.80 0.00 187.16
v -946.30 0.00 185.22
v -956.87 0.00 189.90
v -957.33 0.00 187.95
v -973.59 0.00 193.61
v -974.00 0.00 191.65
v -1117.86 0.00 222.73
v -1118.26 0.00 220.77
v -1249.40 0.00 250.04
v -1249.83 0.00 248.09
v -1254.35 0.00 251.21
v -1254.86 0.00 249.27
v -1264.43 0.00 254.11
v -1265.06 0.00 252.21
v -1273.20 0.00 257.41
v -1273.97 0.00 255.56
v -1284.89 0.00 262.77
v -1285.72 0.00 260.95
f 1922 1924 1923 1921
f 1924 1926 1925 1923
f 1926 1928 1927 1925
f 1928 1930 1929 1927
f 1930 1932 1931 1929
f 1932 1934 1933 1931
f 1934 1936 1935 1933
f 1936 1938 1937 1935
f 1938 1940 1939 1937
f 1940 1942 1941 1939
f 1942 1944 1943 1941
f 1944 1946 1945 1943
f 1946 1948 1947 1945
f 1948 1950 1949 1947
f 1950 1952 1951 1949
f 1952 1954 1953 1951
f 1954 1956 1955 1953
f 1956 1958 1957 1955
f 1958 1960 1959 1957
f 1960 1962 1961 1959
f 1962 1964 1963 1961
f 1964 1966 1965 1963
f 1921 1967 1969 1923
f 1924 1970 1968 1922
f 1923 1969 1971 1925
f 1926 1972 1970 1924
f 1925 1971 1973 1927
f 1928 1974 1972 1926
f 1927 1973 1975 1929
f 1930 1976 1974 1928
f 1929 1975 1977 1931
f 1932 1978 1976 1930
f 1931 1977 1979 1933
f 1934 1980 1978 1932
f 1933 1979 1981 1935
f 1936 1982 1980 1934
f 1935 1981 1983 1937
f 1938 1984 1982 1936
f 1937 1983 1985 1939
f 1940 1986 1984 1938
f 1939 1985 1987 1941
f 1942 1988 1986 1940
f 1941 1987 1989 1943
f 1944 1990 1988 1942
f 1943 1989 1991 1945
f 1946 1992 1990 1944
f 1945 1991 1993 1947
f 1948 1994 1992 1946
f 1947 1993 1995 1949
f 1950 1996 1994 1948
f 1949 1995 1997 1951
f 1952 1998 1996 1950
f 1951 1997 1999 1953
f 1954 2000 1998 1952
f 1953 1999 2001 1955
f 1956 2002 2000 1954
f 1955 2001 2003 1957
f 1958 2004 2002 1956
f 1957 2003 2005 1959
f 1960 2006 2004 1958
f 1959 2005 2007 1961
f 1962 2008 2006 1960
f 1961 2007 2009 1963
f 1964 2010 2008 1962
f 1963 2009 2011 1965
f 1966 2012 2010 1964
o Pavement_+4_+0
v -1292.60 0.15 228.99
v -1292.59 0.15 230.99
v -1279.52 0.15 228.93
v -1279.44 0.15 230.93
v -1269.73 0.15 228.27
v -1269.53 0.15 230.26
v -1258.70 0.15 226.76
v -1258.37 0.15 228.73
v -1216.80 0.15 218.61
v -1216.43 0.15 220.58
v -1156.60 0.15 207.84
v -1156.22 0.15 209.80
v -1064.36 0.15 188.71
v -1063.98 0.15 190.67
v -1049.06 0.15 185.94
v -1048.72 0.15 187.91
v -1019.05 0.15 181.00
v -1018.70 0.15 182.97
v -1009.24 0.15 179.12
v -1008.83 0.15 181.08
v -994.42 0.15 175.82
v -993.97 0.15 177.77
v -954.47 0.15 165.94
v -954.01 0.15 167.88
v -938.96 0.15 162.31
v -938.52 0.15 164.26
v -912.30 0.15 156.54
v -911.90 0.15 158.50
v -896.21 0.15 153.48
v -895.89 0.15 155.45
v -885.26 0.15 151.96
v -885.04 0.15 153.95
v -868.56 0.15 150.59
v -868.43 0.15 152.59
v -815.48 0.15 147.79
v -815.38 0.15 149.78
v -777.43 0.15 146.28
v -777.35 0.15 148.28
v -1292.60 0.00 228.99
v -1292.59 0.00 230.99
v -1279.52 0.00 228.93
v -1279.44 0.00 230.93
v -1269.73 0.00 228.27
v -1269.53 0.00 230.26
v -1258.70 0.00 226.76
v -1258.37 0.00 228.73
v -1216.80 0.00 218.61
v -1216.43 0.00 220.58
v -1156.60 0.00 207.84
v -1156.22 0.00 209.80
v -1064.36 0.00 188.71
v -1063.98 0.00 190.67
v -1049.06 0.00 185.94
v -1048.72 0.00 187.91
v -1019.05 0.00 181.00
v -1018.70 0.00 182.97
v -1009.24 0.00 179.12
v -1008.83 0.00 181.08
v -994.42 0.00 175.82
v -993.97 0.00 177.77
v -954.47 0.00 165.94
v -954.01 0.00 167.88
v -938.96 0.00 162.31
v -938.52 0.00 164.26
v -912.30 0.00 156.54
v -911.90 0.00 158.50
v -896.21 0.00 153.48
v -895.89 0.00 155.45
v -885.26 0.00 151.96
v -885.04 0.00 153.95
v -868.56 0.00 150.59
v -868.43 0.00 152.59
v -815.48 0.00 147.79
v -815.38 0.00 149.78
v -777.43 0.00 146.28
v -777.35 0.00 148.28
f 2014 2016 2015 2013
f 2016 2018 2017 2015
f 2018 2020 2019 2017
f 2020 2022 2021 2019
f 2022 2024 2023 2021
f 2024 2026 2025 2023
f 2026 2028 2027 2025
f 2028 2030 2029 2027
f 2030 2032 2031 2029
f 2032 2034 2033 2031
f 2034 2036 2035 2033
f 2036 2038 2037 2035
f 2038 2040 2039 2037
f 2040 2042 2041 2039
f 2042 2044 2043 2041
f 2044 2046 2045 2043
f 2046 2048 2047 2045
f 2048 2050 2049 2047
f 2013 2051 2053 2015
f 2016 2054 2052 2014
f 2015 2053 2055 2017
f 2018 2056 2054 2016
f 2017 2055 2057 2019
f 2020 2058 2056 2018
f 2019 2057 2059 2021
f 2022 2060 2058 2020
f 2021 2059 2061 2023
f 2024 2062 2060 2022
f 2023 2061 2063 2025
f 2026 2064 2062 2024
f 2025 2063 2065 2027
f 2028 2066 2064 2026
f 2027 2065 2067 2029
f 2030 2068 2066 2028
f 2029 2067 2069 2031
f 2032 2070 2068 2030
f 2031 2069 2071 2033
f 2034 2072 2070 2032
f 2033 2071 2073 2035
f 2036 2074 2072 2034
f 2035 2073 2075 2037
f 2038 2076 2074 2036
f 2037 2075 2077 2039
f 2040 2078 2076 2038
f 2039 2077 2079 2041
f 2042 2080 2078 2040
f 2041 2079 2081 2043
f 2044 2082 2080 2042
f 2043 2081 2083 2045
f 2046 2084 2082 2044
f 2045 2083 2085 2047
f 2048 2086 2084 2046
f 2047 2085 2087 2049
f 2050 2088 2086 2048
o Pavement_+4_-10
v -1088.20 0.15 -2406.58
v -1087.20 0.15 -2408.31
v -1116.88 0.15 -2423.19
v -1115.86 0.15 -2424.91
v -1126.35 0.15 -2428.98
v -1125.29 0.15 -2430.67
v -1135.61 0.15 -2434.95
v -1134.51 0.15 -2436.62
v -1149.18 0.15 -2444.10
v -1148.04 0.15 -2445.75
v -1162.51 0.15 -2453.42
v -1161.35 0.15 -2455.04
v -1171.15 0.15 -2459.82
v -1169.93 0.15 -2461.40
v -1179.44 0.15 -2466.37
v -1178.17 0.15 -2467.92
v -1222.09 0.15 -2502.69
v -1220.81 0.15 -2504.22
v -1262.97 0.15 -2536.28
v -1261.68 0.15 -2537.82
v -1280.36 0.15 -2551.17
v -1279.04 0.15 -2552.67
v -1297.36 0.15 -2566.66
v -1296.00 0.15 -2568.13
v -1351.27 0.15 -2617.13
v -1349.90 0.15 -2618.58
v -1367.04 0.15 -2632.19
v -1365.66 0.15 -2633.64
v -1088.20 0.00 -2406.58
v -1087.20 0.00 -2408.31
v -1116.88 0.00 -2423.19
v -1115.86 0.00 -2424.91
v -1126.35 0.00 -2428.98
v -1125.29 0.00 -2430.67
v -1135.61 0.00 -2434.95
v -1134.51 0.00 -2436.62
v -1149.18 0.00 -2444.10
v -1148.04 0.00 -2445.75
v -1162.51 0.00 -2453.42
v -1161.35 0.00 -2455.04
v -1171.15 0.00 -2459.82
v -1169.93 0.00 -2461.40
v -1179.44 0.00 -2466.37
v -1178.17 0.00 -2467.92
v -1222.09 0.00 -2502.69
v -1220.81 0.00 -2504.22
v -1262.97 0.00 -2536.28
v -1261.68 0.00 -2537.82
v -1280.36 0.00 -2551.17
v -1279.04 0.00 -2552.67
v -1297.36 0.00 -2566.66
v -1296.00 0.00 -2568.13
v -1351.27 0.00 -2617.13
v -1349.90 0.00 -2618.58
v -1367.04 0.00 -2632.19
v -1365.66 0.00 -2633.64
f 2090 2092 2091 2089
f 2092 2094 2093 2091
f 2094 2096 2095 2093
f 2096 2098 2097 2095
f 2098 2100 2099 2097
f 2100 2102 2101 2099
f 2102 2104 2103 2101
f 2104 2106 2105 2103
f 2106 2108 2107 2105
f 2108 2110 2109 2107
f 2110 2112 2111 2109
f 2112 2114 2113 2111
f 2114 2116 2115 2113
f 2089 2117 2119 2091
f 2092 2120 2118 2090
f 2091 2119 2121 2093
f 2094 2122 2120 2092
f 2093 2121 2123 2095
f 2096 2124 2122 2094
f 2095 2123 2125 2097
f 2098 2126 2124 2096
f 2097 2125 2127 2099
f 2100 2128 2126 2098
f 2099 2127 2129 2101
f 2102 2130 2128 2100
f 2101 2129 2131 2103
f 2104 2132 2130 2102
f 2103 2131 2133 2105
f 2106 2134 2132 2104
f 2105 2133 2135 2107
f 2108 2136 2134 2106
f 2107 2135 2137 2109
f 2110 2138 2136 2108
f 2109 2137 2139 2111
f 2112 2140 2138 2110
f 2111 2139 2141 2113
f 2114 2142 2140 2112
f 2113 2141 2143 2115
f 2116 2144 2142 2114
o Pavement_+4_-17
v -1948.74 0.15 -6953.09
v -1950.73 0.15 -6952.90
v -1944.31 0.15 -6908.32
v -1946.30 0.15 -6908.10
v -1941.80 0.15 -6888.05
v -1943.79 0.15 -6887.78
v -1875.90 0.15 -6425.99
v -1877.88 0.15 -6425.69
v -1873.58 0.15 -6411.06
v -1875.55 0.15 -6410.72
v -1870.79 0.15 -6395.81
v -1872.76 0.15 -6395.43
v -1865.33 0.15 -6369.65
v -1867.29 0.15 -6369.23
v -1860.59 0.15 -6348.42
v -1862.54 0.15 -6347.96
v -1855.42 0.15 -6327.64
v -1857.36 0.15 -6327.14
v -1846.29 0.15 -6293.21
v -1848.22 0.15 -6292.69
v -1783.19 0.15 -6062.01
v -1785.12 0.15 -6061.49
v -1766.54 0.15 -5999.07
v -1768.47 0.15 -5998.55
v -1691.87 0.15 -5722.19
v -1693.81 0.15 -5721.67
v -1681.12 0.15 -5681.30
v -1683.05 0.15 -5680.77
v -1664.42 0.15 -5622.73
v -1666.35 0.15 -5622.20
v -1646.60 0.15 -5555.86
v -1648.53 0.15 -5555.34
v -1631.98 0.15 -5502.45
v -1633.90 0.15 -5501.92
v -1602.72 0.15 -5400.16
v -1604.65 0.15 -5399.64
v -1596.18 0.15 -5374.54
v -1598.12 0.15 -5374.05
v -1571.15 0.15 -5270.69
v -1573.09 0.15 -5270.20
v -1563.50 0.15 -5241.54
v -1565.43 0.15 -5241.02
v -1521.31 0.15 -5087.70
v -1523.23 0.15 -5087.15
v -1492.13 0.15 -4988.27
v -1494.05 0.15 -4987.70
v -1469.16 0.15 -4912.46
v -1471.07 0.15 -4911.87
v -1461.18 0.15 -4886.99
v -1463.08 0.15 -4886.38
v -1430.16 0.15 -4792.43
v -1432.05 0.15 -4791.79
v -1425.22 0.15 -4778.10
v -1427.10 0.15 -4777.43
v -1421.71 0.15 -4768.73
v -1423.58 0.15 -4768.01
v -1416.02 0.15 -4754.69
v -1417.87 0.15 -4753.93
v -1368.48 0.15 -4641.89
v -1370.32 0.15 -4641.12
v -1360.47 0.15 -4622.41
v -1362.33 0.15 -4621.67
v -1350.64 0.15 -4596.86
v -1352.51 0.15 -4596.15
v -1316.55 0.15 -4505.53
v -1318.42 0.15 -4504.82
v -1259.21 0.15 -4357.44
v -1261.07 0.15 -4356.71
v -1204.03 0.15 -4219.19
v -1205.89 0.15 -4218.45
v -1186.29 0.15 -4175.22
v -1188.14 0.15 -4174.46
v -1129.89 0.15 -4038.31
v -1131.75 0.15 -4037.56
v -1123.97 0.15 -4023.26
v -1125.83 0.15 -4022.54
v -1099.49 0.15 -3959.11
v -1101.36 0.15 -3958.39
v -1026.89 0.15 -3776.75
v -1028.76 0.15 -3776.03
v -1010.21 0.15 -3732.94
v -1012.08 0.15 -3732.24
v -949.83 0.15 -3569.84
v -951.71 0.15 -3569.15
v -898.13 0.15 -3430.92
v -900.01 0.15 -3430.22
v -889.11 0.15 -3407.20
v -890.97 0.15 -3406.47
v -881.57 0.15 -3388.56
v -883.42 0.15 -3387.80
v -810.71 0.15 -3217.38
v -812.57 0.15 -3216.64
v -803.42 0.15 -3198.35
v -805.29 0.15 -3197.65
v -774.15 0.15 -3118.39
v -776.02 0.15 -3117.69
v -766.78 0.15 -3099.19
v -768.64 0.15 -3098.46
v -746.75 0.15 -3049.29
v -748.60 0.15 -3048.53
v -714.47 0.15 -2971.19
v -716.32 0.15 -2970.43
v -689.80 0.15 -2910.63
v -691.66 0.15 -2909.89
v -684.25 0.15 -2896.37
v -686.12 0.15 -2895.66
v -672.03 0.15 -2862.47
v -673.90 0.15 -2861.77
v -666.60 0.15 -2848.36
v -668.46 0.15 -2847.62
v -632.00 0.15 -2764.43
v -633.85 0.15 -2763.68
v -612.32 0.15 -2714.50
v -614.17 0.15 -2713.74
v -604.22 0.15 -2695.34
v -606.06 0.15 -2694.55
v -583.63 0.15 -2648.02
v -585.46 0.15 -2647.22
v -577.18 0.15 -2633.59
v -579.00 0.15 -2632.76
v -562.92 0.15 -2602.68
v -564.74 0.15 -2601.86
v -541.70 0.15 -2554.21
v -543.53 0.15 -2553.42
v -533.28 0.15 -2534.15
v -535.13 0.15 -2533.40
v -516.91 0.15 -2493.06
v -518.76 0.15 -2492.29
v -499.63 0.15 -2453.85
v -501.47 0.15 -2453.06
v -491.65 0.15 -2434.59
v -493.51 0.15 -2433.85
v -478.67 0.15 -2401.28
v -480.55 0.15 -2400.58
v -473.31 0.15 -2386.50
v -475.20 0.15 -2385.84
v -469.89 0.15 -2376.32
v -471.80 0.15 -2375.70
v -466.65 0.15 -2365.92
v -468.56 0.15 -2365.35
v -463.63 0.15 -2355.43
v -465.56 0.15 -2354.91
v -456.91 0.15 -2328.74
v -458.85 0.15 -2328.25
v -1948.74 0.00 -6953.09
v -1950.73 0.00 -6952.90
v -1944.31 0.00 -6908.32
v -1946.30 0.00 -6908.10
v -1941.80 0.00 -6888.05
v -1943.79 0.00 -6887.78
v -1875.90 0.00 -6425.99
v -1877.88 0.00 -6425.69
v -1873.58 0.00 -6411.06
v -1875.55 0.00 -6410.72
v -1870.79 0.00 -6395.81
v -1872.76 0.00 -6395.43
v -1865.33 0.00 -6369.65
v -1867.29 0.00 -6369.23
v -1860.59 0.00 -6348.42
v -1862.54 0.00 -6347.96
v -1855.42 0.00 -6327.64
v -1857.36 0.00 -6327.14
v -1846.29 0.00 -6293.21
v -1848.22 0.00 -6292.69
v -1783.19 0.00 -6062.01
v -1785.12 0.00 -6061.49
v -1766.54 0.00 -5999.07
v -1768.47 0.00 -5998.55
v -1691.87 0.00 -5722.19
v -1693.81 0.00 -5721.67
v -1681.12 0.00 -5681.30
v -1683.05 0.00 -5680.77
v -1664.42 0.00 -5622.73
v -1666.35 0.00 -5622.20
v -1646.60 0.00 -5555.86
v -1648.53 0.00 -5555.34
v -1631.98 0.00 -5502.45
v -1633.90 0.00 -5501.92
v -1602.72 0.00 -5400.16
v -1604.65 0.00 -5399.64
v -1596.18 0.00 -5374.54
v -1598.12 0.00 -5374.05
v -1571.15 0.00 -5270.69
v -1573.09 0.00 -5270.20
v -1563.50 0.00 -5241.54
v -1565.43 0.00 -5241.02
v -1521.31 0.00 -5087.70
v -1523.23 0.00 -5087.15
v -1492.13 0.00 -4988.27
v -1494.05 0.00 -4987.70
v -1469.16 0.00 -4912.46
v -1471.07 0.00 -4911.87
v -1461.18 0.00 -4886.99
v -1463.08 0.00 -4886.38
v -1430.16 0.00 -4792.43
v -1432.05 0.00 -4791.79
v -1425.22 0.00 -4778.10
v -1427.10 0.00 -4777.43
v -1421.71 0.00 -4768.73
v -1423.58 0.00 -4768.01
v -1416.02 0.00 -4754.69
v -1417.87 0.00 -4753.93
v -1368.48 0.00 -4641.89
v -1370.32 0.00 -4641.12
v -1360.47 0.00 -4622.41
v -1362.33 0.00 -4621.67
v -1350.64 0.00 -4596.86
v -1352.51 0.00 -4596.15
v -1316.55 0.00 -4505.53
v -1318.42 0.00 -4504.82
v -1259.21 0.00 -4357.44
v -1261.07 0.00 -4356.71
v -1204.03 0.00 -4219.19
v -1205.89 0.00 -4218.45
v -1186.29 0.00 -4175.22
v -1188.14 0.00 -4174.46
v -1129.89 0.00 -4038.31
v -1131.75 0.00 -4037.56
v -1123.97 0.00 -4023.26
v -1125.83 0.00 -4022.54
v -1099.49 0.00 -3959.11
v -1101.36 0.00 -3958.39
v -1026.89 0.00 -3776.75
v -1028.76 0.00 -3776.03
v -1010.21 0.00 -3732.94
v -1012.08 0.00 -3732.24
v -949.83 0.00 -3569.84
v -951.71 0.00 -3569.15
v -898.13 0.00 -3430.92
v -900.01 0.00 -3430.22
v -889.11 0.00 -3407.20
v -890.97 0.00 -3406.47
v -881.57 0.00 -3388.56
v -883.42 0.00 -3387.80
v -810.71 0.00 -3217.38
v -812.57 0.00 -3216.64
v -803.42 0.00 -3198.35
v -805.29 0.00 -3197.65
v -774.15 0.00 -3118.39
v -776.02 0.00 -3117.69
v -766.78 0.00 -3099.19
v -768.64 0.00 -3098.46
v -746.75 0.00 -3049.29
v -748.60 0.00 -3048.53
v -714.47 0.00 -2971.19
v -716.32 0.00 -2970.43
v -689.80 0.00 -2910.63
v -691.66 0.00 -2909.89
v -684.25 0.00 -2896.37
v -686.12 0.00 -2895.66
v -672.03 0.00 -2862.47
v -673.90 0.00 -2861.77
v -666.60 0.00 -2848.36
v -668.46 0.00 -2847.62
v -632.00 0.00 -2764.43
v -633.85 0.00 -2763.68
v -612.32 0.00 -2714.50
v -614.17 0.00 -2713.74
v -604.22 0.00 -2695.34
v -606.06 0.00 -2694.55
v -583.63 0.00 -2648.02
v -585.46 0.00 -2647.22
v -577.18 0.00 -2633.59
v -579.00 0.00 -2632.76
v -562.92 0.00 -2602.68
v -564.74 0.00 -2601.86
v -541.70 0.00 -2554.21
v -543.53 0.00 -2553.42
v -533.28 0.00 -2534.15
v -535.13 0.00 -2533.40
v -516.91 0.00 -2493.06
v -518.76 0.00 -2492.29
v -499.63 0.00 -2453.85
v -501.47 0.00 -2453.06
v -491.65 0.00 -2434.59
v -493.51 0.00 -2433.85
v -478.67 0.00 -2401.28
v -480.55 0.00 -2400.58
v -473.31 0.00 -2386.50
v -475.20 0.00 -2385.84
v -469.89 0.00 -2376.32
v -471.80 0.00 -2375.70
v -466.65 0.00 -2365.92
v -468.56 0.00 -2365.35
v -463.63 0.00 -2355.43
v -465.56 0.00 -2354.91
v -456.91 0.00 -2328.74
v -458.85 0.00 -2328.25
f 2146 2148 2147 2145
f 2148 2150 2149 2147
f 2150 2152 2151 2149
f 2152 2154 2153 2151
f 2154 2156 2155 2153
f 2156 2158 2157 2155
f 2158 2160 2159 2157
f 2160 2162 2161 2159
f 2162 2164 2163 2161
f 2164 2166 2165 2163
f 2166 2168 2167 2165
f 2168 2170 2169 2167
f 2170 2172 2171 2169
f 2172 2174 2173 2171
f 2174 2176 2175 2173
f 2176 2178 2177 2175
f 2178 2180 2179 2177
f 2180 2182 2181 2179
f 2182 2184 2183 2181
f 2184 2186 2185 2183
f 2186 2188 2187 2185
f 2188 2190 2189 2187
f 2190 2192 2191 2189
f 2192 2194 2193 2191
f 2194 2196 2195 2193
f 2196 2198 2197 2195
f 2198 2200 2199 2197
f 2200 2202 2201 2199
f 2202 2204 2203 2201
f 2204 2206 2205 2203
f 2206 2208 2207 2205
f 2208 2210 2209 2207
f 2210 2212 2211 2209
f 2212 2214 2213 2211
f 2214 2216 2215 2213
f 2216 2218 2217 2215
f 2218 2220 2219 2217
f 2220 2222 2221 2219
f 2222 2224 2223 2221
f 2224 2226 2225 2223
f 2226 2228 2227 2225
f 2228 2230 2229 2227
f 2230 2232 2231 2229
f 2232 2234 2233 2231
f 2234 2236 2235 2233
f 2236 2238 2237 2235
f 2238 2240 2239 2237
f 2240 2242 2241 2239
f 2242 2244 2243 2241
f 2244 2246 2245 2243
f 2246 2248 2247 2245
f 2248 2250 2249 2247
f 2250 2252 2251 2249
f 2252 2254 2253 2251
f 2254 2256 2255 2253
f 2256 2258 2257 2255
f 2258 2260 2259 2257
f 2260 2262 2261 2259
f 2262 2264 2263 2261
f 2264 2266 2265 2263
f 2266 2268 2267 2265
f 2268 2270 2269 2267
f 2270 2272 2271 2269
f 2272 2274 2273 2271
f 2274 2276 2275 2273
f 2276 2278 2277 2275
f 2278 2280 2279 2277
f 2280 2282 2281 2279
f 2282 2284 2283 2281
f 2284 2286 2285 2283
f 2286 2288 2287 2285
f 2145 2289 2291 2147
f 2148 2292 2290 2146
f 2147 2291 2293 2149
f 2150 2294 2292 2148
f 2149 2293 2295 2151
f 2152 2296 2294 2150
f 2151 2295 2297 2153
f 2154 2298 2296 2152
f 2153 2297 2299 2155
f 2156 2300 2298 2154
f 2155 2299 2301 2157
f 2158 2302 2300 2156
f 2157 2301 2303 2159
f 2160 2304 2302 2158
f 2159 2303 2305 2161
f 2162 2306 2304 2160
f 2161 2305 2307 2163
f 2164 2308 2306 2162
f 2163 2307 2309 2165
f 2166 2310 2308 2164
f 2165 2309 2311 2167
f 2168 2312 2310 2166
f 2167 2311 2313 2169
f 2170 2314 2312 2168
f 2169 2313 2315 2171
f 2172 2316 2314 2170
f 2171 2315 2317 2173
f 2174 2318 2316 2172
f 2173 2317 2319 2175
f 2176 2320 2318 2174
f 2175 2319 2321 2177
f 2178 2322 2320 2176
f 2177 2321 2323 2179
f 2180 2324 2322 2178
f 2179 2323 2325 2181
f 2182 2326 2324 2180
f 2181 2325 2327 2183
f 2184 2328 2326 2182
f 2183 2327 2329 2185
f 2186 2330 2328 2184
f 2185 2329 2331 2187
f 2188 2332 2330 2186
f 2187 2331 2333 2189
f 2190 2334 2332 2188
f 2189 2333 2335 2191
f 2192 2336 2334 2190
f 2191 2335 2337 2193
f 2194 2338 2336 2192
f 2193 2337 2339 2195
f 2196 2340 2338 2194
f 2195 2339 2341 2197
f 2198 2342 2340 2196
f 2197 2341 2343 2199
f 2200 2344 2342 2198
f 2199 2343 2345 2201
f 2202 2346 2344 2200
f 2201 2345 2347 2203
f 2204 2348 2346 2202
f 2203 2347 2349 2205
f 2206 2350 2348 2204
f 2205 2349 2351 2207
f 2208 2352 2350 2206
f 2207 2351 2353 2209
f 2210 2354 2352 2208
f 2209 2353 2355 2211
f 2212 2356 2354 2210
f 2211 2355 2357 2213
f 2214 2358 2356 2212
f 2213 2357 2359 2215
f 2216 2360 2358 2214
f 2215 2359 2361 2217
f 2218 2362 2360 2216
f 2217 2361 2363 2219
f 2220 2364 2362 2218
f 2219 2363 2365 2221
f 2222 2366 2364 2220
f 2221 2365 2367 2223
f 2224 2368 2366 2222
f 2223 2367 2369 2225
f 2226 2370 2368 2224
f 2225 2369 2371 2227
f 2228 2372 2370 2226
f 2227 2371 2373 2229
f 2230 2374 2372 2228
f 2229 2373 2375 2231
f 2232 2376 2374 2230
f 2231 2375 2377 2233
f 2234 2378 2376 2232
f 2233 2377 2379 2235
f 2236 2380 2378 2234
f 2235 2379 2381 2237
f 2238 2382 2380 2236
f 2237 2381 2383 2239
f 2240 2384 2382 2238
f 2239 2383 2385 2241
f 2242 2386 2384 2240
f 2241 2385 2387 2243
f 2244 2388 2386 2242
f 2243 2387 2389 2245
f 2246 2390 2388 2244
f 2245 2389 2391 2247
f 2248 2392 2390 2246
f 2247 2391 2393 2249
f 2250 2394 2392 2248
f 2249 2393 2395 2251
f 2252 2396 2394 2250
f 2251 2395 2397 2253
f 2254 2398 2396 2252
f 2253 2397 2399 2255
f 2256 2400 2398 2254
f 2255 2399 2401 2257
f 2258 2402 2400 2256
f 2257 2401 2403 2259
f 2260 2404 2402 2258
f 2259 2403 2405 2261
f 2262 2406 2404 2260
f 2261 2405 2407 2263
f 2264 2408 2406 2262
f 2263 2407 2409 2265
f 2266 2410 2408 2264
f 2265 2409 2411 2267
f 2268 2412 2410 2266
f 2267 2411 2413 2269
f 2270 2414 2412 2268
f 2269 2413 2415 2271
f 2272 2416 2414 2270
f 2271 2415 2417 2273
f 2274 2418 2416 2272
f 2273 2417 2419 2275
f 2276 2420 2418 2274
f 2275 2419 2421 2277
f 2278 2422 2420 2276
f 2277 2421 2423 2279
f 2280 2424 2422 2278
f 2279 2423 2425 2281
f 2282 2426 2424 2280
f 2281 2425 2427 2283
f 2284 2428 2426 2282
f 2283 2427 2429 2285
f 2286 2430 2428 2284
f 2285 2429 2431 2287
f 2288 2432 2430 2286
o Pavement_+4_-3
v -1168.18 0.15 -682.28
v -1167.81 0.15 -680.31
v -1116.58 0.15 -691.77
v -1116.20 0.15 -689.81
v -1100.69 0.15 -694.98
v -1100.24 0.15 -693.03
v -1089.94 0.15 -697.77
v -1089.37 0.15 -695.85
v -1080.69 0.15 -700.85
v -1080.00 0.15 -698.98
v -1068.74 0.15 -705.66
v -1067.99 0.15 -703.80
v -1168.18 0.00 -682.28
v -1167.81 0.00 -680.31
v -1116.58 0.00 -691.77
v -1116.20 0.00 -689.81
v -1100.69 0.00 -694.98
v -1100.24 0.00 -693.03
v -1089.94 0.00 -697.77
v -1089.37 0.00 -695.85
v -1080.69 0.00 -700.85
v -1080.00 0.00 -698.98
v -1068.74 0.00 -705.66
v -1067.99 0.00 -703.80
f 2434 2436 2435 2433
f 2436 2438 2437 2435
f 2438 2440 2439 2437
f 2440 2442 2441 2439
f 2442 2444 2443 2441
f 2433 2445 2447 2435
f 2436 2448 2446 2434
f 2435 2447 2449 2437
f 2438 2450 2448 2436
f 2437 2449 2451 2439
f 2440 2452 2450 2438
f 2439 2451 2453 2441
f 2442 2454 2452 2440
f 2441 2453 2455 2443
f 2444 2456 2454 2442
o Pavement_+4_-5
v -686.24 0.15 -1182.35
v -686.72 0.15 -1184.29
v -750.07 0.15 -1166.64
v -750.53 0.15 -1168.58
v -863.18 0.15 -1140.34
v -863.65 0.15 -1142.29
v -889.69 0.15 -1133.74
v -890.19 0.15 -1135.68
v -925.08 0.15 -1124.37
v -925.57 0.15 -1126.30
v -945.24 0.15 -1119.46
v -945.70 0.15 -1121.40
v -1039.03 0.15 -1097.67
v -1039.48 0.15 -1099.62
v -1165.94 0.15 -1068.99
v -1166.37 0.15 -1070.94
v -1231.43 0.15 -1054.59
v -1231.89 0.15 -1056.53
v -1254.49 0.15 -1048.70
v -1255.01 0.15 -1050.63
v -1303.57 0.15 -1034.74
v -1304.09 0.15 -1036.67
v -1318.71 0.15 -1030.87
v -1319.17 0.15 -1032.82
v -1373.05 0.15 -1019.10
v -1373.46 0.15 -1021.06
v -1407.79 0.15 -1011.88
v -1408.22 0.15 -1013.84
v -1425.41 0.15 -1007.83
v -1425.86 0.15 -1009.78
v -686.24 0.00 -1182.35
v -686.72 0.00 -1184.29
v -750.07 0.00 -1166.64
v -750.53 0.00 -1168.58
v -863.18 0.00 -1140.34
v -863.65 0.00 -1142.29
v -889.69 0.00 -1133.74
v -890.19 0.00 -1135.68
v -925.08 0.00 -1124.37
v -925.57 0.00 -1126.30
v -945.24 0.00 -1119.46
v -945.70 0.00 -1121.40
v -1039.03 0.00 -1097.67
v -1039.48 0.00 -1099.62
v -1165.94 0.00 -1068.99
v -1166.37 0.00 -1070.94
v -1231.43 0.00 -1054.59
v -1231.89 0.00 -1056.53
v -1254.49 0.00 -1048.70
v -1255.01 0.00 -1050.63
v -1303.57 0.00 -1034.74
v -1304.09 0.00 -1036.67
v -1318.71 0.00 -1030.87
v -1319.17 0.00 -1032.82
v -1373.05 0.00 -1019.10
v -1373.46 0.00 -1021.06
v -1407.79 0.00 -1011.88
v -1408.22 0.00 -1013.84
v -1425.41 0.00 -1007.83
v -1425.86 0.00 -1009.78
v -689.58 0.15 -1195.95
v -690.06 0.15 -1197.89
v -753.33 0.15 -1180.26
v -753.79 0.15 -1182.20
v -866.45 0.15 -1153.95
v -866.92 0.15 -1155.90
v -893.17 0.15 -1147.30
v -893.67 0.15 -1149.24
v -928.53 0.15 -1137.94
v -929.02 0.15 -1139.87
v -948.48 0.15 -1133.08
v -948.94 0.15 -1135.02
v -1042.16 0.15 -1111.32
v -1042.61 0.15 -1113.27
v -1168.99 0.15 -1082.66
v -1169.42 0.15 -1084.61
v -1234.67 0.15 -1068.21
v -1235.13 0.15 -1070.15
v -1258.13 0.15 -1062.21
v -1258.65 0.15 -1064.14
v -1307.21 0.15 -1048.25
v -1307.73 0.15 -1050.18
v -1321.93 0.15 -1044.50
v -1322.39 0.15 -1046.45
v -1375.96 0.15 -1032.80
v -1376.37 0.15 -1034.76
v -1410.78 0.15 -1025.56
v -1411.21 0.15 -1027.52
v -1428.54 0.15 -1021.48
v -1428.99 0.15 -1023.43
v -689.58 0.00 -1195.95
v -690.06 0.00 -1197.89
v -753.33 0.00 -1180.26
v -753.79 0.00 -1182.20
v -866.45 0.00 -1153.95
v -866.92 0.00 -1155.90
v -893.17 0.00 -1147.30
v -893.67 0.00 -1149.24
v -928.53 0.00 -1137.94
v -929.02 0.00 -1139.87
v -948.48 0.00 -1133.08
v -948.94 0.00 -1135.02
v -1042.16 0.00 -1111.32
v -1042.61 0.00 -1113.27
v -1168.99 0.00 -1082.66
v -1169.42 0.00 -1084.61
v -1234.67 0.00 -1068.21
v -1235.13 0.00 -1070.15
v -1258.13 0.00 -1062.21
v -1258.65 0.00 -1064.14
v -1307.21 0.00 -1048.25
v -1307.73 0.00 -1050.18
v -1321.93 0.00 -1044.50
v -1322.39 0.00 -1046.45
v -1375.96 0.00 -1032.80
v -1376.37 0.00 -1034.76
v -1410.78 0.00 -1025.56
v -1411.21 0.00 -1027.52
v -1428.54 0.00 -1021.48
v -1428.99 0.00 -1023.43
f 2458 2460 2459 2457
f 2460 2462 2461 2459
f 2462 2464 2463 2461
f 2464 2466 2465 2463
f 2466 2468 2467 2465
f 2468 2470 2469 2467
f 2470 2472 2471 2469
f 2472 2474 2473 2471
f 2474 2476 2475 2473
f 2476 2478 2477 2475
f 2478 2480 2479 2477
f 2480 2482 2481 2479
f 2482 2484 2483 2481
f 2484 2486 2485 2483
f 2457 2487 2489 2459
f 2460 2490 2488 2458
f 2459 2489 2491 2461
f 2462 2492 2490 2460
f 2461 2491 2493 2463
f 2464 2494 2492 2462
f 2463 2493 2495 2465
f 2466 2496 2494 2464
f 2465 2495 2497 2467
f 2468 2498 2496 2466
f 2467 2497 2499 2469
f 2470 2500 2498 2468
f 2469 2499 2501 2471
f 2472 2502 2500 2470
f 2471 2501 2503 2473
f 2474 2504 2502 2472
f 2473 2503 2505 2475
f 2476 2506 2504 2474
f 2475 2505 2507 2477
f 2478 2508 2506 2476
f 2477 2507 2509 2479
f 2480 2510 2508 2478
f 2479 2509 2511 2481
f 2482 2512 2510 2480
f 2481 2511 2513 2483
f 2484 2514 2512 2482
f 2483 2513 2515 2485
f 2486 2516 2514 2484
f 2518 2520 2519 2517
f 2520 2522 2521 2519
f 2522 2524 2523 2521
f 2524 2526 2525 2523
f 2526 2528 2527 2525
f 2528 2530 2529 2527
f 2530 2532 2531 2529
f 2532 2534 2533 2531
f 2534 2536 2535 2533
f 2536 2538 2537 2535
f 2538 2540 2539 2537
f 2540 2542 2541 2539
f 2542 2544 2543 2541
f 2544 2546 2545 2543
f 2517 2547 2549 2519
f 2520 2550 2548 2518
f 2519 2549 2551 2521
f 2522 2552 2550 2520
f 2521 2551 2553 2523
f 2524 2554 2552 2522
f 2523 2553 2555 2525
f 2526 2556 2554 2524
f 2525 2555 2557 2527
f 2528 2558 2556 2526
f 2527 2557 2559 2529
f 2530 2560 2558 2528
f 2529 2559 2561 2531
f 2532 2562 2560 2530
f 2531 2561 2563 2533
f 2534 2564 2562 2532
f 2533 2563 2565 2535
f 2536 2566 2564 2534
f 2535 2565 2567 2537
f 2538 2568 2566 2536
f 2537 2567 2569 2539
f 2540 2570 2568 2538
f 2539 2569 2571 2541
f 2542 2572 2570 2540
f 2541 2571 2573 2543
f 2544 2574 2572 2542
f 2543 2573 2575 2545
f 2546 2576 2574 2544
o Pavement_+5_+0
v -1428.71 0.15 -562.70
v -1429.76 0.15 -560.99
v -1420.20 0.15 -557.46
v -1421.32 0.15 -555.80
v -1412.66 0.15 -551.94
v -1413.92 0.15 -550.39
v -1408.13 0.15 -547.90
v -1409.51 0.15 -546.46
v -1403.38 0.15 -543.04
v -1404.88 0.15 -541.71
v -1399.03 0.15 -537.56
v -1400.66 0.15 -536.39
v -1395.15 0.15 -531.56
v -1396.89 0.15 -530.56
v -1391.94 0.15 -525.27
v -1393.76 0.15 -524.44
v -1389.39 0.15 -518.95
v -1391.28 0.15 -518.28
v -1387.42 0.15 -512.73
v -1389.35 0.15 -512.18
v -1385.91 0.15 -506.72
v -1387.86 0.15 -506.27
v -1384.72 0.15 -500.92
v -1386.68 0.15 -500.56
v -1382.17 0.15 -484.88
v -1384.15 0.15 -484.58
v -1372.33 0.15 -412.38
v -1374.31 0.15 -412.10
v -1356.18 0.15 -295.94
v -1358.17 0.15 -295.68
v -1353.54 0.15 -275.59
v -1355.53 0.15 -275.35
v -1350.80 0.15 -250.14
v -1352.79 0.15 -249.93
v -1337.18 0.15 -113.02
v -1339.17 0.15 -112.85
v -1335.68 0.15 -92.32
v -1337.67 0.15 -92.19
v -1331.17 0.15 -14.66
v -1333.17 0.15 -14.54
v -1329.81 0.15 5.75
v -1331.81 0.15 5.90
v -1328.03 0.15 25.74
v -1330.02 0.15 25.93
v -1320.61 0.15 100.31
v -1322.59 0.15 100.54
v -1318.65 0.15 115.09
v -1320.62 0.15 115.40
v -1315.94 0.15 130.06
v -1317.90 0.15 130.44
v -1297.08 0.15 218.31
v -1299.04 0.15 218.72
v -1294.83 0.15 229.53
v -1296.80 0.15 229.89
v -1292.87 0.15 241.00
v -1294.85 0.15 241.28
v -1290.79 0.15 258.27
v -1292.78 0.15 258.47
v -1289.09 0.15 280.95
v -1291.08 0.15 281.08
v -1287.58 0.15 307.60
v -1289.58 0.15 307.71
v -1274.87 0.15 570.18
v -1276.87 0.15 570.29
v -1273.16 0.15 595.13
v -1275.16 0.15 595.28
v -1266.05 0.15 679.98
v -1268.05 0.15 680.14
v -1264.55 0.15 700.27
v -1266.55 0.15 700.40
v -1263.52 0.15 721.02
v -1265.52 0.15 721.11
v -1259.60 0.15 814.51
v -1261.60 0.15 814.62
v -1251.92 0.15 929.51
v -1253.92 0.15 929.67
v -1250.97 0.15 939.69
v -1252.96 0.15 939.91
v -1250.31 0.15 944.86
v -1252.29 0.15 945.17
v -1248.28 0.15 956.02
v -1250.24 0.15 956.43
v -1246.96 0.15 961.50
v -1248.89 0.15 962.02
v -1243.72 0.15 972.08
v -1245.61 0.15 972.75
v -1240.68 0.15 979.79
v -1242.51 0.15 980.59
v -1236.56 0.15 988.39
v -1238.37 0.15 989.25
v -1428.71 0.00 -562.70
v -1429.76 0.00 -560.99
v -1420.20 0.00 -557.46
v -1421.32 0.00 -555.80
v -1412.66 0.00 -551.94
v -1413.92 0.00 -550.39
v -1408.13 0.00 -547.90
v -1409.51 0.00 -546.46
v -1403.38 0.00 -543.04
v -1404.88 0.00 -541.71
v -1399.03 0.00 -537.56
v -1400.66 0.00 -536.39
v -1395.15 0.00 -531.56
v -1396.89 0.00 -530.56
v -1391.94 0.00 -525.27
v -1393.76 0.00 -524.44
v -1389.39 0.00 -518.95
v -1391.28 0.00 -518.28
v -1387.42 0.00 -512.73
v -1389.35 0.00 -512.18
v -1385.91 0.00 -506.72
v -1387.86 0.00 -506.27
v -1384.72 0.00 -500.92
v -1386.68 0.00 -500.56
v -1382.17 0.00 -484.88
v -1384.15 0.00 -484.58
v -1372.33 0.00 -412.38
v -1374.31 0.00 -412.10
v -1356.18 0.00 -295.94
v -1358.17 0.00 -295.68
v -1353.54 0.00 -275.59
v -1355.53 0.00 -275.35
v -1350.80 0.00 -250.14
v -1352.79 0.00 -249.93
v -1337.18 0.00 -113.02
v -1339.17 0.00 -112.85
v -1335.68 0.00 -92.32
v -1337.67 0.00 -92.19
v -1331.17 0.00 -14.66
v -1333.17 0.00 -14.54
v -1329.81 0.00 5.75
v -1331.81 0.00 5.90
v -1328.03 0.00 25.74
v -1330.02 0.00 25.93
v -1320.61 0.00 100.31
v -1322.59 0.00 100.54
v -1318.65 0.00 115.09
v -1320.62 0.00 115.40
v -1315.94 0.00 130.06
v -1317.90 0.00 130.44
v -1297.08 0.00 218.31
v -1299.04 0.00 218.72
v -1294.83 0.00 229.53
v -1296.80 0.00 229.89
v -1292.87 0.00 241.00
v -1294.85 0.00 241.28
v -1290.79 0.00 258.27
v -1292.78 0.00 258.47
v -1289.09 0.00 280.95
v -1291.08 0.00 281.08
v -1287.58 0.00 307.60
v -1289.58 0.00 307.71
v -1274.87 0.00 570.18
v -1276.87 0.00 570.29
v -1273.16 0.00 595.13
v -1275.16 0.00 595.28
v -1266.05 0.00 679.98
v -1268.05 0.00 680.14
v -1264.55 0.00 700.27
v -1266.55 0.00 700.40
v -1263.52 0.00 721.02
v -1265.52 0.00 721.11
v -1259.60 0.00 814.51
v -1261.60 0.00 814.62
v -1251.92 0.00 929.51
v -1253.92 0.00 929.67
v -1250.97 0.00 939.69
v -1252.96 0.00 939.91
v -1250.31 0.00 944.86
v -1252.29 0.00 945.17
v -1248.28 0.00 956.02
v -1250.24 0.00 956.43
v -1246.96 0.00 961.50
v -1248.89 0.00 962.02
v -1243.72 0.00 972.08
v -1245.61 0.00 972.75
v -1240.68 0.00 979.79
v -1242.51 0.00 980.59
v -1236.56 0.00 988.39
v -1238.37 0.00 989.25
v -1322.77 0.15 252.50
v -1320.79 0.15 252.22
v -1323.78 0.15 245.20
v -1321.80 0.15 244.92
v -1322.77 0.00 252.50
v -1320.79 0.00 252.22
v -1323.78 0.00 245.20
v -1321.80 0.00 244.92
v -1297.01 0.15 248.94
v -1295.03 0.15 248.66
v -1298.02 0.15 241.64
v -1296.04 0.15 241.36
v -1297.01 0.00 248.94
v -1295.03 0.00 248.66
v -1298.02 0.00 241.64
v -1296.04 0.00 241.36
f 2578 2580 2579 2577
f 2580 2582 2581 2579
f 2582 2584 2583 2581
f 2584 2586 2585 2583
f 2586 2588 2587 2585
f 2588 2590 2589 2587
f 2590 2592 2591 2589
f 2592 2594 2593 2591
f 2594 2596 2595 2593
f 2596 2598 2597 2595
f 2598 2600 2599 2597
f 2600 2602 2601 2599
f 2602 2604 2603 2601
f 2604 2606 2605 2603
f 2606 2608 2607 2605
f 2608 2610 2609 2607
f 2610 2612 2611 2609
f 2612 2614 2613 2611
f 2614 2616 2615 2613
f 2616 2618 2617 2615
f 2618 2620 2619 2617
f 2620 2622 2621 2619
f 2622 2624 2623 2621
f 2624 2626 2625 2623
f 2626 2628 2627 2625
f 2628 2630 2629 2627
f 2630 2632 2631 2629
f 2632 2634 2633 2631
f 2634 2636 2635 2633
f 2636 2638 2637 2635
f 2638 2640 2639 2637
f 2640 2642 2641 2639
f 2642 2644 2643 2641
f 2644 2646 2645 2643
f 2646 2648 2647 2645
f 2648 2650 2649 2647
f 2650 2652 2651 2649
f 2652 2654 2653 2651
f 2654 2656 2655 2653
f 2656 2658 2657 2655
f 2658 2660 2659 2657
f 2660 2662 2661 2659
f 2662 2664 2663 2661
f 2664 2666 2665 2663
f 2577 2667 2669 2579
f 2580 2670 2668 2578
f 2579 2669 2671 2581
f 2582 2672 2670 2580
f 2581 2671 2673 2583
f 2584 2674 2672 2582
f 2583 2673 2675 2585
f 2586 2676 2674 2584
f 2585 2675 2677 2587
f 2588 2678 2676 2586
f 2587 2677 2679 2589
f 2590 2680 2678 2588
f 2589 2679 2681 2591
f 2592 2682 2680 2590
f 2591 2681 2683 2593
f 2594 2684 2682 2592
f 2593 2683 2685 2595
f 2596 2686 2684 2594
f 2595 2685 2687 2597
f 2598 2688 2686 2596
f 2597 2687 2689 2599
f 2600 2690 2688 2598
f 2599 2689 2691 2601
f 2602 2692 2690 2600
f 2601 2691 2693 2603
f 2604 2694 2692 2602
f 2603 2693 2695 2605
f 2606 2696 2694 2604
f 2605 2695 2697 2607
f 2608 2698 2696 2606
f 2607 2697 2699 2609
f 2610 2700 2698 2608
f 2609 2699 2701 2611
f 2612 2702 2700 2610
f 2611 2701 2703 2613
f 2614 2704 2702 2612
f 2613 2703 2705 2615
f 2616 2706 2704 2614
f 2615 2705 2707 2617
f 2618 2708 2706 2616
f 2617 2707 2709 2619
f 2620 2710 2708 2618
f 2619 2709 2711 2621
f 2622 2712 2710 2620
f 2621 2711 2713 2623
f 2624 2714 2712 2622
f 2623 2713 2715 2625
f 2626 2716 2714 2624
f 2625 2715 2717 2627
f 2628 2718 2716 2626
f 2627 2717 2719 2629
f 2630 2720 2718 2628
f 2629 2719 2721 2631
f 2632 2722 2720 2630
f 2631 2721 2723 2633
f 2634 2724 2722 2632
f 2633 2723 2725 2635
f 2636 2726 2724 2634
f 2635 2725 2727 2637
f 2638 2728 2726 2636
f 2637 2727 2729 2639
f 2640 2730 2728 2638
f 2639 2729 2731 2641
f 2642 2732 2730 2640
f 2641 2731 2733 2643
f 2644 2734 2732 2642
f 2643 2733 2735 2645
f 2646 2736 2734 2644
f 2645 2735 2737 2647
f 2648 2738 2736 2646
f 2647 2737 2739 2649
f 2650 2740 2738 2648
f 2649 2739 2741 2651
f 2652 2742 2740 2650
f 2651 2741 2743 2653
f 2654 2744 2742 2652
f 2653 2743 2745 2655
f 2656 2746 2744 2654
f 2655 2745 2747 2657
f 2658 2748 2746 2656
f 2657 2747 2749 2659
f 2660 2750 2748 2658
f 2659 2749 2751 2661
f 2662 2752 2750 2660
f 2661 2751 2753 2663
f 2664 2754 2752 2662
f 2663 2753 2755 2665
f 2666 2756 2754 2664
f 2758 2760 2759 2757
f 2757 2761 2763 2759
f 2760 2764 2762 2758
f 2766 2768 2767 2765
f 2765 2769 2771 2767
f 2768 2772 2770 2766
o Pavement_+5_+1
v -1285.51 0.15 233.35
v -1287.46 0.15 233.80
v -1280.33 0.15 255.67
v -1282.28 0.15 256.12
v -1285.51 0.00 233.35
v -1287.46 0.00 233.80
v -1280.33 0.00 255.67
v -1282.28 0.00 256.12
f 2774 2776 2775 2773
f 2773 2777 2779 2775
f 2776 2780 2778 2774
o Pavement_+5_+3
v -1281.39 0.15 257.14
v -1283.39 0.15 257.20
v -1279.40 0.15 328.56
v -1281.40 0.15 328.61
v -1277.23 0.15 433.68
v -1279.23 0.15 433.73
v -1276.48 0.15 453.80
v -1278.47 0.15 453.89
v -1274.99 0.15 484.19
v -1276.99 0.15 484.31
v -1273.07 0.15 509.52
v -1275.06 0.15 509.69
v -1266.31 0.15 580.98
v -1268.30 0.15 581.14
v -1262.09 0.15 642.12
v -1264.08 0.15 642.27
v -1260.82 0.15 657.23
v -1262.81 0.15 657.43
v -1259.64 0.15 667.19
v -1261.62 0.15 667.45
v -1258.16 0.15 677.17
v -1260.14 0.15 677.48
v -1250.49 0.15 723.10
v -1252.47 0.15 723.38
v -1249.08 0.15 734.50
v -1251.07 0.15 734.70
v -1248.63 0.15 740.69
v -1250.62 0.15 740.80
v -1248.41 0.15 747.04
v -1250.41 0.15 747.06
v -1248.45 0.15 753.58
v -1250.45 0.15 753.51
v -1250.24 0.15 784.11
v -1252.24 0.15 784.02
v -1250.37 0.15 789.44
v -1252.37 0.15 789.42
v -1250.25 0.15 799.81
v -1252.25 0.15 799.87
v -1243.60 0.15 924.88
v -1245.60 0.15 924.99
v -1242.99 0.15 935.02
v -1244.98 0.15 935.17
v -1242.10 0.15 944.95
v -1244.09 0.15 945.19
v -1240.61 0.15 954.67
v -1242.58 0.15 955.04
v -1239.58 0.15 959.27
v -1241.52 0.15 959.78
v -1236.75 0.15 968.86
v -1238.66 0.15 969.48
v -1235.09 0.15 973.51
v -1236.96 0.15 974.23
v -1231.15 0.15 983.03
v -1232.97 0.15 983.86
v -1226.57 0.15 992.30
v -1228.33 0.15 993.26
v -1221.25 0.15 1001.24
v -1222.94 0.15 1002.32
v -1218.37 0.15 1005.47
v -1220.00 0.15 1006.63
v -1211.98 0.15 1013.97
v -1213.55 0.15 1015.21
v -1201.81 0.15 1026.22
v -1203.33 0.15 1027.52
v -1187.37 0.15 1042.46
v -1188.87 0.15 1043.79
v -1281.39 0.00 257.14
v -1283.39 0.00 257.20
v -1279.40 0.00 328.56
v -1281.40 0.00 328.61
v -1277.23 0.00 433.68
v -1279.23 0.00 433.73
v -1276.48 0.00 453.80
v -1278.47 0.00 453.89
v -1274.99 0.00 484.19
v -1276.99 0.00 484.31
v -1273.07 0.00 509.52
v -1275.06 0.00 509.69
v -1266.31 0.00 580.98
v -1268.30 0.00 581.14
v -1262.09 0.00 642.12
v -1264.08 0.00 642.27
v -1260.82 0.00 657.23
v -1262.81 0.00 657.43
v -1259.64 0.00 667.19
v -1261.62 0.00 667.45
v -1258.16 0.00 677.17
v -1260.14 0.00 677.48
v -1250.49 0.00 723.10
v -1252.47 0.00 723.38
v -1249.08 0.00 734.50
v -1251.07 0.00 734.70
v -1248.63 0.00 740.69
v -1250.62 0.00 740.80
v -1248.41 0.00 747.04
v -1250.41 0.00 747.06
v -1248.45 0.00 753.58
v -1250.45 0.00 753.51
v -1250.24 0.00 784.11
v -1252.24 0.00 784.02
v -1250.37 0.00 789.44
v -1252.37 0.00 789.42
v -1250.25 0.00 799.81
v -1252.25 0.00 799.87
v -1243.60 0.00 924.88
v -1245.60 0.00 924.99
v -1242.99 0.00 935.02
v -1244.98 0.00 935.17
v -1242.10 0.00 944.95
v -1244.09 0.00 945.19
v -1240.61 0.00 954.67
v -1242.58 0.00 955.04
v -1239.58 0.00 959.27
v -1241.52 0.00 959.78
v -1236.75 0.00 968.86
v -1238.66 0.00 969.48
v -1235.09 0.00 973.51
v -1236.96 0.00 974.23
v -1231.15 0.00 983.03
v -1232.97 0.00 983.86
v -1226.57 0.00 992.30
v -1228.33 0.00 993.26
v -1221.25 0.00 1001.24
v -1222.94 0.00 1002.32
v -1218.37 0.00 1005.47
v -1220.00 0.00 1006.63
v -1211.98 0.00 1013.97
v -1213.55 0.00 1015.21
v -1201.81 0.00 1026.22
v -1203.33 0.00 1027.52
v -1187.37 0.00 1042.46
v -1188.87 0.00 1043.79
v -1194.91 0.15 1051.62
v -1193.89 0.15 1049.89
v -1204.22 0.15 1046.12
v -1203.16 0.15 1044.42
v -1211.92 0.15 1041.02
v -1210.76 0.15 1039.39
v -1220.97 0.15 1034.10
v -1219.72 0.15 1032.54
v -1225.59 0.15 1030.19
v -1224.28 0.15 1028.68
v -1230.20 0.15 1026.09
v -1228.84 0.15 1024.62
v -1239.26 0.15 1017.32
v -1237.83 0.15 1015.91
v -1243.88 0.15 1012.45
v -1242.40 0.15 1011.10
v -1248.48 0.15 1007.22
v -1246.95 0.15 1005.94
v -1252.99 0.15 1001.61
v -1251.40 0.15 1000.40
v -1257.27 0.15 995.69
v -1255.61 0.15 994.57
v -1261.18 0.15 989.52
v -1259.46 0.15 988.51
v -1264.63 0.15 983.18
v -1262.84 0.15 982.28
v -1267.55 0.15 976.74
v -1265.70 0.15 975.98
v -1269.93 0.15 970.29
v -1268.03 0.15 969.66
v -1271.84 0.15 963.86
v -1269.91 0.15 963.34
v -1273.37 0.15 957.41
v -1271.41 0.15 957.01
v -1275.57 0.15 944.92
v -1273.59 0.15 944.62
v -1278.48 0.15 921.32
v -1276.50 0.15 921.11
v -1281.99 0.15 884.81
v -1279.99 0.15 884.63
v -1284.15 0.15 858.12
v -1282.16 0.15 857.97
v -1287.38 0.15 810.99
v -1285.39 0.15 810.84
v -1288.83 0.15 794.84
v -1286.84 0.15 794.61
v -1290.35 0.15 784.05
v -1288.38 0.15 783.73
v -1291.32 0.15 778.81
v -1289.36 0.15 778.40
v -1296.38 0.15 756.94
v -1294.43 0.15 756.51
v -1298.78 0.15 745.30
v -1296.81 0.15 744.95
v -1299.69 0.15 739.23
v -1297.71 0.15 738.98
v -1300.33 0.15 733.23
v -1298.34 0.15 733.06
v -1300.69 0.15 727.33
v -1298.69 0.15 727.25
v -1300.80 0.15 721.62
v -1298.80 0.15 721.62
v -1300.54 0.15 710.95
v -1298.54 0.15 711.03
v -1298.46 0.15 670.72
v -1296.46 0.15 670.79
v -1298.27 0.15 660.73
v -1296.27 0.15 660.74
v -1298.41 0.15 650.60
v -1296.41 0.15 650.55
v -1299.02 0.15 635.05
v -1297.03 0.15 634.95
v -1301.89 0.15 580.40
v -1299.90 0.15 580.30
v -1305.19 0.15 509.46
v -1303.20 0.15 509.37
v -1307.62 0.15 462.10
v -1305.63 0.15 462.01
v -1308.33 0.15 441.28
v -1306.33 0.15 441.22
v -1312.26 0.15 292.69
v -1310.26 0.15 292.62
v -1313.23 0.15 272.30
v -1311.23 0.15 272.17
v -1314.88 0.15 251.05
v -1312.89 0.15 250.89
v -1194.91 0.00 1051.62
v -1193.89 0.00 1049.89
v -1204.22 0.00 1046.12
v -1203.16 0.00 1044.42
v -1211.92 0.00 1041.02
v -1210.76 0.00 1039.39
v -1220.97 0.00 1034.10
v -1219.72 0.00 1032.54
v -1225.59 0.00 1030.19
v -1224.28 0.00 1028.68
v -1230.20 0.00 1026.09
v -1228.84 0.00 1024.62
v -1239.26 0.00 1017.32
v -1237.83 0.00 1015.91
v -1243.88 0.00 1012.45
v -1242.40 0.00 1011.10
v -1248.48 0.00 1007.22
v -1246.95 0.00 1005.94
v -1252.99 0.00 1001.61
v -1251.40 0.00 1000.40
v -1257.27 0.00 995.69
v -1255.61 0.00 994.57
v -1261.18 0.00 989.52
v -1259.46 0.00 988.51
v -1264.63 0.00 983.18
v -1262.84 0.00 982.28
v -1267.55 0.00 976.74
v -1265.70 0.00 975.98
v -1269.93 0.00 970.29
v -1268.03 0.00 969.66
v -1271.84 0.00 963.86
v -1269.91 0.00 963.34
v -1273.37 0.00 957.41
v -1271.41 0.00 957.01
v -1275.57 0.00 944.92
v -1273.59 0.00 944.62
v -1278.48 0.00 921.32
v -1276.50 0.00 921.11
v -1281.99 0.00 884.81
v -1279.99 0.00 884.63
v -1284.15 0.00 858.12
v -1282.16 0.00 857.97
v -1287.38 0.00 810.99
v -1285.39 0.00 810.84
v -1288.83 0.00 794.84
v -1286.84 0.00 794.61
v -1290.35 0.00 784.05
v -1288.38 0.00 783.73
v -1291.32 0.00 778.81
v -1289.36 0.00 778.40
v -1296.38 0.00 756.94
v -1294.43 0.00 756.51
v -1298.78 0.00 745.30
v -1296.81 0.00 744.95
v -1299.69 0.00 739.23
v -1297.71 0.00 738.98
v -1300.33 0.00 733.23
v -1298.34 0.00 733.06
v -1300.69 0.00 727.33
v -1298.69 0.00 727.25
v -1300.80 0.00 721.62
v -1298.80 0.00 721.62
v -1300.54 0.00 710.95
v -1298.54 0.00 711.03
v -1298.46 0.00 670.72
v -1296.46 0.00 670.79
v -1298.27 0.00 660.73
v -1296.27 0.00 660.74
v -1298.41 0.00 650.60
v -1296.41 0.00 650.55
v -1299.02 0.00 635.05
v -1297.03 0.00 634.95
v -1301.89 0.00 580.40
v -1299.90 0.00 580.30
v -1305.19 0.00 509.46
v -1303.20 0.00 509.37
v -1307.62 0.00 462.10
v -1305.63 0.00 462.01
v -1308.33 0.00 441.28
v -1306.33 0.00 441.22
v -1312.26 0.00 292.69
v -1310.26 0.00 292.62
v -1313.23 0.00 272.30
v -1311.23 0.00 272.17
v -1314.88 0.00 251.05
v -1312.89 0.00 250.89
f 2782 2784 2783 2781
f 2784 2786 2785 2783
f 2786 2788 2787 2785
f 2788 2790 2789 2787
f 2790 2792 2791 2789
f 2792 2794 2793 2791
f 2794 2796 2795 2793
f 2796 2798 2797 2795
f 2798 2800 2799 2797
f 2800 2802 2801 2799
f 2802 2804 2803 2801
f 2804 2806 2805 2803
f 2806 2808 2807 2805
f 2808 2810 2809 2807
f 2810 2812 2811 2809
f 2812 2814 2813 2811
f 2814 2816 2815 2813
f 2816 2818 2817 2815
f 2818 2820 2819 2817
f 2820 2822 2821 2819
f 2822 2824 2823 2821
f 2824 2826 2825 2823
f 2826 2828 2827 2825
f 2828 2830 2829 2827
f 2830 2832 2831 2829
f 2832 2834 2833 2831
f 2834 2836 2835 2833
f 2836 2838 2837 2835
f 2838 2840 2839 2837
f 2840 2842 2841 2839
f 2842 2844 2843 2841
f 2844 2846 2845 2843
f 2781 2847 2849 2783
f 2784 2850 2848 2782
f 2783 2849 2851 2785
f 2786 2852 2850 2784
f 2785 2851 2853 2787
f 2788 2854 2852 2786
f 2787 2853 2855 2789
f 2790 2856 2854 2788
f 2789 2855 2857 2791
f 2792 2858 2856 2790
f 2791 2857 2859 2793
f 2794 2860 2858 2792
f 2793 2859 2861 2795
f 2796 2862 2860 2794
f 2795 2861 2863 2797
f 2798 2864 2862 2796
f 2797 2863 2865 2799
f 2800 2866 2864 2798
f 2799 2865 2867 2801
f 2802 2868 2866 2800
f 2801 2867 2869 2803
f 2804 2870 2868 2802
f 2803 2869 2871 2805
f 2806 2872 2870 2804
f 2805 2871 2873 2807
f 2808 2874 2872 2806
f 2807 2873 2875 2809
f 2810 2876 2874 2808
f 2809 2875 2877 2811
f 2812 2878 2876 2810
f 2811 2877 2879 2813
f 2814 2880 2878 2812
f 2813 2879 2881 2815
f 2816 2882 2880 2814
f 2815 2881 2883 2817
f 2818 2884 2882 2816
f 2817 2883 2885 2819
f 2820 2886 2884 2818
f 2819 2885 2887 2821
f 2822 2888 2886 2820
f 2821 2887 2889 2823
f 2824 2890 2888 2822
f 2823 2889 2891 2825
f 2826 2892 2890 2824
f 2825 2891 2893 2827
f 2828 2894 2892 2826
f 2827 2893 2895 2829
f 2830 2896 2894 2828
f 2829 2895 2897 2831
f 2832 2898 2896 2830
f 2831 2897 2899 2833
f 2834 2900 2898 2832
f 2833 2899 2901 2835
f 2836 2902 2900 2834
f 2835 2901 2903 2837
f 2838 2904 2902 2836
f 2837 2903 2905 2839
f 2840 2906 2904 2838
f 2839 2905 2907 2841
f 2842 2908 2906 2840
f 2841 2907 2909 2843
f 2844 2910 2908 2842
f 2843 2909 2911 2845
f 2846 2912 2910 2844
f 2914 2916 2915 2913
f 2916 2918 2917 2915
f 2918 2920 2919 2917
f 2920 2922 2921 2919
f 2922 2924 2923 2921
f 2924 2926 2925 2923
f 2926 2928 2927 2925
f 2928 2930 2929 2927
f 2930 2932 2931 2929
f 2932 2934 2933 2931
f 2934 2936 2935 2933
f 2936 2938 2937 2935
f 2938 2940 2939 2937
f 2940 2942 2941 2939
f 2942 2944 2943 2941
f 2944 2946 2945 2943
f 2946 2948 2947 2945
f 2948 2950 2949 2947
f 2950 2952 2951 2949
f 2952 2954 2953 2951
f 2954 2956 2955 2953
f 2956 2958 2957 2955
f 2958 2960 2959 2957
f 2960 2962 2961 2959
f 2962 2964 2963 2961
f 2964 2966 2965 2963
f 2966 2968 2967 2965
f 2968 2970 2969 2967
f 2970 2972 2971 2969
f 2972 2974 2973 2971
f 2974 2976 2975 2973
f 2976 2978 2977 2975
f 2978 2980 2979 2977
f 2980 2982 2981 2979
f 2982 2984 2983 2981
f 2984 2986 2985 2983
f 2986 2988 2987 2985
f 2988 2990 2989 2987
f 2990 2992 2991 2989
f 2992 2994 2993 2991
f 2994 2996 2995 2993
f 2996 2998 2997 2995
f 2913 2999 3001 2915
f 2916 3002 3000 2914
f 2915 3001 3003 2917
f 2918 3004 3002 2916
f 2917 3003 3005 2919
f 2920 3006 3004 2918
f 2919 3005 3007 2921
f 2922 3008 3006 2920
f 2921 3007 3009 2923
f 2924 3010 3008 2922
f 2923 3009 3011 2925
f 2926 3012 3010 2924
f 2925 3011 3013 2927
f 2928 3014 3012 2926
f 2927 3013 3015 2929
f 2930 3016 3014 2928
f 2929 3015 3017 2931
f 2932 3018 3016 2930
f 2931 3017 3019 2933
f 2934 3020 3018 2932
f 2933 3019 3021 2935
f 2936 3022 3020 2934
f 2935 3021 3023 2937
f 2938 3024 3022 2936
f 2937 3023 3025 2939
f 2940 3026 3024 2938
f 2939 3025 3027 2941
f 2942 3028 3026 2940
f 2941 3027 3029 2943
f 2944 3030 3028 2942
f 2943 3029 3031 2945
f 2946 3032 3030 2944
f 2945 3031 3033 2947
f 2948 3034 3032 2946
f 2947 3033 3035 2949
f 2950 3036 3034 2948
f 2949 3035 3037 2951
f 2952 3038 3036 2950
f 2951 3037 3039 2953
f 2954 3040 3038 2952
f 2953 3039 3041 2955
f 2956 3042 3040 2954
f 2955 3041 3043 2957
f 2958 3044 3042 2956
f 2957 3043 3045 2959
f 2960 3046 3044 2958
f 2959 3045 3047 2961
f 2962 3048 3046 2960
f 2961 3047 3049 2963
f 2964 3050 3048 2962
f 2963 3049 3051 2965
f 2966 3052 3050 2964
f 2965 3051 3053 2967
f 2968 3054 3052 2966
f 2967 3053 3055 2969
f 2970 3056 3054 2968
f 2969 3055 3057 2971
f 2972 3058 3056 2970
f 2971 3057 3059 2973
f 2974 3060 3058 2972
f 2973 3059 3061 2975
f 2976 3062 3060 2974
f 2975 3061 3063 2977
f 2978 3064 3062 2976
f 2977 3063 3065 2979
f 2980 3066 3064 2978
f 2979 3065 3067 2981
f 2982 3068 3066 2980
f 2981 3067 3069 2983
f 2984 3070 3068 2982
f 2983 3069 3071 2985
f 2986 3072 3070 2984
f 2985 3071 3073 2987
f 2988 3074 3072 2986
f 2987 3073 3075 2989
f 2990 3076 3074 2988
f 2989 3075 3077 2991
f 2992 3078 3076 2990
f 2991 3077 3079 2993
f 2994 3080 3078 2992
f 2993 3079 3081 2995
f 2996 3082 3080 2994
f 2995 3081 3083 2997
f 2998 3084 3082 2996
o Pavement_+5_-1
v -1315.78 0.15 244.53
v -1313.82 0.15 244.11
v -1319.39 0.15 227.60
v -1317.44 0.15 227.17
v -1328.27 0.15 188.67
v -1326.31 0.15 188.25
v -1338.84 0.15 135.96
v -1336.88 0.15 135.58
v -1358.12 0.15 35.35
v -1356.15 0.15 34.99
v -1360.77 0.15 20.15
v -1358.79 0.15 19.83
v -1362.94 0.15 4.81
v -1360.96 0.15 4.56
v -1365.79 0.15 -20.87
v -1363.79 0.15 -21.05
v -1366.89 0.15 -36.35
v -1364.90 0.15 -36.45
v -1367.39 0.15 -56.90
v -1365.39 0.15 -56.92
v -1367.42 0.15 -103.58
v -1365.42 0.15 -103.61
v -1368.59 0.15 -138.74
v -1366.60 0.15 -138.82
v -1370.13 0.15 -168.88
v -1368.13 0.15 -169.01
v -1374.58 0.15 -225.31
v -1372.59 0.15 -225.47
v -1315.78 0.00 244.53
v -1313.82 0.00 244.11
v -1319.39 0.00 227.60
v -1317.44 0.00 227.17
v -1328.27 0.00 188.67
v -1326.31 0.00 188.25
v -1338.84 0.00 135.96
v -1336.88 0.00 135.58
v -1358.12 0.00 35.35
v -1356.15 0.00 34.99
v -1360.77 0.00 20.15
v -1358.79 0.00 19.83
v -1362.94 0.00 4.81
v -1360.96 0.00 4.56
v -1365.79 0.00 -20.87
v -1363.79 0.00 -21.05
v -1366.89 0.00 -36.35
v -1364.90 0.00 -36.45
v -1367.39 0.00 -56.90
v -1365.39 0.00 -56.92
v -1367.42 0.00 -103.58
v -1365.42 0.00 -103.61
v -1368.59 0.00 -138.74
v -1366.60 0.00 -138.82
v -1370.13 0.00 -168.88
v -1368.13 0.00 -169.01
v -1374.58 0.00 -225.31
v -1372.59 0.00 -225.47
v -1388.80 0.15 -565.73
v -1390.43 0.15 -564.57
v -1380.49 0.15 -554.07
v -1382.20 0.15 -553.02
v -1374.87 0.15 -543.46
v -1376.69 0.15 -542.63
v -1372.40 0.15 -537.04
v -1374.28 0.15 -536.36
v -1370.12 0.15 -530.18
v -1372.04 0.15 -529.62
v -1368.44 0.15 -523.54
v -1370.39 0.15 -523.10
v -1366.09 0.15 -511.45
v -1368.06 0.15 -511.11
v -1364.47 0.15 -500.57
v -1366.45 0.15 -500.29
v -1354.87 0.15 -429.66
v -1356.85 0.15 -429.40
v -1350.21 0.15 -393.76
v -1352.19 0.15 -393.51
v -1341.78 0.15 -326.69
v -1343.77 0.15 -326.44
v -1335.81 0.15 -276.12
v -1337.80 0.15 -275.92
v -1334.53 0.15 -259.09
v -1336.53 0.15 -258.98
v -1333.29 0.15 -227.42
v -1335.28 0.15 -227.33
v -1332.35 0.15 -210.70
v -1334.35 0.15 -210.57
v -1326.45 0.15 -130.04
v -1328.44 0.15 -129.87
v -1324.42 0.15 -109.19
v -1326.41 0.15 -108.96
v -1318.45 0.15 -63.72
v -1320.44 0.15 -63.49
v -1316.27 0.15 -42.06
v -1318.26 0.15 -41.89
v -1315.47 0.15 -30.39
v -1317.47 0.15 -30.28
v -1314.90 0.15 -18.21
v -1316.90 0.15 -18.14
v -1313.74 0.15 30.63
v -1315.74 0.15 30.69
v -1312.90 0.15 53.29
v -1314.89 0.15 53.39
v -1311.81 0.15 70.43
v -1313.80 0.15 70.59
v -1310.73 0.15 81.82
v -1312.72 0.15 82.03
v -1308.70 0.15 98.64
v -1310.68 0.15 98.89
v -1303.69 0.15 136.02
v -1305.67 0.15 136.29
v -1299.84 0.15 162.25
v -1301.82 0.15 162.57
v -1294.21 0.15 194.92
v -1296.18 0.15 195.28
v -1286.68 0.15 233.85
v -1288.64 0.15 234.23
v -1388.80 0.00 -565.73
v -1390.43 0.00 -564.57
v -1380.49 0.00 -554.07
v -1382.20 0.00 -553.02
v -1374.87 0.00 -543.46
v -1376.69 0.00 -542.63
v -1372.40 0.00 -537.04
v -1374.28 0.00 -536.36
v -1370.12 0.00 -530.18
v -1372.04 0.00 -529.62
v -1368.44 0.00 -523.54
v -1370.39 0.00 -523.10
v -1366.09 0.00 -511.45
v -1368.06 0.00 -511.11
v -1364.47 0.00 -500.57
v -1366.45 0.00 -500.29
v -1354.87 0.00 -429.66
v -1356.85 0.00 -429.40
v -1350.21 0.00 -393.76
v -1352.19 0.00 -393.51
v -1341.78 0.00 -326.69
v -1343.77 0.00 -326.44
v -1335.81 0.00 -276.12
v -1337.80 0.00 -275.92
v -1334.53 0.00 -259.09
v -1336.53 0.00 -258.98
v -1333.29 0.00 -227.42
v -1335.28 0.00 -227.33
v -1332.35 0.00 -210.70
v -1334.35 0.00 -210.57
v -1326.45 0.00 -130.04
v -1328.44 0.00 -129.87
v -1324.42 0.00 -109.19
v -1326.41 0.00 -108.96
v -1318.45 0.00 -63.72
v -1320.44 0.00 -63.49
v -1316.27 0.00 -42.06
v -1318.26 0.00 -41.89
v -1315.47 0.00 -30.39
v -1317.47 0.00 -30.28
v -1314.90 0.00 -18.21
v -1316.90 0.00 -18.14
v -1313.74 0.00 30.63
v -1315.74 0.00 30.69
v -1312.90 0.00 53.29
v -1314.89 0.00 53.39
v -1311.81 0.00 70.43
v -1313.80 0.00 70.59
v -1310.73 0.00 81.82
v -1312.72 0.00 82.03
v -1308.70 0.00 98.64
v -1310.68 0.00 98.89
v -1303.69 0.00 136.02
v -1305.67 0.00 136.29
v -1299.84 0.00 162.25
v -1301.82 0.00 162.57
v -1294.21 0.00 194.92
v -1296.18 0.00 195.28
v -1286.68 0.00 233.85
v -1288.64 0.00 234.23
v -1375.83 0.15 -226.33
v -1373.83 0.15 -226.18
v -1374.47 0.15 -244.10
v -1372.47 0.15 -243.95
v -1375.83 0.00 -226.33
v -1373.83 0.00 -226.18
v -1374.47 0.00 -244.10
v -1372.47 0.00 -243.95
f 3086 3088 3087 3085
f 3088 3090 3089 3087
f 3090 3092 3091 3089
f 3092 3094 3093 3091
f 3094 3096 3095 3093
f 3096 3098 3097 3095
f 3098 3100 3099 3097
f 3100 3102 3101 3099
f 3102 3104 3103 3101
f 3104 3106 3105 3103
f 3106 3108 3107 3105
f 3108 3110 3109 3107
f 3110 3112 3111 3109
f 3085 3113 3115 3087
f 3088 3116 3114 3086
f 3087 3115 3117 3089
f 3090 3118 3116 3088
f 3089 3117 3119 3091
f 3092 3120 3118 3090
f 3091 3119 3121 3093
f 3094 3122 3120 3092
f 3093 3121 3123 3095
f 3096 3124 3122 3094
f 3095 3123 3125 3097
f 3098 3126 3124 3096
f 3097 3125 3127 3099
f 3100 3128 3126 3098
f 3099 3127 3129 3101
f 3102 3130 3128 3100
f 3101 3129 3131 3103
f 3104 3132 3130 3102
f 3103 3131 3133 3105
f 3106 3134 3132 3104
f 3105 3133 3135 3107
f 3108 3136 3134 3106
f 3107 3135 3137 3109
f 3110 3138 3136 3108
f 3109 3137 3139 3111
f 3112 3140 3138 3110
f 3142 3144 3143 3141
f 3144 3146 3145 3143
f 3146 3148 3147 3145
f 3148 3150 3149 3147
f 3150 3152 3151 3149
f 3152 3154 3153 3151
f 3154 3156 3155 3153
f 3156 3158 3157 3155
f 3158 3160 3159 3157
f 3160 3162 3161 3159
f 3162 3164 3163 3161
f 3164 3166 3165 3163
f 3166 3168 3167 3165
f 3168 3170 3169 3167
f 3170 3172 3171 3169
f 3172 3174 3173 3171
f 3174 3176 3175 3173
f 3176 3178 3177 3175
f 3178 3180 3179 3177
f 3180 3182 3181 3179
f 3182 3184 3183 3181
f 3184 3186 3185 3183
f 3186 3188 3187 3185
f 3188 3190 3189 3187
f 3190 3192 3191 3189
f 3192 3194 3193 3191
f 3194 3196 3195 3193
f 3196 3198 3197 3195
f 3198 3200 3199 3197
f 3141 3201 3203 3143
f 3144 3204 3202 3142
f 3143 3203 3205 3145
f 3146 3206 3204 3144
f 3145 3205 3207 3147
f 3148 3208 3206 3146
f 3147 3207 3209 3149
f 3150 3210 3208 3148
f 3149 3209 3211 3151
f 3152 3212 3210 3150
f 3151 3211 3213 3153
f 3154 3214 3212 3152
f 3153 3213 3215 3155
f 3156 3216 3214 3154
f 3155 3215 3217 3157
f 3158 3218 3216 3156
f 3157 3217 3219 3159
f 3160 3220 3218 3158
f 3159 3219 3221 3161
f 3162 3222 3220 3160
f 3161 3221 3223 3163
f 3164 3224 3222 3162
f 3163 3223 3225 3165
f 3166 3226 3224 3164
f 3165 3225 3227 3167
f 3168 3228 3226 3166
f 3167 3227 3229 3169
f 3170 3230 3228 3168
f 3169 3229 3231 3171
f 3172 3232 3230 3170
f 3171 3231 3233 3173
f 3174 3234 3232 3172
f 3173 3233 3235 3175
f 3176 3236 3234 3174
f 3175 3235 3237 3177
f 3178 3238 3236 3176
f 3177 3237 3239 3179
f 3180 3240 3238 3178
f 3179 3239 3241 3181
f 3182 3242 3240 3180
f 3181 3241 3243 3183
f 3184 3244 3242 3182
f 3183 3243 3245 3185
f 3186 3246 3244 3184
f 3185 3245 3247 3187
f 3188 3248 3246 3186
f 3187 3247 3249 3189
f 3190 3250 3248 3188
f 3189 3249 3251 3191
f 3192 3252 3250 3190
f 3191 3251 3253 3193
f 3194 3254 3252 3192
f 3193 3253 3255 3195
f 3196 3256 3254 3194
f 3195 3255 3257 3197
f 3198 3258 3256 3196
f 3197 3257 3259 3199
f 3200 3260 3258 3198
f 3262 3264 3263 3261
f 3261 3265 3267 3263
f 3264 3268 3266 3262
o Pavement_+5_-11
v -2357.15 0.15 -3280.56
v -2358.43 0.15 -3279.03
v -2350.18 0.15 -3274.74
v -2351.35 0.15 -3273.11
v -2344.00 0.15 -3270.92
v -2344.94 0.15 -3269.15
v -2335.14 0.15 -3266.96
v -2335.88 0.15 -3265.10
v -2325.19 0.15 -3263.49
v -2325.83 0.15 -3261.59
v -2293.43 0.15 -3253.36
v -2294.06 0.15 -3251.46
v -2276.81 0.15 -3247.62
v -2277.48 0.15 -3245.74
v -2246.31 0.15 -3236.50
v -2247.03 0.15 -3234.64
v -2227.01 0.15 -3228.79
v -2227.77 0.15 -3226.95
v -2170.66 0.15 -3204.90
v -2171.45 0.15 -3203.07
v -2101.66 0.15 -3174.37
v -2102.45 0.15 -3172.53
v -2049.18 0.15 -3152.33
v -2049.96 0.15 -3150.49
v -1955.15 0.15 -3111.31
v -1955.96 0.15 -3109.48
v -1911.88 0.15 -3092.17
v -1912.71 0.15 -3090.35
v -1892.79 0.15 -3083.22
v -1893.66 0.15 -3081.42
v -1859.70 0.15 -3067.10
v -1860.60 0.15 -3065.31
v -1845.30 0.15 -3059.69
v -1846.24 0.15 -3057.92
v -1830.74 0.15 -3051.79
v -1831.71 0.15 -3050.04
v -1816.10 0.15 -3043.39
v -1817.12 0.15 -3041.67
v -1806.32 0.15 -3037.35
v -1807.39 0.15 -3035.66
v -1782.67 0.15 -3021.83
v -1783.76 0.15 -3020.15
v -1759.83 0.15 -3007.19
v -1760.94 0.15 -3005.52
v -1745.62 0.15 -2997.52
v -1746.76 0.15 -2995.88
v -1726.85 0.15 -2984.27
v -1728.02 0.15 -2982.64
v -1704.73 0.15 -2968.08
v -1705.93 0.15 -2966.48
v -1683.46 0.15 -2951.74
v -1684.69 0.15 -2950.16
v -1662.99 0.15 -2935.64
v -1664.24 0.15 -2934.08
v -1650.53 0.15 -2925.44
v -1651.81 0.15 -2923.91
v -1638.38 0.15 -2915.05
v -1639.69 0.15 -2913.53
v -1603.20 0.15 -2884.07
v -1604.54 0.15 -2882.59
v -1591.61 0.15 -2873.35
v -1592.98 0.15 -2871.89
v -1568.96 0.15 -2851.68
v -1570.33 0.15 -2850.22
v -1557.74 0.15 -2841.27
v -1559.08 0.15 -2839.79
v -1519.97 0.15 -2807.82
v -1521.30 0.15 -2806.33
v -1466.16 0.15 -2759.55
v -1467.50 0.15 -2758.07
v -1402.24 0.15 -2700.86
v -1403.59 0.15 -2699.38
v -1336.29 0.15 -2640.71
v -1337.62 0.15 -2639.23
v -1268.94 0.15 -2581.14
v -1270.26 0.15 -2579.64
v -1211.82 0.15 -2531.05
v -1213.15 0.15 -2529.56
v -1182.23 0.15 -2504.30
v -1183.56 0.15 -2502.80
v -1170.19 0.15 -2493.86
v -1171.48 0.15 -2492.33
v -1149.28 0.15 -2476.67
v -1150.52 0.15 -2475.11
v -1140.40 0.15 -2469.84
v -1141.60 0.15 -2468.23
v -1131.21 0.15 -2463.24
v -1132.35 0.15 -2461.60
v -1116.90 0.15 -2453.70
v -1118.00 0.15 -2452.02
v -1093.32 0.15 -2438.60
v -1094.38 0.15 -2436.89
v -1084.06 0.15 -2433.06
v -1085.05 0.15 -2431.32
v -1074.52 0.15 -2427.88
v -1075.44 0.15 -2426.11
v -1064.52 0.15 -2422.99
v -1065.37 0.15 -2421.17
v -1054.18 0.15 -2418.36
v -1054.96 0.15 -2416.52
v -1043.87 0.15 -2414.14
v -1044.60 0.15 -2412.27
v -1033.80 0.15 -2410.43
v -1034.46 0.15 -2408.54
v -1023.81 0.15 -2407.14
v -1024.41 0.15 -2405.23
v -1013.71 0.15 -2404.13
v -1014.25 0.15 -2402.20
v -977.11 0.15 -2394.35
v -977.61 0.15 -2392.41
v -934.96 0.15 -2383.92
v -935.43 0.15 -2381.98
v -834.56 0.15 -2360.74
v -835.02 0.15 -2358.80
v -741.69 0.15 -2338.13
v -742.14 0.15 -2336.19
v -701.03 0.15 -2329.26
v -701.46 0.15 -2327.31
v -659.32 0.15 -2319.88
v -659.74 0.15 -2317.92
v -643.72 0.15 -2316.63
v -644.11 0.15 -2314.67
v -633.33 0.15 -2314.68
v -633.68 0.15 -2312.71
v -622.89 0.15 -2312.93
v -623.20 0.15 -2310.95
v -612.37 0.15 -2311.43
v -612.62 0.15 -2309.45
v -601.78 0.15 -2310.23
v -601.98 0.15 -2308.23
v -591.18 0.15 -2309.32
v -591.32 0.15 -2307.33
v -580.66 0.15 -2308.73
v -580.73 0.15 -2306.73
v -570.32 0.15 -2308.50
v -570.32 0.15 -2306.50
v -555.05 0.15 -2308.87
v -554.95 0.15 -2306.88
v -540.07 0.15 -2310.04
v -539.86 0.15 -2308.05
v -530.22 0.15 -2311.36
v -529.91 0.15 -2309.39
v -525.34 0.15 -2312.24
v -524.96 0.15 -2310.28
v -520.38 0.15 -2313.27
v -519.93 0.15 -2311.32
v -510.24 0.15 -2315.80
v -509.71 0.15 -2313.87
v -487.63 0.15 -2322.55
v -487.06 0.15 -2320.63
v -2357.15 0.00 -3280.56
v -2358.43 0.00 -3279.03
v -2350.18 0.00 -3274.74
v -2351.35 0.00 -3273.11
v -2344.00 0.00 -3270.92
v -2344.94 0.00 -3269.15
v -2335.14 0.00 -3266.96
v -2335.88 0.00 -3265.10
v -2325.19 0.00 -3263.49
v -2325.83 0.00 -3261.59
v -2293.43 0.00 -3253.36
v -2294.06 0.00 -3251.46
v -2276.81 0.00 -3247.62
v -2277.48 0.00 -3245.74
v -2246.31 0.00 -3236.50
v -2247.03 0.00 -3234.64
v -2227.01 0.00 -3228.79
v -2227.77 0.00 -3226.95
v -2170.66 0.00 -3204.90
v -2171.45 0.00 -3203.07
v -2101.66 0.00 -3174.37
v -2102.45 0.00 -3172.53
v -2049.18 0.00 -3152.33
v -2049.96 0.00 -3150.49
v -1955.15 0.00 -3111.31
v -1955.96 0.00 -3109.48
v -1911.88 0.00 -3092.17
v -1912.71 0.00 -3090.35
v -1892.79 0.00 -3083.22
v -1893.66 0.00 -3081.42
v -1859.70 0.00 -3067.10
v -1860.60 0.00 -3065.31
v -1845.30 0.00 -3059.69
v -1846.24 0.00 -3057.92
v -1830.74 0.00 -3051.79
v -1831.71 0.00 -3050.04
v -1816.10 0.00 -3043.39
v -1817.12 0.00 -3041.67
v -1806.32 0.00 -3037.35
v -1807.39 0.00 -3035.66
v -1782.67 0.00 -3021.83
v -1783.76 0.00 -3020.15
v -1759.83 0.00 -3007.19
v -1760.94 0.00 -3005.52
v -1745.62 0.00 -2997.52
v -1746.76 0.00 -2995.88
v -1726.85 0.00 -2984.27
v -1728.02 0.00 -2982.64
v -1704.73 0.00 -2968.08
v -1705.93 0.00 -2966.48
v -1683.46 0.00 -2951.74
v -1684.69 0.00 -2950.16
v -1662.99 0.00 -2935.64
v -1664.24 0.00 -2934.08
v -1650.53 0.00 -2925.44
v -1651.81 0.00 -2923.91
v -1638.38 0.00 -2915.05
v -1639.69 0.00 -2913.53
v -1603.20 0.00 -2884.07
v -1604.54 0.00 -2882.59
v -1591.61 0.00 -2873.35
v -1592.98 0.00 -2871.89
v -1568.96 0.00 -2851.68
v -1570.33 0.00 -2850.22
v -1557.74 0.00 -2841.27
v -1559.08 0.00 -2839.79
v -1519.97 0.00 -2807.82
v -1521.30 0.00 -2806.33
v -1466.16 0.00 -2759.55
v -1467.50 0.00 -2758.07
v -1402.24 0.00 -2700.86
v -1403.59 0.00 -2699.38
v -1336.29 0.00 -2640.71
v -1337.62 0.00 -2639.23
v -1268.94 0.00 -2581.14
v -1270.26 0.00 -2579.64
v -1211.82 0.00 -2531.05
v -1213.15 0.00 -2529.56
v -1182.23 0.00 -2504.30
v -1183.56 0.00 -2502.80
v -1170.19 0.00 -2493.86
v -1171.48 0.00 -2492.33
v -1149.28 0.00 -2476.67
v -1150.52 0.00 -2475.11
v -1140.40 0.00 -2469.84
v -1141.60 0.00 -2468.23
v -1131.21 0.00 -2463.24
v -1132.35 0.00 -2461.60
v -1116.90 0.00 -2453.70
v -1118.00 0.00 -2452.02
v -1093.32 0.00 -2438.60
v -1094.38 0.00 -2436.89
v -1084.06 0.00 -2433.06
v -1085.05 0.00 -2431.32
v -1074.52 0.00 -2427.88
v -1075.44 0.00 -2426.11
v -1064.52 0.00 -2422.99
v -1065.37 0.00 -2421.17
v -1054.18 0.00 -2418.36
v -1054.96 0.00 -2416.52
v -1043.87 0.00 -2414.14
v -1044.60 0.00 -2412.27
v -1033.80 0.00 -2410.43
v -1034.46 0.00 -2408.54
v -1023.81 0.00 -2407.14
v -1024.41 0.00 -2405.23
v -1013.71 0.00 -2404.13
v -1014.25 0.00 -2402.20
v -977.11 0.00 -2394.35
v -977.61 0.00 -2392.41
v -934.96 0.00 -2383.92
v -935.43 0.00 -2381.98
v -834.56 0.00 -2360.74
v -835.02 0.00 -2358.80
v -741.69 0.00 -2338.13
v -742.14 0.00 -2336.19
v -701.03 0.00 -2329.26
v -701.46 0.00 -2327.31
v -659.32 0.00 -2319.88
v -659.74 0.00 -2317.92
v -643.72 0.00 -2316.63
v -644.11 0.00 -2314.67
v -633.33 0.00 -2314.68
v -633.68 0.00 -2312.71
v -622.89 0.00 -2312.93
v -623.20 0.00 -2310.95
v -612.37 0.00 -2311.43
v -612.62 0.00 -2309.45
v -601.78 0.00 -2310.23
v -601.98 0.00 -2308.23
v -591.18 0.00 -2309.32
v -591.32 0.00 -2307.33
v -580.66 0.00 -2308.73
v -580.73 0.00 -2306.73
v -570.32 0.00 -2308.50
v -570.32 0.00 -2306.50
v -555.05 0.00 -2308.87
v -554.95 0.00 -2306.88
v -540.07 0.00 -2310.04
v -539.86 0.00 -2308.05
v -530.22 0.00 -2311.36
v -529.91 0.00 -2309.39
v -525.34 0.00 -2312.24
v -524.96 0.00 -2310.28
v -520.38 0.00 -2313.27
v -519.93 0.00 -2311.32
v -510.24 0.00 -2315.80
v -509.71 0.00 -2313.87
v -487.63 0.00 -2322.55
v -487.06 0.00 -2320.63
f 3270 3272 3271 3269
f 3272 3274 3273 3271
f 3274 3276 3275 3273
f 3276 3278 3277 3275
f 3278 3280 3279 3277
f 3280 3282 3281 3279
f 3282 3284 3283 3281
f 3284 3286 3285 3283
f 3286 3288 3287 3285
f 3288 3290 3289 3287
f 3290 3292 3291 3289
f 3292 3294 3293 3291
f 3294 3296 3295 3293
f 3296 3298 3297 3295
f 3298 3300 3299 3297
f 3300 3302 3301 3299
f 3302 3304 3303 3301
f 3304 3306 3305 3303
f 3306 3308 3307 3305
f 3308 3310 3309 3307
f 3310 3312 3311 3309
f 3312 3314 3313 3311
f 3314 3316 3315 3313
f 3316 3318 3317 3315
f 3318 3320 3319 3317
f 3320 3322 3321 3319
f 3322 3324 3323 3321
f 3324 3326 3325 3323
f 3326 3328 3327 3325
f 3328 3330 3329 3327
f 3330 3332 3331 3329
f 3332 3334 3333 3331
f 3334 3336 3335 3333
f 3336 3338 3337 3335
f 3338 3340 3339 3337
f 3340 3342 3341 3339
f 3342 3344 3343 3341
f 3344 3346 3345 3343
f 3346 3348 3347 3345
f 3348 3350 3349 3347
f 3350 3352 3351 3349
f 3352 3354 3353 3351
f 3354 3356 3355 3353
f 3356 3358 3357 3355
f 3358 3360 3359 3357
f 3360 3362 3361 3359
f 3362 3364 3363 3361
f 3364 3366 3365 3363
f 3366 3368 3367 3365
f 3368 3370 3369 3367
f 3370 3372 3371 3369
f 3372 3374 3373 3371
f 3374 3376 3375 3373
f 3376 3378 3377 3375
f 3378 3380 3379 3377
f 3380 3382 3381 3379
f 3382 3384 3383 3381
f 3384 3386 3385 3383
f 3386 3388 3387 3385
f 3388 3390 3389 3387
f 3390 3392 3391 3389
f 3392 3394 3393 3391
f 3394 3396 3395 3393
f 3396 3398 3397 3395
f 3398 3400 3399 3397
f 3400 3402 3401 3399
f 3402 3404 3403 3401
f 3404 3406 3405 3403
f 3406 3408 3407 3405
f 3408 3410 3409 3407
f 3410 3412 3411 3409
f 3412 3414 3413 3411
f 3414 3416 3415 3413
f 3416 3418 3417 3415
f 3269 3419 3421 3271
f 3272 3422 3420 3270
f 3271 3421 3423 3273
f 3274 3424 3422 3272
f 3273 3423 3425 3275
f 3276 3426 3424 3274
f 3275 3425 3427 3277
f 3278 3428 3426 3276
f 3277 3427 3429 3279
f 3280 3430 3428 3278
f 3279 3429 3431 3281
f 3282 3432 3430 3280
f 3281 3431 3433 3283
f 3284 3434 3432 3282
f 3283 3433 3435 3285
f 3286 3436 3434 3284
f 3285 3435 3437 3287
f 3288 3438 3436 3286
f 3287 3437 3439 3289
f 3290 3440 3438 3288
f 3289 3439 3441 3291
f 3292 3442 3440 3290
f 3291 3441 3443 3293
f 3294 3444 3442 3292
f 3293 3443 3445 3295
f 3296 3446 3444 3294
f 3295 3445 3447 3297
f 3298 3448 3446 3296
f 3297 3447 3449 3299
f 3300 3450 3448 3298
f 3299 3449 3451 3301
f 3302 3452 3450 3300
f 3301 3451 3453 3303
f 3304 3454 3452 3302
f 3303 3453 3455 3305
f 3306 3456 3454 3304
f 3305 3455 3457 3307
f 3308 3458 3456 3306
f 3307 3457 3459 3309
f 3310 3460 3458 3308
f 3309 3459 3461 3311
f 3312 3462 3460 3310
f 3311 3461 3463 3313
f 3314 3464 3462 3312
f 3313 3463 3465 3315
f 3316 3466 3464 3314
f 3315 3465 3467 3317
f 3318 3468 3466 3316
f 3317 3467 3469 3319
f 3320 3470 3468 3318
f 3319 3469 3471 3321
f 3322 3472 3470 3320
f 3321 3471 3473 3323
f 3324 3474 3472 3322
f 3323 3473 3475 3325
f 3326 3476 3474 3324
f 3325 3475 3477 3327
f 3328 3478 3476 3326
f 3327 3477 3479 3329
f 3330 3480 3478 3328
f 3329 3479 3481 3331
f 3332 3482 3480 3330
f 3331 3481 3483 3333
f 3334 3484 3482 3332
f 3333 3483 3485 3335
f 3336 3486 3484 3334
f 3335 3485 3487 3337
f 3338 3488 3486 3336
f 3337 3487 3489 3339
f 3340 3490 3488 3338
f 3339 3489 3491 3341
f 3342 3492 3490 3340
f 3341 3491 3493 3343
f 3344 3494 3492 3342
f 3343 3493 3495 3345
f 3346 3496 3494 3344
f 3345 3495 3497 3347
f 3348 3498 3496 3346
f 3347 3497 3499 3349
f 3350 3500 3498 3348
f 3349 3499 3501 3351
f 3352 3502 3500 3350
f 3351 3501 3503 3353
f 3354 3504 3502 3352
f 3353 3503 3505 3355
f 3356 3506 3504 3354
f 3355 3505 3507 3357
f 3358 3508 3506 3356
f 3357 3507 3509 3359
f 3360 3510 3508 3358
f 3359 3509 3511 3361
f 3362 3512 3510 3360
f 3361 3511 3513 3363
f 3364 3514 3512 3362
f 3363 3513 3515 3365
f 3366 3516 3514 3364
f 3365 3515 3517 3367
f 3368 3518 3516 3366
f 3367 3517 3519 3369
f 3370 3520 3518 3368
f 3369 3519 3521 3371
f 3372 3522 3520 3370
f 3371 3521 3523 3373
f 3374 3524 3522 3372
f 3373 3523 3525 3375
f 3376 3526 3524 3374
f 3375 3525 3527 3377
f 3378 3528 3526 3376
f 3377 3527 3529 3379
f 3380 3530 3528 3378
f 3379 3529 3531 3381
f 3382 3532 3530 3380
f 3381 3531 3533 3383
f 3384 3534 3532 3382
f 3383 3533 3535 3385
f 3386 3536 3534 3384
f 3385 3535 3537 3387
f 3388 3538 3536 3386
f 3387 3537 3539 3389
f 3390 3540 3538 3388
f 3389 3539 3541 3391
f 3392 3542 3540 3390
f 3391 3541 3543 3393
f 3394 3544 3542 3392
f 3393 3543 3545 3395
f 3396 3546 3544 3394
f 3395 3545 3547 3397
f 3398 3548 3546 3396
f 3397 3547 3549 3399
f 3400 3550 3548 3398
f 3399 3549 3551 3401
f 3402 3552 3550 3400
f 3401 3551 3553 3403
f 3404 3554 3552 3402
f 3403 3553 3555 3405
f 3406 3556 3554 3404
f 3405 3555 3557 3407
f 3408 3558 3556 3406
f 3407 3557 3559 3409
f 3410 3560 3558 3408
f 3409 3559 3561 3411
f 3412 3562 3560 3410
f 3411 3561 3563 3413
f 3414 3564 3562 3412
f 3413 3563 3565 3415
f 3416 3566 3564 3414
f 3415 3565 3567 3417
f 3418 3568 3566 3416
o Pavement_+5_-2
v -1250.39 0.15 1001.44
v -1248.60 0.15 1000.54
v -1256.27 0.15 989.85
v -1254.45 0.15 989.00
v -1260.56 0.15 979.69
v -1258.70 0.15 978.97
v -1262.69 0.15 973.53
v -1260.78 0.15 972.91
v -1264.73 0.15 966.83
v -1262.80 0.15 966.30
v -1266.37 0.15 960.21
v -1264.42 0.15 959.78
v -1268.75 0.15 947.70
v -1266.78 0.15 947.39
v -1270.87 0.15 930.96
v -1268.89 0.15 930.73
v -1277.96 0.15 863.17
v -1275.97 0.15 862.97
v -1283.07 0.15 811.68
v -1281.08 0.15 811.49
v -1285.69 0.15 780.99
v -1283.69 0.15 780.83
v -1286.81 0.15 765.61
v -1284.81 0.15 765.48
v -1287.65 0.15 750.13
v -1285.65 0.15 750.04
v -1290.93 0.15 662.67
v -1288.93 0.15 662.57
v -1296.22 0.15 578.69
v -1294.22 0.15 578.58
v -1303.10 0.15 450.91
v -1301.10 0.15 450.82
v -1306.50 0.15 359.16
v -1304.50 0.15 359.10
v -1307.94 0.15 285.96
v -1305.94 0.15 285.89
v -1308.82 0.15 269.06
v -1306.83 0.15 268.92
v -1309.84 0.15 257.57
v -1307.85 0.15 257.35
v -1311.25 0.15 246.16
v -1309.28 0.15 245.87
v -1314.15 0.15 229.25
v -1312.19 0.15 228.87
v -1316.44 0.15 218.37
v -1314.49 0.15 217.94
v -1328.40 0.15 165.68
v -1326.45 0.15 165.25
v -1334.97 0.15 134.40
v -1333.01 0.15 134.00
v -1337.98 0.15 118.71
v -1336.01 0.15 118.36
v -1340.54 0.15 103.07
v -1338.57 0.15 102.76
v -1344.33 0.15 77.16
v -1342.35 0.15 76.88
v -1351.02 0.15 28.10
v -1349.04 0.15 27.85
v -1352.98 0.15 11.25
v -1350.99 0.15 11.05
v -1354.35 0.15 -5.07
v -1352.36 0.15 -5.20
v -1359.43 0.15 -103.18
v -1357.43 0.15 -103.30
v -1365.74 0.15 -198.86
v -1363.75 0.15 -199.00
v -1368.68 0.15 -237.55
v -1366.69 0.15 -237.72
v -1372.36 0.15 -277.02
v -1370.37 0.15 -277.23
v -1374.17 0.15 -293.30
v -1372.18 0.15 -293.53
v -1376.86 0.15 -314.08
v -1374.87 0.15 -314.35
v -1399.73 0.15 -478.06
v -1397.75 0.15 -478.36
v -1401.55 0.15 -488.87
v -1399.58 0.15 -489.25
v -1402.70 0.15 -494.39
v -1400.75 0.15 -494.85
v -1404.15 0.15 -500.02
v -1402.23 0.15 -500.58
v -1405.97 0.15 -505.74
v -1404.09 0.15 -506.41
v -1408.20 0.15 -511.38
v -1406.37 0.15 -512.19
v -1410.86 0.15 -516.80
v -1409.10 0.15 -517.76
v -1413.96 0.15 -521.84
v -1412.32 0.15 -522.99
v -1417.51 0.15 -526.38
v -1416.01 0.15 -527.71
v -1421.46 0.15 -530.31
v -1420.14 0.15 -531.82
v -1425.77 0.15 -533.57
v -1424.68 0.15 -535.25
v -1430.43 0.15 -536.14
v -1429.59 0.15 -537.96
v -1435.37 0.15 -538.01
v -1434.79 0.15 -539.93
v -1440.49 0.15 -539.19
v -1440.16 0.15 -541.17
v -1445.79 0.15 -539.74
v -1445.70 0.15 -541.74
v -1451.22 0.15 -539.71
v -1451.31 0.15 -541.71
v -1456.66 0.15 -539.22
v -1456.91 0.15 -541.21
v -1468.02 0.15 -537.29
v -1468.40 0.15 -539.26
v -1522.21 0.15 -525.43
v -1522.65 0.15 -527.38
v -1532.62 0.15 -522.98
v -1533.10 0.15 -524.92
v -1543.13 0.15 -520.23
v -1543.67 0.15 -522.15
v -1553.92 0.15 -517.01
v -1554.53 0.15 -518.92
v -1565.07 0.15 -513.23
v -1565.75 0.15 -515.11
v -1576.46 0.15 -508.91
v -1577.18 0.15 -510.77
v -1599.42 0.15 -499.80
v -1600.11 0.15 -501.68
v -1605.67 0.15 -497.69
v -1606.27 0.15 -499.60
v -1612.20 0.15 -495.82
v -1612.70 0.15 -497.76
v -1619.04 0.15 -494.27
v -1619.43 0.15 -496.23
v -1626.11 0.15 -493.12
v -1626.37 0.15 -495.10
v -1633.31 0.15 -492.41
v -1633.43 0.15 -494.41
v -1640.50 0.15 -492.20
v -1640.49 0.15 -494.20
v -1647.51 0.15 -492.46
v -1647.37 0.15 -494.46
v -1654.26 0.15 -493.19
v -1653.99 0.15 -495.17
v -1660.77 0.15 -494.31
v -1660.36 0.15 -496.27
v -1667.02 0.15 -495.82
v -1666.49 0.15 -497.74
v -1673.01 0.15 -497.66
v -1672.36 0.15 -499.56
v -1678.82 0.15 -499.81
v -1678.07 0.15 -501.67
v -1684.48 0.15 -502.26
v -1683.64 0.15 -504.07
v -1689.94 0.15 -504.95
v -1689.02 0.15 -506.73
v -1695.27 0.15 -507.86
v -1694.27 0.15 -509.59
v -1705.29 0.15 -513.96
v -1704.21 0.15 -515.65
v -1752.37 0.15 -545.56
v -1751.26 0.15 -547.22
v -1250.39 0.00 1001.44
v -1248.60 0.00 1000.54
v -1256.27 0.00 989.85
v -1254.45 0.00 989.00
v -1260.56 0.00 979.69
v -1258.70 0.00 978.97
v -1262.69 0.00 973.53
v -1260.78 0.00 972.91
v -1264.73 0.00 966.83
v -1262.80 0.00 966.30
v -1266.37 0.00 960.21
v -1264.42 0.00 959.78
v -1268.75 0.00 947.70
v -1266.78 0.00 947.39
v -1270.87 0.00 930.96
v -1268.89 0.00 930.73
v -1277.96 0.00 863.17
v -1275.97 0.00 862.97
v -1283.07 0.00 811.68
v -1281.08 0.00 811.49
v -1285.69 0.00 780.99
v -1283.69 0.00 780.83
v -1286.81 0.00 765.61
v -1284.81 0.00 765.48
v -1287.65 0.00 750.13
v -1285.65 0.00 750.04
v -1290.93 0.00 662.67
v -1288.93 0.00 662.57
v -1296.22 0.00 578.69
v -1294.22 0.00 578.58
v -1303.10 0.00 450.91
v -1301.10 0.00 450.82
v -1306.50 0.00 359.16
v -1304.50 0.00 359.10
v -1307.94 0.00 285.96
v -1305.94 0.00 285.89
v -1308.82 0.00 269.06
v -1306.83 0.00 268.92
v -1309.84 0.00 257.57
v -1307.85 0.00 257.35
v -1311.25 0.00 246.16
v -1309.28 0.00 245.87
v -1314.15 0.00 229.25
v -1312.19 0.00 228.87
v -1316.44 0.00 218.37
v -1314.49 0.00 217.94
v -1328.40 0.00 165.68
v -1326.45 0.00 165.25
v -1334.97 0.00 134.40
v -1333.01 0.00 134.00
v -1337.98 0.00 118.71
v -1336.01 0.00 118.36
v -1340.54 0.00 103.07
v -1338.57 0.00 102.76
v -1344.33 0.00 77.16
v -1342.35 0.00 76.88
v -1351.02 0.00 28.10
v -1349.04 0.00 27.85
v -1352.98 0.00 11.25
v -1350.99 0.00 11.05
v -1354.35 0.00 -5.07
v -1352.36 0.00 -5.20
v -1359.43 0.00 -103.18
v -1357.43 0.00 -103.30
v -1365.74 0.00 -198.86
v -1363.75 0.00 -199.00
v -1368.68 0.00 -237.55
v -1366.69 0.00 -237.72
v -1372.36 0.00 -277.02
v -1370.37 0.00 -277.23
v -1374.17 0.00 -293.30
v -1372.18 0.00 -293.53
v -1376.86 0.00 -314.08
v -1374.87 0.00 -314.35
v -1399.73 0.00 -478.06
v -1397.75 0.00 -478.36
v -1401.55 0.00 -488.87
v -1399.58 0.00 -489.25
v -1402.70 0.00 -494.39
v -1400.75 0.00 -494.85
v -1404.15 0.00 -500.02
v -1402.23 0.00 -500.58
v -1405.97 0.00 -505.74
v -1404.09 0.00 -506.41
v -1408.20 0.00 -511.38
v -1406.37 0.00 -512.19
v -1410.86 0.00 -516.80
v -1409.10 0.00 -517.76
v -1413.96 0.00 -521.84
v -1412.32 0.00 -522.99
v -1417.51 0.00 -526.38
v -1416.01 0.00 -527.71
v -1421.46 0.00 -530.31
v -1420.14 0.00 -531.82
v -1425.77 0.00 -533.57
v -1424.68 0.00 -535.25
v -1430.43 0.00 -536.14
v -1429.59 0.00 -537.96
v -1435.37 0.00 -538.01
v -1434.79 0.00 -539.93
v -1440.49 0.00 -539.19
v -1440.16 0.00 -541.17
v -1445.79 0.00 -539.74
v -1445.70 0.00 -541.74
v -1451.22 0.00 -539.71
v -1451.31 0.00 -541.71
v -1456.66 0.00 -539.22
v -1456.91 0.00 -541.21
v -1468.02 0.00 -537.29
v -1468.40 0.00 -539.26
v -1522.21 0.00 -525.43
v -1522.65 0.00 -527.38
v -1532.62 0.00 -522.98
v -1533.10 0.00 -524.92
v -1543.13 0.00 -520.23
v -1543.67 0.00 -522.15
v -1553.92 0.00 -517.01
v -1554.53 0.00 -518.92
v -1565.07 0.00 -513.23
v -1565.75 0.00 -515.11
v -1576.46 0.00 -508.91
v -1577.18 0.00 -510.77
v -1599.42 0.00 -499.80
v -1600.11 0.00 -501.68
v -1605.67 0.00 -497.69
v -1606.27 0.00 -499.60
v -1612.20 0.00 -495.82
v -1612.70 0.00 -497.76
v -1619.04 0.00 -494.27
v -1619.43 0.00 -496.23
v -1626.11 0.00 -493.12
v -1626.37 0.00 -495.10
v -1633.31 0.00 -492.41
v -1633.43 0.00 -494.41
v -1640.50 0.00 -492.20
v -1640.49 0.00 -494.20
v -1647.51 0.00 -492.46
v -1647.37 0.00 -494.46
v -1654.26 0.00 -493.19
v -1653.99 0.00 -495.17
v -1660.77 0.00 -494.31
v -1660.36 0.00 -496.27
v -1667.02 0.00 -495.82
v -1666.49 0.00 -497.74
v -1673.01 0.00 -497.66
v -1672.36 0.00 -499.56
v -1678.82 0.00 -499.81
v -1678.07 0.00 -501.67
v -1684.48 0.00 -502.26
v -1683.64 0.00 -504.07
v -1689.94 0.00 -504.95
v -1689.02 0.00 -506.73
v -1695.27 0.00 -507.86
v -1694.27 0.00 -509.59
v -1705.29 0.00 -513.96
v -1704.21 0.00 -515.65
v -1752.37 0.00 -545.56
v -1751.26 0.00 -547.22
v -1341.16 0.15 -265.07
v -1343.07 0.15 -264.48
v -1337.51 0.15 -253.26
v -1339.41 0.15 -252.65
v -1333.48 0.15 -241.16
v -1335.38 0.15 -240.53
v -1341.16 0.00 -265.07
v -1343.07 0.00 -264.48
v -1337.51 0.00 -253.26
v -1339.41 0.00 -252.65
v -1333.48 0.00 -241.16
v -1335.38 0.00 -240.53
v -1373.22 0.15 -243.04
v -1371.23 0.15 -243.21
v -1375.75 0.15 -272.93
v -1373.76 0.15 -273.12
v -1377.45 0.15 -288.88
v -1375.46 0.15 -289.11
v -1379.39 0.15 -304.45
v -1377.40 0.15 -304.72
v -1393.07 0.15 -397.50
v -1391.09 0.15 -397.78
v -1400.48 0.15 -451.60
v -1398.50 0.15 -451.88
v -1407.01 0.15 -495.34
v -1405.03 0.15 -495.61
v -1408.92 0.15 -510.43
v -1406.94 0.15 -510.65
v -1410.05 0.15 -521.92
v -1408.06 0.15 -522.12
v -1373.22 0.00 -243.04
v -1371.23 0.00 -243.21
v -1375.75 0.00 -272.93
v -1373.76 0.00 -273.12
v -1377.45 0.00 -288.88
v -1375.46 0.00 -289.11
v -1379.39 0.00 -304.45
v -1377.40 0.00 -304.72
v -1393.07 0.00 -397.50
v -1391.09 0.00 -397.78
v -1400.48 0.00 -451.60
v -1398.50 0.00 -451.88
v -1407.01 0.00 -495.34
v -1405.03 0.00 -495.61
v -1408.92 0.00 -510.43
v -1406.94 0.00 -510.65
v -1410.05 0.00 -521.92
v -1408.06 0.00 -522.12
v -1374.53 0.15 -224.88
v -1372.55 0.15 -225.18
v -1377.66 0.15 -245.38
v -1375.68 0.15 -245.67
v -1383.62 0.15 -287.64
v -1381.65 0.15 -287.94
v -1390.38 0.15 -329.37
v -1388.40 0.15 -329.68
v -1393.48 0.15 -349.89
v -1391.50 0.15 -350.17
v -1409.10 0.15 -465.28
v -1407.12 0.15 -465.55
v -1412.01 0.15 -485.27
v -1410.04 0.15 -485.60
v -1413.94 0.15 -495.50
v -1411.99 0.15 -495.93
v -1416.56 0.15 -505.88
v -1414.63 0.15 -506.44
v -1419.48 0.15 -514.79
v -1417.60 0.15 -515.47
v -1423.98 0.15 -526.28
v -1422.11 0.15 -527.01
v -1374.53 0.00 -224.88
v -1372.55 0.00 -225.18
v -1377.66 0.00 -245.38
v -1375.68 0.00 -245.67
v -1383.62 0.00 -287.64
v -1381.65 0.00 -287.94
v -1390.38 0.00 -329.37
v -1388.40 0.00 -329.68
v -1393.48 0.00 -349.89
v -1391.50 0.00 -350.17
v -1409.10 0.00 -465.28
v -1407.12 0.00 -465.55
v -1412.01 0.00 -485.27
v -1410.04 0.00 -485.60
v -1413.94 0.00 -495.50
v -1411.99 0.00 -495.93
v -1416.56 0.00 -505.88
v -1414.63 0.00 -506.44
v -1419.48 0.00 -514.79
v -1417.60 0.00 -515.47
v -1423.98 0.00 -526.28
v -1422.11 0.00 -527.01
f 3570 3572 3571 3569
f 3572 3574 3573 3571
f 3574 3576 3575 3573
f 3576 3578 3577 3575
f 3578 3580 3579 3577
f 3580 3582 3581 3579
f 3582 3584 3583 3581
f 3584 3586 3585 3583
f 3586 3588 3587 3585
f 3588 3590 3589 3587
f 3590 3592 3591 3589
f 3592 3594 3593 3591
f 3594 3596 3595 3593
f 3596 3598 3597 3595
f 3598 3600 3599 3597
f 3600 3602 3601 3599
f 3602 3604 3603 3601
f 3604 3606 3605 3603
f 3606 3608 3607 3605
f 3608 3610 3609 3607
f 3610 3612 3611 3609
f 3612 3614 3613 3611
f 3614 3616 3615 3613
f 3616 3618 3617 3615
f 3618 3620 3619 3617
f 3620 3622 3621 3619
f 3622 3624 3623 3621
f 3624 3626 3625 3623
f 3626 3628 3627 3625
f 3628 3630 3629 3627
f 3630 3632 3631 3629
f 3632 3634 3633 3631
f 3634 3636 3635 3633
f 3636 3638 3637 3635
f 3638 3640 3639 3637
f 3640 3642 3641 3639
f 3642 3644 3643 3641
f 3644 3646 3645 3643
f 3646 3648 3647 3645
f 3648 3650 3649 3647
f 3650 3652 3651 3649
f 3652 3654 3653 3651
f 3654 3656 3655 3653
f 3656 3658 3657 3655
f 3658 3660 3659 3657
f 3660 3662 3661 3659
f 3662 3664 3663 3661
f 3664 3666 3665 3663
f 3666 3668 3667 3665
f 3668 3670 3669 3667
f 3670 3672 3671 3669
f 3672 3674 3673 3671
f 3674 3676 3675 3673
f 3676 3678 3677 3675
f 3678 3680 3679 3677
f 3680 3682 3681 3679
f 3682 3684 3683 3681
f 3684 3686 3685 3683
f 3686 3688 3687 3685
f 3688 3690 3689 3687
f 3690 3692 3691 3689
f 3692 3694 3693 3691
f 3694 3696 3695 3693
f 3696 3698 3697 3695
f 3698 3700 3699 3697
f 3700 3702 3701 3699
f 3702 3704 3703 3701
f 3704 3706 3705 3703
f 3706 3708 3707 3705
f 3708 3710 3709 3707
f 3710 3712 3711 3709
f 3712 3714 3713 3711
f 3714 3716 3715 3713
f 3716 3718 3717 3715
f 3718 3720 3719 3717
f 3720 3722 3721 3719
f 3722 3724 3723 3721
f 3724 3726 3725 3723
f 3569 3727 3729 3571
f 3572 3730 3728 3570
f 3571 3729 3731 3573
f 3574 3732 3730 3572
f 3573 3731 3733 3575
f 3576 3734 3732 3574
f 3575 3733 3735 3577
f 3578 3736 3734 3576
f 3577 3735 3737 3579
f 3580 3738 3736 3578
f 3579 3737 3739 3581
f 3582 3740 3738 3580
f 3581 3739 3741 3583
f 3584 3742 3740 3582
f 3583 3741 3743 3585
f 3586 3744 3742 3584
f 3585 3743 3745 3587
f 3588 3746 3744 3586
f 3587 3745 3747 3589
f 3590 3748 3746 3588
f 3589 3747 3749 3591
f 3592 3750 3748 3590
f 3591 3749 3751 3593
f 3594 3752 3750 3592
f 3593 3751 3753 3595
f 3596 3754 3752 3594
f 3595 3753 3755 3597
f 3598 3756 3754 3596
f 3597 3755 3757 3599
f 3600 3758 3756 3598
f 3599 3757 3759 3601
f 3602 3760 3758 3600
f 3601 3759 3761 3603
f 3604 3762 3760 3602
f 3603 3761 3763 3605
f 3606 3764 3762 3604
f 3605 3763 3765 3607
f 3608 3766 3764 3606
f 3607 3765 3767 3609
f 3610 3768 3766 3608
f 3609 3767 3769 3611
f 3612 3770 3768 3610
f 3611 3769 3771 3613
f 3614 3772 3770 3612
f 3613 3771 3773 3615
f 3616 3774 3772 3614
f 3615 3773 3775 3617
f 3618 3776 3774 3616
f 3617 3775 3777 3619
f 3620 3778 3776 3618
f 3619 3777 3779 3621
f 3622 3780 3778 3620
f 3621 3779 3781 3623
f 3624 3782 3780 3622
f 3623 3781 3783 3625
f 3626 3784 3782 3624
f 3625 3783 3785 3627
f 3628 3786 3784 3626
f 3627 3785 3787 3629
f 3630 3788 3786 3628
f 3629 3787 3789 3631
f 3632 3790 3788 3630
f 3631 3789 3791 3633
f 3634 3792 3790 3632
f 3633 3791 3793 3635
f 3636 3794 3792 3634
f 3635 3793 3795 3637
f 3638 3796 3794 3636
f 3637 3795 3797 3639
f 3640 3798 3796 3638
f 3639 3797 3799 3641
f 3642 3800 3798 3640
f 3641 3799 3801 3643
f 3644 3802 3800 3642
f 3643 3801 3803 3645
f 3646 3804 3802 3644
f 3645 3803 3805 3647
f 3648 3806 3804 3646
f 3647 3805 3807 3649
f 3650 3808 3806 3648
f 3649 3807 3809 3651
f 3652 3810 3808 3650
f 3651 3809 3811 3653
f 3654 3812 3810 3652
f 3653 3811 3813 3655
f 3656 3814 3812 3654
f 3655 3813 3815 3657
f 3658 3816 3814 3656
f 3657 3815 3817 3659
f 3660 3818 3816 3658
f 3659 3817 3819 3661
f 3662 3820 3818 3660
f 3661 3819 3821 3663
f 3664 3822 3820 3662
f 3663 3821 3823 3665
f 3666 3824 3822 3664
f 3665 3823 3825 3667
f 3668 3826 3824 3666
f 3667 3825 3827 3669
f 3670 3828 3826 3668
f 3669 3827 3829 3671
f 3672 3830 3828 3670
f 3671 3829 3831 3673
f 3674 3832 3830 3672
f 3673 3831 3833 3675
f 3676 3834 3832 3674
f 3675 3833 3835 3677
f 3678 3836 3834 3676
f 3677 3835 3837 3679
f 3680 3838 3836 3678
f 3679 3837 3839 3681
f 3682 3840 3838 3680
f 3681 3839 3841 3683
f 3684 3842 3840 3682
f 3683 3841 3843 3685
f 3686 3844 3842 3684
f 3685 3843 3845 3687
f 3688 3846 3844 3686
f 3687 3845 3847 3689
f 3690 3848 3846 3688
f 3689 3847 3849 3691
f 3692 3850 3848 3690
f 3691 3849 3851 3693
f 3694 3852 3850 3692
f 3693 3851 3853 3695
f 3696 3854 3852 3694
f 3695 3853 3855 3697
f 3698 3856 3854 3696
f 3697 3855 3857 3699
f 3700 3858 3856 3698
f 3699 3857 3859 3701
f 3702 3860 3858 3700
f 3701 3859 3861 3703
f 3704 3862 3860 3702
f 3703 3861 3863 3705
f 3706 3864 3862 3704
f 3705 3863 3865 3707
f 3708 3866 3864 3706
f 3707 3865 3867 3709
f 3710 3868 3866 3708
f 3709 3867 3869 3711
f 3712 3870 3868 3710
f 3711 3869 3871 3713
f 3714 3872 3870 3712
f 3713 3871 3873 3715
f 3716 3874 3872 3714
f 3715 3873 3875 3717
f 3718 3876 3874 3716
f 3717 3875 3877 3719
f 3720 3878 3876 3718
f 3719 3877 3879 3721
f 3722 3880 3878 3720
f 3721 3879 3881 3723
f 3724 3882 3880 3722
f 3723 3881 3883 3725
f 3726 3884 3882 3724
f 3886 3888 3887 3885
f 3888 3890 3889 3887
f 3885 3891 3893 3887
f 3888 3894 3892 3886
f 3887 3893 3895 3889
f 3890 3896 3894 3888
f 3898 3900 3899 3897
f 3900 3902 3901 3899
f 3902 3904 3903 3901
f 3904 3906 3905 3903
f 3906 3908 3907 3905
f 3908 3910 3909 3907
f 3910 3912 3911 3909
f 3912 3914 3913 3911
f 3897 3915 3917 3899
f 3900 3918 3916 3898
f 3899 3917 3919 3901
f 3902 3920 3918 3900
f 3901 3919 3921 3903
f 3904 3922 3920 3902
f 3903 3921 3923 3905
f 3906 3924 3922 3904
f 3905 3923 3925 3907
f 3908 3926 3924 3906
f 3907 3925 3927 3909
f 3910 3928 3926 3908
f 3909 3927 3929 3911
f 3912 3930 3928 3910
f 3911 3929 3931 3913
f 3914 3932 3930 3912
f 3934 3936 3935 3933
f 3936 3938 3937 3935
f 3938 3940 3939 3937
f 3940 3942 3941 3939
f 3942 3944 3943 3941
f 3944 3946 3945 3943
f 3946 3948 3947 3945
f 3948 3950 3949 3947
f 3950 3952 3951 3949
f 3952 3954 3953 3951
f 3933 3955 3957 3935
f 3936 3958 3956 3934
f 3935 3957 3959 3937
f 3938 3960 3958 3936
f 3937 3959 3961 3939
f 3940 3962 3960 3938
f 3939 3961 3963 3941
f 3942 3964 3962 3940
f 3941 3963 3965 3943
f 3944 3966 3964 3942
f 3943 3965 3967 3945
f 3946 3968 3966 3944
f 3945 3967 3969 3947
f 3948 3970 3968 3946
f 3947 3969 3971 3949
f 3950 3972 3970 3948
f 3949 3971 3973 3951
f 3952 3974 3972 3950
f 3951 3973 3975 3953
f 3954 3976 3974 3952
o Pavement_+5_-3
v -1418.90 0.15 -578.23
v -1417.19 0.15 -577.19
v -1414.29 0.15 -585.83
v -1412.49 0.15 -584.94
v -1411.55 0.15 -592.69
v -1409.64 0.15 -592.07
v -1408.79 0.15 -603.59
v -1406.85 0.15 -603.13
v -1405.89 0.15 -616.49
v -1403.96 0.15 -615.99
v -1403.85 0.15 -623.38
v -1401.96 0.15 -622.71
v -1401.10 0.15 -630.11
v -1399.30 0.15 -629.24
v -1397.51 0.15 -636.43
v -1395.84 0.15 -635.32
v -1393.02 0.15 -642.23
v -1391.53 0.15 -640.89
v -1387.71 0.15 -647.33
v -1386.42 0.15 -645.79
v -1381.80 0.15 -651.65
v -1380.72 0.15 -649.97
v -1375.58 0.15 -655.18
v -1374.67 0.15 -653.39
v -1369.21 0.15 -658.03
v -1368.48 0.15 -656.17
v -1362.89 0.15 -660.23
v -1362.30 0.15 -658.32
v -1356.81 0.15 -661.89
v -1356.34 0.15 -659.95
v -1350.98 0.15 -663.16
v -1350.61 0.15 -661.19
v -1335.38 0.15 -665.67
v -1335.08 0.15 -663.69
v -1249.86 0.15 -677.88
v -1249.58 0.15 -675.90
v -1418.90 0.00 -578.23
v -1417.19 0.00 -577.19
v -1414.29 0.00 -585.83
v -1412.49 0.00 -584.94
v -1411.55 0.00 -592.69
v -1409.64 0.00 -592.07
v -1408.79 0.00 -603.59
v -1406.85 0.00 -603.13
v -1405.89 0.00 -616.49
v -1403.96 0.00 -615.99
v -1403.85 0.00 -623.38
v -1401.96 0.00 -622.71
v -1401.10 0.00 -630.11
v -1399.30 0.00 -629.24
v -1397.51 0.00 -636.43
v -1395.84 0.00 -635.32
v -1393.02 0.00 -642.23
v -1391.53 0.00 -640.89
v -1387.71 0.00 -647.33
v -1386.42 0.00 -645.79
v -1381.80 0.00 -651.65
v -1380.72 0.00 -649.97
v -1375.58 0.00 -655.18
v -1374.67 0.00 -653.39
v -1369.21 0.00 -658.03
v -1368.48 0.00 -656.17
v -1362.89 0.00 -660.23
v -1362.30 0.00 -658.32
v -1356.81 0.00 -661.89
v -1356.34 0.00 -659.95
v -1350.98 0.00 -663.16
v -1350.61 0.00 -661.19
v -1335.38 0.00 -665.67
v -1335.08 0.00 -663.69
v -1249.86 0.00 -677.88
v -1249.58 0.00 -675.90
v -1353.15 0.15 -632.14
v -1354.16 0.15 -633.86
v -1363.27 0.15 -626.23
v -1364.46 0.15 -627.86
v -1369.44 0.15 -620.64
v -1370.95 0.15 -621.97
v -1371.97 0.15 -617.03
v -1373.67 0.15 -618.08
v -1374.40 0.15 -612.61
v -1376.23 0.15 -613.43
v -1376.05 0.15 -607.96
v -1377.96 0.15 -608.54
v -1377.30 0.15 -602.91
v -1379.26 0.15 -603.31
v -1379.97 0.15 -586.23
v -1381.94 0.15 -586.57
v -1381.03 0.15 -580.74
v -1382.98 0.15 -581.21
v -1383.73 0.15 -571.31
v -1385.63 0.15 -571.95
v -1388.10 0.15 -560.08
v -1389.96 0.15 -560.80
v -1353.15 0.00 -632.14
v -1354.16 0.00 -633.86
v -1363.27 0.00 -626.23
v -1364.46 0.00 -627.86
v -1369.44 0.00 -620.64
v -1370.95 0.00 -621.97
v -1371.97 0.00 -617.03
v -1373.67 0.00 -618.08
v -1374.40 0.00 -612.61
v -1376.23 0.00 -613.43
v -1376.05 0.00 -607.96
v -1377.96 0.00 -608.54
v -1377.30 0.00 -602.91
v -1379.26 0.00 -603.31
v -1379.97 0.00 -586.23
v -1381.94 0.00 -586.57
v -1381.03 0.00 -580.74
v -1382.98 0.00 -581.21
v -1383.73 0.00 -571.31
v -1385.63 0.00 -571.95
v -1388.10 0.00 -560.08
v -1389.96 0.00 -560.80
v -1738.09 0.15 -564.35
v -1739.22 0.15 -562.70
v -1698.42 0.15 -537.13
v -1699.54 0.15 -535.47
v -1689.46 0.15 -531.26
v -1690.52 0.15 -529.56
v -1679.93 0.15 -525.65
v -1680.89 0.15 -523.89
v -1675.07 0.15 -523.17
v -1675.94 0.15 -521.36
v -1670.08 0.15 -520.92
v -1670.84 0.15 -519.07
v -1665.07 0.15 -519.01
v -1665.71 0.15 -517.11
v -1660.02 0.15 -517.48
v -1660.53 0.15 -515.54
v -1654.88 0.15 -516.36
v -1655.23 0.15 -514.39
v -1649.53 0.15 -515.64
v -1649.71 0.15 -513.65
v -1643.80 0.15 -515.33
v -1643.83 0.15 -513.33
v -1637.63 0.15 -515.47
v -1637.52 0.15 -513.47
v -1631.06 0.15 -516.08
v -1630.81 0.15 -514.09
v -1624.17 0.15 -517.14
v -1623.81 0.15 -515.18
v -1617.10 0.15 -518.64
v -1616.64 0.15 -516.70
v -1609.98 0.15 -520.55
v -1609.42 0.15 -518.63
v -1602.91 0.15 -522.76
v -1602.28 0.15 -520.87
v -1595.94 0.15 -525.19
v -1595.27 0.15 -523.31
v -1563.68 0.15 -537.15
v -1563.02 0.15 -535.26
v -1552.56 0.15 -540.80
v -1551.97 0.15 -538.89
v -1542.11 0.15 -543.79
v -1541.60 0.15 -541.86
v -1527.05 0.15 -547.39
v -1526.61 0.15 -545.44
v -1478.24 0.15 -557.73
v -1477.84 0.15 -555.77
v -1466.13 0.15 -560.06
v -1465.79 0.15 -558.09
v -1443.35 0.15 -563.66
v -1443.00 0.15 -561.69
v -1437.98 0.15 -564.71
v -1437.53 0.15 -562.76
v -1432.71 0.15 -566.08
v -1432.13 0.15 -564.16
v -1427.57 0.15 -567.86
v -1426.82 0.15 -566.00
v -1422.67 0.15 -570.09
v -1421.74 0.15 -568.31
v -1418.23 0.15 -572.70
v -1417.11 0.15 -571.03
v -1414.41 0.15 -575.58
v -1413.10 0.15 -574.07
v -1411.29 0.15 -578.64
v -1409.79 0.15 -577.31
v -1408.84 0.15 -581.82
v -1407.17 0.15 -580.72
v -1406.94 0.15 -585.18
v -1405.14 0.15 -584.31
v -1405.45 0.15 -588.92
v -1403.56 0.15 -588.28
v -1404.25 0.15 -593.12
v -1402.30 0.15 -592.66
v -1401.26 0.15 -608.99
v -1399.30 0.15 -608.60
v -1400.03 0.15 -614.77
v -1398.09 0.15 -614.29
v -1398.41 0.15 -620.59
v -1396.51 0.15 -619.95
v -1396.19 0.15 -626.28
v -1394.37 0.15 -625.43
v -1393.29 0.15 -631.63
v -1391.60 0.15 -630.55
v -1389.67 0.15 -636.51
v -1388.15 0.15 -635.20
v -1385.31 0.15 -640.82
v -1384.01 0.15 -639.30
v -1380.34 0.15 -644.48
v -1379.27 0.15 -642.79
v -1374.90 0.15 -647.45
v -1374.04 0.15 -645.64
v -1369.14 0.15 -649.79
v -1368.47 0.15 -647.91
v -1363.19 0.15 -651.64
v -1362.67 0.15 -649.71
v -1357.17 0.15 -653.07
v -1356.75 0.15 -651.11
v -1351.14 0.15 -654.22
v -1350.81 0.15 -652.25
v -1286.07 0.15 -663.84
v -1285.78 0.15 -661.86
v -1249.54 0.15 -669.49
v -1249.22 0.15 -667.51
v -1201.67 0.15 -677.40
v -1201.32 0.15 -675.43
v -1168.40 0.15 -683.51
v -1168.04 0.15 -681.54
v -1738.09 0.00 -564.35
v -1739.22 0.00 -562.70
v -1698.42 0.00 -537.13
v -1699.54 0.00 -535.47
v -1689.46 0.00 -531.26
v -1690.52 0.00 -529.56
v -1679.93 0.00 -525.65
v -1680.89 0.00 -523.89
v -1675.07 0.00 -523.17
v -1675.94 0.00 -521.36
v -1670.08 0.00 -520.92
v -1670.84 0.00 -519.07
v -1665.07 0.00 -519.01
v -1665.71 0.00 -517.11
v -1660.02 0.00 -517.48
v -1660.53 0.00 -515.54
v -1654.88 0.00 -516.36
v -1655.23 0.00 -514.39
v -1649.53 0.00 -515.64
v -1649.71 0.00 -513.65
v -1643.80 0.00 -515.33
v -1643.83 0.00 -513.33
v -1637.63 0.00 -515.47
v -1637.52 0.00 -513.47
v -1631.06 0.00 -516.08
v -1630.81 0.00 -514.09
v -1624.17 0.00 -517.14
v -1623.81 0.00 -515.18
v -1617.10 0.00 -518.64
v -1616.64 0.00 -516.70
v -1609.98 0.00 -520.55
v -1609.42 0.00 -518.63
v -1602.91 0.00 -522.76
v -1602.28 0.00 -520.87
v -1595.94 0.00 -525.19
v -1595.27 0.00 -523.31
v -1563.68 0.00 -537.15
v -1563.02 0.00 -535.26
v -1552.56 0.00 -540.80
v -1551.97 0.00 -538.89
v -1542.11 0.00 -543.79
v -1541.60 0.00 -541.86
v -1527.05 0.00 -547.39
v -1526.61 0.00 -545.44
v -1478.24 0.00 -557.73
v -1477.84 0.00 -555.77
v -1466.13 0.00 -560.06
v -1465.79 0.00 -558.09
v -1443.35 0.00 -563.66
v -1443.00 0.00 -561.69
v -1437.98 0.00 -564.71
v -1437.53 0.00 -562.76
v -1432.71 0.00 -566.08
v -1432.13 0.00 -564.16
v -1427.57 0.00 -567.86
v -1426.82 0.00 -566.00
v -1422.67 0.00 -570.09
v -1421.74 0.00 -568.31
v -1418.23 0.00 -572.70
v -1417.11 0.00 -571.03
v -1414.41 0.00 -575.58
v -1413.10 0.00 -574.07
v -1411.29 0.00 -578.64
v -1409.79 0.00 -577.31
v -1408.84 0.00 -581.82
v -1407.17 0.00 -580.72
v -1406.94 0.00 -585.18
v -1405.14 0.00 -584.31
v -1405.45 0.00 -588.92
v -1403.56 0.00 -588.28
v -1404.25 0.00 -593.12
v -1402.30 0.00 -592.66
v -1401.26 0.00 -608.99
v -1399.30 0.00 -608.60
v -1400.03 0.00 -614.77
v -1398.09 0.00 -614.29
v -1398.41 0.00 -620.59
v -1396.51 0.00 -619.95
v -1396.19 0.00 -626.28
v -1394.37 0.00 -625.43
v -1393.29 0.00 -631.63
v -1391.60 0.00 -630.55
v -1389.67 0.00 -636.51
v -1388.15 0.00 -635.20
v -1385.31 0.00 -640.82
v -1384.01 0.00 -639.30
v -1380.34 0.00 -644.48
v -1379.27 0.00 -642.79
v -1374.90 0.00 -647.45
v -1374.04 0.00 -645.64
v -1369.14 0.00 -649.79
v -1368.47 0.00 -647.91
v -1363.19 0.00 -651.64
v -1362.67 0.00 -649.71
v -1357.17 0.00 -653.07
v -1356.75 0.00 -651.11
v -1351.14 0.00 -654.22
v -1350.81 0.00 -652.25
v -1286.07 0.00 -663.84
v -1285.78 0.00 -661.86
v -1249.54 0.00 -669.49
v -1249.22 0.00 -667.51
v -1201.67 0.00 -677.40
v -1201.32 0.00 -675.43
v -1168.40 0.00 -683.51
v -1168.04 0.00 -681.54
v -1430.65 0.15 -562.23
v -1431.27 0.15 -560.32
v -1422.02 0.15 -559.41
v -1422.75 0.15 -557.55
v -1414.47 0.15 -555.91
v -1415.42 0.15 -554.14
v -1409.95 0.15 -553.09
v -1411.07 0.15 -551.43
v -1405.11 0.15 -549.52
v -1406.38 0.15 -547.97
v -1400.46 0.15 -545.25
v -1401.88 0.15 -543.84
v -1396.05 0.15 -540.35
v -1397.60 0.15 -539.08
v -1392.03 0.15 -534.90
v -1393.70 0.15 -533.79
v -1388.50 0.15 -529.02
v -1390.26 0.15 -528.07
v -1385.51 0.15 -522.87
v -1387.34 0.15 -522.07
v -1383.04 0.15 -516.60
v -1384.93 0.15 -515.93
v -1381.04 0.15 -510.27
v -1382.96 0.15 -509.72
v -1379.43 0.15 -503.95
v -1381.37 0.15 -503.49
v -1378.10 0.15 -497.70
v -1380.06 0.15 -497.33
v -1376.01 0.15 -485.61
v -1377.99 0.15 -485.29
v -1370.23 0.15 -446.51
v -1372.21 0.15 -446.20
v -1360.24 0.15 -383.30
v -1362.22 0.15 -382.99
v -1342.16 0.15 -263.83
v -1344.14 0.15 -263.53
v -1430.65 0.00 -562.23
v -1431.27 0.00 -560.32
v -1422.02 0.00 -559.41
v -1422.75 0.00 -557.55
v -1414.47 0.00 -555.91
v -1415.42 0.00 -554.14
v -1409.95 0.00 -553.09
v -1411.07 0.00 -551.43
v -1405.11 0.00 -549.52
v -1406.38 0.00 -547.97
v -1400.46 0.00 -545.25
v -1401.88 0.00 -543.84
v -1396.05 0.00 -540.35
v -1397.60 0.00 -539.08
v -1392.03 0.00 -534.90
v -1393.70 0.00 -533.79
v -1388.50 0.00 -529.02
v -1390.26 0.00 -528.07
v -1385.51 0.00 -522.87
v -1387.34 0.00 -522.07
v -1383.04 0.00 -516.60
v -1384.93 0.00 -515.93
v -1381.04 0.00 -510.27
v -1382.96 0.00 -509.72
v -1379.43 0.00 -503.95
v -1381.37 0.00 -503.49
v -1378.10 0.00 -497.70
v -1380.06 0.00 -497.33
v -1376.01 0.00 -485.61
v -1377.99 0.00 -485.29
v -1370.23 0.00 -446.51
v -1372.21 0.00 -446.20
v -1360.24 0.00 -383.30
v -1362.22 0.00 -382.99
v -1342.16 0.00 -263.83
v -1344.14 0.00 -263.53
v -1389.23 0.15 -556.53
v -1390.46 0.15 -558.11
v -1397.85 0.15 -549.81
v -1399.01 0.15 -551.44
v -1405.68 0.15 -544.77
v -1406.70 0.15 -546.49
v -1410.46 0.15 -542.21
v -1411.35 0.15 -544.00
v -1420.06 0.15 -537.81
v -1420.82 0.15 -539.66
v -1427.77 0.15 -534.98
v -1428.41 0.15 -536.88
v -1436.41 0.15 -532.30
v -1437.00 0.15 -534.21
v -1389.23 0.00 -556.53
v -1390.46 0.00 -558.11
v -1397.85 0.00 -549.81
v -1399.01 0.00 -551.44
v -1405.68 0.00 -544.77
v -1406.70 0.00 -546.49
v -1410.46 0.00 -542.21
v -1411.35 0.00 -544.00
v -1420.06 0.00 -537.81
v -1420.82 0.00 -539.66
v -1427.77 0.00 -534.98
v -1428.41 0.00 -536.88
v -1436.41 0.00 -532.30
v -1437.00 0.00 -534.21
v -1424.70 0.15 -577.25
v -1425.72 0.15 -575.53
v -1416.99 0.15 -572.66
v -1418.26 0.15 -571.09
v -1411.40 0.15 -566.64
v -1413.12 0.15 -565.56
v -1409.61 0.15 -562.00
v -1411.52 0.15 -561.40
v -1408.38 0.15 -557.03
v -1410.43 0.15 -556.97
v -1409.92 0.15 -548.81
v -1411.82 0.15 -549.51
v -1414.44 0.15 -540.98
v -1416.17 0.15 -541.98
v -1424.70 0.00 -577.25
v -1425.72 0.00 -575.53
v -1416.99 0.00 -572.66
v -1418.26 0.00 -571.09
v -1411.40 0.00 -566.64
v -1413.12 0.00 -565.56
v -1409.61 0.00 -562.00
v -1411.52 0.00 -561.40
v -1408.38 0.00 -557.03
v -1410.43 0.00 -556.97
v -1409.92 0.00 -548.81
v -1411.82 0.00 -549.51
v -1414.44 0.00 -540.98
v -1416.17 0.00 -541.98
f 3978 3980 3979 3977
f 3980 3982 3981 3979
f 3982 3984 3983 3981
f 3984 3986 3985 3983
f 3986 3988 3987 3985
f 3988 3990 3989 3987
f 3990 3992 3991 3989
f 3992 3994 3993 3991
f 3994 3996 3995 3993
f 3996 3998 3997 3995
f 3998 4000 3999 3997
f 4000 4002 4001 3999
f 4002 4004 4003 4001
f 4004 4006 4005 4003
f 4006 4008 4007 4005
f 4008 4010 4009 4007
f 4010 4012 4011 4009
f 3977 4013 4015 3979
f 3980 4016 4014 3978
f 3979 4015 4017 3981
f 3982 4018 4016 3980
f 3981 4017 4019 3983
f 3984 4020 4018 3982
f 3983 4019 4021 3985
f 3986 4022 4020 3984
f 3985 4021 4023 3987
f 3988 4024 4022 3986
f 3987 4023 4025 3989
f 3990 4026 4024 3988
f 3989 4025 4027 3991
f 3992 4028 4026 3990
f 3991 4027 4029 3993
f 3994 4030 4028 3992
f 3993 4029 4031 3995
f 3996 4032 4030 3994
f 3995 4031 4033 3997
f 3998 4034 4032 3996
f 3997 4033 4035 3999
f 4000 4036 4034 3998
f 3999 4035 4037 4001
f 4002 4038 4036 4000
f 4001 4037 4039 4003
f 4004 4040 4038 4002
f 4003 4039 4041 4005
f 4006 4042 4040 4004
f 4005 4041 4043 4007
f 4008 4044 4042 4006
f 4007 4043 4045 4009
f 4010 4046 4044 4008
f 4009 4045 4047 4011
f 4012 4048 4046 4010
f 4050 4052 4051 4049
f 4052 4054 4053 4051
f 4054 4056 4055 4053
f 4056 4058 4057 4055
f 4058 4060 4059 4057
f 4060 4062 4061 4059
f 4062 4064 4063 4061
f 4064 4066 4065 4063
f 4066 4068 4067 4065
f 4068 4070 4069 4067
f 4049 4071 4073 4051
f 4052 4074 4072 4050
f 4051 4073 4075 4053
f 4054 4076 4074 4052
f 4053 4075 4077 4055
f 4056 4078 4076 4054
f 4055 4077 4079 4057
f 4058 4080 4078 4056
f 4057 4079 4081 4059
f 4060 4082 4080 4058
f 4059 4081 4083 4061
f 4062 4084 4082 4060
f 4061 4083 4085 4063
f 4064 4086 4084 4062
f 4063 4085 4087 4065
f 4066 4088 4086 4064
f 4065 4087 4089 4067
f 4068 4090 4088 4066
f 4067 4089 4091 4069
f 4070 4092 4090 4068
f 4094 4096 4095 4093
f 4096 4098 4097 4095
f 4098 4100 4099 4097
f 4100 4102 4101 4099
f 4102 4104 4103 4101
f 4104 4106 4105 4103
f 4106 4108 4107 4105
f 4108 4110 4109 4107
f 4110 4112 4111 4109
f 4112 4114 4113 4111
f 4114 4116 4115 4113
f 4116 4118 4117 4115
f 4118 4120 4119 4117
f 4120 4122 4121 4119
f 4122 4124 4123 4121
f 4124 4126 4125 4123
f 4126 4128 4127 4125
f 4128 4130 4129 4127
f 4130 4132 4131 4129
f 4132 4134 4133 4131
f 4134 4136 4135 4133
f 4136 4138 4137 4135
f 4138 4140 4139 4137
f 4140 4142 4141 4139
f 4142 4144 4143 4141
f 4144 4146 4145 4143
f 4146 4148 4147 4145
f 4148 4150 4149 4147
f 4150 4152 4151 4149
f 4152 4154 4153 4151
f 4154 4156 4155 4153
f 4156 4158 4157 4155
f 4158 4160 4159 4157
f 4160 4162 4161 4159
f 4162 4164 4163 4161
f 4164 4166 4165 4163
f 4166 4168 4167 4165
f 4168 4170 4169 4167
f 4170 4172 4171 4169
f 4172 4174 4173 4171
f 4174 4176 4175 4173
f 4176 4178 4177 4175
f 4178 4180 4179 4177
f 4180 4182 4181 4179
f 4182 4184 4183 4181
f 4184 4186 4185 4183
f 4186 4188 4187 4185
f 4188 4190 4189 4187
f 4190 4192 4191 4189
f 4192 4194 4193 4191
f 4194 4196 4195 4193
f 4196 4198 4197 4195
f 4093 4199 4201 4095
f 4096 4202 4200 4094
f 4095 4201 4203 4097
f 4098 4204 4202 4096
f 4097 4203 4205 4099
f 4100 4206 4204 4098
f 4099 4205 4207 4101
f 4102 4208 4206 4100
f 4101 4207 4209 4103
f 4104 4210 4208 4102
f 4103 4209 4211 4105
f 4106 4212 4210 4104
f 4105 4211 4213 4107
f 4108 4214 4212 4106
f 4107 4213 4215 4109
f 4110 4216 4214 4108
f 4109 4215 4217 4111
f 4112 4218 4216 4110
f 4111 4217 4219 4113
f 4114 4220 4218 4112
f 4113 4219 4221 4115
f 4116 4222 4220 4114
f 4115 4221 4223 4117
f 4118 4224 4222 4116
f 4117 4223 4225 4119
f 4120 4226 4224 4118
f 4119 4225 4227 4121
f 4122 4228 4226 4120
f 4121 4227 4229 4123
f 4124 4230 4228 4122
f 4123 4229 4231 4125
f 4126 4232 4230 4124
f 4125 4231 4233 4127
f 4128 4234 4232 4126
f 4127 4233 4235 4129
f 4130 4236 4234 4128
f 4129 4235 4237 4131
f 4132 4238 4236 4130
f 4131 4237 4239 4133
f 4134 4240 4238 4132
f 4133 4239 4241 4135
f 4136 4242 4240 4134
f 4135 4241 4243 4137
f 4138 4244 4242 4136
f 4137 4243 4245 4139
f 4140 4246 4244 4138
f 4139 4245 4247 4141
f 4142 4248 4246 4140
f 4141 4247 4249 4143
f 4144 4250 4248 4142
f 4143 4249 4251 4145
f 4146 4252 4250 4144
f 4145 4251 4253 4147
f 4148 4254 4252 4146
f 4147 4253 4255 4149
f 4150 4256 4254 4148
f 4149 4255 4257 4151
f 4152 4258 4256 4150
f 4151 4257 4259 4153
f 4154 4260 4258 4152
f 4153 4259 4261 4155
f 4156 4262 4260 4154
f 4155 4261 4263 4157
f 4158 4264 4262 4156
f 4157 4263 4265 4159
f 4160 4266 4264 4158
f 4159 4265 4267 4161
f 4162 4268 4266 4160
f 4161 4267 4269 4163
f 4164 4270 4268 4162
f 4163 4269 4271 4165
f 4166 4272 4270 4164
f 4165 4271 4273 4167
f 4168 4274 4272 4166
f 4167 4273 4275 4169
f 4170 4276 4274 4168
f 4169 4275 4277 4171
f 4172 4278 4276 4170
f 4171 4277 4279 4173
f 4174 4280 4278 4172
f 4173 4279 4281 4175
f 4176 4282 4280 4174
f 4175 4281 4283 4177
f 4178 4284 4282 4176
f 4177 4283 4285 4179
f 4180 4286 4284 4178
f 4179 4285 4287 4181
f 4182 4288 4286 4180
f 4181 4287 4289 4183
f 4184 4290 4288 4182
f 4183 4289 4291 4185
f 4186 4292 4290 4184
f 4185 4291 4293 4187
f 4188 4294 4292 4186
f 4187 4293 4295 4189
f 4190 4296 4294 4188
f 4189 4295 4297 4191
f 4192 4298 4296 4190
f 4191 4297 4299 4193
f 4194 4300 4298 4192
f 4193 4299 4301 4195
f 4196 4302 4300 4194
f 4195 4301 4303 4197
f 4198 4304 4302 4196
f 4306 4308 4307 4305
f 4308 4310 4309 4307
f 4310 4312 4311 4309
f 4312 4314 4313 4311
f 4314 4316 4315 4313
f 4316 4318 4317 4315
f 4318 4320 4319 4317
f 4320 4322 4321 4319
f 4322 4324 4323 4321
f 4324 4326 4325 4323
f 4326 4328 4327 4325
f 4328 4330 4329 4327
f 4330 4332 4331 4329
f 4332 4334 4333 4331
f 4334 4336 4335 4333
f 4336 4338 4337 4335
f 4338 4340 4339 4337
f 4305 4341 4343 4307
f 4308 4344 4342 4306
f 4307 4343 4345 4309
f 4310 4346 4344 4308
f 4309 4345 4347 4311
f 4312 4348 4346 4310
f 4311 4347 4349 4313
f 4314 4350 4348 4312
f 4313 4349 4351 4315
f 4316 4352 4350 4314
f 4315 4351 4353 4317
f 4318 4354 4352 4316
f 4317 4353 4355 4319
f 4320 4356 4354 4318
f 4319 4355 4357 4321
f 4322 4358 4356 4320
f 4321 4357 4359 4323
f 4324 4360 4358 4322
f 4323 4359 4361 4325
f 4326 4362 4360 4324
f 4325 4361 4363 4327
f 4328 4364 4362 4326
f 4327 4363 4365 4329
f 4330 4366 4364 4328
f 4329 4365 4367 4331
f 4332 4368 4366 4330
f 4331 4367 4369 4333
f 4334 4370 4368 4332
f 4333 4369 4371 4335
f 4336 4372 4370 4334
f 4335 4371 4373 4337
f 4338 4374 4372 4336
f 4337 4373 4375 4339
f 4340 4376 4374 4338
f 4378 4380 4379 4377
f 4380 4382 4381 4379
f 4382 4384 4383 4381
f 4384 4386 4385 4383
f 4386 4388 4387 4385
f 4388 4390 4389 4387
f 4377 4391 4393 4379
f 4380 4394 4392 4378
f 4379 4393 4395 4381
f 4382 4396 4394 4380
f 4381 4395 4397 4383
f 4384 4398 4396 4382
f 4383 4397 4399 4385
f 4386 4400 4398 4384
f 4385 4399 4401 4387
f 4388 4402 4400 4386
f 4387 4401 4403 4389
f 4390 4404 4402 4388
f 4406 4408 4407 4405
f 4408 4410 4409 4407
f 4410 4412 4411 4409
f 4412 4414 4413 4411
f 4414 4416 4415 4413
f 4416 4418 4417 4415
f 4405 4419 4421 4407
f 4408 4422 4420 4406
f 4407 4421 4423 4409
f 4410 4424 4422 4408
f 4409 4423 4425 4411
f 4412 4426 4424 4410
f 4411 4425 4427 4413
f 4414 4428 4426 4412
f 4413 4427 4429 4415
f 4416 4430 4428 4414
f 4415 4429 4431 4417
f 4418 4432 4430 4416
o Pavement_+5_-4
v -1407.02 0.15 -618.12
v -1405.03 0.15 -617.92
v -1405.55 0.15 -632.75
v -1403.56 0.15 -632.57
v -1404.66 0.15 -644.56
v -1402.66 0.15 -644.46
v -1404.38 0.15 -655.99
v -1402.38 0.15 -656.00
v -1404.83 0.15 -667.08
v -1402.83 0.15 -667.21
v -1411.96 0.15 -746.04
v -1409.97 0.15 -746.22
v -1427.33 0.15 -901.11
v -1425.34 0.15 -901.29
v -1429.07 0.15 -923.82
v -1427.07 0.15 -923.97
v -1432.76 0.15 -977.86
v -1430.77 0.15 -977.99
v -1437.23 0.15 -1048.67
v -1435.24 0.15 -1048.81
v -1441.89 0.15 -1107.42
v -1439.89 0.15 -1107.56
v -1443.92 0.15 -1136.58
v -1441.92 0.15 -1136.74
v -1445.64 0.15 -1156.14
v -1443.65 0.15 -1156.31
v -1407.02 0.00 -618.12
v -1405.03 0.00 -617.92
v -1405.55 0.00 -632.75
v -1403.56 0.00 -632.57
v -1404.66 0.00 -644.56
v -1402.66 0.00 -644.46
v -1404.38 0.00 -655.99
v -1402.38 0.00 -656.00
v -1404.83 0.00 -667.08
v -1402.83 0.00 -667.21
v -1411.96 0.00 -746.04
v -1409.97 0.00 -746.22
v -1427.33 0.00 -901.11
v -1425.34 0.00 -901.29
v -1429.07 0.00 -923.82
v -1427.07 0.00 -923.97
v -1432.76 0.00 -977.86
v -1430.77 0.00 -977.99
v -1437.23 0.00 -1048.67
v -1435.24 0.00 -1048.81
v -1441.89 0.00 -1107.42
v -1439.89 0.00 -1107.56
v -1443.92 0.00 -1136.58
v -1441.92 0.00 -1136.74
v -1445.64 0.00 -1156.14
v -1443.65 0.00 -1156.31
v -1393.09 0.15 -616.72
v -1391.10 0.15 -616.52
v -1391.60 0.15 -631.53
v -1389.61 0.15 -631.35
v -1390.68 0.15 -643.86
v -1388.68 0.15 -643.76
v -1390.38 0.15 -656.10
v -1388.38 0.15 -656.11
v -1390.85 0.15 -667.99
v -1388.85 0.15 -668.12
v -1398.03 0.15 -747.36
v -1396.04 0.15 -747.54
v -1413.38 0.15 -902.33
v -1411.39 0.15 -902.51
v -1415.11 0.15 -924.83
v -1413.11 0.15 -924.98
v -1418.79 0.15 -978.77
v -1416.80 0.15 -978.90
v -1423.26 0.15 -1049.67
v -1421.27 0.15 -1049.81
v -1427.93 0.15 -1108.46
v -1425.93 0.15 -1108.60
v -1429.96 0.15 -1137.68
v -1427.96 0.15 -1137.84
v -1431.69 0.15 -1157.37
v -1429.70 0.15 -1157.54
v -1393.09 0.00 -616.72
v -1391.10 0.00 -616.52
v -1391.60 0.00 -631.53
v -1389.61 0.00 -631.35
v -1390.68 0.00 -643.86
v -1388.68 0.00 -643.76
v -1390.38 0.00 -656.10
v -1388.38 0.00 -656.11
v -1390.85 0.00 -667.99
v -1388.85 0.00 -668.12
v -1398.03 0.00 -747.36
v -1396.04 0.00 -747.54
v -1413.38 0.00 -902.33
v -1411.39 0.00 -902.51
v -1415.11 0.00 -924.83
v -1413.11 0.00 -924.98
v -1418.79 0.00 -978.77
v -1416.80 0.00 -978.90
v -1423.26 0.00 -1049.67
v -1421.27 0.00 -1049.81
v -1427.93 0.00 -1108.46
v -1425.93 0.00 -1108.60
v -1429.96 0.00 -1137.68
v -1427.96 0.00 -1137.84
v -1431.69 0.00 -1157.37
v -1429.70 0.00 -1157.54
f 4434 4436 4435 4433
f 4436 4438 4437 4435
f 4438 4440 4439 4437
f 4440 4442 4441 4439
f 4442 4444 4443 4441
f 4444 4446 4445 4443
f 4446 4448 4447 4445
f 4448 4450 4449 4447
f 4450 4452 4451 4449
f 4452 4454 4453 4451
f 4454 4456 4455 4453
f 4456 4458 4457 4455
f 4433 4459 4461 4435
f 4436 4462 4460 4434
f 4435 4461 4463 4437
f 4438 4464 4462 4436
f 4437 4463 4465 4439
f 4440 4466 4464 4438
f 4439 4465 4467 4441
f 4442 4468 4466 4440
f 4441 4467 4469 4443
f 4444 4470 4468 4442
f 4443 4469 4471 4445
f 4446 4472 4470 4444
f 4445 4471 4473 4447
f 4448 4474 4472 4446
f 4447 4473 4475 4449
f 4450 4476 4474 4448
f 4449 4475 4477 4451
f 4452 4478 4476 4450
f 4451 4477 4479 4453
f 4454 4480 4478 4452
f 4453 4479 4481 4455
f 4456 4482 4480 4454
f 4455 4481 4483 4457
f 4458 4484 4482 4456
f 4486 4488 4487 4485
f 4488 4490 4489 4487
f 4490 4492 4491 4489
f 4492 4494 4493 4491
f 4494 4496 4495 4493
f 4496 4498 4497 4495
f 4498 4500 4499 4497
f 4500 4502 4501 4499
f 4502 4504 4503 4501
f 4504 4506 4505 4503
f 4506 4508 4507 4505
f 4508 4510 4509 4507
f 4485 4511 4513 4487
f 4488 4514 4512 4486
f 4487 4513 4515 4489
f 4490 4516 4514 4488
f 4489 4515 4517 4491
f 4492 4518 4516 4490
f 4491 4517 4519 4493
f 4494 4520 4518 4492
f 4493 4519 4521 4495
f 4496 4522 4520 4494
f 4495 4521 4523 4497
f 4498 4524 4522 4496
f 4497 4523 4525 4499
f 4500 4526 4524 4498
f 4499 4525 4527 4501
f 4502 4528 4526 4500
f 4501 4527 4529 4503
f 4504 4530 4528 4502
f 4503 4529 4531 4505
f 4506 4532 4530 4504
f 4505 4531 4533 4507
f 4508 4534 4532 4506
f 4507 4533 4535 4509
f 4510 4536 4534 4508
o Pavement_+6_-12
v -1367.80 0.15 -2631.19
v -1366.45 0.15 -2632.66
v -1432.43 0.15 -2690.49
v -1431.08 0.15 -2691.96
v -1484.75 0.15 -2738.05
v -1483.42 0.15 -2739.54
v -1634.16 0.15 -2868.86
v -1632.83 0.15 -2870.36
v -1711.67 0.15 -2937.70
v -1710.36 0.15 -2939.21
v -1727.35 0.15 -2951.20
v -1726.08 0.15 -2952.75
v -1735.47 0.15 -2957.61
v -1734.26 0.15 -2959.20
v -1748.36 0.15 -2967.03
v -1747.20 0.15 -2968.65
v -1766.00 0.15 -2979.29
v -1764.87 0.15 -2980.95
v -1783.59 0.15 -2990.98
v -1782.49 0.15 -2992.66
v -1809.99 0.15 -3007.97
v -1808.91 0.15 -3009.66
v -1823.36 0.15 -3016.35
v -1822.31 0.15 -3018.06
v -1837.17 0.15 -3024.56
v -1836.17 0.15 -3026.29
v -1861.53 0.15 -3038.32
v -1860.54 0.15 -3040.06
v -1367.80 0.00 -2631.19
v -1366.45 0.00 -2632.66
v -1432.43 0.00 -2690.49
v -1431.08 0.00 -2691.96
v -1484.75 0.00 -2738.05
v -1483.42 0.00 -2739.54
v -1634.16 0.00 -2868.86
v -1632.83 0.00 -2870.36
v -1711.67 0.00 -2937.70
v -1710.36 0.00 -2939.21
v -1727.35 0.00 -2951.20
v -1726.08 0.00 -2952.75
v -1735.47 0.00 -2957.61
v -1734.26 0.00 -2959.20
v -1748.36 0.00 -2967.03
v -1747.20 0.00 -2968.65
v -1766.00 0.00 -2979.29
v -1764.87 0.00 -2980.95
v -1783.59 0.00 -2990.98
v -1782.49 0.00 -2992.66
v -1809.99 0.00 -3007.97
v -1808.91 0.00 -3009.66
v -1823.36 0.00 -3016.35
v -1822.31 0.00 -3018.06
v -1837.17 0.00 -3024.56
v -1836.17 0.00 -3026.29
v -1861.53 0.00 -3038.32
v -1860.54 0.00 -3040.06
f 4538 4540 4539 4537
f 4540 4542 4541 4539
f 4542 4544 4543 4541
f 4544 4546 4545 4543
f 4546 4548 4547 4545
f 4548 4550 4549 4547
f 4550 4552 4551 4549
f 4552 4554 4553 4551
f 4554 4556 4555 4553
f 4556 4558 4557 4555
f 4558 4560 4559 4557
f 4560 4562 4561 4559
f 4562 4564 4563 4561
f 4537 4565 4567 4539
f 4540 4568 4566 4538
f 4539 4567 4569 4541
f 4542 4570 4568 4540
f 4541 4569 4571 4543
f 4544 4572 4570 4542
f 4543 4571 4573 4545
f 4546 4574 4572 4544
f 4545 4573 4575 4547
f 4548 4576 4574 4546
f 4547 4575 4577 4549
f 4550 4578 4576 4548
f 4549 4577 4579 4551
f 4552 4580 4578 4550
f 4551 4579 4581 4553
f 4554 4582 4580 4552
f 4553 4581 4583 4555
f 4556 4584 4582 4554
f 4555 4583 4585 4557
f 4558 4586 4584 4556
f 4557 4585 4587 4559
f 4560 4588 4586 4558
f 4559 4587 4589 4561
f 4562 4590 4588 4560
f 4561 4589 4591 4563
f 4564 4592 4590 4562
o Pavement_+6_-2
v -1421.48 0.15 -523.33
v -1420.45 0.15 -525.04
v -1429.43 0.15 -528.10
v -1428.55 0.15 -529.90
v -1435.83 0.15 -530.55
v -1435.27 0.15 -532.48
v -1439.60 0.15 -531.30
v -1439.28 0.15 -533.28
v -1444.10 0.15 -531.86
v -1443.96 0.15 -533.85
v -1448.62 0.15 -531.92
v -1448.66 0.15 -533.92
v -1453.37 0.15 -531.66
v -1453.53 0.15 -533.65
v -1458.11 0.15 -531.12
v -1458.39 0.15 -533.10
v -1472.96 0.15 -528.48
v -1473.35 0.15 -530.44
v -1507.85 0.15 -521.11
v -1508.28 0.15 -523.06
v -1527.92 0.15 -516.58
v -1528.39 0.15 -518.52
v -1543.06 0.15 -512.69
v -1543.61 0.15 -514.61
v -1553.06 0.15 -509.59
v -1553.69 0.15 -511.48
v -1557.92 0.15 -507.85
v -1558.63 0.15 -509.72
v -1567.77 0.15 -503.90
v -1568.53 0.15 -505.75
v -1587.46 0.15 -495.41
v -1588.22 0.15 -497.26
v -1597.77 0.15 -491.49
v -1598.44 0.15 -493.37
v -1603.26 0.15 -489.72
v -1603.83 0.15 -491.64
v -1608.91 0.15 -488.20
v -1609.38 0.15 -490.14
v -1614.78 0.15 -486.94
v -1615.14 0.15 -488.91
v -1620.88 0.15 -485.99
v -1621.14 0.15 -487.97
v -1627.26 0.15 -485.36
v -1627.39 0.15 -487.36
v -1633.90 0.15 -485.12
v -1633.92 0.15 -487.12
v -1640.82 0.15 -485.29
v -1640.71 0.15 -487.28
v -1648.02 0.15 -485.91
v -1647.79 0.15 -487.90
v -1655.41 0.15 -487.00
v -1655.05 0.15 -488.97
v -1662.85 0.15 -488.59
v -1662.38 0.15 -490.53
v -1670.19 0.15 -490.60
v -1669.60 0.15 -492.51
v -1677.28 0.15 -493.00
v -1676.59 0.15 -494.88
v -1683.98 0.15 -495.70
v -1683.19 0.15 -497.53
v -1690.24 0.15 -498.63
v -1689.35 0.15 -500.42
v -1696.07 0.15 -501.70
v -1695.10 0.15 -503.45
v -1701.59 0.15 -504.93
v -1700.55 0.15 -506.63
v -1711.76 0.15 -511.50
v -1710.64 0.15 -513.16
v -1725.74 0.15 -521.43
v -1724.56 0.15 -523.05
v -1738.69 0.15 -531.14
v -1737.47 0.15 -532.73
v -1751.13 0.15 -540.86
v -1749.89 0.15 -542.43
v -1771.04 0.15 -556.93
v -1769.81 0.15 -558.51
v -1778.96 0.15 -562.85
v -1777.80 0.15 -564.48
v -1791.29 0.15 -571.31
v -1790.17 0.15 -572.97
v -1833.43 0.15 -599.06
v -1832.31 0.15 -600.72
v -1846.30 0.15 -607.92
v -1845.15 0.15 -609.56
v -1859.21 0.15 -617.21
v -1858.03 0.15 -618.82
v -1871.99 0.15 -626.89
v -1870.77 0.15 -628.47
v -1893.01 0.15 -643.54
v -1891.75 0.15 -645.10
v -1939.40 0.15 -681.74
v -1938.13 0.15 -683.28
v -1968.79 0.15 -705.66
v -1967.55 0.15 -707.22
v -1981.17 0.15 -715.36
v -1979.96 0.15 -716.96
v -1996.24 0.15 -726.47
v -1995.05 0.15 -728.08
v -1421.48 0.00 -523.33
v -1420.45 0.00 -525.04
v -1429.43 0.00 -528.10
v -1428.55 0.00 -529.90
v -1435.83 0.00 -530.55
v -1435.27 0.00 -532.48
v -1439.60 0.00 -531.30
v -1439.28 0.00 -533.28
v -1444.10 0.00 -531.86
v -1443.96 0.00 -533.85
v -1448.62 0.00 -531.92
v -1448.66 0.00 -533.92
v -1453.37 0.00 -531.66
v -1453.53 0.00 -533.65
v -1458.11 0.00 -531.12
v -1458.39 0.00 -533.10
v -1472.96 0.00 -528.48
v -1473.35 0.00 -530.44
v -1507.85 0.00 -521.11
v -1508.28 0.00 -523.06
v -1527.92 0.00 -516.58
v -1528.39 0.00 -518.52
v -1543.06 0.00 -512.69
v -1543.61 0.00 -514.61
v -1553.06 0.00 -509.59
v -1553.69 0.00 -511.48
v -1557.92 0.00 -507.85
v -1558.63 0.00 -509.72
v -1567.77 0.00 -503.90
v -1568.53 0.00 -505.75
v -1587.46 0.00 -495.41
v -1588.22 0.00 -497.26
v -1597.77 0.00 -491.49
v -1598.44 0.00 -493.37
v -1603.26 0.00 -489.72
v -1603.83 0.00 -491.64
v -1608.91 0.00 -488.20
v -1609.38 0.00 -490.14
v -1614.78 0.00 -486.94
v -1615.14 0.00 -488.91
v -1620.88 0.00 -485.99
v -1621.14 0.00 -487.97
v -1627.26 0.00 -485.36
v -1627.39 0.00 -487.36
v -1633.90 0.00 -485.12
v -1633.92 0.00 -487.12
v -1640.82 0.00 -485.29
v -1640.71 0.00 -487.28
v -1648.02 0.00 -485.91
v -1647.79 0.00 -487.90
v -1655.41 0.00 -487.00
v -1655.05 0.00 -488.97
v -1662.85 0.00 -488.59
v -1662.38 0.00 -490.53
v -1670.19 0.00 -490.60
v -1669.60 0.00 -492.51
v -1677.28 0.00 -493.00
v -1676.59 0.00 -494.88
v -1683.98 0.00 -495.70
v -1683.19 0.00 -497.53
v -1690.24 0.00 -498.63
v -1689.35 0.00 -500.42
v -1696.07 0.00 -501.70
v -1695.10 0.00 -503.45
v -1701.59 0.00 -504.93
v -1700.55 0.00 -506.63
v -1711.76 0.00 -511.50
v -1710.64 0.00 -513.16
v -1725.74 0.00 -521.43
v -1724.56 0.00 -523.05
v -1738.69 0.00 -531.14
v -1737.47 0.00 -532.73
v -1751.13 0.00 -540.86
v -1749.89 0.00 -542.43
v -1771.04 0.00 -556.93
v -1769.81 0.00 -558.51
v -1778.96 0.00 -562.85
v -1777.80 0.00 -564.48
v -1791.29 0.00 -571.31
v -1790.17 0.00 -572.97
v -1833.43 0.00 -599.06
v -1832.31 0.00 -600.72
v -1846.30 0.00 -607.92
v -1845.15 0.00 -609.56
v -1859.21 0.00 -617.21
v -1858.03 0.00 -618.82
v -1871.99 0.00 -626.89
v -1870.77 0.00 -628.47
v -1893.01 0.00 -643.54
v -1891.75 0.00 -645.10
v -1939.40 0.00 -681.74
v -1938.13 0.00 -683.28
v -1968.79 0.00 -705.66
v -1967.55 0.00 -707.22
v -1981.17 0.00 -715.36
v -1979.96 0.00 -716.96
v -1996.24 0.00 -726.47
v -1995.05 0.00 -728.08
f 4594 4596 4595 4593
f 4596 4598 4597 4595
f 4598 4600 4599 4597
f 4600 4602 4601 4599
f 4602 4604 4603 4601
f 4604 4606 4605 4603
f 4606 4608 4607 4605
f 4608 4610 4609 4607
f 4610 4612 4611 4609
f 4612 4614 4613 4611
f 4614 4616 4615 4613
f 4616 4618 4617 4615
f 4618 4620 4619 4617
f 4620 4622 4621 4619
f 4622 4624 4623 4621
f 4624 4626 4625 4623
f 4626 4628 4627 4625
f 4628 4630 4629 4627
f 4630 4632 4631 4629
f 4632 4634 4633 4631
f 4634 4636 4635 4633
f 4636 4638 4637 4635
f 4638 4640 4639 4637
f 4640 4642 4641 4639
f 4642 4644 4643 4641
f 4644 4646 4645 4643
f 4646 4648 4647 4645
f 4648 4650 4649 4647
f 4650 4652 4651 4649
f 4652 4654 4653 4651
f 4654 4656 4655 4653
f 4656 4658 4657 4655
f 4658 4660 4659 4657
f 4660 4662 4661 4659
f 4662 4664 4663 4661
f 4664 4666 4665 4663
f 4666 4668 4667 4665
f 4668 4670 4669 4667
f 4670 4672 4671 4669
f 4672 4674 4673 4671
f 4674 4676 4675 4673
f 4676 4678 4677 4675
f 4678 4680 4679 4677
f 4680 4682 4681 4679
f 4682 4684 4683 4681
f 4684 4686 4685 4683
f 4686 4688 4687 4685
f 4688 4690 4689 4687
f 4593 4691 4693 4595
f 4596 4694 4692 4594
f 4595 4693 4695 4597
f 4598 4696 4694 4596
f 4597 4695 4697 4599
f 4600 4698 4696 4598
f 4599 4697 4699 4601
f 4602 4700 4698 4600
f 4601 4699 4701 4603
f 4604 4702 4700 4602
f 4603 4701 4703 4605
f 4606 4704 4702 4604
f 4605 4703 4705 4607
f 4608 4706 4704 4606
f 4607 4705 4707 4609
f 4610 4708 4706 4608
f 4609 4707 4709 4611
f 4612 4710 4708 4610
f 4611 4709 4711 4613
f 4614 4712 4710 4612
f 4613 4711 4713 4615
f 4616 4714 4712 4614
f 4615 4713 4715 4617
f 4618 4716 4714 4616
f 4617 4715 4717 4619
f 4620 4718 4716 4618
f 4619 4717 4719 4621
f 4622 4720 4718 4620
f 4621 4719 4721 4623
f 4624 4722 4720 4622
f 4623 4721 4723 4625
f 4626 4724 4722 4624
f 4625 4723 4725 4627
f 4628 4726 4724 4626
f 4627 4725 4727 4629
f 4630 4728 4726 4628
f 4629 4727 4729 4631
f 4632 4730 4728 4630
f 4631 4729 4731 4633
f 4634 4732 4730 4632
f 4633 4731 4733 4635
f 4636 4734 4732 4634
f 4635 4733 4735 4637
f 4638 4736 4734 4636
f 4637 4735 4737 4639
f 4640 4738 4736 4638
f 4639 4737 4739 4641
f 4642 4740 4738 4640
f 4641 4739 4741 4643
f 4644 4742 4740 4642
f 4643 4741 4743 4645
f 4646 4744 4742 4644
f 4645 4743 4745 4647
f 4648 4746 4744 4646
f 4647 4745 4747 4649
f 4650 4748 4746 4648
f 4649 4747 4749 4651
f 4652 4750 4748 4650
f 4651 4749 4751 4653
f 4654 4752 4750 4652
f 4653 4751 4753 4655
f 4656 4754 4752 4654
f 4655 4753 4755 4657
f 4658 4756 4754 4656
f 4657 4755 4757 4659
f 4660 4758 4756 4658
f 4659 4757 4759 4661
f 4662 4760 4758 4660
f 4661 4759 4761 4663
f 4664 4762 4760 4662
f 4663 4761 4763 4665
f 4666 4764 4762 4664
f 4665 4763 4765 4667
f 4668 4766 4764 4666
f 4667 4765 4767 4669
f 4670 4768 4766 4668
f 4669 4767 4769 4671
f 4672 4770 4768 4670
f 4671 4769 4771 4673
f 4674 4772 4770 4672
f 4673 4771 4773 4675
f 4676 4774 4772 4674
f 4675 4773 4775 4677
f 4678 4776 4774 4676
f 4677 4775 4777 4679
f 4680 4778 4776 4678
f 4679 4777 4779 4681
f 4682 4780 4778 4680
f 4681 4779 4781 4683
f 4684 4782 4780 4682
f 4683 4781 4783 4685
f 4686 4784 4782 4684
f 4685 4783 4785 4687
f 4688 4786 4784 4686
f 4687 4785 4787 4689
f 4690 4788 4786 4688
o Pavement_+6_-3
v -1981.18 0.15 -748.04
v -1982.40 0.15 -746.45
v -1955.26 0.15 -728.00
v -1956.50 0.15 -726.43
v -1938.58 0.15 -714.54
v -1939.86 0.15 -713.00
v -1922.93 0.15 -701.07
v -1924.25 0.15 -699.56
v -1880.63 0.15 -663.92
v -1881.94 0.15 -662.40
v -1868.94 0.15 -654.03
v -1870.20 0.15 -652.48
v -1857.12 0.15 -644.74
v -1858.34 0.15 -643.15
v -1841.12 0.15 -632.77
v -1842.31 0.15 -631.16
v -1828.69 0.15 -623.75
v -1829.85 0.15 -622.11
v -1819.88 0.15 -617.65
v -1821.00 0.15 -615.99
v -1782.73 0.15 -593.33
v -1783.81 0.15 -591.65
v -1773.95 0.15 -587.79
v -1774.99 0.15 -586.09
v -1765.26 0.15 -582.67
v -1766.22 0.15 -580.92
v -1756.40 0.15 -578.09
v -1757.27 0.15 -576.29
v -1732.42 0.15 -567.29
v -1733.28 0.15 -565.48
v -1717.81 0.15 -559.93
v -1718.76 0.15 -558.17
v -1703.81 0.15 -552.02
v -1704.81 0.15 -550.30
v -1681.54 0.15 -538.62
v -1682.53 0.15 -536.88
v -1672.54 0.15 -533.72
v -1673.44 0.15 -531.93
v -1667.95 0.15 -531.59
v -1668.74 0.15 -529.75
v -1663.11 0.15 -529.71
v -1663.78 0.15 -527.82
v -1657.99 0.15 -528.11
v -1658.51 0.15 -526.17
v -1652.57 0.15 -526.86
v -1652.94 0.15 -524.89
v -1646.84 0.15 -526.01
v -1647.06 0.15 -524.02
v -1640.90 0.15 -525.57
v -1640.97 0.15 -523.57
v -1634.87 0.15 -525.57
v -1634.80 0.15 -523.57
v -1628.82 0.15 -526.00
v -1628.62 0.15 -524.01
v -1622.81 0.15 -526.83
v -1622.48 0.15 -524.86
v -1616.87 0.15 -528.02
v -1616.43 0.15 -526.07
v -1611.04 0.15 -529.53
v -1610.48 0.15 -527.61
v -1599.21 0.15 -533.41
v -1598.54 0.15 -531.53
v -1575.67 0.15 -542.54
v -1574.98 0.15 -540.67
v -1564.23 0.15 -546.63
v -1563.60 0.15 -544.73
v -1553.27 0.15 -550.06
v -1552.70 0.15 -548.14
v -1537.59 0.15 -554.42
v -1537.08 0.15 -552.49
v -1517.21 0.15 -559.48
v -1516.75 0.15 -557.54
v -1477.11 0.15 -568.30
v -1476.69 0.15 -566.34
v -1461.65 0.15 -571.42
v -1461.28 0.15 -569.45
v -1440.08 0.15 -575.15
v -1439.78 0.15 -573.18
v -1428.86 0.15 -576.63
v -1428.66 0.15 -574.64
v -1423.06 0.15 -577.03
v -1422.99 0.15 -575.03
v -1417.31 0.15 -577.04
v -1417.42 0.15 -575.04
v -1411.67 0.15 -576.43
v -1411.97 0.15 -574.45
v -1406.47 0.15 -575.43
v -1407.03 0.15 -573.50
v -1398.51 0.15 -572.34
v -1399.41 0.15 -570.54
v -1390.51 0.15 -567.34
v -1391.57 0.15 -565.64
v -1981.18 0.00 -748.04
v -1982.40 0.00 -746.45
v -1955.26 0.00 -728.00
v -1956.50 0.00 -726.43
v -1938.58 0.00 -714.54
v -1939.86 0.00 -713.00
v -1922.93 0.00 -701.07
v -1924.25 0.00 -699.56
v -1880.63 0.00 -663.92
v -1881.94 0.00 -662.40
v -1868.94 0.00 -654.03
v -1870.20 0.00 -652.48
v -1857.12 0.00 -644.74
v -1858.34 0.00 -643.15
v -1841.12 0.00 -632.77
v -1842.31 0.00 -631.16
v -1828.69 0.00 -623.75
v -1829.85 0.00 -622.11
v -1819.88 0.00 -617.65
v -1821.00 0.00 -615.99
v -1782.73 0.00 -593.33
v -1783.81 0.00 -591.65
v -1773.95 0.00 -587.79
v -1774.99 0.00 -586.09
v -1765.26 0.00 -582.67
v -1766.22 0.00 -580.92
v -1756.40 0.00 -578.09
v -1757.27 0.00 -576.29
v -1732.42 0.00 -567.29
v -1733.28 0.00 -565.48
v -1717.81 0.00 -559.93
v -1718.76 0.00 -558.17
v -1703.81 0.00 -552.02
v -1704.81 0.00 -550.30
v -1681.54 0.00 -538.62
v -1682.53 0.00 -536.88
v -1672.54 0.00 -533.72
v -1673.44 0.00 -531.93
v -1667.95 0.00 -531.59
v -1668.74 0.00 -529.75
v -1663.11 0.00 -529.71
v -1663.78 0.00 -527.82
v -1657.99 0.00 -528.11
v -1658.51 0.00 -526.17
v -1652.57 0.00 -526.86
v -1652.94 0.00 -524.89
v -1646.84 0.00 -526.01
v -1647.06 0.00 -524.02
v -1640.90 0.00 -525.57
v -1640.97 0.00 -523.57
v -1634.87 0.00 -525.57
v -1634.80 0.00 -523.57
v -1628.82 0.00 -526.00
v -1628.62 0.00 -524.01
v -1622.81 0.00 -526.83
v -1622.48 0.00 -524.86
v -1616.87 0.00 -528.02
v -1616.43 0.00 -526.07
v -1611.04 0.00 -529.53
v -1610.48 0.00 -527.61
v -1599.21 0.00 -533.41
v -1598.54 0.00 -531.53
v -1575.67 0.00 -542.54
v -1574.98 0.00 -540.67
v -1564.23 0.00 -546.63
v -1563.60 0.00 -544.73
v -1553.27 0.00 -550.06
v -1552.70 0.00 -548.14
v -1537.59 0.00 -554.42
v -1537.08 0.00 -552.49
v -1517.21 0.00 -559.48
v -1516.75 0.00 -557.54
v -1477.11 0.00 -568.30
v -1476.69 0.00 -566.34
v -1461.65 0.00 -571.42
v -1461.28 0.00 -569.45
v -1440.08 0.00 -575.15
v -1439.78 0.00 -573.18
v -1428.86 0.00 -576.63
v -1428.66 0.00 -574.64
v -1423.06 0.00 -577.03
v -1422.99 0.00 -575.03
v -1417.31 0.00 -577.04
v -1417.42 0.00 -575.04
v -1411.67 0.00 -576.43
v -1411.97 0.00 -574.45
v -1406.47 0.00 -575.43
v -1407.03 0.00 -573.50
v -1398.51 0.00 -572.34
v -1399.41 0.00 -570.54
v -1390.51 0.00 -567.34
v -1391.57 0.00 -565.64
f 4790 4792 4791 4789
f 4792 4794 4793 4791
f 4794 4796 4795 4793
f 4796 4798 4797 4795
f 4798 4800 4799 4797
f 4800 4802 4801 4799
f 4802 4804 4803 4801
f 4804 4806 4805 4803
f 4806 4808 4807 4805
f 4808 4810 4809 4807
f 4810 4812 4811 4809
f 4812 4814 4813 4811
f 4814 4816 4815 4813
f 4816 4818 4817 4815
f 4818 4820 4819 4817
f 4820 4822 4821 4819
f 4822 4824 4823 4821
f 4824 4826 4825 4823
f 4826 4828 4827 4825
f 4828 4830 4829 4827
f 4830 4832 4831 4829
f 4832 4834 4833 4831
f 4834 4836 4835 4833
f 4836 4838 4837 4835
f 4838 4840 4839 4837
f 4840 4842 4841 4839
f 4842 4844 4843 4841
f 4844 4846 4845 4843
f 4846 4848 4847 4845
f 4848 4850 4849 4847
f 4850 4852 4851 4849
f 4852 4854 4853 4851
f 4854 4856 4855 4853
f 4856 4858 4857 4855
f 4858 4860 4859 4857
f 4860 4862 4861 4859
f 4862 4864 4863 4861
f 4864 4866 4865 4863
f 4866 4868 4867 4865
f 4868 4870 4869 4867
f 4870 4872 4871 4869
f 4872 4874 4873 4871
f 4874 4876 4875 4873
f 4876 4878 4877 4875
f 4878 4880 4879 4877
f 4789 4881 4883 4791
f 4792 4884 4882 4790
f 4791 4883 4885 4793
f 4794 4886 4884 4792
f 4793 4885 4887 4795
f 4796 4888 4886 4794
f 4795 4887 4889 4797
f 4798 4890 4888 4796
f 4797 4889 4891 4799
f 4800 4892 4890 4798
f 4799 4891 4893 4801
f 4802 4894 4892 4800
f 4801 4893 4895 4803
f 4804 4896 4894 4802
f 4803 4895 4897 4805
f 4806 4898 4896 4804
f 4805 4897 4899 4807
f 4808 4900 4898 4806
f 4807 4899 4901 4809
f 4810 4902 4900 4808
f 4809 4901 4903 4811
f 4812 4904 4902 4810
f 4811 4903 4905 4813
f 4814 4906 4904 4812
f 4813 4905 4907 4815
f 4816 4908 4906 4814
f 4815 4907 4909 4817
f 4818 4910 4908 4816
f 4817 4909 4911 4819
f 4820 4912 4910 4818
f 4819 4911 4913 4821
f 4822 4914 4912 4820
f 4821 4913 4915 4823
f 4824 4916 4914 4822
f 4823 4915 4917 4825
f 4826 4918 4916 4824
f 4825 4917 4919 4827
f 4828 4920 4918 4826
f 4827 4919 4921 4829
f 4830 4922 4920 4828
f 4829 4921 4923 4831
f 4832 4924 4922 4830
f 4831 4923 4925 4833
f 4834 4926 4924 4832
f 4833 4925 4927 4835
f 4836 4928 4926 4834
f 4835 4927 4929 4837
f 4838 4930 4928 4836
f 4837 4929 4931 4839
f 4840 4932 4930 4838
f 4839 4931 4933 4841
f 4842 4934 4932 4840
f 4841 4933 4935 4843
f 4844 4936 4934 4842
f 4843 4935 4937 4845
f 4846 4938 4936 4844
f 4845 4937 4939 4847
f 4848 4940 4938 4846
f 4847 4939 4941 4849
f 4850 4942 4940 4848
f 4849 4941 4943 4851
f 4852 4944 4942 4850
f 4851 4943 4945 4853
f 4854 4946 4944 4852
f 4853 4945 4947 4855
f 4856 4948 4946 4854
f 4855 4947 4949 4857
f 4858 4950 4948 4856
f 4857 4949 4951 4859
f 4860 4952 4950 4858
f 4859 4951 4953 4861
f 4862 4954 4952 4860
f 4861 4953 4955 4863
f 4864 4956 4954 4862
f 4863 4955 4957 4865
f 4866 4958 4956 4864
f 4865 4957 4959 4867
f 4868 4960 4958 4866
f 4867 4959 4961 4869
f 4870 4962 4960 4868
f 4869 4961 4963 4871
f 4872 4964 4962 4870
f 4871 4963 4965 4873
f 4874 4966 4964 4872
f 4873 4965 4967 4875
f 4876 4968 4966 4874
f 4875 4967 4969 4877
f 4878 4970 4968 4876
f 4877 4969 4971 4879
f 4880 4972 4970 4878
o Pavement_-1_+0
v -7.00 0.15 145.25
v -5.08 0.15 145.80
v -5.71 0.15 140.69
v -3.87 0.15 141.53
v -2.53 0.15 135.84
v -1.05 0.15 137.23
v 0.80 0.15 133.34
v 1.85 0.15 135.05
v 4.44 0.15 131.57
v 5.05 0.15 133.50
v 8.81 0.15 130.89
v 8.85 0.15 132.91
v 13.18 0.15 131.39
v 12.66 0.15 133.35
v 17.33 0.15 133.18
v 16.27 0.15 134.90
v 20.81 0.15 136.10
v 19.29 0.15 137.44
v 23.27 0.15 139.95
v 21.42 0.15 140.77
v 24.48 0.15 144.37
v 22.47 0.15 144.60
v 24.30 0.15 148.91
v 22.32 0.15 148.53
v 22.81 0.15 153.16
v 21.02 0.15 152.22
v 20.14 0.15 156.78
v 18.70 0.15 155.35
v 16.67 0.15 159.36
v 15.69 0.15 157.60
v 12.64 0.15 160.97
v 12.18 0.15 159.00
v 8.72 0.15 161.30
v 8.73 0.15 159.29
v 4.73 0.15 160.91
v 5.25 0.15 158.95
v -0.42 0.15 158.59
v 0.67 0.15 156.88
v -3.95 0.15 155.51
v -2.64 0.15 154.00
v -7.00 0.00 145.25
v -5.08 0.00 145.80
v -5.71 0.00 140.69
v -3.87 0.00 141.53
v -2.53 0.00 135.84
v -1.05 0.00 137.23
v 0.80 0.00 133.34
v 1.85 0.00 135.05
v 4.44 0.00 131.57
v 5.05 0.00 133.50
v 8.81 0.00 130.89
v 8.85 0.00 132.91
v 13.18 0.00 131.39
v 12.66 0.00 133.35
v 17.33 0.00 133.18
v 16.27 0.00 134.90
v 20.81 0.00 136.10
v 19.29 0.00 137.44
v 23.27 0.00 139.95
v 21.42 0.00 140.77
v 24.48 0.00 144.37
v 22.47 0.00 144.60
v 24.30 0.00 148.91
v 22.32 0.00 148.53
v 22.81 0.00 153.16
v 21.02 0.00 152.22
v 20.14 0.00 156.78
v 18.70 0.00 155.35
v 16.67 0.00 159.36
v 15.69 0.00 157.60
v 12.64 0.00 160.97
v 12.18 0.00 159.00
v 8.72 0.00 161.30
v 8.73 0.00 159.29
v 4.73 0.00 160.91
v 5.25 0.00 158.95
v -0.42 0.00 158.59
v 0.67 0.00 156.88
v -3.95 0.00 155.51
v -2.64 0.00 154.00
v 10.32 0.15 150.14
v 12.24 0.15 150.69
v 10.85 0.15 148.25
v 12.69 0.15 149.09
v 10.79 0.15 148.35
v 12.27 0.15 149.74
v 10.23 0.15 148.77
v 11.28 0.15 150.48
v 9.87 0.15 148.94
v 10.48 0.15 150.87
v 9.17 0.15 149.05
v 9.21 0.15 151.07
v 8.50 0.15 148.97
v 7.98 0.15 150.93
v 7.77 0.15 148.66
v 6.71 0.15 150.38
v 7.13 0.15 148.12
v 5.61 0.15 149.46
v 6.64 0.15 147.35
v 4.79 0.15 148.17
v 6.39 0.15 146.44
v 4.38 0.15 146.67
v 6.42 0.15 145.49
v 4.44 0.15 145.11
v 6.72 0.15 144.64
v 4.93 0.15 143.70
v 7.24 0.15 143.95
v 5.80 0.15 142.52
v 7.81 0.15 143.52
v 6.83 0.15 141.76
v 8.46 0.15 143.26
v 8.00 0.15 141.29
v 8.83 0.15 143.23
v 8.84 0.15 141.22
v 9.43 0.15 143.29
v 9.95 0.15 141.33
v 9.41 0.15 143.28
v 10.50 0.15 141.57
v 7.88 0.15 141.94
v 9.19 0.15 140.43
v 10.32 0.00 150.14
v 12.24 0.00 150.69
v 10.85 0.00 148.25
v 12.69 0.00 149.09
v 10.79 0.00 148.35
v 12.27 0.00 149.74
v 10.23 0.00 148.77
v 11.28 0.00 150.48
v 9.87 0.00 148.94
v 10.48 0.00 150.87
v 9.17 0.00 149.05
v 9.21 0.00 151.07
v 8.50 0.00 148.97
v 7.98 0.00 150.93
v 7.77 0.00 148.66
v 6.71 0.00 150.38
v 7.13 0.00 148.12
v 5.61 0.00 149.46
v 6.64 0.00 147.35
v 4.79 0.00 148.17
v 6.39 0.00 146.44
v 4.38 0.00 146.67
v 6.42 0.00 145.49
v 4.44 0.00 145.11
v 6.72 0.00 144.64
v 4.93 0.00 143.70
v 7.24 0.00 143.95
v 5.80 0.00 142.52
v 7.81 0.00 143.52
v 6.83 0.00 141.76
v 8.46 0.00 143.26
v 8.00 0.00 141.29
v 8.83 0.00 143.23
v 8.84 0.00 141.22
v 9.43 0.00 143.29
v 9.95 0.00 141.33
v 9.41 0.00 143.28
v 10.50 0.00 141.57
v 7.88 0.00 141.94
v 9.19 0.00 140.43
f 4974 4976 4975 4973
f 4976 4978 4977 4975
f 4978 4980 4979 4977
f 4980 4982 4981 4979
f 4982 4984 4983 4981
f 4984 4986 4985 4983
f 4986 4988 4987 4985
f 4988 4990 4989 4987
f 4990 4992 4991 4989
f 4992 4994 4993 4991
f 4994 4996 4995 4993
f 4996 4998 4997 4995
f 4998 5000 4999 4997
f 5000 5002 5001 4999
f 5002 5004 5003 5001
f 5004 5006 5005 5003
f 5006 5008 5007 5005
f 5008 5010 5009 5007
f 5010 5012 5011 5009
f 4973 5013 5015 4975
f 4976 5016 5014 4974
f 4975 5015 5017 4977
f 4978 5018 5016 4976
f 4977 5017 5019 4979
f 4980 5020 5018 4978
f 4979 5019 5021 4981
f 4982 5022 5020 4980
f 4981 5021 5023 4983
f 4984 5024 5022 4982
f 4983 5023 5025 4985
f 4986 5026 5024 4984
f 4985 5025 5027 4987
f 4988 5028 5026 4986
f 4987 5027 5029 4989
f 4990 5030 5028 4988
f 4989 5029 5031 4991
f 4992 5032 5030 4990
f 4991 5031 5033 4993
f 4994 5034 5032 4992
f 4993 5033 5035 4995
f 4996 5036 5034 4994
f 4995 5035 5037 4997
f 4998 5038 5036 4996
f 4997 5037 5039 4999
f 5000 5040 5038 4998
f 4999 5039 5041 5001
f 5002 5042 5040 5000
f 5001 5041 5043 5003
f 5004 5044 5042 5002
f 5003 5043 5045 5005
f 5006 5046 5044 5004
f 5005 5045 5047 5007
f 5008 5048 5046 5006
f 5007 5047 5049 5009
f 5010 5050 5048 5008
f 5009 5049 5051 5011
f 5012 5052 5050 5010
f 5054 5056 5055 5053
f 5056 5058 5057 5055
f 5058 5060 5059 5057
f 5060 5062 5061 5059
f 5062 5064 5063 5061
f 5064 5066 5065 5063
f 5066 5068 5067 5065
f 5068 5070 5069 5067
f 5070 5072 5071 5069
f 5072 5074 5073 5071
f 5074 5076 5075 5073
f 5076 5078 5077 5075
f 5078 5080 5079 5077
f 5080 5082 5081 5079
f 5082 5084 5083 5081
f 5084 5086 5085 5083
f 5086 5088 5087 5085
f 5088 5090 5089 5087
f 5090 5092 5091 5089
f 5053 5093 5095 5055
f 5056 5096 5094 5054
f 5055 5095 5097 5057
f 5058 5098 5096 5056
f 5057 5097 5099 5059
f 5060 5100 5098 5058
f 5059 5099 5101 5061
f 5062 5102 5100 5060
f 5061 5101 5103 5063
f 5064 5104 5102 5062
f 5063 5103 5105 5065
f 5066 5106 5104 5064
f 5065 5105 5107 5067
f 5068 5108 5106 5066
f 5067 5107 5109 5069
f 5070 5110 5108 5068
f 5069 5109 5111 5071
f 5072 5112 5110 5070
f 5071 5111 5113 5073
f 5074 5114 5112 5072
f 5073 5113 5115 5075
f 5076 5116 5114 5074
f 5075 5115 5117 5077
f 5078 5118 5116 5076
f 5077 5117 5119 5079
f 5080 5120 5118 5078
f 5079 5119 5121 5081
f 5082 5122 5120 5080
f 5081 5121 5123 5083
f 5084 5124 5122 5082
f 5083 5123 5125 5085
f 5086 5126 5124 5084
f 5085 5125 5127 5087
f 5088 5128 5126 5086
f 5087 5127 5129 5089
f 5090 5130 5128 5088
f 5089 5129 5131 5091
f 5092 5132 5130 5090
o Pavement_-1_+1
v 21.25 0.15 148.60
v 19.26 0.15 148.74
v 25.20 0.15 203.61
v 23.20 0.15 203.74
v 28.10 0.15 254.64
v 26.11 0.15 254.73
v 30.87 0.15 338.74
v 28.87 0.15 338.81
v 33.79 0.15 408.81
v 31.79 0.15 408.88
v 34.68 0.15 439.68
v 32.68 0.15 439.73
v 21.25 0.00 148.60
v 19.26 0.00 148.74
v 25.20 0.00 203.61
v 23.20 0.00 203.74
v 28.10 0.00 254.64
v 26.11 0.00 254.73
v 30.87 0.00 338.74
v 28.87 0.00 338.81
v 33.79 0.00 408.81
v 31.79 0.00 408.88
v 34.68 0.00 439.68
v 32.68 0.00 439.73
f 5134 5136 5135 5133
f 5136 5138 5137 5135
f 5138 5140 5139 5137
f 5140 5142 5141 5139
f 5142 5144 5143 5141
f 5133 5145 5147 5135
f 5136 5148 5146 5134
f 5135 5147 5149 5137
f 5138 5150 5148 5136
f 5137 5149 5151 5139
f 5140 5152 5150 5138
f 5139 5151 5153 5141
f 5142 5154 5152 5140
f 5141 5153 5155 5143
f 5144 5156 5154 5142
o Pavement_-1_+3
v 34.68 0.15 439.74
v 32.68 0.15 439.78
v 37.34 0.15 591.56
v 35.34 0.15 591.58
v 37.45 0.15 612.09
v 35.45 0.15 612.08
v 37.22 0.15 643.12
v 35.22 0.15 643.13
v 37.42 0.15 663.52
v 35.42 0.15 663.54
v 38.47 0.15 720.32
v 36.47 0.15 720.37
v 39.44 0.15 753.74
v 37.44 0.15 753.82
v 40.84 0.15 781.70
v 38.84 0.15 781.82
v 42.32 0.15 803.32
v 40.33 0.15 803.48
v 56.72 0.15 974.39
v 54.73 0.15 974.53
v 57.76 0.15 991.71
v 55.76 0.15 991.76
v 57.70 0.15 1003.75
v 55.70 0.15 1003.67
v 56.81 0.15 1016.05
v 54.82 0.15 1015.86
v 54.66 0.15 1033.76
v 52.68 0.15 1033.48
v 52.03 0.15 1049.76
v 50.08 0.15 1049.35
v 49.44 0.15 1059.62
v 47.53 0.15 1058.98
v 46.28 0.15 1067.43
v 44.47 0.15 1066.58
v 41.63 0.15 1075.91
v 39.88 0.15 1074.95
v 34.68 0.00 439.74
v 32.68 0.00 439.78
v 37.34 0.00 591.56
v 35.34 0.00 591.58
v 37.45 0.00 612.09
v 35.45 0.00 612.08
v 37.22 0.00 643.12
v 35.22 0.00 643.13
v 37.42 0.00 663.52
v 35.42 0.00 663.54
v 38.47 0.00 720.32
v 36.47 0.00 720.37
v 39.44 0.00 753.74
v 37.44 0.00 753.82
v 40.84 0.00 781.70
v 38.84 0.00 781.82
v 42.32 0.00 803.32
v 40.33 0.00 803.48
v 56.72 0.00 974.39
v 54.73 0.00 974.53
v 57.76 0.00 991.71
v 55.76 0.00 991.76
v 57.70 0.00 1003.75
v 55.70 0.00 1003.67
v 56.81 0.00 1016.05
v 54.82 0.00 1015.86
v 54.66 0.00 1033.76
v 52.68 0.00 1033.48
v 52.03 0.00 1049.76
v 50.08 0.00 1049.35
v 49.44 0.00 1059.62
v 47.53 0.00 1058.98
v 46.28 0.00 1067.43
v 44.47 0.00 1066.58
v 41.63 0.00 1075.91
v 39.88 0.00 1074.95
v 29.13 0.15 1072.59
v 31.13 0.15 1072.71
v 29.66 0.15 1063.89
v 31.65 0.15 1064.05
v 30.37 0.15 1056.32
v 32.36 0.15 1056.53
v 32.71 0.15 1036.20
v 34.70 0.15 1036.41
v 33.74 0.15 1025.17
v 35.73 0.15 1025.32
v 34.37 0.15 1013.62
v 36.37 0.15 1013.68
v 34.42 0.15 1001.66
v 36.42 0.15 1001.62
v 33.85 0.15 989.84
v 35.84 0.15 989.69
v 32.79 0.15 978.64
v 34.78 0.15 978.42
v 30.82 0.15 962.88
v 32.81 0.15 962.62
v 23.46 0.15 910.13
v 25.44 0.15 909.88
v 21.64 0.15 894.06
v 23.63 0.15 893.85
v 20.07 0.15 877.96
v 22.06 0.15 877.79
v 18.11 0.15 851.16
v 20.11 0.15 851.04
v 13.87 0.15 770.00
v 15.87 0.15 769.93
v 13.18 0.15 743.52
v 15.18 0.15 743.49
v 12.42 0.15 601.54
v 14.42 0.15 601.52
v 10.53 0.15 437.36
v 12.53 0.15 437.33
v 10.06 0.15 411.82
v 12.06 0.15 411.77
v 7.51 0.15 335.38
v 9.51 0.15 335.31
v 3.71 0.15 243.14
v 5.71 0.15 243.05
v 0.66 0.15 185.84
v 2.66 0.15 185.72
v -0.49 0.15 170.40
v 1.50 0.15 170.23
v -2.29 0.15 152.05
v -0.30 0.15 151.86
v 29.13 0.00 1072.59
v 31.13 0.00 1072.71
v 29.66 0.00 1063.89
v 31.65 0.00 1064.05
v 30.37 0.00 1056.32
v 32.36 0.00 1056.53
v 32.71 0.00 1036.20
v 34.70 0.00 1036.41
v 33.74 0.00 1025.17
v 35.73 0.00 1025.32
v 34.37 0.00 1013.62
v 36.37 0.00 1013.68
v 34.42 0.00 1001.66
v 36.42 0.00 1001.62
v 33.85 0.00 989.84
v 35.84 0.00 989.69
v 32.79 0.00 978.64
v 34.78 0.00 978.42
v 30.82 0.00 962.88
v 32.81 0.00 962.62
v 23.46 0.00 910.13
v 25.44 0.00 909.88
v 21.64 0.00 894.06
v 23.63 0.00 893.85
v 20.07 0.00 877.96
v 22.06 0.00 877.79
v 18.11 0.00 851.16
v 20.11 0.00 851.04
v 13.87 0.00 770.00
v 15.87 0.00 769.93
v 13.18 0.00 743.52
v 15.18 0.00 743.49
v 12.42 0.00 601.54
v 14.42 0.00 601.52
v 10.53 0.00 437.36
v 12.53 0.00 437.33
v 10.06 0.00 411.82
v 12.06 0.00 411.77
v 7.51 0.00 335.38
v 9.51 0.00 335.31
v 3.71 0.00 243.14
v 5.71 0.00 243.05
v 0.66 0.00 185.84
v 2.66 0.00 185.72
v -0.49 0.00 170.40
v 1.50 0.00 170.23
v -2.29 0.00 152.05
v -0.30 0.00 151.86
f 5158 5160 5159 5157
f 5160 5162 5161 5159
f 5162 5164 5163 5161
f 5164 5166 5165 5163
f 5166 5168 5167 5165
f 5168 5170 5169 5167
f 5170 5172 5171 5169
f 5172 5174 5173 5171
f 5174 5176 5175 5173
f 5176 5178 5177 5175
f 5178 5180 5179 5177
f 5180 5182 5181 5179
f 5182 5184 5183 5181
f 5184 5186 5185 5183
f 5186 5188 5187 5185
f 5188 5190 5189 5187
f 5190 5192 5191 5189
f 5157 5193 5195 5159
f 5160 5196 5194 5158
f 5159 5195 5197 5161
f 5162 5198 5196 5160
f 5161 5197 5199 5163
f 5164 5200 5198 5162
f 5163 5199 5201 5165
f 5166 5202 5200 5164
f 5165 5201 5203 5167
f 5168 5204 5202 5166
f 5167 5203 5205 5169
f 5170 5206 5204 5168
f 5169 5205 5207 5171
f 5172 5208 5206 5170
f 5171 5207 5209 5173
f 5174 5210 5208 5172
f 5173 5209 5211 5175
f 5176 5212 5210 5174
f 5175 5211 5213 5177
f 5178 5214 5212 5176
f 5177 5213 5215 5179
f 5180 5216 5214 5178
f 5179 5215 5217 5181
f 5182 5218 5216 5180
f 5181 5217 5219 5183
f 5184 5220 5218 5182
f 5183 5219 5221 5185
f 5186 5222 5220 5184
f 5185 5221 5223 5187
f 5188 5224 5222 5186
f 5187 5223 5225 5189
f 5190 5226 5224 5188
f 5189 5225 5227 5191
f 5192 5228 5226 5190
f 5230 5232 5231 5229
f 5232 5234 5233 5231
f 5234 5236 5235 5233
f 5236 5238 5237 5235
f 5238 5240 5239 5237
f 5240 5242 5241 5239
f 5242 5244 5243 5241
f 5244 5246 5245 5243
f 5246 5248 5247 5245
f 5248 5250 5249 5247
f 5250 5252 5251 5249
f 5252 5254 5253 5251
f 5254 5256 5255 5253
f 5256 5258 5257 5255
f 5258 5260 5259 5257
f 5260 5262 5261 5259
f 5262 5264 5263 5261
f 5264 5266 5265 5263
f 5266 5268 5267 5265
f 5268 5270 5269 5267
f 5270 5272 5271 5269
f 5272 5274 5273 5271
f 5274 5276 5275 5273
f 5229 5277 5279 5231
f 5232 5280 5278 5230
f 5231 5279 5281 5233
f 5234 5282 5280 5232
f 5233 5281 5283 5235
f 5236 5284 5282 5234
f 5235 5283 5285 5237
f 5238 5286 5284 5236
f 5237 5285 5287 5239
f 5240 5288 5286 5238
f 5239 5287 5289 5241
f 5242 5290 5288 5240
f 5241 5289 5291 5243
f 5244 5292 5290 5242
f 5243 5291 5293 5245
f 5246 5294 5292 5244
f 5245 5293 5295 5247
f 5248 5296 5294 5246
f 5247 5295 5297 5249
f 5250 5298 5296 5248
f 5249 5297 5299 5251
f 5252 5300 5298 5250
f 5251 5299 5301 5253
f 5254 5302 5300 5252
f 5253 5301 5303 5255
f 5256 5304 5302 5254
f 5255 5303 5305 5257
f 5258 5306 5304 5256
f 5257 5305 5307 5259
f 5260 5308 5306 5258
f 5259 5307 5309 5261
f 5262 5310 5308 5260
f 5261 5309 5311 5263
f 5264 5312 5310 5262
f 5263 5311 5313 5265
f 5266 5314 5312 5264
f 5265 5313 5315 5267
f 5268 5316 5314 5266
f 5267 5315 5317 5269
f 5270 5318 5316 5268
f 5269 5317 5319 5271
f 5272 5320 5318 5270
f 5271 5319 5321 5273
f 5274 5322 5320 5272
f 5273 5321 5323 5275
f 5276 5324 5322 5274
o Pavement_-1_-10
v 272.47 0.15 -2052.50
v 274.44 0.15 -2052.89
v 264.45 0.15 -2092.79
v 266.42 0.15 -2093.17
v 251.67 0.15 -2161.60
v 253.63 0.15 -2161.99
v 248.29 0.15 -2177.84
v 250.25 0.15 -2178.27
v 245.60 0.15 -2189.02
v 247.53 0.15 -2189.53
v 240.85 0.15 -2205.39
v 242.76 0.15 -2205.99
v 235.59 0.15 -2220.61
v 237.47 0.15 -2221.30
v 229.75 0.15 -2235.50
v 231.59 0.15 -2236.27
v 225.14 0.15 -2245.91
v 226.96 0.15 -2246.74
v 222.55 0.15 -2251.33
v 224.34 0.15 -2252.21
v 219.74 0.15 -2256.89
v 221.51 0.15 -2257.82
v 213.64 0.15 -2268.15
v 215.38 0.15 -2269.14
v 207.33 0.15 -2278.84
v 209.04 0.15 -2279.88
v 200.97 0.15 -2288.88
v 202.64 0.15 -2289.97
v 191.02 0.15 -2303.71
v 192.67 0.15 -2304.83
v 170.51 0.15 -2333.44
v 172.16 0.15 -2334.57
v 157.85 0.15 -2352.18
v 159.51 0.15 -2353.29
v 143.39 0.15 -2374.12
v 145.06 0.15 -2375.21
v 111.63 0.15 -2423.31
v 113.30 0.15 -2424.40
v 80.29 0.15 -2470.43
v 81.95 0.15 -2471.55
v 44.93 0.15 -2523.04
v 46.59 0.15 -2524.15
v 272.47 0.00 -2052.50
v 274.44 0.00 -2052.89
v 264.45 0.00 -2092.79
v 266.42 0.00 -2093.17
v 251.67 0.00 -2161.60
v 253.63 0.00 -2161.99
v 248.29 0.00 -2177.84
v 250.25 0.00 -2178.27
v 245.60 0.00 -2189.02
v 247.53 0.00 -2189.53
v 240.85 0.00 -2205.39
v 242.76 0.00 -2205.99
v 235.59 0.00 -2220.61
v 237.47 0.00 -2221.30
v 229.75 0.00 -2235.50
v 231.59 0.00 -2236.27
v 225.14 0.00 -2245.91
v 226.96 0.00 -2246.74
v 222.55 0.00 -2251.33
v 224.34 0.00 -2252.21
v 219.74 0.00 -2256.89
v 221.51 0.00 -2257.82
v 213.64 0.00 -2268.15
v 215.38 0.00 -2269.14
v 207.33 0.00 -2278.84
v 209.04 0.00 -2279.88
v 200.97 0.00 -2288.88
v 202.64 0.00 -2289.97
v 191.02 0.00 -2303.71
v 192.67 0.00 -2304.83
v 170.51 0.00 -2333.44
v 172.16 0.00 -2334.57
v 157.85 0.00 -2352.18
v 159.51 0.00 -2353.29
v 143.39 0.00 -2374.12
v 145.06 0.00 -2375.21
v 111.63 0.00 -2423.31
v 113.30 0.00 -2424.40
v 80.29 0.00 -2470.43
v 81.95 0.00 -2471.55
v 44.93 0.00 -2523.04
v 46.59 0.00 -2524.15
f 5326 5328 5327 5325
f 5328 5330 5329 5327
f 5330 5332 5331 5329
f 5332 5334 5333 5331
f 5334 5336 5335 5333
f 5336 5338 5337 5335
f 5338 5340 5339 5337
f 5340 5342 5341 5339
f 5342 5344 5343 5341
f 5344 5346 5345 5343
f 5346 5348 5347 5345
f 5348 5350 5349 5347
f 5350 5352 5351 5349
f 5352 5354 5353 5351
f 5354 5356 5355 5353
f 5356 5358 5357 5355
f 5358 5360 5359 5357
f 5360 5362 5361 5359
f 5362 5364 5363 5361
f 5364 5366 5365 5363
f 5325 5367 5369 5327
f 5328 5370 5368 5326
f 5327 5369 5371 5329
f 5330 5372 5370 5328
f 5329 5371 5373 5331
f 5332 5374 5372 5330
f 5331 5373 5375 5333
f 5334 5376 5374 5332
f 5333 5375 5377 5335
f 5336 5378 5376 5334
f 5335 5377 5379 5337
f 5338 5380 5378 5336
f 5337 5379 5381 5339
f 5340 5382 5380 5338
f 5339 5381 5383 5341
f 5342 5384 5382 5340
f 5341 5383 5385 5343
f 5344 5386 5384 5342
f 5343 5385 5387 5345
f 5346 5388 5386 5344
f 5345 5387 5389 5347
f 5348 5390 5388 5346
f 5347 5389 5391 5349
f 5350 5392 5390 5348
f 5349 5391 5393 5351
f 5352 5394 5392 5350
f 5351 5393 5395 5353
f 5354 5396 5394 5352
f 5353 5395 5397 5355
f 5356 5398 5396 5354
f 5355 5397 5399 5357
f 5358 5400 5398 5356
f 5357 5399 5401 5359
f 5360 5402 5400 5358
f 5359 5401 5403 5361
f 5362 5404 5402 5360
f 5361 5403 5405 5363
f 5364 5406 5404 5362
f 5363 5405 5407 5365
f 5366 5408 5406 5364
o Pavement_-1_-11
v 79.85 0.15 -2560.03
v 81.48 0.15 -2561.18
v 6.16 0.15 -2664.79
v 7.79 0.15 -2665.94
v 79.85 0.00 -2560.03
v 81.48 0.00 -2561.18
v 6.16 0.00 -2664.79
v 7.79 0.00 -2665.94
v 91.30 0.15 -2568.08
v 92.93 0.15 -2569.23
v 17.61 0.15 -2672.84
v 19.24 0.15 -2673.99
v 91.30 0.00 -2568.08
v 92.93 0.00 -2569.23
v 17.61 0.00 -2672.84
v 19.24 0.00 -2673.99
v 8.83 0.15 -2676.39
v 9.80 0.15 -2674.64
v 46.48 0.15 -2697.19
v 47.49 0.15 -2695.45
v 61.20 0.15 -2706.09
v 62.28 0.15 -2704.41
v 76.88 0.15 -2716.64
v 78.01 0.15 -2714.99
v 113.71 0.15 -2742.55
v 114.88 0.15 -2740.92
v 131.93 0.15 -2755.95
v 133.13 0.15 -2754.35
v 139.99 0.15 -2762.19
v 141.23 0.15 -2760.62
v 147.69 0.15 -2768.45
v 148.98 0.15 -2766.92
v 167.77 0.15 -2785.77
v 169.09 0.15 -2784.27
v 191.18 0.15 -2806.84
v 192.52 0.15 -2805.35
v 8.83 0.00 -2676.39
v 9.80 0.00 -2674.64
v 46.48 0.00 -2697.19
v 47.49 0.00 -2695.45
v 61.20 0.00 -2706.09
v 62.28 0.00 -2704.41
v 76.88 0.00 -2716.64
v 78.01 0.00 -2714.99
v 113.71 0.00 -2742.55
v 114.88 0.00 -2740.92
v 131.93 0.00 -2755.95
v 133.13 0.00 -2754.35
v 139.99 0.00 -2762.19
v 141.23 0.00 -2760.62
v 147.69 0.00 -2768.45
v 148.98 0.00 -2766.92
v 167.77 0.00 -2785.77
v 169.09 0.00 -2784.27
v 191.18 0.00 -2806.84
v 192.52 0.00 -2805.35
v 15.60 0.15 -2664.14
v 16.57 0.15 -2662.39
v 53.49 0.15 -2685.07
v 54.50 0.15 -2683.33
v 68.74 0.15 -2694.29
v 69.82 0.15 -2692.61
v 84.81 0.15 -2705.11
v 85.94 0.15 -2703.46
v 121.88 0.15 -2731.18
v 123.05 0.15 -2729.55
v 140.37 0.15 -2744.77
v 141.57 0.15 -2743.17
v 148.69 0.15 -2751.22
v 149.93 0.15 -2749.65
v 156.68 0.15 -2757.72
v 157.97 0.15 -2756.19
v 177.03 0.15 -2775.27
v 178.35 0.15 -2773.77
v 200.54 0.15 -2796.43
v 201.88 0.15 -2794.94
v 15.60 0.00 -2664.14
v 16.57 0.00 -2662.39
v 53.49 0.00 -2685.07
v 54.50 0.00 -2683.33
v 68.74 0.00 -2694.29
v 69.82 0.00 -2692.61
v 84.81 0.00 -2705.11
v 85.94 0.00 -2703.46
v 121.88 0.00 -2731.18
v 123.05 0.00 -2729.55
v 140.37 0.00 -2744.77
v 141.57 0.00 -2743.17
v 148.69 0.00 -2751.22
v 149.93 0.00 -2749.65
v 156.68 0.00 -2757.72
v 157.97 0.00 -2756.19
v 177.03 0.00 -2775.27
v 178.35 0.00 -2773.77
v 200.54 0.00 -2796.43
v 201.88 0.00 -2794.94
v 44.94 0.15 -2523.03
v 46.60 0.15 -2524.14
v 38.18 0.15 -2533.05
v 39.84 0.15 -2534.16
v 44.94 0.00 -2523.03
v 46.60 0.00 -2524.14
v 38.18 0.00 -2533.05
v 39.84 0.00 -2534.16
v 56.54 0.15 -2530.86
v 58.20 0.15 -2531.97
v 49.78 0.15 -2540.88
v 51.44 0.15 -2541.99
v 56.54 0.00 -2530.86
v 58.20 0.00 -2531.97
v 49.78 0.00 -2540.88
v 51.44 0.00 -2541.99
v 59.70 0.15 -2546.69
v 57.99 0.15 -2545.65
v 65.66 0.15 -2536.94
v 63.95 0.15 -2535.90
v 59.70 0.00 -2546.69
v 57.99 0.00 -2545.65
v 65.66 0.00 -2536.94
v 63.95 0.00 -2535.90
v 47.75 0.15 -2539.39
v 46.04 0.15 -2538.35
v 53.71 0.15 -2529.64
v 52.00 0.15 -2528.60
v 47.75 0.00 -2539.39
v 46.04 0.00 -2538.35
v 53.71 0.00 -2529.64
v 52.00 0.00 -2528.60
f 5410 5412 5411 5409
f 5409 5413 5415 5411
f 5412 5416 5414 5410
f 5418 5420 5419 5417
f 5417 5421 5423 5419
f 5420 5424 5422 5418
f 5426 5428 5427 5425
f 5428 5430 5429 5427
f 5430 5432 5431 5429
f 5432 5434 5433 5431
f 5434 5436 5435 5433
f 5436 5438 5437 5435
f 5438 5440 5439 5437
f 5440 5442 5441 5439
f 5442 5444 5443 5441
f 5425 5445 5447 5427
f 5428 5448 5446 5426
f 5427 5447 5449 5429
f 5430 5450 5448 5428
f 5429 5449 5451 5431
f 5432 5452 5450 5430
f 5431 5451 5453 5433
f 5434 5454 5452 5432
f 5433 5453 5455 5435
f 5436 5456 5454 5434
f 5435 5455 5457 5437
f 5438 5458 5456 5436
f 5437 5457 5459 5439
f 5440 5460 5458 5438
f 5439 5459 5461 5441
f 5442 5462 5460 5440
f 5441 5461 5463 5443
f 5444 5464 5462 5442
f 5466 5468 5467 5465
f 5468 5470 5469 5467
f 5470 5472 5471 5469
f 5472 5474 5473 5471
f 5474 5476 5475 5473
f 5476 5478 5477 5475
f 5478 5480 5479 5477
f 5480 5482 5481 5479
f 5482 5484 5483 5481
f 5465 5485 5487 5467
f 5468 5488 5486 5466
f 5467 5487 5489 5469
f 5470 5490 5488 5468
f 5469 5489 5491 5471
f 5472 5492 5490 5470
f 5471 5491 5493 5473
f 5474 5494 5492 5472
f 5473 5493 5495 5475
f 5476 5496 5494 5474
f 5475 5495 5497 5477
f 5478 5498 5496 5476
f 5477 5497 5499 5479
f 5480 5500 5498 5478
f 5479 5499 5501 5481
f 5482 5502 5500 5480
f 5481 5501 5503 5483
f 5484 5504 5502 5482
f 5506 5508 5507 5505
f 5505 5509 5511 5507
f 5508 5512 5510 5506
f 5514 5516 5515 5513
f 5513 5517 5519 5515
f 5516 5520 5518 5514
f 5522 5524 5523 5521
f 5521 5525 5527 5523
f 5524 5528 5526 5522
f 5530 5532 5531 5529
f 5529 5533 5535 5531
f 5532 5536 5534 5530
o Pavement_-1_-12
v 261.93 0.15 -2686.68
v 263.60 0.15 -2687.78
v 224.35 0.15 -2743.67
v 226.00 0.15 -2744.80
v 197.78 0.15 -2781.26
v 199.44 0.15 -2782.37
v 193.24 0.15 -2788.42
v 194.98 0.15 -2789.41
v 190.55 0.15 -2793.65
v 192.39 0.15 -2794.43
v 188.96 0.15 -2798.30
v 190.85 0.15 -2798.95
v 261.93 0.00 -2686.68
v 263.60 0.00 -2687.78
v 224.35 0.00 -2743.67
v 226.00 0.00 -2744.80
v 197.78 0.00 -2781.26
v 199.44 0.00 -2782.37
v 193.24 0.00 -2788.42
v 194.98 0.00 -2789.41
v 190.55 0.00 -2793.65
v 192.39 0.00 -2794.43
v 188.96 0.00 -2798.30
v 190.85 0.00 -2798.95
v 154.93 0.15 -2933.18
v 153.17 0.15 -2932.23
v 180.35 0.15 -2886.47
v 178.61 0.15 -2885.49
v 188.78 0.15 -2872.05
v 187.07 0.15 -2871.00
v 194.75 0.15 -2862.81
v 193.09 0.15 -2861.68
v 200.95 0.15 -2854.06
v 199.34 0.15 -2852.87
v 204.00 0.15 -2850.08
v 202.44 0.15 -2848.83
v 210.11 0.15 -2842.77
v 208.63 0.15 -2841.42
v 215.50 0.15 -2837.28
v 214.16 0.15 -2835.79
v 219.32 0.15 -2834.26
v 218.20 0.15 -2832.60
v 224.31 0.15 -2831.38
v 223.31 0.15 -2829.65
v 154.93 0.00 -2933.18
v 153.17 0.00 -2932.23
v 180.35 0.00 -2886.47
v 178.61 0.00 -2885.49
v 188.78 0.00 -2872.05
v 187.07 0.00 -2871.00
v 194.75 0.00 -2862.81
v 193.09 0.00 -2861.68
v 200.95 0.00 -2854.06
v 199.34 0.00 -2852.87
v 204.00 0.00 -2850.08
v 202.44 0.00 -2848.83
v 210.11 0.00 -2842.77
v 208.63 0.00 -2841.42
v 215.50 0.00 -2837.28
v 214.16 0.00 -2835.79
v 219.32 0.00 -2834.26
v 218.20 0.00 -2832.60
v 224.31 0.00 -2831.38
v 223.31 0.00 -2829.65
v 190.83 0.15 -2806.50
v 192.25 0.15 -2805.10
v 203.11 0.15 -2818.99
v 204.53 0.15 -2817.59
v 190.83 0.00 -2806.50
v 192.25 0.00 -2805.10
v 203.11 0.00 -2818.99
v 204.53 0.00 -2817.59
v 200.81 0.15 -2796.68
v 202.23 0.15 -2795.28
v 213.09 0.15 -2809.17
v 214.51 0.15 -2807.77
v 200.81 0.00 -2796.68
v 202.23 0.00 -2795.28
v 213.09 0.00 -2809.17
v 214.51 0.00 -2807.77
v 203.26 0.15 -2819.14
v 204.65 0.15 -2817.70
v 214.76 0.15 -2830.21
v 216.15 0.15 -2828.77
v 203.26 0.00 -2819.14
v 204.65 0.00 -2817.70
v 214.76 0.00 -2830.21
v 216.15 0.00 -2828.77
v 212.97 0.15 -2809.06
v 214.36 0.15 -2807.62
v 224.47 0.15 -2820.13
v 225.86 0.15 -2818.69
v 212.97 0.00 -2809.06
v 214.36 0.00 -2807.62
v 224.47 0.00 -2820.13
v 225.86 0.00 -2818.69
f 5538 5540 5539 5537
f 5540 5542 5541 5539
f 5542 5544 5543 5541
f 5544 5546 5545 5543
f 5546 5548 5547 5545
f 5537 5549 5551 5539
f 5540 5552 5550 5538
f 5539 5551 5553 5541
f 5542 5554 5552 5540
f 5541 5553 5555 5543
f 5544 5556 5554 5542
f 5543 5555 5557 5545
f 5546 5558 5556 5544
f 5545 5557 5559 5547
f 5548 5560 5558 5546
f 5562 5564 5563 5561
f 5564 5566 5565 5563
f 5566 5568 5567 5565
f 5568 5570 5569 5567
f 5570 5572 5571 5569
f 5572 5574 5573 5571
f 5574 5576 5575 5573
f 5576 5578 5577 5575
f 5578 5580 5579 5577
f 5561 5581 5583 5563
f 5564 5584 5582 5562
f 5563 5583 5585 5565
f 5566 5586 5584 5564
f 5565 5585 5587 5567
f 5568 5588 5586 5566
f 5567 5587 5589 5569
f 5570 5590 5588 5568
f 5569 5589 5591 5571
f 5572 5592 5590 5570
f 5571 5591 5593 5573
f 5574 5594 5592 5572
f 5573 5593 5595 5575
f 5576 5596 5594 5574
f 5575 5595 5597 5577
f 5578 5598 5596 5576
f 5577 5597 5599 5579
f 5580 5600 5598 5578
f 5602 5604 5603 5601
f 5601 5605 5607 5603
f 5604 5608 5606 5602
f 5610 5612 5611 5609
f 5609 5613 5615 5611
f 5612 5616 5614 5610
f 5618 5620 5619 5617
f 5617 5621 5623 5619
f 5620 5624 5622 5618
f 5626 5628 5627 5625
f 5625 5629 5631 5627
f 5628 5632 5630 5626
o Pavement_-1_-13
v 200.90 0.15 -2810.00
v 202.74 0.15 -2810.78
v 199.36 0.15 -2813.61
v 201.14 0.15 -2814.53
v 197.31 0.15 -2817.01
v 198.98 0.15 -2818.12
v 180.14 0.15 -2839.98
v 181.77 0.15 -2841.15
v 176.74 0.15 -2844.92
v 178.41 0.15 -2846.02
v 170.52 0.15 -2854.78
v 172.23 0.15 -2855.80
v 162.33 0.15 -2869.27
v 164.08 0.15 -2870.24
v 144.63 0.15 -2902.28
v 146.39 0.15 -2903.23
v 134.75 0.15 -2920.26
v 136.49 0.15 -2921.25
v 127.89 0.15 -2932.01
v 129.61 0.15 -2933.03
v 106.98 0.15 -2966.71
v 108.71 0.15 -2967.72
v 99.30 0.15 -2980.38
v 101.06 0.15 -2981.33
v 92.22 0.15 -2994.06
v 94.00 0.15 -2994.96
v 80.60 0.15 -3017.43
v 82.39 0.15 -3018.31
v 62.66 0.15 -3054.18
v 64.47 0.15 -3055.04
v 55.61 0.15 -3069.23
v 57.44 0.15 -3070.05
v 51.22 0.15 -3079.30
v 53.06 0.15 -3080.08
v 47.02 0.15 -3089.51
v 48.88 0.15 -3090.25
v 31.31 0.15 -3130.70
v 33.16 0.15 -3131.45
v 29.37 0.15 -3135.21
v 31.19 0.15 -3136.04
v 24.98 0.15 -3144.34
v 26.77 0.15 -3145.24
v 20.09 0.15 -3153.43
v 21.83 0.15 -3154.40
v -0.05 0.15 -3188.46
v 1.70 0.15 -3189.43
v -18.20 0.15 -3222.28
v -16.45 0.15 -3223.25
v -26.10 0.15 -3236.38
v -24.37 0.15 -3237.39
v -37.61 0.15 -3255.55
v -35.90 0.15 -3256.60
v -64.67 0.15 -3298.66
v -62.96 0.15 -3299.71
v -78.58 0.15 -3322.03
v -76.84 0.15 -3323.02
v -93.24 0.15 -3348.87
v -91.47 0.15 -3349.81
v -100.00 0.15 -3361.84
v -98.22 0.15 -3362.74
v -104.52 0.15 -3370.92
v -102.72 0.15 -3371.80
v -120.84 0.15 -3404.99
v -119.02 0.15 -3405.84
v -125.73 0.15 -3415.82
v -123.88 0.15 -3416.59
v -130.44 0.15 -3428.06
v -128.55 0.15 -3428.72
v -132.58 0.15 -3434.79
v -130.66 0.15 -3435.36
v -134.43 0.15 -3441.63
v -132.48 0.15 -3442.10
v -135.93 0.15 -3448.50
v -133.96 0.15 -3448.87
v -137.05 0.15 -3455.25
v -135.07 0.15 -3455.53
v -137.80 0.15 -3461.72
v -135.81 0.15 -3461.91
v -138.27 0.15 -3467.94
v -136.27 0.15 -3468.05
v -138.49 0.15 -3473.84
v -136.49 0.15 -3473.88
v -138.54 0.15 -3484.52
v -136.54 0.15 -3484.50
v -138.09 0.15 -3503.88
v -136.09 0.15 -3503.83
v 200.90 0.00 -2810.00
v 202.74 0.00 -2810.78
v 199.36 0.00 -2813.61
v 201.14 0.00 -2814.53
v 197.31 0.00 -2817.01
v 198.98 0.00 -2818.12
v 180.14 0.00 -2839.98
v 181.77 0.00 -2841.15
v 176.74 0.00 -2844.92
v 178.41 0.00 -2846.02
v 170.52 0.00 -2854.78
v 172.23 0.00 -2855.80
v 162.33 0.00 -2869.27
v 164.08 0.00 -2870.24
v 144.63 0.00 -2902.28
v 146.39 0.00 -2903.23
v 134.75 0.00 -2920.26
v 136.49 0.00 -2921.25
v 127.89 0.00 -2932.01
v 129.61 0.00 -2933.03
v 106.98 0.00 -2966.71
v 108.71 0.00 -2967.72
v 99.30 0.00 -2980.38
v 101.06 0.00 -2981.33
v 92.22 0.00 -2994.06
v 94.00 0.00 -2994.96
v 80.60 0.00 -3017.43
v 82.39 0.00 -3018.31
v 62.66 0.00 -3054.18
v 64.47 0.00 -3055.04
v 55.61 0.00 -3069.23
v 57.44 0.00 -3070.05
v 51.22 0.00 -3079.30
v 53.06 0.00 -3080.08
v 47.02 0.00 -3089.51
v 48.88 0.00 -3090.25
v 31.31 0.00 -3130.70
v 33.16 0.00 -3131.45
v 29.37 0.00 -3135.21
v 31.19 0.00 -3136.04
v 24.98 0.00 -3144.34
v 26.77 0.00 -3145.24
v 20.09 0.00 -3153.43
v 21.83 0.00 -3154.40
v -0.05 0.00 -3188.46
v 1.70 0.00 -3189.43
v -18.20 0.00 -3222.28
v -16.45 0.00 -3223.25
v -26.10 0.00 -3236.38
v -24.37 0.00 -3237.39
v -37.61 0.00 -3255.55
v -35.90 0.00 -3256.60
v -64.67 0.00 -3298.66
v -62.96 0.00 -3299.71
v -78.58 0.00 -3322.03
v -76.84 0.00 -3323.02
v -93.24 0.00 -3348.87
v -91.47 0.00 -3349.81
v -100.00 0.00 -3361.84
v -98.22 0.00 -3362.74
v -104.52 0.00 -3370.92
v -102.72 0.00 -3371.80
v -120.84 0.00 -3404.99
v -119.02 0.00 -3405.84
v -125.73 0.00 -3415.82
v -123.88 0.00 -3416.59
v -130.44 0.00 -3428.06
v -128.55 0.00 -3428.72
v -132.58 0.00 -3434.79
v -130.66 0.00 -3435.36
v -134.43 0.00 -3441.63
v -132.48 0.00 -3442.10
v -135.93 0.00 -3448.50
v -133.96 0.00 -3448.87
v -137.05 0.00 -3455.25
v -135.07 0.00 -3455.53
v -137.80 0.00 -3461.72
v -135.81 0.00 -3461.91
v -138.27 0.00 -3467.94
v -136.27 0.00 -3468.05
v -138.49 0.00 -3473.84
v -136.49 0.00 -3473.88
v -138.54 0.00 -3484.52
v -136.54 0.00 -3484.50
v -138.09 0.00 -3503.88
v -136.09 0.00 -3503.83
v -1.25 0.15 -3243.45
v -3.04 0.15 -3242.56
v 9.91 0.15 -3220.83
v 8.13 0.15 -3219.93
v 17.14 0.15 -3206.81
v 15.37 0.15 -3205.87
v 25.51 0.15 -3191.70
v 23.77 0.15 -3190.71
v 40.46 0.15 -3165.81
v 38.70 0.15 -3164.84
v 45.96 0.15 -3155.36
v 44.18 0.15 -3154.46
v 48.55 0.15 -3150.07
v 46.73 0.15 -3149.23
v 55.20 0.15 -3134.95
v 53.36 0.15 -3134.17
v 72.62 0.15 -3091.93
v 70.77 0.15 -3091.16
v 78.94 0.15 -3077.06
v 77.11 0.15 -3076.25
v 88.55 0.15 -3056.23
v 86.74 0.15 -3055.38
v 112.89 0.15 -3005.69
v 111.10 0.15 -3004.79
v 120.48 0.15 -2991.05
v 118.72 0.15 -2990.10
v 128.41 0.15 -2976.88
v 126.67 0.15 -2975.88
v 136.57 0.15 -2963.05
v 134.86 0.15 -2962.02
v 154.71 0.15 -2933.55
v 153.01 0.15 -2932.50
v -1.25 0.00 -3243.45
v -3.04 0.00 -3242.56
v 9.91 0.00 -3220.83
v 8.13 0.00 -3219.93
v 17.14 0.00 -3206.81
v 15.37 0.00 -3205.87
v 25.51 0.00 -3191.70
v 23.77 0.00 -3190.71
v 40.46 0.00 -3165.81
v 38.70 0.00 -3164.84
v 45.96 0.00 -3155.36
v 44.18 0.00 -3154.46
v 48.55 0.00 -3150.07
v 46.73 0.00 -3149.23
v 55.20 0.00 -3134.95
v 53.36 0.00 -3134.17
v 72.62 0.00 -3091.93
v 70.77 0.00 -3091.16
v 78.94 0.00 -3077.06
v 77.11 0.00 -3076.25
v 88.55 0.00 -3056.23
v 86.74 0.00 -3055.38
v 112.89 0.00 -3005.69
v 111.10 0.00 -3004.79
v 120.48 0.00 -2991.05
v 118.72 0.00 -2990.10
v 128.41 0.00 -2976.88
v 126.67 0.00 -2975.88
v 136.57 0.00 -2963.05
v 134.86 0.00 -2962.02
v 154.71 0.00 -2933.55
v 153.01 0.00 -2932.50
f 5634 5636 5635 5633
f 5636 5638 5637 5635
f 5638 5640 5639 5637
f 5640 5642 5641 5639
f 5642 5644 5643 5641
f 5644 5646 5645 5643
f 5646 5648 5647 5645
f 5648 5650 5649 5647
f 5650 5652 5651 5649
f 5652 5654 5653 5651
f 5654 5656 5655 5653
f 5656 5658 5657 5655
f 5658 5660 5659 5657
f 5660 5662 5661 5659
f 5662 5664 5663 5661
f 5664 5666 5665 5663
f 5666 5668 5667 5665
f 5668 5670 5669 5667
f 5670 5672 5671 5669
f 5672 5674 5673 5671
f 5674 5676 5675 5673
f 5676 5678 5677 5675
f 5678 5680 5679 5677
f 5680 5682 5681 5679
f 5682 5684 5683 5681
f 5684 5686 5685 5683
f 5686 5688 5687 5685
f 5688 5690 5689 5687
f 5690 5692 5691 5689
f 5692 5694 5693 5691
f 5694 5696 5695 5693
f 5696 5698 5697 5695
f 5698 5700 5699 5697
f 5700 5702 5701 5699
f 5702 5704 5703 5701
f 5704 5706 5705 5703
f 5706 5708 5707 5705
f 5708 5710 5709 5707
f 5710 5712 5711 5709
f 5712 5714 5713 5711
f 5714 5716 5715 5713
f 5716 5718 5717 5715
f 5633 5719 5721 5635
f 5636 5722 5720 5634
f 5635 5721 5723 5637
f 5638 5724 5722 5636
f 5637 5723 5725 5639
f 5640 5726 5724 5638
f 5639 5725 5727 5641
f 5642 5728 5726 5640
f 5641 5727 5729 5643
f 5644 5730 5728 5642
f 5643 5729 5731 5645
f 5646 5732 5730 5644
f 5645 5731 5733 5647
f 5648 5734 5732 5646
f 5647 5733 5735 5649
f 5650 5736 5734 5648
f 5649 5735 5737 5651
f 5652 5738 5736 5650
f 5651 5737 5739 5653
f 5654 5740 5738 5652
f 5653 5739 5741 5655
f 5656 5742 5740 5654
f 5655 5741 5743 5657
f 5658 5744 5742 5656
f 5657 5743 5745 5659
f 5660 5746 5744 5658
f 5659 5745 5747 5661
f 5662 5748 5746 5660
f 5661 5747 5749 5663
f 5664 5750 5748 5662
f 5663 5749 5751 5665
f 5666 5752 5750 5664
f 5665 5751 5753 5667
f 5668 5754 5752 5666
f 5667 5753 5755 5669
f 5670 5756 5754 5668
f 5669 5755 5757 5671
f 5672 5758 5756 5670
f 5671 5757 5759 5673
f 5674 5760 5758 5672
f 5673 5759 5761 5675
f 5676 5762 5760 5674
f 5675 5761 5763 5677
f 5678 5764 5762 5676
f 5677 5763 5765 5679
f 5680 5766 5764 5678
f 5679 5765 5767 5681
f 5682 5768 5766 5680
f 5681 5767 5769 5683
f 5684 5770 5768 5682
f 5683 5769 5771 5685
f 5686 5772 5770 5684
f 5685 5771 5773 5687
f 5688 5774 5772 5686
f 5687 5773 5775 5689
f 5690 5776 5774 5688
f 5689 5775 5777 5691
f 5692 5778 5776 5690
f 5691 5777 5779 5693
f 5694 5780 5778 5692
f 5693 5779 5781 5695
f 5696 5782 5780 5694
f 5695 5781 5783 5697
f 5698 5784 5782 5696
f 5697 5783 5785 5699
f 5700 5786 5784 5698
f 5699 5785 5787 5701
f 5702 5788 5786 5700
f 5701 5787 5789 5703
f 5704 5790 5788 5702
f 5703 5789 5791 5705
f 5706 5792 5790 5704
f 5705 5791 5793 5707
f 5708 5794 5792 5706
f 5707 5793 5795 5709
f 5710 5796 5794 5708
f 5709 5795 5797 5711
f 5712 5798 5796 5710
f 5711 5797 5799 5713
f 5714 5800 5798 5712
f 5713 5799 5801 5715
f 5716 5802 5800 5714
f 5715 5801 5803 5717
f 5718 5804 5802 5716
f 5806 5808 5807 5805
f 5808 5810 5809 5807
f 5810 5812 5811 5809
f 5812 5814 5813 5811
f 5814 5816 5815 5813
f 5816 5818 5817 5815
f 5818 5820 5819 5817
f 5820 5822 5821 5819
f 5822 5824 5823 5821
f 5824 5826 5825 5823
f 5826 5828 5827 5825
f 5828 5830 5829 5827
f 5830 5832 5831 5829
f 5832 5834 5833 5831
f 5834 5836 5835 5833
f 5805 5837 5839 5807
f 5808 5840 5838 5806
f 5807 5839 5841 5809
f 5810 5842 5840 5808
f 5809 5841 5843 5811
f 5812 5844 5842 5810
f 5811 5843 5845 5813
f 5814 5846 5844 5812
f 5813 5845 5847 5815
f 5816 5848 5846 5814
f 5815 5847 5849 5817
f 5818 5850 5848 5816
f 5817 5849 5851 5819
f 5820 5852 5850 5818
f 5819 5851 5853 5821
f 5822 5854 5852 5820
f 5821 5853 5855 5823
f 5824 5856 5854 5822
f 5823 5855 5857 5825
f 5826 5858 5856 5824
f 5825 5857 5859 5827
f 5828 5860 5858 5826
f 5827 5859 5861 5829
f 5830 5862 5860 5828
f 5829 5861 5863 5831
f 5832 5864 5862 5830
f 5831 5863 5865 5833
f 5834 5866 5864 5832
f 5833 5865 5867 5835
f 5836 5868 5866 5834
o Pavement_-1_-7
v -217.91 0.15 -1370.04
v -217.47 0.15 -1368.09
v -129.87 0.15 -1390.03
v -129.45 0.15 -1388.08
v 47.62 0.15 -1426.33
v 48.04 0.15 -1424.37
v 63.67 0.15 -1430.00
v 64.17 0.15 -1428.07
v 79.43 0.15 -1434.44
v 80.01 0.15 -1432.53
v 89.69 0.15 -1437.84
v 90.36 0.15 -1435.96
v 99.93 0.15 -1441.80
v 100.71 0.15 -1439.95
v 104.89 0.15 -1444.05
v 105.76 0.15 -1442.25
v 109.86 0.15 -1446.62
v 110.82 0.15 -1444.86
v 114.79 0.15 -1449.48
v 115.84 0.15 -1447.78
v 119.63 0.15 -1452.63
v 120.76 0.15 -1450.99
v 124.34 0.15 -1456.04
v 125.54 0.15 -1454.45
v 128.86 0.15 -1459.61
v 130.14 0.15 -1458.07
v 137.62 0.15 -1467.26
v 138.97 0.15 -1465.78
v 141.68 0.15 -1471.13
v 143.08 0.15 -1469.70
v 149.79 0.15 -1479.36
v 151.24 0.15 -1477.99
v 157.63 0.15 -1488.06
v 159.15 0.15 -1486.76
v 165.11 0.15 -1497.34
v 166.70 0.15 -1496.13
v 172.01 0.15 -1506.98
v 173.66 0.15 -1505.86
v 178.20 0.15 -1516.62
v 179.91 0.15 -1515.57
v 186.60 0.15 -1530.91
v 188.34 0.15 -1529.93
v 200.06 0.15 -1555.77
v 201.82 0.15 -1554.83
v 235.50 0.15 -1624.55
v 237.28 0.15 -1623.65
v 249.44 0.15 -1652.86
v 251.24 0.15 -1651.98
v 268.00 0.15 -1691.19
v 269.79 0.15 -1690.30
v 279.85 0.15 -1714.63
v 281.65 0.15 -1713.75
v 284.25 0.15 -1723.95
v 286.08 0.15 -1723.15
v 288.21 0.15 -1733.64
v 290.08 0.15 -1732.92
v 291.85 0.15 -1743.67
v 293.73 0.15 -1743.00
v 300.41 0.15 -1768.35
v 302.31 0.15 -1767.73
v 304.93 0.15 -1782.98
v 306.85 0.15 -1782.45
v 307.33 0.15 -1792.81
v 309.28 0.15 -1792.38
v 308.29 0.15 -1797.70
v 310.26 0.15 -1797.36
v 309.88 0.15 -1808.23
v 311.87 0.15 -1807.98
v 311.01 0.15 -1819.49
v 313.01 0.15 -1819.33
v 311.66 0.15 -1831.40
v 313.66 0.15 -1831.33
v 311.77 0.15 -1837.31
v 313.77 0.15 -1837.32
v 311.45 0.15 -1849.40
v 313.45 0.15 -1849.50
v 311.03 0.15 -1855.22
v 313.02 0.15 -1855.41
v 309.66 0.15 -1867.03
v 311.64 0.15 -1867.32
v 307.64 0.15 -1878.56
v 309.60 0.15 -1878.95
v 305.17 0.15 -1889.82
v 307.12 0.15 -1890.27
v 296.54 0.15 -1926.35
v 298.50 0.15 -1926.79
v 293.24 0.15 -1941.86
v 295.20 0.15 -1942.26
v 289.57 0.15 -1960.69
v 291.53 0.15 -1961.07
v -217.91 0.00 -1370.04
v -217.47 0.00 -1368.09
v -129.87 0.00 -1390.03
v -129.45 0.00 -1388.08
v 47.62 0.00 -1426.33
v 48.04 0.00 -1424.37
v 63.67 0.00 -1430.00
v 64.17 0.00 -1428.07
v 79.43 0.00 -1434.44
v 80.01 0.00 -1432.53
v 89.69 0.00 -1437.84
v 90.36 0.00 -1435.96
v 99.93 0.00 -1441.80
v 100.71 0.00 -1439.95
v 104.89 0.00 -1444.05
v 105.76 0.00 -1442.25
v 109.86 0.00 -1446.62
v 110.82 0.00 -1444.86
v 114.79 0.00 -1449.48
v 115.84 0.00 -1447.78
v 119.63 0.00 -1452.63
v 120.76 0.00 -1450.99
v 124.34 0.00 -1456.04
v 125.54 0.00 -1454.45
v 128.86 0.00 -1459.61
v 130.14 0.00 -1458.07
v 137.62 0.00 -1467.26
v 138.97 0.00 -1465.78
v 141.68 0.00 -1471.13
v 143.08 0.00 -1469.70
v 149.79 0.00 -1479.36
v 151.24 0.00 -1477.99
v 157.63 0.00 -1488.06
v 159.15 0.00 -1486.76
v 165.11 0.00 -1497.34
v 166.70 0.00 -1496.13
v 172.01 0.00 -1506.98
v 173.66 0.00 -1505.86
v 178.20 0.00 -1516.62
v 179.91 0.00 -1515.57
v 186.60 0.00 -1530.91
v 188.34 0.00 -1529.93
v 200.06 0.00 -1555.77
v 201.82 0.00 -1554.83
v 235.50 0.00 -1624.55
v 237.28 0.00 -1623.65
v 249.44 0.00 -1652.86
v 251.24 0.00 -1651.98
v 268.00 0.00 -1691.19
v 269.79 0.00 -1690.30
v 279.85 0.00 -1714.63
v 281.65 0.00 -1713.75
v 284.25 0.00 -1723.95
v 286.08 0.00 -1723.15
v 288.21 0.00 -1733.64
v 290.08 0.00 -1732.92
v 291.85 0.00 -1743.67
v 293.73 0.00 -1743.00
v 300.41 0.00 -1768.35
v 302.31 0.00 -1767.73
v 304.93 0.00 -1782.98
v 306.85 0.00 -1782.45
v 307.33 0.00 -1792.81
v 309.28 0.00 -1792.38
v 308.29 0.00 -1797.70
v 310.26 0.00 -1797.36
v 309.88 0.00 -1808.23
v 311.87 0.00 -1807.98
v 311.01 0.00 -1819.49
v 313.01 0.00 -1819.33
v 311.66 0.00 -1831.40
v 313.66 0.00 -1831.33
v 311.77 0.00 -1837.31
v 313.77 0.00 -1837.32
v 311.45 0.00 -1849.40
v 313.45 0.00 -1849.50
v 311.03 0.00 -1855.22
v 313.02 0.00 -1855.41
v 309.66 0.00 -1867.03
v 311.64 0.00 -1867.32
v 307.64 0.00 -1878.56
v 309.60 0.00 -1878.95
v 305.17 0.00 -1889.82
v 307.12 0.00 -1890.27
v 296.54 0.00 -1926.35
v 298.50 0.00 -1926.79
v 293.24 0.00 -1941.86
v 295.20 0.00 -1942.26
v 289.57 0.00 -1960.69
v 291.53 0.00 -1961.07
v 295.83 0.15 -2058.24
v 293.88 0.15 -2057.79
v 300.21 0.15 -2038.92
v 298.25 0.15 -2038.49
v 307.51 0.15 -2004.23
v 305.55 0.15 -2003.83
v 323.03 0.15 -1926.98
v 321.07 0.15 -1926.56
v 326.65 0.15 -1911.76
v 324.70 0.15 -1911.28
v 334.55 0.15 -1881.08
v 332.61 0.15 -1880.62
v 336.73 0.15 -1870.62
v 334.77 0.15 -1870.25
v 337.63 0.15 -1865.33
v 335.65 0.15 -1865.02
v 338.37 0.15 -1860.04
v 336.39 0.15 -1859.80
v 339.43 0.15 -1849.50
v 337.44 0.15 -1849.36
v 339.90 0.15 -1838.60
v 337.90 0.15 -1838.56
v 339.87 0.15 -1832.77
v 337.87 0.15 -1832.84
v 339.22 0.15 -1821.15
v 337.22 0.15 -1821.31
v 338.55 0.15 -1815.02
v 336.57 0.15 -1815.28
v 336.71 0.15 -1803.02
v 334.74 0.15 -1803.36
v 335.52 0.15 -1796.80
v 333.56 0.15 -1797.21
v 332.69 0.15 -1784.45
v 330.75 0.15 -1784.94
v 329.21 0.15 -1772.02
v 327.30 0.15 -1772.60
v 327.20 0.15 -1765.80
v 325.30 0.15 -1766.44
v 325.03 0.15 -1759.66
v 323.16 0.15 -1760.36
v 320.38 0.15 -1747.94
v 318.54 0.15 -1748.72
v 310.62 0.15 -1726.08
v 308.80 0.15 -1726.91
v 298.01 0.15 -1699.25
v 296.20 0.15 -1700.11
v 275.72 0.15 -1653.40
v 273.92 0.15 -1654.27
v 232.56 0.15 -1562.73
v 230.76 0.15 -1563.60
v 225.06 0.15 -1547.32
v 223.27 0.15 -1548.21
v 214.63 0.15 -1527.22
v 212.87 0.15 -1528.17
v 206.45 0.15 -1512.50
v 204.72 0.15 -1513.51
v 197.55 0.15 -1498.04
v 195.88 0.15 -1499.14
v 190.96 0.15 -1488.52
v 189.34 0.15 -1489.70
v 180.48 0.15 -1474.80
v 178.91 0.15 -1476.05
v 173.09 0.15 -1465.86
v 171.57 0.15 -1467.15
v 165.44 0.15 -1457.13
v 163.96 0.15 -1458.48
v 157.49 0.15 -1448.67
v 156.06 0.15 -1450.06
v 153.23 0.15 -1444.42
v 151.85 0.15 -1445.87
v 144.46 0.15 -1436.56
v 143.18 0.15 -1438.09
v 139.69 0.15 -1432.82
v 138.50 0.15 -1434.42
v 134.83 0.15 -1429.37
v 133.72 0.15 -1431.03
v 129.85 0.15 -1426.22
v 128.83 0.15 -1427.94
v 124.80 0.15 -1423.38
v 123.86 0.15 -1425.15
v 119.73 0.15 -1420.84
v 118.88 0.15 -1422.65
v 114.58 0.15 -1418.56
v 113.82 0.15 -1420.41
v 104.50 0.15 -1414.81
v 103.87 0.15 -1416.71
v 89.49 0.15 -1410.41
v 88.97 0.15 -1412.35
v 79.39 0.15 -1407.93
v 78.94 0.15 -1409.88
v 64.39 0.15 -1404.61
v 63.98 0.15 -1406.56
v -30.21 0.15 -1385.09
v -30.61 0.15 -1387.05
v -132.97 0.15 -1364.23
v -133.39 0.15 -1366.18
v -164.36 0.15 -1357.04
v -164.82 0.15 -1358.99
v -211.38 0.15 -1345.60
v -211.85 0.15 -1347.54
v 295.83 0.00 -2058.24
v 293.88 0.00 -2057.79
v 300.21 0.00 -2038.92
v 298.25 0.00 -2038.49
v 307.51 0.00 -2004.23
v 305.55 0.00 -2003.83
v 323.03 0.00 -1926.98
v 321.07 0.00 -1926.56
v 326.65 0.00 -1911.76
v 324.70 0.00 -1911.28
v 334.55 0.00 -1881.08
v 332.61 0.00 -1880.62
v 336.73 0.00 -1870.62
v 334.77 0.00 -1870.25
v 337.63 0.00 -1865.33
v 335.65 0.00 -1865.02
v 338.37 0.00 -1860.04
v 336.39 0.00 -1859.80
v 339.43 0.00 -1849.50
v 337.44 0.00 -1849.36
v 339.90 0.00 -1838.60
v 337.90 0.00 -1838.56
v 339.87 0.00 -1832.77
v 337.87 0.00 -1832.84
v 339.22 0.00 -1821.15
v 337.22 0.00 -1821.31
v 338.55 0.00 -1815.02
v 336.57 0.00 -1815.28
v 336.71 0.00 -1803.02
v 334.74 0.00 -1803.36
v 335.52 0.00 -1796.80
v 333.56 0.00 -1797.21
v 332.69 0.00 -1784.45
v 330.75 0.00 -1784.94
v 329.21 0.00 -1772.02
v 327.30 0.00 -1772.60
v 327.20 0.00 -1765.80
v 325.30 0.00 -1766.44
v 325.03 0.00 -1759.66
v 323.16 0.00 -1760.36
v 320.38 0.00 -1747.94
v 318.54 0.00 -1748.72
v 310.62 0.00 -1726.08
v 308.80 0.00 -1726.91
v 298.01 0.00 -1699.25
v 296.20 0.00 -1700.11
v 275.72 0.00 -1653.40
v 273.92 0.00 -1654.27
v 232.56 0.00 -1562.73
v 230.76 0.00 -1563.60
v 225.06 0.00 -1547.32
v 223.27 0.00 -1548.21
v 214.63 0.00 -1527.22
v 212.87 0.00 -1528.17
v 206.45 0.00 -1512.50
v 204.72 0.00 -1513.51
v 197.55 0.00 -1498.04
v 195.88 0.00 -1499.14
v 190.96 0.00 -1488.52
v 189.34 0.00 -1489.70
v 180.48 0.00 -1474.80
v 178.91 0.00 -1476.05
v 173.09 0.00 -1465.86
v 171.57 0.00 -1467.15
v 165.44 0.00 -1457.13
v 163.96 0.00 -1458.48
v 157.49 0.00 -1448.67
v 156.06 0.00 -1450.06
v 153.23 0.00 -1444.42
v 151.85 0.00 -1445.87
v 144.46 0.00 -1436.56
v 143.18 0.00 -1438.09
v 139.69 0.00 -1432.82
v 138.50 0.00 -1434.42
v 134.83 0.00 -1429.37
v 133.72 0.00 -1431.03
v 129.85 0.00 -1426.22
v 128.83 0.00 -1427.94
v 124.80 0.00 -1423.38
v 123.86 0.00 -1425.15
v 119.73 0.00 -1420.84
v 118.88 0.00 -1422.65
v 114.58 0.00 -1418.56
v 113.82 0.00 -1420.41
v 104.50 0.00 -1414.81
v 103.87 0.00 -1416.71
v 89.49 0.00 -1410.41
v 88.97 0.00 -1412.35
v 79.39 0.00 -1407.93
v 78.94 0.00 -1409.88
v 64.39 0.00 -1404.61
v 63.98 0.00 -1406.56
v -30.21 0.00 -1385.09
v -30.61 0.00 -1387.05
v -132.97 0.00 -1364.23
v -133.39 0.00 -1366.18
v -164.36 0.00 -1357.04
v -164.82 0.00 -1358.99
v -211.38 0.00 -1345.60
v -211.85 0.00 -1347.54
f 5870 5872 5871 5869
f 5872 5874 5873 5871
f 5874 5876 5875 5873
f 5876 5878 5877 5875
f 5878 5880 5879 5877
f 5880 5882 5881 5879
f 5882 5884 5883 5881
f 5884 5886 5885 5883
f 5886 5888 5887 5885
f 5888 5890 5889 5887
f 5890 5892 5891 5889
f 5892 5894 5893 5891
f 5894 5896 5895 5893
f 5896 5898 5897 5895
f 5898 5900 5899 5897
f 5900 5902 5901 5899
f 5902 5904 5903 5901
f 5904 5906 5905 5903
f 5906 5908 5907 5905
f 5908 5910 5909 5907
f 5910 5912 5911 5909
f 5912 5914 5913 5911
f 5914 5916 5915 5913
f 5916 5918 5917 5915
f 5918 5920 5919 5917
f 5920 5922 5921 5919
f 5922 5924 5923 5921
f 5924 5926 5925 5923
f 5926 5928 5927 5925
f 5928 5930 5929 5927
f 5930 5932 5931 5929
f 5932 5934 5933 5931
f 5934 5936 5935 5933
f 5936 5938 5937 5935
f 5938 5940 5939 5937
f 5940 5942 5941 5939
f 5942 5944 5943 5941
f 5944 5946 5945 5943
f 5946 5948 5947 5945
f 5948 5950 5949 5947
f 5950 5952 5951 5949
f 5952 5954 5953 5951
f 5954 5956 5955 5953
f 5956 5958 5957 5955
f 5869 5959 5961 5871
f 5872 5962 5960 5870
f 5871 5961 5963 5873
f 5874 5964 5962 5872
f 5873 5963 5965 5875
f 5876 5966 5964 5874
f 5875 5965 5967 5877
f 5878 5968 5966 5876
f 5877 5967 5969 5879
f 5880 5970 5968 5878
f 5879 5969 5971 5881
f 5882 5972 5970 5880
f 5881 5971 5973 5883
f 5884 5974 5972 5882
f 5883 5973 5975 5885
f 5886 5976 5974 5884
f 5885 5975 5977 5887
f 5888 5978 5976 5886
f 5887 5977 5979 5889
f 5890 5980 5978 5888
f 5889 5979 5981 5891
f 5892 5982 5980 5890
f 5891 5981 5983 5893
f 5894 5984 5982 5892
f 5893 5983 5985 5895
f 5896 5986 5984 5894
f 5895 5985 5987 5897
f 5898 5988 5986 5896
f 5897 5987 5989 5899
f 5900 5990 5988 5898
f 5899 5989 5991 5901
f 5902 5992 5990 5900
f 5901 5991 5993 5903
f 5904 5994 5992 5902
f 5903 5993 5995 5905
f 5906 5996 5994 5904
f 5905 5995 5997 5907
f 5908 5998 5996 5906
f 5907 5997 5999 5909
f 5910 6000 5998 5908
f 5909 5999 6001 5911
f 5912 6002 6000 5910
f 5911 6001 6003 5913
f 5914 6004 6002 5912
f 5913 6003 6005 5915
f 5916 6006 6004 5914
f 5915 6005 6007 5917
f 5918 6008 6006 5916
f 5917 6007 6009 5919
f 5920 6010 6008 5918
f 5919 6009 6011 5921
f 5922 6012 6010 5920
f 5921 6011 6013 5923
f 5924 6014 6012 5922
f 5923 6013 6015 5925
f 5926 6016 6014 5924
f 5925 6015 6017 5927
f 5928 6018 6016 5926
f 5927 6017 6019 5929
f 5930 6020 6018 5928
f 5929 6019 6021 5931
f 5932 6022 6020 5930
f 5931 6021 6023 5933
f 5934 6024 6022 5932
f 5933 6023 6025 5935
f 5936 6026 6024 5934
f 5935 6025 6027 5937
f 5938 6028 6026 5936
f 5937 6027 6029 5939
f 5940 6030 6028 5938
f 5939 6029 6031 5941
f 5942 6032 6030 5940
f 5941 6031 6033 5943
f 5944 6034 6032 5942
f 5943 6033 6035 5945
f 5946 6036 6034 5944
f 5945 6035 6037 5947
f 5948 6038 6036 5946
f 5947 6037 6039 5949
f 5950 6040 6038 5948
f 5949 6039 6041 5951
f 5952 6042 6040 5950
f 5951 6041 6043 5953
f 5954 6044 6042 5952
f 5953 6043 6045 5955
f 5956 6046 6044 5954
f 5955 6045 6047 5957
f 5958 6048 6046 5956
f 6050 6052 6051 6049
f 6052 6054 6053 6051
f 6054 6056 6055 6053
f 6056 6058 6057 6055
f 6058 6060 6059 6057
f 6060 6062 6061 6059
f 6062 6064 6063 6061
f 6064 6066 6065 6063
f 6066 6068 6067 6065
f 6068 6070 6069 6067
f 6070 6072 6071 6069
f 6072 6074 6073 6071
f 6074 6076 6075 6073
f 6076 6078 6077 6075
f 6078 6080 6079 6077
f 6080 6082 6081 6079
f 6082 6084 6083 6081
f 6084 6086 6085 6083
f 6086 6088 6087 6085
f 6088 6090 6089 6087
f 6090 6092 6091 6089
f 6092 6094 6093 6091
f 6094 6096 6095 6093
f 6096 6098 6097 6095
f 6098 6100 6099 6097
f 6100 6102 6101 6099
f 6102 6104 6103 6101
f 6104 6106 6105 6103
f 6106 6108 6107 6105
f 6108 6110 6109 6107
f 6110 6112 6111 6109
f 6112 6114 6113 6111
f 6114 6116 6115 6113
f 6116 6118 6117 6115
f 6118 6120 6119 6117
f 6120 6122 6121 6119
f 6122 6124 6123 6121
f 6124 6126 6125 6123
f 6126 6128 6127 6125
f 6128 6130 6129 6127
f 6130 6132 6131 6129
f 6132 6134 6133 6131
f 6134 6136 6135 6133
f 6136 6138 6137 6135
f 6138 6140 6139 6137
f 6140 6142 6141 6139
f 6142 6144 6143 6141
f 6144 6146 6145 6143
f 6146 6148 6147 6145
f 6049 6149 6151 6051
f 6052 6152 6150 6050
f 6051 6151 6153 6053
f 6054 6154 6152 6052
f 6053 6153 6155 6055
f 6056 6156 6154 6054
f 6055 6155 6157 6057
f 6058 6158 6156 6056
f 6057 6157 6159 6059
f 6060 6160 6158 6058
f 6059 6159 6161 6061
f 6062 6162 6160 6060
f 6061 6161 6163 6063
f 6064 6164 6162 6062
f 6063 6163 6165 6065
f 6066 6166 6164 6064
f 6065 6165 6167 6067
f 6068 6168 6166 6066
f 6067 6167 6169 6069
f 6070 6170 6168 6068
f 6069 6169 6171 6071
f 6072 6172 6170 6070
f 6071 6171 6173 6073
f 6074 6174 6172 6072
f 6073 6173 6175 6075
f 6076 6176 6174 6074
f 6075 6175 6177 6077
f 6078 6178 6176 6076
f 6077 6177 6179 6079
f 6080 6180 6178 6078
f 6079 6179 6181 6081
f 6082 6182 6180 6080
f 6081 6181 6183 6083
f 6084 6184 6182 6082
f 6083 6183 6185 6085
f 6086 6186 6184 6084
f 6085 6185 6187 6087
f 6088 6188 6186 6086
f 6087 6187 6189 6089
f 6090 6190 6188 6088
f 6089 6189 6191 6091
f 6092 6192 6190 6090
f 6091 6191 6193 6093
f 6094 6194 6192 6092
f 6093 6193 6195 6095
f 6096 6196 6194 6094
f 6095 6195 6197 6097
f 6098 6198 6196 6096
f 6097 6197 6199 6099
f 6100 6200 6198 6098
f 6099 6199 6201 6101
f 6102 6202 6200 6100
f 6101 6201 6203 6103
f 6104 6204 6202 6102
f 6103 6203 6205 6105
f 6106 6206 6204 6104
f 6105 6205 6207 6107
f 6108 6208 6206 6106
f 6107 6207 6209 6109
f 6110 6210 6208 6108
f 6109 6209 6211 6111
f 6112 6212 6210 6110
f 6111 6211 6213 6113
f 6114 6214 6212 6112
f 6113 6213 6215 6115
f 6116 6216 6214 6114
f 6115 6215 6217 6117
f 6118 6218 6216 6116
f 6117 6217 6219 6119
f 6120 6220 6218 6118
f 6119 6219 6221 6121
f 6122 6222 6220 6120
f 6121 6221 6223 6123
f 6124 6224 6222 6122
f 6123 6223 6225 6125
f 6126 6226 6224 6124
f 6125 6225 6227 6127
f 6128 6228 6226 6126
f 6127 6227 6229 6129
f 6130 6230 6228 6128
f 6129 6229 6231 6131
f 6132 6232 6230 6130
f 6131 6231 6233 6133
f 6134 6234 6232 6132
f 6133 6233 6235 6135
f 6136 6236 6234 6134
f 6135 6235 6237 6137
f 6138 6238 6236 6136
f 6137 6237 6239 6139
f 6140 6240 6238 6138
f 6139 6239 6241 6141
f 6142 6242 6240 6140
f 6141 6241 6243 6143
f 6144 6244 6242 6142
f 6143 6243 6245 6145
f 6146 6246 6244 6144
f 6145 6245 6247 6147
f 6148 6248 6246 6146
o Pavement_-1_-8
v 299.15 0.15 -1953.80
v 298.75 0.15 -1955.76
v 202.21 0.15 -1933.84
v 201.82 0.15 -1935.80
v 186.21 0.15 -1930.72
v 185.86 0.15 -1932.69
v 174.59 0.15 -1928.85
v 174.31 0.15 -1930.83
v 168.37 0.15 -1928.09
v 168.18 0.15 -1930.08
v 156.15 0.15 -1927.18
v 156.06 0.15 -1929.18
v 149.93 0.15 -1927.10
v 149.94 0.15 -1929.10
v 143.81 0.15 -1927.26
v 143.92 0.15 -1929.26
v 132.20 0.15 -1928.19
v 132.42 0.15 -1930.18
v 120.76 0.15 -1929.73
v 121.07 0.15 -1931.71
v 109.29 0.15 -1931.72
v 109.67 0.15 -1933.68
v 92.39 0.15 -1935.36
v 92.83 0.15 -1937.31
v 50.18 0.15 -1945.63
v 50.63 0.15 -1947.58
v 35.14 0.15 -1948.82
v 35.53 0.15 -1950.78
v 25.36 0.15 -1950.56
v 25.68 0.15 -1952.54
v 10.62 0.15 -1952.77
v 10.90 0.15 -1954.75
v -14.08 0.15 -1956.04
v -13.85 0.15 -1958.03
v -23.91 0.15 -1957.07
v -23.73 0.15 -1959.06
v -33.75 0.15 -1957.75
v -33.66 0.15 -1959.75
v -49.06 0.15 -1958.01
v -49.07 0.15 -1960.01
v -88.81 0.15 -1957.01
v -88.84 0.15 -1959.01
v -105.87 0.15 -1956.88
v -105.86 0.15 -1958.88
v -126.85 0.15 -1957.17
v -126.80 0.15 -1959.17
v -159.99 0.15 -1958.22
v -159.95 0.15 -1960.22
v -171.09 0.15 -1958.25
v -171.10 0.15 -1960.25
v -198.94 0.15 -1957.78
v -198.99 0.15 -1959.78
v -215.76 0.15 -1957.19
v -215.86 0.15 -1959.19
v -226.37 0.15 -1956.47
v -226.54 0.15 -1958.46
v -273.18 0.15 -1952.06
v -273.37 0.15 -1954.05
v 299.15 0.00 -1953.80
v 298.75 0.00 -1955.76
v 202.21 0.00 -1933.84
v 201.82 0.00 -1935.80
v 186.21 0.00 -1930.72
v 185.86 0.00 -1932.69
v 174.59 0.00 -1928.85
v 174.31 0.00 -1930.83
v 168.37 0.00 -1928.09
v 168.18 0.00 -1930.08
v 156.15 0.00 -1927.18
v 156.06 0.00 -1929.18
v 149.93 0.00 -1927.10
v 149.94 0.00 -1929.10
v 143.81 0.00 -1927.26
v 143.92 0.00 -1929.26
v 132.20 0.00 -1928.19
v 132.42 0.00 -1930.18
v 120.76 0.00 -1929.73
v 121.07 0.00 -1931.71
v 109.29 0.00 -1931.72
v 109.67 0.00 -1933.68
v 92.39 0.00 -1935.36
v 92.83 0.00 -1937.31
v 50.18 0.00 -1945.63
v 50.63 0.00 -1947.58
v 35.14 0.00 -1948.82
v 35.53 0.00 -1950.78
v 25.36 0.00 -1950.56
v 25.68 0.00 -1952.54
v 10.62 0.00 -1952.77
v 10.90 0.00 -1954.75
v -14.08 0.00 -1956.04
v -13.85 0.00 -1958.03
v -23.91 0.00 -1957.07
v -23.73 0.00 -1959.06
v -33.75 0.00 -1957.75
v -33.66 0.00 -1959.75
v -49.06 0.00 -1958.01
v -49.07 0.00 -1960.01
v -88.81 0.00 -1957.01
v -88.84 0.00 -1959.01
v -105.87 0.00 -1956.88
v -105.86 0.00 -1958.88
v -126.85 0.00 -1957.17
v -126.80 0.00 -1959.17
v -159.99 0.00 -1958.22
v -159.95 0.00 -1960.22
v -171.09 0.00 -1958.25
v -171.10 0.00 -1960.25
v -198.94 0.00 -1957.78
v -198.99 0.00 -1959.78
v -215.76 0.00 -1957.19
v -215.86 0.00 -1959.19
v -226.37 0.00 -1956.47
v -226.54 0.00 -1958.46
v -273.18 0.00 -1952.06
v -273.37 0.00 -1954.05
v 296.09 0.15 -1968.68
v 295.69 0.15 -1970.64
v 199.22 0.15 -1948.74
v 198.83 0.15 -1950.70
v 183.56 0.15 -1945.69
v 183.21 0.15 -1947.66
v 172.45 0.15 -1943.91
v 172.17 0.15 -1945.89
v 166.88 0.15 -1943.22
v 166.69 0.15 -1945.21
v 155.48 0.15 -1942.38
v 155.39 0.15 -1944.38
v 150.02 0.15 -1942.30
v 150.03 0.15 -1944.30
v 144.62 0.15 -1942.44
v 144.73 0.15 -1944.44
v 133.82 0.15 -1943.30
v 134.04 0.15 -1945.29
v 123.07 0.15 -1944.75
v 123.38 0.15 -1946.73
v 112.19 0.15 -1946.64
v 112.57 0.15 -1948.60
v 95.79 0.15 -1950.17
v 96.23 0.15 -1952.12
v 53.55 0.15 -1960.46
v 54.00 0.15 -1962.41
v 38.05 0.15 -1963.74
v 38.44 0.15 -1965.70
v 27.82 0.15 -1965.56
v 28.14 0.15 -1967.54
v 12.74 0.15 -1967.83
v 13.02 0.15 -1969.81
v -12.29 0.15 -1971.13
v -12.06 0.15 -1973.12
v -22.59 0.15 -1972.22
v -22.41 0.15 -1974.21
v -33.10 0.15 -1972.95
v -33.01 0.15 -1974.95
v -49.13 0.15 -1973.21
v -49.14 0.15 -1975.21
v -89.06 0.15 -1972.21
v -89.09 0.15 -1974.21
v -105.82 0.15 -1972.08
v -105.81 0.15 -1974.08
v -126.50 0.15 -1972.37
v -126.45 0.15 -1974.37
v -159.73 0.15 -1973.42
v -159.69 0.15 -1975.42
v -171.20 0.15 -1973.45
v -171.21 0.15 -1975.45
v -199.33 0.15 -1972.98
v -199.38 0.15 -1974.98
v -216.54 0.15 -1972.37
v -216.64 0.15 -1974.37
v -227.60 0.15 -1971.62
v -227.77 0.15 -1973.61
v -274.61 0.15 -1967.19
v -274.80 0.15 -1969.18
v 296.09 0.00 -1968.68
v 295.69 0.00 -1970.64
v 199.22 0.00 -1948.74
v 198.83 0.00 -1950.70
v 183.56 0.00 -1945.69
v 183.21 0.00 -1947.66
v 172.45 0.00 -1943.91
v 172.17 0.00 -1945.89
v 166.88 0.00 -1943.22
v 166.69 0.00 -1945.21
v 155.48 0.00 -1942.38
v 155.39 0.00 -1944.38
v 150.02 0.00 -1942.30
v 150.03 0.00 -1944.30
v 144.62 0.00 -1942.44
v 144.73 0.00 -1944.44
v 133.82 0.00 -1943.30
v 134.04 0.00 -1945.29
v 123.07 0.00 -1944.75
v 123.38 0.00 -1946.73
v 112.19 0.00 -1946.64
v 112.57 0.00 -1948.60
v 95.79 0.00 -1950.17
v 96.23 0.00 -1952.12
v 53.55 0.00 -1960.46
v 54.00 0.00 -1962.41
v 38.05 0.00 -1963.74
v 38.44 0.00 -1965.70
v 27.82 0.00 -1965.56
v 28.14 0.00 -1967.54
v 12.74 0.00 -1967.83
v 13.02 0.00 -1969.81
v -12.29 0.00 -1971.13
v -12.06 0.00 -1973.12
v -22.59 0.00 -1972.22
v -22.41 0.00 -1974.21
v -33.10 0.00 -1972.95
v -33.01 0.00 -1974.95
v -49.13 0.00 -1973.21
v -49.14 0.00 -1975.21
v -89.06 0.00 -1972.21
v -89.09 0.00 -1974.21
v -105.82 0.00 -1972.08
v -105.81 0.00 -1974.08
v -126.50 0.00 -1972.37
v -126.45 0.00 -1974.37
v -159.73 0.00 -1973.42
v -159.69 0.00 -1975.42
v -171.20 0.00 -1973.45
v -171.21 0.00 -1975.45
v -199.33 0.00 -1972.98
v -199.38 0.00 -1974.98
v -216.54 0.00 -1972.37
v -216.64 0.00 -1974.37
v -227.60 0.00 -1971.62
v -227.77 0.00 -1973.61
v -274.61 0.00 -1967.19
v -274.80 0.00 -1969.18
f 6250 6252 6251 6249
f 6252 6254 6253 6251
f 6254 6256 6255 6253
f 6256 6258 6257 6255
f 6258 6260 6259 6257
f 6260 6262 6261 6259
f 6262 6264 6263 6261
f 6264 6266 6265 6263
f 6266 6268 6267 6265
f 6268 6270 6269 6267
f 6270 6272 6271 6269
f 6272 6274 6273 6271
f 6274 6276 6275 6273
f 6276 6278 6277 6275
f 6278 6280 6279 6277
f 6280 6282 6281 6279
f 6282 6284 6283 6281
f 6284 6286 6285 6283
f 6286 6288 6287 6285
f 6288 6290 6289 6287
f 6290 6292 6291 6289
f 6292 6294 6293 6291
f 6294 6296 6295 6293
f 6296 6298 6297 6295
f 6298 6300 6299 6297
f 6300 6302 6301 6299
f 6302 6304 6303 6301
f 6304 6306 6305 6303
f 6249 6307 6309 6251
f 6252 6310 6308 6250
f 6251 6309 6311 6253
f 6254 6312 6310 6252
f 6253 6311 6313 6255
f 6256 6314 6312 6254
f 6255 6313 6315 6257
f 6258 6316 6314 6256
f 6257 6315 6317 6259
f 6260 6318 6316 6258
f 6259 6317 6319 6261
f 6262 6320 6318 6260
f 6261 6319 6321 6263
f 6264 6322 6320 6262
f 6263 6321 6323 6265
f 6266 6324 6322 6264
f 6265 6323 6325 6267
f 6268 6326 6324 6266
f 6267 6325 6327 6269
f 6270 6328 6326 6268
f 6269 6327 6329 6271
f 6272 6330 6328 6270
f 6271 6329 6331 6273
f 6274 6332 6330 6272
f 6273 6331 6333 6275
f 6276 6334 6332 6274
f 6275 6333 6335 6277
f 6278 6336 6334 6276
f 6277 6335 6337 6279
f 6280 6338 6336 6278
f 6279 6337 6339 6281
f 6282 6340 6338 6280
f 6281 6339 6341 6283
f 6284 6342 6340 6282
f 6283 6341 6343 6285
f 6286 6344 6342 6284
f 6285 6343 6345 6287
f 6288 6346 6344 6286
f 6287 6345 6347 6289
f 6290 6348 6346 6288
f 6289 6347 6349 6291
f 6292 6350 6348 6290
f 6291 6349 6351 6293
f 6294 6352 6350 6292
f 6293 6351 6353 6295
f 6296 6354 6352 6294
f 6295 6353 6355 6297
f 6298 6356 6354 6296
f 6297 6355 6357 6299
f 6300 6358 6356 6298
f 6299 6357 6359 6301
f 6302 6360 6358 6300
f 6301 6359 6361 6303
f 6304 6362 6360 6302
f 6303 6361 6363 6305
f 6306 6364 6362 6304
f 6366 6368 6367 6365
f 6368 6370 6369 6367
f 6370 6372 6371 6369
f 6372 6374 6373 6371
f 6374 6376 6375 6373
f 6376 6378 6377 6375
f 6378 6380 6379 6377
f 6380 6382 6381 6379
f 6382 6384 6383 6381
f 6384 6386 6385 6383
f 6386 6388 6387 6385
f 6388 6390 6389 6387
f 6390 6392 6391 6389
f 6392 6394 6393 6391
f 6394 6396 6395 6393
f 6396 6398 6397 6395
f 6398 6400 6399 6397
f 6400 6402 6401 6399
f 6402 6404 6403 6401
f 6404 6406 6405 6403
f 6406 6408 6407 6405
f 6408 6410 6409 6407
f 6410 6412 6411 6409
f 6412 6414 6413 6411
f 6414 6416 6415 6413
f 6416 6418 6417 6415
f 6418 6420 6419 6417
f 6420 6422 6421 6419
f 6365 6423 6425 6367
f 6368 6426 6424 6366
f 6367 6425 6427 6369
f 6370 6428 6426 6368
f 6369 6427 6429 6371
f 6372 6430 6428 6370
f 6371 6429 6431 6373
f 6374 6432 6430 6372
f 6373 6431 6433 6375
f 6376 6434 6432 6374
f 6375 6433 6435 6377
f 6378 6436 6434 6376
f 6377 6435 6437 6379
f 6380 6438 6436 6378
f 6379 6437 6439 6381
f 6382 6440 6438 6380
f 6381 6439 6441 6383
f 6384 6442 6440 6382
f 6383 6441 6443 6385
f 6386 6444 6442 6384
f 6385 6443 6445 6387
f 6388 6446 6444 6386
f 6387 6445 6447 6389
f 6390 6448 6446 6388
f 6389 6447 6449 6391
f 6392 6450 6448 6390
f 6391 6449 6451 6393
f 6394 6452 6450 6392
f 6393 6451 6453 6395
f 6396 6454 6452 6394
f 6395 6453 6455 6397
f 6398 6456 6454 6396
f 6397 6455 6457 6399
f 6400 6458 6456 6398
f 6399 6457 6459 6401
f 6402 6460 6458 6400
f 6401 6459 6461 6403
f 6404 6462 6460 6402
f 6403 6461 6463 6405
f 6406 6464 6462 6404
f 6405 6463 6465 6407
f 6408 6466 6464 6406
f 6407 6465 6467 6409
f 6410 6468 6466 6408
f 6409 6467 6469 6411
f 6412 6470 6468 6410
f 6411 6469 6471 6413
f 6414 6472 6470 6412
f 6413 6471 6473 6415
f 6416 6474 6472 6414
f 6415 6473 6475 6417
f 6418 6476 6474 6416
f 6417 6475 6477 6419
f 6420 6478 6476 6418
f 6419 6477 6479 6421
f 6422 6480 6478 6420
o Pavement_-1_-9
v 65.55 0.15 -2537.11
v 63.87 0.15 -2536.02
v 162.38 0.15 -2387.05
v 160.71 0.15 -2385.95
v 183.21 0.15 -2356.08
v 181.56 0.15 -2354.95
v 209.99 0.15 -2318.21
v 208.34 0.15 -2317.07
v 219.89 0.15 -2303.44
v 218.21 0.15 -2302.35
v 226.79 0.15 -2292.46
v 225.08 0.15 -2291.42
v 233.76 0.15 -2280.71
v 232.02 0.15 -2279.71
v 240.43 0.15 -2268.73
v 238.67 0.15 -2267.78
v 246.37 0.15 -2257.16
v 244.58 0.15 -2256.28
v 249.05 0.15 -2251.53
v 247.23 0.15 -2250.70
v 253.62 0.15 -2240.89
v 251.76 0.15 -2240.15
v 259.14 0.15 -2225.76
v 257.25 0.15 -2225.11
v 265.46 0.15 -2205.96
v 263.54 0.15 -2205.38
v 268.35 0.15 -2195.81
v 266.42 0.15 -2195.29
v 271.01 0.15 -2185.48
v 269.07 0.15 -2185.00
v 274.63 0.15 -2169.86
v 272.67 0.15 -2169.43
v 277.84 0.15 -2154.32
v 275.88 0.15 -2153.94
v 289.77 0.15 -2088.79
v 287.80 0.15 -2088.41
v 295.88 0.15 -2058.03
v 293.92 0.15 -2057.64
v 65.55 0.00 -2537.11
v 63.87 0.00 -2536.02
v 162.38 0.00 -2387.05
v 160.71 0.00 -2385.95
v 183.21 0.00 -2356.08
v 181.56 0.00 -2354.95
v 209.99 0.00 -2318.21
v 208.34 0.00 -2317.07
v 219.89 0.00 -2303.44
v 218.21 0.00 -2302.35
v 226.79 0.00 -2292.46
v 225.08 0.00 -2291.42
v 233.76 0.00 -2280.71
v 232.02 0.00 -2279.71
v 240.43 0.00 -2268.73
v 238.67 0.00 -2267.78
v 246.37 0.00 -2257.16
v 244.58 0.00 -2256.28
v 249.05 0.00 -2251.53
v 247.23 0.00 -2250.70
v 253.62 0.00 -2240.89
v 251.76 0.00 -2240.15
v 259.14 0.00 -2225.76
v 257.25 0.00 -2225.11
v 265.46 0.00 -2205.96
v 263.54 0.00 -2205.38
v 268.35 0.00 -2195.81
v 266.42 0.00 -2195.29
v 271.01 0.00 -2185.48
v 269.07 0.00 -2185.00
v 274.63 0.00 -2169.86
v 272.67 0.00 -2169.43
v 277.84 0.00 -2154.32
v 275.88 0.00 -2153.94
v 289.77 0.00 -2088.79
v 287.80 0.00 -2088.41
v 295.88 0.00 -2058.03
v 293.92 0.00 -2057.64
f 6482 6484 6483 6481
f 6484 6486 6485 6483
f 6486 6488 6487 6485
f 6488 6490 6489 6487
f 6490 6492 6491 6489
f 6492 6494 6493 6491
f 6494 6496 6495 6493
f 6496 6498 6497 6495
f 6498 6500 6499 6497
f 6500 6502 6501 6499
f 6502 6504 6503 6501
f 6504 6506 6505 6503
f 6506 6508 6507 6505
f 6508 6510 6509 6507
f 6510 6512 6511 6509
f 6512 6514 6513 6511
f 6514 6516 6515 6513
f 6516 6518 6517 6515
f 6481 6519 6521 6483
f 6484 6522 6520 6482
f 6483 6521 6523 6485
f 6486 6524 6522 6484
f 6485 6523 6525 6487
f 6488 6526 6524 6486
f 6487 6525 6527 6489
f 6490 6528 6526 6488
f 6489 6527 6529 6491
f 6492 6530 6528 6490
f 6491 6529 6531 6493
f 6494 6532 6530 6492
f 6493 6531 6533 6495
f 6496 6534 6532 6494
f 6495 6533 6535 6497
f 6498 6536 6534 6496
f 6497 6535 6537 6499
f 6500 6538 6536 6498
f 6499 6537 6539 6501
f 6502 6540 6538 6500
f 6501 6539 6541 6503
f 6504 6542 6540 6502
f 6503 6541 6543 6505
f 6506 6544 6542 6504
f 6505 6543 6545 6507
f 6508 6546 6544 6506
f 6507 6545 6547 6509
f 6510 6548 6546 6508
f 6509 6547 6549 6511
f 6512 6550 6548 6510
f 6511 6549 6551 6513
f 6514 6552 6550 6512
f 6513 6551 6553 6515
f 6516 6554 6552 6514
f 6515 6553 6555 6517
f 6518 6556 6554 6516
o Pavement_-2_-10
v 546.83 0.15 -2168.19
v 548.55 0.15 -2169.21
v 532.66 0.15 -2192.25
v 534.38 0.15 -2193.29
v 524.14 0.15 -2205.99
v 525.82 0.15 -2207.07
v 518.12 0.15 -2215.06
v 519.77 0.15 -2216.19
v 501.64 0.15 -2238.59
v 503.29 0.15 -2239.72
v 495.18 0.15 -2248.30
v 496.87 0.15 -2249.37
v 492.07 0.15 -2253.51
v 493.82 0.15 -2254.50
v 489.16 0.15 -2258.96
v 490.95 0.15 -2259.85
v 486.50 0.15 -2264.71
v 488.34 0.15 -2265.50
v 484.11 0.15 -2270.70
v 485.99 0.15 -2271.39
v 482.04 0.15 -2276.83
v 483.95 0.15 -2277.43
v 480.24 0.15 -2282.97
v 482.17 0.15 -2283.49
v 477.42 0.15 -2294.54
v 479.37 0.15 -2294.99
v 473.02 0.15 -2314.67
v 474.96 0.15 -2315.15
v 471.83 0.15 -2319.00
v 473.75 0.15 -2319.58
v 470.43 0.15 -2323.24
v 472.31 0.15 -2323.93
v 468.72 0.15 -2327.46
v 470.55 0.15 -2328.27
v 466.65 0.15 -2331.79
v 468.43 0.15 -2332.71
v 455.31 0.15 -2352.36
v 457.08 0.15 -2353.28
v 452.44 0.15 -2358.23
v 454.26 0.15 -2359.06
v 449.87 0.15 -2364.18
v 451.73 0.15 -2364.93
v 447.64 0.15 -2370.21
v 449.53 0.15 -2370.86
v 445.71 0.15 -2376.22
v 447.62 0.15 -2376.80
v 439.33 0.15 -2398.80
v 441.24 0.15 -2399.40
v 437.59 0.15 -2403.76
v 439.46 0.15 -2404.47
v 435.61 0.15 -2408.56
v 437.43 0.15 -2409.38
v 433.40 0.15 -2413.12
v 435.17 0.15 -2414.05
v 428.05 0.15 -2422.42
v 429.75 0.15 -2423.46
v 421.90 0.15 -2431.86
v 423.57 0.15 -2432.97
v 368.35 0.15 -2511.38
v 370.00 0.15 -2512.51
v 351.62 0.15 -2535.40
v 353.25 0.15 -2536.56
v 332.93 0.15 -2560.92
v 334.55 0.15 -2562.11
v 546.83 0.00 -2168.19
v 548.55 0.00 -2169.21
v 532.66 0.00 -2192.25
v 534.38 0.00 -2193.29
v 524.14 0.00 -2205.99
v 525.82 0.00 -2207.07
v 518.12 0.00 -2215.06
v 519.77 0.00 -2216.19
v 501.64 0.00 -2238.59
v 503.29 0.00 -2239.72
v 495.18 0.00 -2248.30
v 496.87 0.00 -2249.37
v 492.07 0.00 -2253.51
v 493.82 0.00 -2254.50
v 489.16 0.00 -2258.96
v 490.95 0.00 -2259.85
v 486.50 0.00 -2264.71
v 488.34 0.00 -2265.50
v 484.11 0.00 -2270.70
v 485.99 0.00 -2271.39
v 482.04 0.00 -2276.83
v 483.95 0.00 -2277.43
v 480.24 0.00 -2282.97
v 482.17 0.00 -2283.49
v 477.42 0.00 -2294.54
v 479.37 0.00 -2294.99
v 473.02 0.00 -2314.67
v 474.96 0.00 -2315.15
v 471.83 0.00 -2319.00
v 473.75 0.00 -2319.58
v 470.43 0.00 -2323.24
v 472.31 0.00 -2323.93
v 468.72 0.00 -2327.46
v 470.55 0.00 -2328.27
v 466.65 0.00 -2331.79
v 468.43 0.00 -2332.71
v 455.31 0.00 -2352.36
v 457.08 0.00 -2353.28
v 452.44 0.00 -2358.23
v 454.26 0.00 -2359.06
v 449.87 0.00 -2364.18
v 451.73 0.00 -2364.93
v 447.64 0.00 -2370.21
v 449.53 0.00 -2370.86
v 445.71 0.00 -2376.22
v 447.62 0.00 -2376.80
v 439.33 0.00 -2398.80
v 441.24 0.00 -2399.40
v 437.59 0.00 -2403.76
v 439.46 0.00 -2404.47
v 435.61 0.00 -2408.56
v 437.43 0.00 -2409.38
v 433.40 0.00 -2413.12
v 435.17 0.00 -2414.05
v 428.05 0.00 -2422.42
v 429.75 0.00 -2423.46
v 421.90 0.00 -2431.86
v 423.57 0.00 -2432.97
v 368.35 0.00 -2511.38
v 370.00 0.00 -2512.51
v 351.62 0.00 -2535.40
v 353.25 0.00 -2536.56
v 332.93 0.00 -2560.92
v 334.55 0.00 -2562.11
v 558.89 0.15 -2175.29
v 560.61 0.15 -2176.31
v 544.64 0.15 -2199.49
v 546.36 0.15 -2200.53
v 535.92 0.15 -2213.55
v 537.60 0.15 -2214.63
v 529.69 0.15 -2222.95
v 531.34 0.15 -2224.08
v 513.21 0.15 -2246.48
v 514.86 0.15 -2247.61
v 507.03 0.15 -2255.77
v 508.72 0.15 -2256.84
v 504.26 0.15 -2260.40
v 506.01 0.15 -2261.39
v 501.69 0.15 -2265.21
v 503.48 0.15 -2266.10
v 499.36 0.15 -2270.24
v 501.20 0.15 -2271.03
v 497.25 0.15 -2275.53
v 499.13 0.15 -2276.22
v 495.39 0.15 -2281.03
v 497.30 0.15 -2281.63
v 493.77 0.15 -2286.59
v 495.70 0.15 -2287.11
v 491.07 0.15 -2297.69
v 493.02 0.15 -2298.14
v 486.62 0.15 -2318.03
v 488.56 0.15 -2318.51
v 485.23 0.15 -2323.06
v 487.15 0.15 -2323.64
v 483.57 0.15 -2328.07
v 485.45 0.15 -2328.76
v 481.53 0.15 -2333.11
v 483.36 0.15 -2333.92
v 479.11 0.15 -2338.19
v 480.89 0.15 -2339.11
v 467.74 0.15 -2358.82
v 469.51 0.15 -2359.74
v 465.16 0.15 -2364.08
v 466.98 0.15 -2364.91
v 462.87 0.15 -2369.39
v 464.73 0.15 -2370.14
v 460.87 0.15 -2374.78
v 462.76 0.15 -2375.43
v 459.12 0.15 -2380.26
v 461.03 0.15 -2380.84
v 452.68 0.15 -2403.02
v 454.59 0.15 -2403.62
v 450.68 0.15 -2408.75
v 452.55 0.15 -2409.46
v 448.39 0.15 -2414.28
v 450.21 0.15 -2415.10
v 445.79 0.15 -2419.67
v 447.56 0.15 -2420.60
v 439.99 0.15 -2429.74
v 441.69 0.15 -2430.78
v 433.57 0.15 -2439.59
v 435.24 0.15 -2440.70
v 379.90 0.15 -2519.29
v 381.55 0.15 -2520.42
v 363.01 0.15 -2543.54
v 364.64 0.15 -2544.70
v 344.23 0.15 -2569.19
v 345.85 0.15 -2570.38
v 558.89 0.00 -2175.29
v 560.61 0.00 -2176.31
v 544.64 0.00 -2199.49
v 546.36 0.00 -2200.53
v 535.92 0.00 -2213.55
v 537.60 0.00 -2214.63
v 529.69 0.00 -2222.95
v 531.34 0.00 -2224.08
v 513.21 0.00 -2246.48
v 514.86 0.00 -2247.61
v 507.03 0.00 -2255.77
v 508.72 0.00 -2256.84
v 504.26 0.00 -2260.40
v 506.01 0.00 -2261.39
v 501.69 0.00 -2265.21
v 503.48 0.00 -2266.10
v 499.36 0.00 -2270.24
v 501.20 0.00 -2271.03
v 497.25 0.00 -2275.53
v 499.13 0.00 -2276.22
v 495.39 0.00 -2281.03
v 497.30 0.00 -2281.63
v 493.77 0.00 -2286.59
v 495.70 0.00 -2287.11
v 491.07 0.00 -2297.69
v 493.02 0.00 -2298.14
v 486.62 0.00 -2318.03
v 488.56 0.00 -2318.51
v 485.23 0.00 -2323.06
v 487.15 0.00 -2323.64
v 483.57 0.00 -2328.07
v 485.45 0.00 -2328.76
v 481.53 0.00 -2333.11
v 483.36 0.00 -2333.92
v 479.11 0.00 -2338.19
v 480.89 0.00 -2339.11
v 467.74 0.00 -2358.82
v 469.51 0.00 -2359.74
v 465.16 0.00 -2364.08
v 466.98 0.00 -2364.91
v 462.87 0.00 -2369.39
v 464.73 0.00 -2370.14
v 460.87 0.00 -2374.78
v 462.76 0.00 -2375.43
v 459.12 0.00 -2380.26
v 461.03 0.00 -2380.84
v 452.68 0.00 -2403.02
v 454.59 0.00 -2403.62
v 450.68 0.00 -2408.75
v 452.55 0.00 -2409.46
v 448.39 0.00 -2414.28
v 450.21 0.00 -2415.10
v 445.79 0.00 -2419.67
v 447.56 0.00 -2420.60
v 439.99 0.00 -2429.74
v 441.69 0.00 -2430.78
v 433.57 0.00 -2439.59
v 435.24 0.00 -2440.70
v 379.90 0.00 -2519.29
v 381.55 0.00 -2520.42
v 363.01 0.00 -2543.54
v 364.64 0.00 -2544.70
v 344.23 0.00 -2569.19
v 345.85 0.00 -2570.38
f 6558 6560 6559 6557
f 6560 6562 6561 6559
f 6562 6564 6563 6561
f 6564 6566 6565 6563
f 6566 6568 6567 6565
f 6568 6570 6569 6567
f 6570 6572 6571 6569
f 6572 6574 6573 6571
f 6574 6576 6575 6573
f 6576 6578 6577 6575
f 6578 6580 6579 6577
f 6580 6582 6581 6579
f 6582 6584 6583 6581
f 6584 6586 6585 6583
f 6586 6588 6587 6585
f 6588 6590 6589 6587
f 6590 6592 6591 6589
f 6592 6594 6593 6591
f 6594 6596 6595 6593
f 6596 6598 6597 6595
f 6598 6600 6599 6597
f 6600 6602 6601 6599
f 6602 6604 6603 6601
f 6604 6606 6605 6603
f 6606 6608 6607 6605
f 6608 6610 6609 6607
f 6610 6612 6611 6609
f 6612 6614 6613 6611
f 6614 6616 6615 6613
f 6616 6618 6617 6615
f 6618 6620 6619 6617
f 6557 6621 6623 6559
f 6560 6624 6622 6558
f 6559 6623 6625 6561
f 6562 6626 6624 6560
f 6561 6625 6627 6563
f 6564 6628 6626 6562
f 6563 6627 6629 6565
f 6566 6630 6628 6564
f 6565 6629 6631 6567
f 6568 6632 6630 6566
f 6567 6631 6633 6569
f 6570 6634 6632 6568
f 6569 6633 6635 6571
f 6572 6636 6634 6570
f 6571 6635 6637 6573
f 6574 6638 6636 6572
f 6573 6637 6639 6575
f 6576 6640 6638 6574
f 6575 6639 6641 6577
f 6578 6642 6640 6576
f 6577 6641 6643 6579
f 6580 6644 6642 6578
f 6579 6643 6645 6581
f 6582 6646 6644 6580
f 6581 6645 6647 6583
f 6584 6648 6646 6582
f 6583 6647 6649 6585
f 6586 6650 6648 6584
f 6585 6649 6651 6587
f 6588 6652 6650 6586
f 6587 6651 6653 6589
f 6590 6654 6652 6588
f 6589 6653 6655 6591
f 6592 6656 6654 6590
f 6591 6655 6657 6593
f 6594 6658 6656 6592
f 6593 6657 6659 6595
f 6596 6660 6658 6594
f 6595 6659 6661 6597
f 6598 6662 6660 6596
f 6597 6661 6663 6599
f 6600 6664 6662 6598
f 6599 6663 6665 6601
f 6602 6666 6664 6600
f 6601 6665 6667 6603
f 6604 6668 6666 6602
f 6603 6667 6669 6605
f 6606 6670 6668 6604
f 6605 6669 6671 6607
f 6608 6672 6670 6606
f 6607 6671 6673 6609
f 6610 6674 6672 6608
f 6609 6673 6675 6611
f 6612 6676 6674 6610
f 6611 6675 6677 6613
f 6614 6678 6676 6612
f 6613 6677 6679 6615
f 6616 6680 6678 6614
f 6615 6679 6681 6617
f 6618 6682 6680 6616
f 6617 6681 6683 6619
f 6620 6684 6682 6618
f 6686 6688 6687 6685
f 6688 6690 6689 6687
f 6690 6692 6691 6689
f 6692 6694 6693 6691
f 6694 6696 6695 6693
f 6696 6698 6697 6695
f 6698 6700 6699 6697
f 6700 6702 6701 6699
f 6702 6704 6703 6701
f 6704 6706 6705 6703
f 6706 6708 6707 6705
f 6708 6710 6709 6707
f 6710 6712 6711 6709
f 6712 6714 6713 6711
f 6714 6716 6715 6713
f 6716 6718 6717 6715
f 6718 6720 6719 6717
f 6720 6722 6721 6719
f 6722 6724 6723 6721
f 6724 6726 6725 6723
f 6726 6728 6727 6725
f 6728 6730 6729 6727
f 6730 6732 6731 6729
f 6732 6734 6733 6731
f 6734 6736 6735 6733
f 6736 6738 6737 6735
f 6738 6740 6739 6737
f 6740 6742 6741 6739
f 6742 6744 6743 6741
f 6744 6746 6745 6743
f 6746 6748 6747 6745
f 6685 6749 6751 6687
f 6688 6752 6750 6686
f 6687 6751 6753 6689
f 6690 6754 6752 6688
f 6689 6753 6755 6691
f 6692 6756 6754 6690
f 6691 6755 6757 6693
f 6694 6758 6756 6692
f 6693 6757 6759 6695
f 6696 6760 6758 6694
f 6695 6759 6761 6697
f 6698 6762 6760 6696
f 6697 6761 6763 6699
f 6700 6764 6762 6698
f 6699 6763 6765 6701
f 6702 6766 6764 6700
f 6701 6765 6767 6703
f 6704 6768 6766 6702
f 6703 6767 6769 6705
f 6706 6770 6768 6704
f 6705 6769 6771 6707
f 6708 6772 6770 6706
f 6707 6771 6773 6709
f 6710 6774 6772 6708
f 6709 6773 6775 6711
f 6712 6776 6774 6710
f 6711 6775 6777 6713
f 6714 6778 6776 6712
f 6713 6777 6779 6715
f 6716 6780 6778 6714
f 6715 6779 6781 6717
f 6718 6782 6780 6716
f 6717 6781 6783 6719
f 6720 6784 6782 6718
f 6719 6783 6785 6721
f 6722 6786 6784 6720
f 6721 6785 6787 6723
f 6724 6788 6786 6722
f 6723 6787 6789 6725
f 6726 6790 6788 6724
f 6725 6789 6791 6727
f 6728 6792 6790 6726
f 6727 6791 6793 6729
f 6730 6794 6792 6728
f 6729 6793 6795 6731
f 6732 6796 6794 6730
f 6731 6795 6797 6733
f 6734 6798 6796 6732
f 6733 6797 6799 6735
f 6736 6800 6798 6734
f 6735 6799 6801 6737
f 6738 6802 6800 6736
f 6737 6801 6803 6739
f 6740 6804 6802 6738
f 6739 6803 6805 6741
f 6742 6806 6804 6740
f 6741 6805 6807 6743
f 6744 6808 6806 6742
f 6743 6807 6809 6745
f 6746 6810 6808 6744
f 6745 6809 6811 6747
f 6748 6812 6810 6746
o Pavement_-2_-11
v 690.70 0.15 -2803.10
v 689.55 0.15 -2804.74
v 634.97 0.15 -2763.93
v 633.80 0.15 -2765.55
v 538.96 0.15 -2693.98
v 537.79 0.15 -2695.60
v 479.76 0.15 -2652.26
v 478.60 0.15 -2653.89
v 446.50 0.15 -2628.18
v 445.35 0.15 -2629.82
v 401.32 0.15 -2597.76
v 400.20 0.15 -2599.41
v 281.37 0.15 -2515.50
v 280.23 0.15 -2517.14
v 129.81 0.15 -2410.79
v 128.67 0.15 -2412.44
v 690.70 0.00 -2803.10
v 689.55 0.00 -2804.74
v 634.97 0.00 -2763.93
v 633.80 0.00 -2765.55
v 538.96 0.00 -2693.98
v 537.79 0.00 -2695.60
v 479.76 0.00 -2652.26
v 478.60 0.00 -2653.89
v 446.50 0.00 -2628.18
v 445.35 0.00 -2629.82
v 401.32 0.00 -2597.76
v 400.20 0.00 -2599.41
v 281.37 0.00 -2515.50
v 280.23 0.00 -2517.14
v 129.81 0.00 -2410.79
v 128.67 0.00 -2412.44
v 335.86 0.15 -2724.19
v 334.22 0.15 -2723.04
v 411.76 0.15 -2615.48
v 410.12 0.15 -2614.33
v 335.86 0.00 -2724.19
v 334.22 0.00 -2723.04
v 411.76 0.00 -2615.48
v 410.12 0.00 -2614.33
v 324.38 0.15 -2716.18
v 322.74 0.15 -2715.03
v 400.28 0.15 -2607.47
v 398.64 0.15 -2606.32
v 324.38 0.00 -2716.18
v 322.74 0.00 -2715.03
v 400.28 0.00 -2607.47
v 398.64 0.00 -2606.32
v 651.45 0.15 -2933.49
v 650.32 0.15 -2935.13
v 499.08 0.15 -2828.08
v 497.94 0.15 -2829.73
v 379.15 0.15 -2744.74
v 378.02 0.15 -2746.39
v 333.48 0.15 -2713.55
v 332.34 0.15 -2715.19
v 261.98 0.15 -2663.00
v 260.83 0.15 -2664.64
v 202.27 0.15 -2621.92
v 201.14 0.15 -2623.57
v 82.91 0.15 -2540.42
v 81.78 0.15 -2542.07
v 55.70 0.15 -2521.54
v 54.56 0.15 -2523.19
v 651.45 0.00 -2933.49
v 650.32 0.00 -2935.13
v 499.08 0.00 -2828.08
v 497.94 0.00 -2829.73
v 379.15 0.00 -2744.74
v 378.02 0.00 -2746.39
v 333.48 0.00 -2713.55
v 332.34 0.00 -2715.19
v 261.98 0.00 -2663.00
v 260.83 0.00 -2664.64
v 202.27 0.00 -2621.92
v 201.14 0.00 -2623.57
v 82.91 0.00 -2540.42
v 81.78 0.00 -2542.07
v 55.70 0.00 -2521.54
v 54.56 0.00 -2523.19
v 116.31 0.15 -2430.62
v 117.42 0.15 -2428.96
v 138.90 0.15 -2445.86
v 140.03 0.15 -2444.21
v 261.33 0.15 -2530.96
v 262.47 0.15 -2529.32
v 379.78 0.15 -2612.44
v 380.91 0.15 -2610.79
v 396.80 0.15 -2623.93
v 397.91 0.15 -2622.26
v 423.60 0.15 -2641.32
v 424.70 0.15 -2639.65
v 436.60 0.15 -2650.06
v 437.74 0.15 -2648.42
v 465.72 0.15 -2671.16
v 466.88 0.15 -2669.53
v 533.53 0.15 -2718.56
v 534.69 0.15 -2716.93
v 674.19 0.15 -2818.98
v 675.35 0.15 -2817.35
v 116.31 0.00 -2430.62
v 117.42 0.00 -2428.96
v 138.90 0.00 -2445.86
v 140.03 0.00 -2444.21
v 261.33 0.00 -2530.96
v 262.47 0.00 -2529.32
v 379.78 0.00 -2612.44
v 380.91 0.00 -2610.79
v 396.80 0.00 -2623.93
v 397.91 0.00 -2622.26
v 423.60 0.00 -2641.32
v 424.70 0.00 -2639.65
v 436.60 0.00 -2650.06
v 437.74 0.00 -2648.42
v 465.72 0.00 -2671.16
v 466.88 0.00 -2669.53
v 533.53 0.00 -2718.56
v 534.69 0.00 -2716.93
v 674.19 0.00 -2818.98
v 675.35 0.00 -2817.35
f 6814 6816 6815 6813
f 6816 6818 6817 6815
f 6818 6820 6819 6817
f 6820 6822 6821 6819
f 6822 6824 6823 6821
f 6824 6826 6825 6823
f 6826 6828 6827 6825
f 6813 6829 6831 6815
f 6816 6832 6830 6814
f 6815 6831 6833 6817
f 6818 6834 6832 6816
f 6817 6833 6835 6819
f 6820 6836 6834 6818
f 6819 6835 6837 6821
f 6822 6838 6836 6820
f 6821 6837 6839 6823
f 6824 6840 6838 6822
f 6823 6839 6841 6825
f 6826 6842 6840 6824
f 6825 6841 6843 6827
f 6828 6844 6842 6826
f 6846 6848 6847 6845
f 6845 6849 6851 6847
f 6848 6852 6850 6846
f 6854 6856 6855 6853
f 6853 6857 6859 6855
f 6856 6860 6858 6854
f 6862 6864 6863 6861
f 6864 6866 6865 6863
f 6866 6868 6867 6865
f 6868 6870 6869 6867
f 6870 6872 6871 6869
f 6872 6874 6873 6871
f 6874 6876 6875 6873
f 6861 6877 6879 6863
f 6864 6880 6878 6862
f 6863 6879 6881 6865
f 6866 6882 6880 6864
f 6865 6881 6883 6867
f 6868 6884 6882 6866
f 6867 6883 6885 6869
f 6870 6886 6884 6868
f 6869 6885 6887 6871
f 6872 6888 6886 6870
f 6871 6887 6889 6873
f 6874 6890 6888 6872
f 6873 6889 6891 6875
f 6876 6892 6890 6874
f 6894 6896 6895 6893
f 6896 6898 6897 6895
f 6898 6900 6899 6897
f 6900 6902 6901 6899
f 6902 6904 6903 6901
f 6904 6906 6905 6903
f 6906 6908 6907 6905
f 6908 6910 6909 6907
f 6910 6912 6911 6909
f 6893 6913 6915 6895
f 6896 6916 6914 6894
f 6895 6915 6917 6897
f 6898 6918 6916 6896
f 6897 6917 6919 6899
f 6900 6920 6918 6898
f 6899 6919 6921 6901
f 6902 6922 6920 6900
f 6901 6921 6923 6903
f 6904 6924 6922 6902
f 6903 6923 6925 6905
f 6906 6926 6924 6904
f 6905 6925 6927 6907
f 6908 6928 6926 6906
f 6907 6927 6929 6909
f 6910 6930 6928 6908
f 6909 6929 6931 6911
f 6912 6932 6930 6910
o Pavement_-2_-12
v 225.49 0.15 -2830.55
v 224.20 0.15 -2829.02
v 233.06 0.15 -2824.11
v 231.70 0.15 -2822.64
v 239.39 0.15 -2817.76
v 237.92 0.15 -2816.40
v 246.58 0.15 -2809.43
v 245.04 0.15 -2808.14
v 253.26 0.15 -2801.26
v 251.73 0.15 -2799.97
v 256.14 0.15 -2798.00
v 254.69 0.15 -2796.62
v 258.72 0.15 -2795.46
v 257.39 0.15 -2793.96
v 261.05 0.15 -2793.60
v 259.90 0.15 -2791.96
v 263.44 0.15 -2792.12
v 262.45 0.15 -2790.37
v 272.54 0.15 -2787.43
v 271.49 0.15 -2785.72
v 276.25 0.15 -2784.69
v 274.92 0.15 -2783.18
v 279.51 0.15 -2781.29
v 277.98 0.15 -2780.01
v 282.35 0.15 -2777.37
v 280.68 0.15 -2776.28
v 284.89 0.15 -2773.05
v 283.14 0.15 -2772.09
v 295.14 0.15 -2753.34
v 293.38 0.15 -2752.38
v 300.89 0.15 -2743.11
v 299.16 0.15 -2742.09
v 313.63 0.15 -2722.38
v 311.93 0.15 -2721.33
v 225.49 0.00 -2830.55
v 224.20 0.00 -2829.02
v 233.06 0.00 -2824.11
v 231.70 0.00 -2822.64
v 239.39 0.00 -2817.76
v 237.92 0.00 -2816.40
v 246.58 0.00 -2809.43
v 245.04 0.00 -2808.14
v 253.26 0.00 -2801.26
v 251.73 0.00 -2799.97
v 256.14 0.00 -2798.00
v 254.69 0.00 -2796.62
v 258.72 0.00 -2795.46
v 257.39 0.00 -2793.96
v 261.05 0.00 -2793.60
v 259.90 0.00 -2791.96
v 263.44 0.00 -2792.12
v 262.45 0.00 -2790.37
v 272.54 0.00 -2787.43
v 271.49 0.00 -2785.72
v 276.25 0.00 -2784.69
v 274.92 0.00 -2783.18
v 279.51 0.00 -2781.29
v 277.98 0.00 -2780.01
v 282.35 0.00 -2777.37
v 280.68 0.00 -2776.28
v 284.89 0.00 -2773.05
v 283.14 0.00 -2772.09
v 295.14 0.00 -2753.34
v 293.38 0.00 -2752.38
v 300.89 0.00 -2743.11
v 299.16 0.00 -2742.09
v 313.63 0.00 -2722.38
v 311.93 0.00 -2721.33
f 6934 6936 6935 6933
f 6936 6938 6937 6935
f 6938 6940 6939 6937
f 6940 6942 6941 6939
f 6942 6944 6943 6941
f 6944 6946 6945 6943
f 6946 6948 6947 6945
f 6948 6950 6949 6947
f 6950 6952 6951 6949
f 6952 6954 6953 6951
f 6954 6956 6955 6953
f 6956 6958 6957 6955
f 6958 6960 6959 6957
f 6960 6962 6961 6959
f 6962 6964 6963 6961
f 6964 6966 6965 6963
f 6933 6967 6969 6935
f 6936 6970 6968 6934
f 6935 6969 6971 6937
f 6938 6972 6970 6936
f 6937 6971 6973 6939
f 6940 6974 6972 6938
f 6939 6973 6975 6941
f 6942 6976 6974 6940
f 6941 6975 6977 6943
f 6944 6978 6976 6942
f 6943 6977 6979 6945
f 6946 6980 6978 6944
f 6945 6979 6981 6947
f 6948 6982 6980 6946
f 6947 6981 6983 6949
f 6950 6984 6982 6948
f 6949 6983 6985 6951
f 6952 6986 6984 6950
f 6951 6985 6987 6953
f 6954 6988 6986 6952
f 6953 6987 6989 6955
f 6956 6990 6988 6954
f 6955 6989 6991 6957
f 6958 6992 6990 6956
f 6957 6991 6993 6959
f 6960 6994 6992 6958
f 6959 6993 6995 6961
f 6962 6996 6994 6960
f 6961 6995 6997 6963
f 6964 6998 6996 6962
f 6963 6997 6999 6965
f 6966 7000 6998 6964
o Pavement_-2_-2
v 716.81 0.15 -404.68
v 716.76 0.15 -406.68
v 642.10 0.15 -402.81
v 642.06 0.15 -404.81
v 483.02 0.15 -399.99
v 482.99 0.15 -401.99
v 457.11 0.15 -399.69
v 457.10 0.15 -401.69
v 383.75 0.15 -399.41
v 383.73 0.15 -401.41
v 332.39 0.15 -398.45
v 332.33 0.15 -400.45
v 269.35 0.15 -395.86
v 269.29 0.15 -397.86
v 192.78 0.15 -394.23
v 192.73 0.15 -396.23
v 176.69 0.15 -393.68
v 176.61 0.15 -395.67
v 45.71 0.15 -387.40
v 45.60 0.15 -389.40
v -19.11 0.15 -383.42
v -19.23 0.15 -385.41
v 716.81 0.00 -404.68
v 716.76 0.00 -406.68
v 642.10 0.00 -402.81
v 642.06 0.00 -404.81
v 483.02 0.00 -399.99
v 482.99 0.00 -401.99
v 457.11 0.00 -399.69
v 457.10 0.00 -401.69
v 383.75 0.00 -399.41
v 383.73 0.00 -401.41
v 332.39 0.00 -398.45
v 332.33 0.00 -400.45
v 269.35 0.00 -395.86
v 269.29 0.00 -397.86
v 192.78 0.00 -394.23
v 192.73 0.00 -396.23
v 176.69 0.00 -393.68
v 176.61 0.00 -395.67
v 45.71 0.00 -387.40
v 45.60 0.00 -389.40
v -19.11 0.00 -383.42
v -19.23 0.00 -385.41
v 716.46 0.15 -418.68
v 716.41 0.15 -420.68
v 641.80 0.15 -416.81
v 641.76 0.15 -418.81
v 482.81 0.15 -413.99
v 482.78 0.15 -415.99
v 457.00 0.15 -413.69
v 456.99 0.15 -415.69
v 383.59 0.15 -413.41
v 383.57 0.15 -415.41
v 331.97 0.15 -412.45
v 331.91 0.15 -414.45
v 268.91 0.15 -409.86
v 268.85 0.15 -411.86
v 192.39 0.15 -408.23
v 192.34 0.15 -410.23
v 176.11 0.15 -407.67
v 176.03 0.15 -409.66
v 44.94 0.15 -401.38
v 44.83 0.15 -403.38
v -19.97 0.15 -397.39
v -20.09 0.15 -399.38
v 716.46 0.00 -418.68
v 716.41 0.00 -420.68
v 641.80 0.00 -416.81
v 641.76 0.00 -418.81
v 482.81 0.00 -413.99
v 482.78 0.00 -415.99
v 457.00 0.00 -413.69
v 456.99 0.00 -415.69
v 383.59 0.00 -413.41
v 383.57 0.00 -415.41
v 331.97 0.00 -412.45
v 331.91 0.00 -414.45
v 268.91 0.00 -409.86
v 268.85 0.00 -411.86
v 192.39 0.00 -408.23
v 192.34 0.00 -410.23
v 176.11 0.00 -407.67
v 176.03 0.00 -409.66
v 44.94 0.00 -401.38
v 44.83 0.00 -403.38
v -19.97 0.00 -397.39
v -20.09 0.00 -399.38
f 7002 7004 7003 7001
f 7004 7006 7005 7003
f 7006 7008 7007 7005
f 7008 7010 7009 7007
f 7010 7012 7011 7009
f 7012 7014 7013 7011
f 7014 7016 7015 7013
f 7016 7018 7017 7015
f 7018 7020 7019 7017
f 7020 7022 7021 7019
f 7001 7023 7025 7003
f 7004 7026 7024 7002
f 7003 7025 7027 7005
f 7006 7028 7026 7004
f 7005 7027 7029 7007
f 7008 7030 7028 7006
f 7007 7029 7031 7009
f 7010 7032 7030 7008
f 7009 7031 7033 7011
f 7012 7034 7032 7010
f 7011 7033 7035 7013
f 7014 7036 7034 7012
f 7013 7035 7037 7015
f 7016 7038 7036 7014
f 7015 7037 7039 7017
f 7018 7040 7038 7016
f 7017 7039 7041 7019
f 7020 7042 7040 7018
f 7019 7041 7043 7021
f 7022 7044 7042 7020
f 7046 7048 7047 7045
f 7048 7050 7049 7047
f 7050 7052 7051 7049
f 7052 7054 7053 7051
f 7054 7056 7055 7053
f 7056 7058 7057 7055
f 7058 7060 7059 7057
f 7060 7062 7061 7059
f 7062 7064 7063 7061
f 7064 7066 7065 7063
f 7045 7067 7069 7047
f 7048 7070 7068 7046
f 7047 7069 7071 7049
f 7050 7072 7070 7048
f 7049 7071 7073 7051
f 7052 7074 7072 7050
f 7051 7073 7075 7053
f 7054 7076 7074 7052
f 7053 7075 7077 7055
f 7056 7078 7076 7054
f 7055 7077 7079 7057
f 7058 7080 7078 7056
f 7057 7079 7081 7059
f 7060 7082 7080 7058
f 7059 7081 7083 7061
f 7062 7084 7082 7060
f 7061 7083 7085 7063
f 7064 7086 7084 7062
f 7063 7085 7087 7065
f 7066 7088 7086 7064
o Pavement_-2_-5
v 278.55 0.15 -1099.42
v 279.07 0.15 -1097.48
v 343.37 0.15 -1116.86
v 343.91 0.15 -1114.94
v 381.39 0.15 -1128.05
v 381.93 0.15 -1126.13
v 417.63 0.15 -1138.06
v 418.18 0.15 -1136.13
v 442.50 0.15 -1145.58
v 443.09 0.15 -1143.67
v 466.46 0.15 -1153.05
v 467.07 0.15 -1151.15
v 480.80 0.15 -1157.73
v 481.43 0.15 -1155.83
v 577.10 0.15 -1190.30
v 577.72 0.15 -1188.40
v 635.25 0.15 -1208.41
v 635.86 0.15 -1206.50
v 678.11 0.15 -1222.49
v 678.72 0.15 -1220.58
v 698.28 0.15 -1228.82
v 698.88 0.15 -1226.91
v 278.55 0.00 -1099.42
v 279.07 0.00 -1097.48
v 343.37 0.00 -1116.86
v 343.91 0.00 -1114.94
v 381.39 0.00 -1128.05
v 381.93 0.00 -1126.13
v 417.63 0.00 -1138.06
v 418.18 0.00 -1136.13
v 442.50 0.00 -1145.58
v 443.09 0.00 -1143.67
v 466.46 0.00 -1153.05
v 467.07 0.00 -1151.15
v 480.80 0.00 -1157.73
v 481.43 0.00 -1155.83
v 577.10 0.00 -1190.30
v 577.72 0.00 -1188.40
v 635.25 0.00 -1208.41
v 635.86 0.00 -1206.50
v 678.11 0.00 -1222.49
v 678.72 0.00 -1220.58
v 698.28 0.00 -1228.82
v 698.88 0.00 -1226.91
v 279.85 0.15 -1075.73
v 280.44 0.15 -1077.64
v 271.61 0.15 -1078.30
v 272.20 0.15 -1080.21
v 279.85 0.00 -1075.73
v 280.44 0.00 -1077.64
v 271.61 0.00 -1078.30
v 272.20 0.00 -1080.21
v 268.75 0.15 -1091.99
v 270.06 0.15 -1090.48
v 275.39 0.15 -1097.74
v 276.70 0.15 -1096.23
v 268.75 0.00 -1091.99
v 270.06 0.00 -1090.48
v 275.39 0.00 -1097.74
v 276.70 0.00 -1096.23
v 705.78 0.15 -1204.19
v 705.17 0.15 -1206.09
v 647.79 0.15 -1185.68
v 647.20 0.15 -1187.59
v 594.12 0.15 -1169.69
v 593.54 0.15 -1171.61
v 565.06 0.15 -1160.73
v 564.46 0.15 -1162.64
v 444.10 0.15 -1122.77
v 443.49 0.15 -1124.68
v 367.86 0.15 -1098.37
v 367.28 0.15 -1100.28
v 348.14 0.15 -1092.67
v 347.61 0.15 -1094.60
v 284.29 0.15 -1075.64
v 283.78 0.15 -1077.57
v 705.78 0.00 -1204.19
v 705.17 0.00 -1206.09
v 647.79 0.00 -1185.68
v 647.20 0.00 -1187.59
v 594.12 0.00 -1169.69
v 593.54 0.00 -1171.61
v 565.06 0.00 -1160.73
v 564.46 0.00 -1162.64
v 444.10 0.00 -1122.77
v 443.49 0.00 -1124.68
v 367.86 0.00 -1098.37
v 367.28 0.00 -1100.28
v 348.14 0.00 -1092.67
v 347.61 0.00 -1094.60
v 284.29 0.00 -1075.64
v 283.78 0.00 -1077.57
f 7090 7092 7091 7089
f 7092 7094 7093 7091
f 7094 7096 7095 7093
f 7096 7098 7097 7095
f 7098 7100 7099 7097
f 7100 7102 7101 7099
f 7102 7104 7103 7101
f 7104 7106 7105 7103
f 7106 7108 7107 7105
f 7108 7110 7109 7107
f 7089 7111 7113 7091
f 7092 7114 7112 7090
f 7091 7113 7115 7093
f 7094 7116 7114 7092
f 7093 7115 7117 7095
f 7096 7118 7116 7094
f 7095 7117 7119 7097
f 7098 7120 7118 7096
f 7097 7119 7121 7099
f 7100 7122 7120 7098
f 7099 7121 7123 7101
f 7102 7124 7122 7100
f 7101 7123 7125 7103
f 7104 7126 7124 7102
f 7103 7125 7127 7105
f 7106 7128 7126 7104
f 7105 7127 7129 7107
f 7108 7130 7128 7106
f 7107 7129 7131 7109
f 7110 7132 7130 7108
f 7134 7136 7135 7133
f 7133 7137 7139 7135
f 7136 7140 7138 7134
f 7142 7144 7143 7141
f 7141 7145 7147 7143
f 7144 7148 7146 7142
f 7150 7152 7151 7149
f 7152 7154 7153 7151
f 7154 7156 7155 7153
f 7156 7158 7157 7155
f 7158 7160 7159 7157
f 7160 7162 7161 7159
f 7162 7164 7163 7161
f 7149 7165 7167 7151
f 7152 7168 7166 7150
f 7151 7167 7169 7153
f 7154 7170 7168 7152
f 7153 7169 7171 7155
f 7156 7172 7170 7154
f 7155 7171 7173 7157
f 7158 7174 7172 7156
f 7157 7173 7175 7159
f 7160 7176 7174 7158
f 7159 7175 7177 7161
f 7162 7178 7176 7160
f 7161 7177 7179 7163
f 7164 7180 7178 7162
o Pavement_-2_-9
v 285.15 0.15 -2063.93
v 285.87 0.15 -2062.07
v 373.67 0.15 -2098.07
v 374.39 0.15 -2096.20
v 408.40 0.15 -2111.69
v 409.14 0.15 -2109.84
v 423.00 0.15 -2117.70
v 423.79 0.15 -2115.86
v 432.45 0.15 -2121.95
v 433.29 0.15 -2120.14
v 441.81 0.15 -2126.48
v 442.70 0.15 -2124.68
v 506.70 0.15 -2159.13
v 507.58 0.15 -2157.34
v 530.32 0.15 -2170.59
v 531.16 0.15 -2168.77
v 545.35 0.15 -2177.25
v 546.14 0.15 -2175.41
v 560.44 0.15 -2183.53
v 561.20 0.15 -2181.68
v 618.24 0.15 -2206.57
v 618.98 0.15 -2204.71
v 285.15 0.00 -2063.93
v 285.87 0.00 -2062.07
v 373.67 0.00 -2098.07
v 374.39 0.00 -2096.20
v 408.40 0.00 -2111.69
v 409.14 0.00 -2109.84
v 423.00 0.00 -2117.70
v 423.79 0.00 -2115.86
v 432.45 0.00 -2121.95
v 433.29 0.00 -2120.14
v 441.81 0.00 -2126.48
v 442.70 0.00 -2124.68
v 506.70 0.00 -2159.13
v 507.58 0.00 -2157.34
v 530.32 0.00 -2170.59
v 531.16 0.00 -2168.77
v 545.35 0.00 -2177.25
v 546.14 0.00 -2175.41
v 560.44 0.00 -2183.53
v 561.20 0.00 -2181.68
v 618.24 0.00 -2206.57
v 618.98 0.00 -2204.71
v 553.36 0.15 -2152.23
v 552.48 0.15 -2154.03
v 461.84 0.15 -2107.55
v 460.98 0.15 -2109.35
v 446.78 0.15 -2100.44
v 445.95 0.15 -2102.26
v 431.80 0.15 -2093.78
v 431.01 0.15 -2095.61
v 416.98 0.15 -2087.66
v 416.22 0.15 -2089.51
v 373.08 0.15 -2070.19
v 372.36 0.15 -2072.05
v 307.20 0.15 -2045.07
v 306.47 0.15 -2046.94
v 285.35 0.15 -2036.43
v 284.62 0.15 -2038.29
v 553.36 0.00 -2152.23
v 552.48 0.00 -2154.03
v 461.84 0.00 -2107.55
v 460.98 0.00 -2109.35
v 446.78 0.00 -2100.44
v 445.95 0.00 -2102.26
v 431.80 0.00 -2093.78
v 431.01 0.00 -2095.61
v 416.98 0.00 -2087.66
v 416.22 0.00 -2089.51
v 373.08 0.00 -2070.19
v 372.36 0.00 -2072.05
v 307.20 0.00 -2045.07
v 306.47 0.00 -2046.94
v 285.35 0.00 -2036.43
v 284.62 0.00 -2038.29
v 277.93 0.15 -2061.70
v 278.53 0.15 -2059.79
v 285.64 0.15 -2064.11
v 286.24 0.15 -2062.20
v 277.93 0.00 -2061.70
v 278.53 0.00 -2059.79
v 285.64 0.00 -2064.11
v 286.24 0.00 -2062.20
v 289.56 0.15 -1960.76
v 291.52 0.15 -1961.12
v 272.46 0.15 -2052.60
v 274.42 0.15 -2052.96
v 289.56 0.00 -1960.76
v 291.52 0.00 -1961.12
v 272.46 0.00 -2052.60
v 274.42 0.00 -2052.96
f 7182 7184 7183 7181
f 7184 7186 7185 7183
f 7186 7188 7187 7185
f 7188 7190 7189 7187
f 7190 7192 7191 7189
f 7192 7194 7193 7191
f 7194 7196 7195 7193
f 7196 7198 7197 7195
f 7198 7200 7199 7197
f 7200 7202 7201 7199
f 7181 7203 7205 7183
f 7184 7206 7204 7182
f 7183 7205 7207 7185
f 7186 7208 7206 7184
f 7185 7207 7209 7187
f 7188 7210 7208 7186
f 7187 7209 7211 7189
f 7190 7212 7210 7188
f 7189 7211 7213 7191
f 7192 7214 7212 7190
f 7191 7213 7215 7193
f 7194 7216 7214 7192
f 7193 7215 7217 7195
f 7196 7218 7216 7194
f 7195 7217 7219 7197
f 7198 7220 7218 7196
f 7197 7219 7221 7199
f 7200 7222 7220 7198
f 7199 7221 7223 7201
f 7202 7224 7222 7200
f 7226 7228 7227 7225
f 7228 7230 7229 7227
f 7230 7232 7231 7229
f 7232 7234 7233 7231
f 7234 7236 7235 7233
f 7236 7238 7237 7235
f 7238 7240 7239 7237
f 7225 7241 7243 7227
f 7228 7244 7242 7226
f 7227 7243 7245 7229
f 7230 7246 7244 7228
f 7229 7245 7247 7231
f 7232 7248 7246 7230
f 7231 7247 7249 7233
f 7234 7250 7248 7232
f 7233 7249 7251 7235
f 7236 7252 7250 7234
f 7235 7251 7253 7237
f 7238 7254 7252 7236
f 7237 7253 7255 7239
f 7240 7256 7254 7238
f 7258 7260 7259 7257
f 7257 7261 7263 7259
f 7260 7264 7262 7258
f 7266 7268 7267 7265
f 7265 7269 7271 7267
f 7268 7272 7270 7266
o Pavement_-3_+0
v 725.55 0.15 -149.76
v 723.56 0.15 -149.68
v 727.09 0.15 -111.35
v 725.09 0.15 -111.30
v 727.90 0.15 -50.49
v 725.90 0.15 -50.44
v 729.03 0.15 -20.15
v 727.03 0.15 -20.05
v 730.17 0.15 0.72
v 728.17 0.15 0.84
v 731.73 0.15 23.68
v 729.73 0.15 23.83
v 733.73 0.15 46.55
v 731.74 0.15 46.74
v 736.05 0.15 68.96
v 734.06 0.15 69.16
v 725.55 0.00 -149.76
v 723.56 0.00 -149.68
v 727.09 0.00 -111.35
v 725.09 0.00 -111.30
v 727.90 0.00 -50.49
v 725.90 0.00 -50.44
v 729.03 0.00 -20.15
v 727.03 0.00 -20.05
v 730.17 0.00 0.72
v 728.17 0.00 0.84
v 731.73 0.00 23.68
v 729.73 0.00 23.83
v 733.73 0.00 46.55
v 731.74 0.00 46.74
v 736.05 0.00 68.96
v 734.06 0.00 69.16
v 711.56 0.15 -149.20
v 709.57 0.15 -149.12
v 713.09 0.15 -110.98
v 711.09 0.15 -110.93
v 713.90 0.15 -50.14
v 711.90 0.15 -50.09
v 715.05 0.15 -19.51
v 713.05 0.15 -19.41
v 716.19 0.15 1.58
v 714.19 0.15 1.70
v 717.77 0.15 24.77
v 715.77 0.15 24.92
v 719.80 0.15 47.88
v 717.81 0.15 48.07
v 722.12 0.15 70.40
v 720.13 0.15 70.60
v 711.56 0.00 -149.20
v 709.57 0.00 -149.12
v 713.09 0.00 -110.98
v 711.09 0.00 -110.93
v 713.90 0.00 -50.14
v 711.90 0.00 -50.09
v 715.05 0.00 -19.51
v 713.05 0.00 -19.41
v 716.19 0.00 1.58
v 714.19 0.00 1.70
v 717.77 0.00 24.77
v 715.77 0.00 24.92
v 719.80 0.00 47.88
v 717.81 0.00 48.07
v 722.12 0.00 70.40
v 720.13 0.00 70.60
v 510.56 0.15 33.27
v 508.56 0.15 33.32
v 510.79 0.15 44.50
v 508.79 0.15 44.52
v 510.73 0.15 53.83
v 508.73 0.15 53.78
v 509.71 0.15 75.91
v 507.71 0.15 75.78
v 507.60 0.15 102.62
v 505.61 0.15 102.44
v 502.18 0.15 155.35
v 500.19 0.15 155.18
v 501.42 0.15 166.21
v 499.42 0.15 166.13
v 501.35 0.15 171.54
v 499.35 0.15 171.59
v 501.68 0.15 176.79
v 499.69 0.15 177.02
v 502.50 0.15 181.81
v 500.55 0.15 182.26
v 503.90 0.15 186.43
v 502.03 0.15 187.16
v 505.92 0.15 190.56
v 504.20 0.15 191.60
v 508.59 0.15 194.21
v 507.08 0.15 195.53
v 511.87 0.15 197.38
v 510.60 0.15 198.93
v 515.72 0.15 200.05
v 514.69 0.15 201.77
v 520.06 0.15 202.26
v 519.25 0.15 204.09
v 524.77 0.15 204.06
v 524.12 0.15 205.96
v 529.70 0.15 205.54
v 529.17 0.15 207.47
v 534.74 0.15 206.80
v 534.30 0.15 208.75
v 596.73 0.15 219.50
v 596.32 0.15 221.46
v 731.82 0.15 248.71
v 731.42 0.15 250.66
v 747.39 0.15 251.78
v 747.02 0.15 253.74
v 768.07 0.15 255.54
v 767.73 0.15 257.51
v 812.06 0.15 262.72
v 811.70 0.15 264.69
v 818.20 0.15 263.95
v 817.76 0.15 265.90
v 824.46 0.15 265.49
v 823.91 0.15 267.42
v 830.79 0.15 267.50
v 830.11 0.15 269.38
v 837.10 0.15 270.11
v 836.24 0.15 271.92
v 843.16 0.15 273.41
v 842.11 0.15 275.11
v 848.79 0.15 277.36
v 847.55 0.15 278.93
v 853.88 0.15 281.87
v 852.48 0.15 283.30
v 858.38 0.15 286.73
v 856.85 0.15 288.03
v 862.33 0.15 291.73
v 860.72 0.15 292.93
v 865.88 0.15 296.79
v 864.21 0.15 297.90
v 872.06 0.15 306.64
v 870.35 0.15 307.67
v 877.71 0.15 316.39
v 875.97 0.15 317.37
v 882.88 0.15 325.82
v 881.12 0.15 326.76
v 891.63 0.15 342.81
v 889.85 0.15 343.72
v 510.56 0.00 33.27
v 508.56 0.00 33.32
v 510.79 0.00 44.50
v 508.79 0.00 44.52
v 510.73 0.00 53.83
v 508.73 0.00 53.78
v 509.71 0.00 75.91
v 507.71 0.00 75.78
v 507.60 0.00 102.62
v 505.61 0.00 102.44
v 502.18 0.00 155.35
v 500.19 0.00 155.18
v 501.42 0.00 166.21
v 499.42 0.00 166.13
v 501.35 0.00 171.54
v 499.35 0.00 171.59
v 501.68 0.00 176.79
v 499.69 0.00 177.02
v 502.50 0.00 181.81
v 500.55 0.00 182.26
v 503.90 0.00 186.43
v 502.03 0.00 187.16
v 505.92 0.00 190.56
v 504.20 0.00 191.60
v 508.59 0.00 194.21
v 507.08 0.00 195.53
v 511.87 0.00 197.38
v 510.60 0.00 198.93
v 515.72 0.00 200.05
v 514.69 0.00 201.77
v 520.06 0.00 202.26
v 519.25 0.00 204.09
v 524.77 0.00 204.06
v 524.12 0.00 205.96
v 529.70 0.00 205.54
v 529.17 0.00 207.47
v 534.74 0.00 206.80
v 534.30 0.00 208.75
v 596.73 0.00 219.50
v 596.32 0.00 221.46
v 731.82 0.00 248.71
v 731.42 0.00 250.66
v 747.39 0.00 251.78
v 747.02 0.00 253.74
v 768.07 0.00 255.54
v 767.73 0.00 257.51
v 812.06 0.00 262.72
v 811.70 0.00 264.69
v 818.20 0.00 263.95
v 817.76 0.00 265.90
v 824.46 0.00 265.49
v 823.91 0.00 267.42
v 830.79 0.00 267.50
v 830.11 0.00 269.38
v 837.10 0.00 270.11
v 836.24 0.00 271.92
v 843.16 0.00 273.41
v 842.11 0.00 275.11
v 848.79 0.00 277.36
v 847.55 0.00 278.93
v 853.88 0.00 281.87
v 852.48 0.00 283.30
v 858.38 0.00 286.73
v 856.85 0.00 288.03
v 862.33 0.00 291.73
v 860.72 0.00 292.93
v 865.88 0.00 296.79
v 864.21 0.00 297.90
v 872.06 0.00 306.64
v 870.35 0.00 307.67
v 877.71 0.00 316.39
v 875.97 0.00 317.37
v 882.88 0.00 325.82
v 881.12 0.00 326.76
v 891.63 0.00 342.81
v 889.85 0.00 343.72
v 496.56 0.15 33.56
v 494.56 0.15 33.61
v 496.79 0.15 44.60
v 494.79 0.15 44.62
v 496.73 0.15 53.46
v 494.73 0.15 53.41
v 495.73 0.15 75.04
v 493.73 0.15 74.91
v 493.65 0.15 101.36
v 491.66 0.15 101.18
v 488.23 0.15 154.14
v 486.24 0.15 153.97
v 487.42 0.15 165.63
v 485.42 0.15 165.55
v 487.35 0.15 171.89
v 485.35 0.15 171.94
v 487.75 0.15 178.36
v 485.76 0.15 178.59
v 488.83 0.15 184.98
v 486.88 0.15 185.43
v 490.83 0.15 191.56
v 488.96 0.15 192.29
v 493.88 0.15 197.82
v 492.16 0.15 198.86
v 498.00 0.15 203.45
v 496.49 0.15 204.77
v 502.96 0.15 208.23
v 501.69 0.15 209.78
v 508.51 0.15 212.09
v 507.48 0.15 213.81
v 514.37 0.15 215.07
v 513.56 0.15 216.90
v 520.24 0.15 217.32
v 519.59 0.15 219.22
v 525.99 0.15 219.05
v 525.46 0.15 220.98
v 531.64 0.15 220.45
v 531.20 0.15 222.40
v 593.84 0.15 233.20
v 593.43 0.15 235.16
v 728.98 0.15 262.42
v 728.58 0.15 264.37
v 744.78 0.15 265.54
v 744.41 0.15 267.50
v 765.69 0.15 269.33
v 765.35 0.15 271.30
v 809.56 0.15 276.49
v 809.20 0.15 278.46
v 815.14 0.15 277.62
v 814.70 0.15 279.57
v 820.67 0.15 278.98
v 820.12 0.15 280.91
v 825.99 0.15 280.66
v 825.31 0.15 282.54
v 831.06 0.15 282.76
v 830.20 0.15 284.57
v 835.77 0.15 285.33
v 834.72 0.15 287.03
v 840.11 0.15 288.37
v 838.87 0.15 289.94
v 844.08 0.15 291.88
v 842.68 0.15 293.31
v 847.73 0.15 295.83
v 846.20 0.15 297.13
v 851.10 0.15 300.09
v 849.49 0.15 301.29
v 854.21 0.15 304.54
v 852.54 0.15 305.65
v 860.07 0.15 313.87
v 858.36 0.15 314.90
v 865.51 0.15 323.27
v 863.77 0.15 324.25
v 870.52 0.15 332.40
v 868.76 0.15 333.34
v 879.19 0.15 349.22
v 877.41 0.15 350.13
v 496.56 0.00 33.56
v 494.56 0.00 33.61
v 496.79 0.00 44.60
v 494.79 0.00 44.62
v 496.73 0.00 53.46
v 494.73 0.00 53.41
v 495.73 0.00 75.04
v 493.73 0.00 74.91
v 493.65 0.00 101.36
v 491.66 0.00 101.18
v 488.23 0.00 154.14
v 486.24 0.00 153.97
v 487.42 0.00 165.63
v 485.42 0.00 165.55
v 487.35 0.00 171.89
v 485.35 0.00 171.94
v 487.75 0.00 178.36
v 485.76 0.00 178.59
v 488.83 0.00 184.98
v 486.88 0.00 185.43
v 490.83 0.00 191.56
v 488.96 0.00 192.29
v 493.88 0.00 197.82
v 492.16 0.00 198.86
v 498.00 0.00 203.45
v 496.49 0.00 204.77
v 502.96 0.00 208.23
v 501.69 0.00 209.78
v 508.51 0.00 212.09
v 507.48 0.00 213.81
v 514.37 0.00 215.07
v 513.56 0.00 216.90
v 520.24 0.00 217.32
v 519.59 0.00 219.22
v 525.99 0.00 219.05
v 525.46 0.00 220.98
v 531.64 0.00 220.45
v 531.20 0.00 222.40
v 593.84 0.00 233.20
v 593.43 0.00 235.16
v 728.98 0.00 262.42
v 728.58 0.00 264.37
v 744.78 0.00 265.54
v 744.41 0.00 267.50
v 765.69 0.00 269.33
v 765.35 0.00 271.30
v 809.56 0.00 276.49
v 809.20 0.00 278.46
v 815.14 0.00 277.62
v 814.70 0.00 279.57
v 820.67 0.00 278.98
v 820.12 0.00 280.91
v 825.99 0.00 280.66
v 825.31 0.00 282.54
v 831.06 0.00 282.76
v 830.20 0.00 284.57
v 835.77 0.00 285.33
v 834.72 0.00 287.03
v 840.11 0.00 288.37
v 838.87 0.00 289.94
v 844.08 0.00 291.88
v 842.68 0.00 293.31
v 847.73 0.00 295.83
v 846.20 0.00 297.13
v 851.10 0.00 300.09
v 849.49 0.00 301.29
v 854.21 0.00 304.54
v 852.54 0.00 305.65
v 860.07 0.00 313.87
v 858.36 0.00 314.90
v 865.51 0.00 323.27
v 863.77 0.00 324.25
v 870.52 0.00 332.40
v 868.76 0.00 333.34
v 879.19 0.00 349.22
v 877.41 0.00 350.13
v 507.08 0.15 -17.19
v 505.09 0.15 -17.05
v 510.54 0.15 32.89
v 508.55 0.15 33.03
v 507.08 0.00 -17.19
v 505.09 0.00 -17.05
v 510.54 0.00 32.89
v 508.55 0.00 33.03
v 493.11 0.15 -16.23
v 491.12 0.15 -16.09
v 496.57 0.15 33.85
v 494.58 0.15 33.99
v 493.11 0.00 -16.23
v 491.12 0.00 -16.09
v 496.57 0.00 33.85
v 494.58 0.00 33.99
f 7274 7276 7275 7273
f 7276 7278 7277 7275
f 7278 7280 7279 7277
f 7280 7282 7281 7279
f 7282 7284 7283 7281
f 7284 7286 7285 7283
f 7286 7288 7287 7285
f 7273 7289 7291 7275
f 7276 7292 7290 7274
f 7275 7291 7293 7277
f 7278 7294 7292 7276
f 7277 7293 7295 7279
f 7280 7296 7294 7278
f 7279 7295 7297 7281
f 7282 7298 7296 7280
f 7281 7297 7299 7283
f 7284 7300 7298 7282
f 7283 7299 7301 7285
f 7286 7302 7300 7284
f 7285 7301 7303 7287
f 7288 7304 7302 7286
f 7306 7308 7307 7305
f 7308 7310 7309 7307
f 7310 7312 7311 7309
f 7312 7314 7313 7311
f 7314 7316 7315 7313
f 7316 7318 7317 7315
f 7318 7320 7319 7317
f 7305 7321 7323 7307
f 7308 7324 7322 7306
f 7307 7323 7325 7309
f 7310 7326 7324 7308
f 7309 7325 7327 7311
f 7312 7328 7326 7310
f 7311 7327 7329 7313
f 7314 7330 7328 7312
f 7313 7329 7331 7315
f 7316 7332 7330 7314
f 7315 7331 7333 7317
f 7318 7334 7332 7316
f 7317 7333 7335 7319
f 7320 7336 7334 7318
f 7338 7340 7339 7337
f 7340 7342 7341 7339
f 7342 7344 7343 7341
f 7344 7346 7345 7343
f 7346 7348 7347 7345
f 7348 7350 7349 7347
f 7350 7352 7351 7349
f 7352 7354 7353 7351
f 7354 7356 7355 7353
f 7356 7358 7357 7355
f 7358 7360 7359 7357
f 7360 7362 7361 7359
f 7362 7364 7363 7361
f 7364 7366 7365 7363
f 7366 7368 7367 7365
f 7368 7370 7369 7367
f 7370 7372 7371 7369
f 7372 7374 7373 7371
f 7374 7376 7375 7373
f 7376 7378 7377 7375
f 7378 7380 7379 7377
f 7380 7382 7381 7379
f 7382 7384 7383 7381
f 7384 7386 7385 7383
f 7386 7388 7387 7385
f 7388 7390 7389 7387
f 7390 7392 7391 7389
f 7392 7394 7393 7391
f 7394 7396 7395 7393
f 7396 7398 7397 7395
f 7398 7400 7399 7397
f 7400 7402 7401 7399
f 7402 7404 7403 7401
f 7404 7406 7405 7403
f 7406 7408 7407 7405
f 7408 7410 7409 7407
f 7410 7412 7411 7409
f 7337 7413 7415 7339
f 7340 7416 7414 7338
f 7339 7415 7417 7341
f 7342 7418 7416 7340
f 7341 7417 7419 7343
f 7344 7420 7418 7342
f 7343 7419 7421 7345
f 7346 7422 7420 7344
f 7345 7421 7423 7347
f 7348 7424 7422 7346
f 7347 7423 7425 7349
f 7350 7426 7424 7348
f 7349 7425 7427 7351
f 7352 7428 7426 7350
f 7351 7427 7429 7353
f 7354 7430 7428 7352
f 7353 7429 7431 7355
f 7356 7432 7430 7354
f 7355 7431 7433 7357
f 7358 7434 7432 7356
f 7357 7433 7435 7359
f 7360 7436 7434 7358
f 7359 7435 7437 7361
f 7362 7438 7436 7360
f 7361 7437 7439 7363
f 7364 7440 7438 7362
f 7363 7439 7441 7365
f 7366 7442 7440 7364
f 7365 7441 7443 7367
f 7368 7444 7442 7366
f 7367 7443 7445 7369
f 7370 7446 7444 7368
f 7369 7445 7447 7371
f 7372 7448 7446 7370
f 7371 7447 7449 7373
f 7374 7450 7448 7372
f 7373 7449 7451 7375
f 7376 7452 7450 7374
f 7375 7451 7453 7377
f 7378 7454 7452 7376
f 7377 7453 7455 7379
f 7380 7456 7454 7378
f 7379 7455 7457 7381
f 7382 7458 7456 7380
f 7381 7457 7459 7383
f 7384 7460 7458 7382
f 7383 7459 7461 7385
f 7386 7462 7460 7384
f 7385 7461 7463 7387
f 7388 7464 7462 7386
f 7387 7463 7465 7389
f 7390 7466 7464 7388
f 7389 7465 7467 7391
f 7392 7468 7466 7390
f 7391 7467 7469 7393
f 7394 7470 7468 7392
f 7393 7469 7471 7395
f 7396 7472 7470 7394
f 7395 7471 7473 7397
f 7398 7474 7472 7396
f 7397 7473 7475 7399
f 7400 7476 7474 7398
f 7399 7475 7477 7401
f 7402 7478 7476 7400
f 7401 7477 7479 7403
f 7404 7480 7478 7402
f 7403 7479 7481 7405
f 7406 7482 7480 7404
f 7405 7481 7483 7407
f 7408 7484 7482 7406
f 7407 7483 7485 7409
f 7410 7486 7484 7408
f 7409 7485 7487 7411
f 7412 7488 7486 7410
f 7490 7492 7491 7489
f 7492 7494 7493 7491
f 7494 7496 7495 7493
f 7496 7498 7497 7495
f 7498 7500 7499 7497
f 7500 7502 7501 7499
f 7502 7504 7503 7501
f 7504 7506 7505 7503
f 7506 7508 7507 7505
f 7508 7510 7509 7507
f 7510 7512 7511 7509
f 7512 7514 7513 7511
f 7514 7516 7515 7513
f 7516 7518 7517 7515
f 7518 7520 7519 7517
f 7520 7522 7521 7519
f 7522 7524 7523 7521
f 7524 7526 7525 7523
f 7526 7528 7527 7525
f 7528 7530 7529 7527
f 7530 7532 7531 7529
f 7532 7534 7533 7531
f 7534 7536 7535 7533
f 7536 7538 7537 7535
f 7538 7540 7539 7537
f 7540 7542 7541 7539
f 7542 7544 7543 7541
f 7544 7546 7545 7543
f 7546 7548 7547 7545
f 7548 7550 7549 7547
f 7550 7552 7551 7549
f 7552 7554 7553 7551
f 7554 7556 7555 7553
f 7556 7558 7557 7555
f 7558 7560 7559 7557
f 7560 7562 7561 7559
f 7562 7564 7563 7561
f 7489 7565 7567 7491
f 7492 7568 7566 7490
f 7491 7567 7569 7493
f 7494 7570 7568 7492
f 7493 7569 7571 7495
f 7496 7572 7570 7494
f 7495 7571 7573 7497
f 7498 7574 7572 7496
f 7497 7573 7575 7499
f 7500 7576 7574 7498
f 7499 7575 7577 7501
f 7502 7578 7576 7500
f 7501 7577 7579 7503
f 7504 7580 7578 7502
f 7503 7579 7581 7505
f 7506 7582 7580 7504
f 7505 7581 7583 7507
f 7508 7584 7582 7506
f 7507 7583 7585 7509
f 7510 7586 7584 7508
f 7509 7585 7587 7511
f 7512 7588 7586 7510
f 7511 7587 7589 7513
f 7514 7590 7588 7512
f 7513 7589 7591 7515
f 7516 7592 7590 7514
f 7515 7591 7593 7517
f 7518 7594 7592 7516
f 7517 7593 7595 7519
f 7520 7596 7594 7518
f 7519 7595 7597 7521
f 7522 7598 7596 7520
f 7521 7597 7599 7523
f 7524 7600 7598 7522
f 7523 7599 7601 7525
f 7526 7602 7600 7524
f 7525 7601 7603 7527
f 7528 7604 7602 7526
f 7527 7603 7605 7529
f 7530 7606 7604 7528
f 7529 7605 7607 7531
f 7532 7608 7606 7530
f 7531 7607 7609 7533
f 7534 7610 7608 7532
f 7533 7609 7611 7535
f 7536 7612 7610 7534
f 7535 7611 7613 7537
f 7538 7614 7612 7536
f 7537 7613 7615 7539
f 7540 7616 7614 7538
f 7539 7615 7617 7541
f 7542 7618 7616 7540
f 7541 7617 7619 7543
f 7544 7620 7618 7542
f 7543 7619 7621 7545
f 7546 7622 7620 7544
f 7545 7621 7623 7547
f 7548 7624 7622 7546
f 7547 7623 7625 7549
f 7550 7626 7624 7548
f 7549 7625 7627 7551
f 7552 7628 7626 7550
f 7551 7627 7629 7553
f 7554 7630 7628 7552
f 7553 7629 7631 7555
f 7556 7632 7630 7554
f 7555 7631 7633 7557
f 7558 7634 7632 7556
f 7557 7633 7635 7559
f 7560 7636 7634 7558
f 7559 7635 7637 7561
f 7562 7638 7636 7560
f 7561 7637 7639 7563
f 7564 7640 7638 7562
f 7642 7644 7643 7641
f 7641 7645 7647 7643
f 7644 7648 7646 7642
f 7650 7652 7651 7649
f 7649 7653 7655 7651
f 7652 7656 7654 7650
o Pavement_-3_+3
v 28.66 0.15 431.85
v 28.67 0.15 433.85
v 55.51 0.15 431.79
v 55.54 0.15 433.79
v 81.57 0.15 431.14
v 81.63 0.15 433.14
v 149.41 0.15 428.59
v 149.50 0.15 430.59
v 206.66 0.15 425.60
v 206.74 0.15 427.59
v 217.75 0.15 425.29
v 217.75 0.15 427.29
v 223.65 0.15 425.42
v 223.55 0.15 427.42
v 229.70 0.15 425.92
v 229.46 0.15 427.91
v 235.86 0.15 426.94
v 235.44 0.15 428.90
v 242.00 0.15 428.55
v 241.39 0.15 430.46
v 247.98 0.15 430.82
v 247.17 0.15 432.65
v 253.63 0.15 433.71
v 252.63 0.15 435.44
v 258.82 0.15 437.07
v 257.65 0.15 438.70
v 263.54 0.15 440.78
v 262.25 0.15 442.30
v 267.80 0.15 444.66
v 266.42 0.15 446.11
v 271.76 0.15 448.60
v 270.31 0.15 449.99
v 324.44 0.15 505.68
v 322.96 0.15 507.03
v 341.80 0.15 525.11
v 340.30 0.15 526.43
v 498.00 0.15 707.48
v 496.46 0.15 708.76
v 504.74 0.15 715.84
v 503.16 0.15 717.05
v 511.35 0.15 724.94
v 509.69 0.15 726.06
v 514.59 0.15 730.08
v 512.87 0.15 731.09
v 517.59 0.15 735.51
v 515.81 0.15 736.42
v 520.31 0.15 741.25
v 518.48 0.15 742.04
v 522.67 0.15 747.21
v 520.78 0.15 747.89
v 524.61 0.15 753.26
v 522.69 0.15 753.82
v 526.20 0.15 759.36
v 524.25 0.15 759.79
v 528.37 0.15 770.81
v 526.39 0.15 771.13
v 529.83 0.15 781.63
v 527.85 0.15 781.87
v 550.51 0.15 969.91
v 548.52 0.15 970.14
v 560.40 0.15 1053.48
v 558.41 0.15 1053.71
v 569.93 0.15 1137.17
v 567.95 0.15 1137.40
v 573.14 0.15 1162.59
v 571.16 0.15 1162.85
v 580.36 0.15 1215.31
v 578.38 0.15 1215.59
v 583.53 0.15 1236.96
v 581.55 0.15 1237.27
v 607.03 0.15 1382.62
v 605.06 0.15 1382.97
v 610.07 0.15 1398.35
v 608.11 0.15 1398.78
v 613.70 0.15 1413.24
v 611.77 0.15 1413.75
v 646.55 0.15 1530.53
v 644.62 0.15 1531.06
v 681.01 0.15 1659.99
v 679.08 0.15 1660.50
v 683.72 0.15 1670.74
v 681.78 0.15 1671.21
v 686.15 0.15 1681.54
v 684.20 0.15 1681.95
v 689.11 0.15 1697.08
v 687.14 0.15 1697.44
v 708.48 0.15 1807.90
v 706.51 0.15 1808.23
v 710.98 0.15 1823.35
v 709.00 0.15 1823.62
v 712.16 0.15 1833.75
v 710.17 0.15 1833.93
v 712.53 0.15 1839.15
v 710.54 0.15 1839.24
v 712.82 0.15 1854.65
v 710.82 0.15 1854.64
v 710.15 0.15 1988.13
v 708.15 0.15 1988.10
v 710.07 0.15 1998.25
v 708.07 0.15 1998.26
v 710.23 0.15 2008.27
v 708.23 0.15 2008.33
v 710.70 0.15 2018.26
v 708.70 0.15 2018.38
v 711.41 0.15 2028.31
v 709.41 0.15 2028.46
v 722.44 0.15 2160.67
v 720.45 0.15 2160.83
v 28.66 0.00 431.85
v 28.67 0.00 433.85
v 55.51 0.00 431.79
v 55.54 0.00 433.79
v 81.57 0.00 431.14
v 81.63 0.00 433.14
v 149.41 0.00 428.59
v 149.50 0.00 430.59
v 206.66 0.00 425.60
v 206.74 0.00 427.59
v 217.75 0.00 425.29
v 217.75 0.00 427.29
v 223.65 0.00 425.42
v 223.55 0.00 427.42
v 229.70 0.00 425.92
v 229.46 0.00 427.91
v 235.86 0.00 426.94
v 235.44 0.00 428.90
v 242.00 0.00 428.55
v 241.39 0.00 430.46
v 247.98 0.00 430.82
v 247.17 0.00 432.65
v 253.63 0.00 433.71
v 252.63 0.00 435.44
v 258.82 0.00 437.07
v 257.65 0.00 438.70
v 263.54 0.00 440.78
v 262.25 0.00 442.30
v 267.80 0.00 444.66
v 266.42 0.00 446.11
v 271.76 0.00 448.60
v 270.31 0.00 449.99
v 324.44 0.00 505.68
v 322.96 0.00 507.03
v 341.80 0.00 525.11
v 340.30 0.00 526.43
v 498.00 0.00 707.48
v 496.46 0.00 708.76
v 504.74 0.00 715.84
v 503.16 0.00 717.05
v 511.35 0.00 724.94
v 509.69 0.00 726.06
v 514.59 0.00 730.08
v 512.87 0.00 731.09
v 517.59 0.00 735.51
v 515.81 0.00 736.42
v 520.31 0.00 741.25
v 518.48 0.00 742.04
v 522.67 0.00 747.21
v 520.78 0.00 747.89
v 524.61 0.00 753.26
v 522.69 0.00 753.82
v 526.20 0.00 759.36
v 524.25 0.00 759.79
v 528.37 0.00 770.81
v 526.39 0.00 771.13
v 529.83 0.00 781.63
v 527.85 0.00 781.87
v 550.51 0.00 969.91
v 548.52 0.00 970.14
v 560.40 0.00 1053.48
v 558.41 0.00 1053.71
v 569.93 0.00 1137.17
v 567.95 0.00 1137.40
v 573.14 0.00 1162.59
v 571.16 0.00 1162.85
v 580.36 0.00 1215.31
v 578.38 0.00 1215.59
v 583.53 0.00 1236.96
v 581.55 0.00 1237.27
v 607.03 0.00 1382.62
v 605.06 0.00 1382.97
v 610.07 0.00 1398.35
v 608.11 0.00 1398.78
v 613.70 0.00 1413.24
v 611.77 0.00 1413.75
v 646.55 0.00 1530.53
v 644.62 0.00 1531.06
v 681.01 0.00 1659.99
v 679.08 0.00 1660.50
v 683.72 0.00 1670.74
v 681.78 0.00 1671.21
v 686.15 0.00 1681.54
v 684.20 0.00 1681.95
v 689.11 0.00 1697.08
v 687.14 0.00 1697.44
v 708.48 0.00 1807.90
v 706.51 0.00 1808.23
v 710.98 0.00 1823.35
v 709.00 0.00 1823.62
v 712.16 0.00 1833.75
v 710.17 0.00 1833.93
v 712.53 0.00 1839.15
v 710.54 0.00 1839.24
v 712.82 0.00 1854.65
v 710.82 0.00 1854.64
v 710.15 0.00 1988.13
v 708.15 0.00 1988.10
v 710.07 0.00 1998.25
v 708.07 0.00 1998.26
v 710.23 0.00 2008.27
v 708.23 0.00 2008.33
v 710.70 0.00 2018.26
v 708.70 0.00 2018.38
v 711.41 0.00 2028.31
v 709.41 0.00 2028.46
v 722.44 0.00 2160.67
v 720.45 0.00 2160.83
v 28.69 0.15 445.85
v 28.70 0.15 447.85
v 55.70 0.15 445.79
v 55.73 0.15 447.79
v 82.01 0.15 445.14
v 82.07 0.15 447.14
v 150.04 0.15 442.57
v 150.13 0.15 444.57
v 207.22 0.15 439.59
v 207.30 0.15 441.58
v 217.79 0.15 439.29
v 217.79 0.15 441.29
v 222.91 0.15 439.40
v 222.81 0.15 441.40
v 227.98 0.15 439.83
v 227.74 0.15 441.82
v 232.94 0.15 440.64
v 232.52 0.15 442.60
v 237.73 0.15 441.90
v 237.12 0.15 443.81
v 242.29 0.15 443.63
v 241.48 0.15 445.46
v 246.61 0.15 445.84
v 245.61 0.15 447.57
v 250.67 0.15 448.48
v 249.50 0.15 450.11
v 254.49 0.15 451.48
v 253.20 0.15 453.00
v 258.14 0.15 454.79
v 256.76 0.15 456.24
v 261.67 0.15 458.31
v 260.22 0.15 459.70
v 314.08 0.15 515.09
v 312.60 0.15 516.44
v 331.26 0.15 534.33
v 329.76 0.15 535.65
v 487.24 0.15 716.44
v 485.70 0.15 717.72
v 493.62 0.15 724.35
v 492.04 0.15 725.56
v 499.75 0.15 732.80
v 498.09 0.15 733.92
v 502.53 0.15 737.21
v 500.81 0.15 738.22
v 505.13 0.15 741.90
v 503.35 0.15 742.81
v 507.46 0.15 746.82
v 505.63 0.15 747.61
v 509.48 0.15 751.93
v 507.59 0.15 752.61
v 511.17 0.15 757.18
v 509.25 0.15 757.74
v 512.53 0.15 762.43
v 510.58 0.15 762.86
v 514.55 0.15 773.05
v 512.57 0.15 773.37
v 515.93 0.15 783.33
v 513.95 0.15 783.57
v 536.60 0.15 971.50
v 534.61 0.15 971.73
v 546.49 0.15 1055.09
v 544.50 0.15 1055.32
v 556.03 0.15 1138.84
v 554.05 0.15 1139.07
v 559.26 0.15 1164.41
v 557.28 0.15 1164.67
v 566.50 0.15 1217.27
v 564.52 0.15 1217.55
v 569.69 0.15 1239.09
v 567.71 0.15 1239.40
v 593.24 0.15 1385.07
v 591.27 0.15 1385.42
v 596.39 0.15 1401.34
v 594.43 0.15 1401.77
v 600.15 0.15 1416.79
v 598.22 0.15 1417.30
v 633.04 0.15 1534.22
v 631.11 0.15 1534.75
v 667.46 0.15 1663.50
v 665.53 0.15 1664.01
v 670.10 0.15 1673.99
v 668.16 0.15 1674.46
v 672.44 0.15 1684.39
v 670.49 0.15 1684.80
v 675.34 0.15 1699.60
v 673.37 0.15 1699.96
v 694.67 0.15 1810.23
v 692.70 0.15 1810.56
v 697.10 0.15 1825.26
v 695.12 0.15 1825.53
v 698.21 0.15 1835.03
v 696.22 0.15 1835.21
v 698.54 0.15 1839.76
v 696.55 0.15 1839.85
v 698.82 0.15 1854.64
v 696.82 0.15 1854.63
v 696.15 0.15 1987.94
v 694.15 0.15 1987.91
v 696.07 0.15 1998.30
v 694.07 0.15 1998.31
v 696.23 0.15 2008.71
v 694.23 0.15 2008.77
v 696.72 0.15 2019.08
v 694.72 0.15 2019.20
v 697.45 0.15 2029.38
v 695.45 0.15 2029.53
v 708.49 0.15 2161.83
v 706.50 0.15 2161.99
v 28.69 0.00 445.85
v 28.70 0.00 447.85
v 55.70 0.00 445.79
v 55.73 0.00 447.79
v 82.01 0.00 445.14
v 82.07 0.00 447.14
v 150.04 0.00 442.57
v 150.13 0.00 444.57
v 207.22 0.00 439.59
v 207.30 0.00 441.58
v 217.79 0.00 439.29
v 217.79 0.00 441.29
v 222.91 0.00 439.40
v 222.81 0.00 441.40
v 227.98 0.00 439.83
v 227.74 0.00 441.82
v 232.94 0.00 440.64
v 232.52 0.00 442.60
v 237.73 0.00 441.90
v 237.12 0.00 443.81
v 242.29 0.00 443.63
v 241.48 0.00 445.46
v 246.61 0.00 445.84
v 245.61 0.00 447.57
v 250.67 0.00 448.48
v 249.50 0.00 450.11
v 254.49 0.00 451.48
v 253.20 0.00 453.00
v 258.14 0.00 454.79
v 256.76 0.00 456.24
v 261.67 0.00 458.31
v 260.22 0.00 459.70
v 314.08 0.00 515.09
v 312.60 0.00 516.44
v 331.26 0.00 534.33
v 329.76 0.00 535.65
v 487.24 0.00 716.44
v 485.70 0.00 717.72
v 493.62 0.00 724.35
v 492.04 0.00 725.56
v 499.75 0.00 732.80
v 498.09 0.00 733.92
v 502.53 0.00 737.21
v 500.81 0.00 738.22
v 505.13 0.00 741.90
v 503.35 0.00 742.81
v 507.46 0.00 746.82
v 505.63 0.00 747.61
v 509.48 0.00 751.93
v 507.59 0.00 752.61
v 511.17 0.00 757.18
v 509.25 0.00 757.74
v 512.53 0.00 762.43
v 510.58 0.00 762.86
v 514.55 0.00 773.05
v 512.57 0.00 773.37
v 515.93 0.00 783.33
v 513.95 0.00 783.57
v 536.60 0.00 971.50
v 534.61 0.00 971.73
v 546.49 0.00 1055.09
v 544.50 0.00 1055.32
v 556.03 0.00 1138.84
v 554.05 0.00 1139.07
v 559.26 0.00 1164.41
v 557.28 0.00 1164.67
v 566.50 0.00 1217.27
v 564.52 0.00 1217.55
v 569.69 0.00 1239.09
v 567.71 0.00 1239.40
v 593.24 0.00 1385.07
v 591.27 0.00 1385.42
v 596.39 0.00 1401.34
v 594.43 0.00 1401.77
v 600.15 0.00 1416.79
v 598.22 0.00 1417.30
v 633.04 0.00 1534.22
v 631.11 0.00 1534.75
v 667.46 0.00 1663.50
v 665.53 0.00 1664.01
v 670.10 0.00 1673.99
v 668.16 0.00 1674.46
v 672.44 0.00 1684.39
v 670.49 0.00 1684.80
v 675.34 0.00 1699.60
v 673.37 0.00 1699.96
v 694.67 0.00 1810.23
v 692.70 0.00 1810.56
v 697.10 0.00 1825.26
v 695.12 0.00 1825.53
v 698.21 0.00 1835.03
v 696.22 0.00 1835.21
v 698.54 0.00 1839.76
v 696.55 0.00 1839.85
v 698.82 0.00 1854.64
v 696.82 0.00 1854.63
v 696.15 0.00 1987.94
v 694.15 0.00 1987.91
v 696.07 0.00 1998.30
v 694.07 0.00 1998.31
v 696.23 0.00 2008.71
v 694.23 0.00 2008.77
v 696.72 0.00 2019.08
v 694.72 0.00 2019.20
v 697.45 0.00 2029.38
v 695.45 0.00 2029.53
v 708.49 0.00 2161.83
v 706.50 0.00 2161.99
f 7658 7660 7659 7657
f 7660 7662 7661 7659
f 7662 7664 7663 7661
f 7664 7666 7665 7663
f 7666 7668 7667 7665
f 7668 7670 7669 7667
f 7670 7672 7671 7669
f 7672 7674 7673 7671
f 7674 7676 7675 7673
f 7676 7678 7677 7675
f 7678 7680 7679 7677
f 7680 7682 7681 7679
f 7682 7684 7683 7681
f 7684 7686 7685 7683
f 7686 7688 7687 7685
f 7688 7690 7689 7687
f 7690 7692 7691 7689
f 7692 7694 7693 7691
f 7694 7696 7695 7693
f 7696 7698 7697 7695
f 7698 7700 7699 7697
f 7700 7702 7701 7699
f 7702 7704 7703 7701
f 7704 7706 7705 7703
f 7706 7708 7707 7705
f 7708 7710 7709 7707
f 7710 7712 7711 7709
f 7712 7714 7713 7711
f 7714 7716 7715 7713
f 7716 7718 7717 7715
f 7718 7720 7719 7717
f 7720 7722 7721 7719
f 7722 7724 7723 7721
f 7724 7726 7725 7723
f 7726 7728 7727 7725
f 7728 7730 7729 7727
f 7730 7732 7731 7729
f 7732 7734 7733 7731
f 7734 7736 7735 7733
f 7736 7738 7737 7735
f 7738 7740 7739 7737
f 7740 7742 7741 7739
f 7742 7744 7743 7741
f 7744 7746 7745 7743
f 7746 7748 7747 7745
f 7748 7750 7749 7747
f 7750 7752 7751 7749
f 7752 7754 7753 7751
f 7754 7756 7755 7753
f 7756 7758 7757 7755
f 7758 7760 7759 7757
f 7760 7762 7761 7759
f 7762 7764 7763 7761
f 7657 7765 7767 7659
f 7660 7768 7766 7658
f 7659 7767 7769 7661
f 7662 7770 7768 7660
f 7661 7769 7771 7663
f 7664 7772 7770 7662
f 7663 7771 7773 7665
f 7666 7774 7772 7664
f 7665 7773 7775 7667
f 7668 7776 7774 7666
f 7667 7775 7777 7669
f 7670 7778 7776 7668
f 7669 7777 7779 7671
f 7672 7780 7778 7670
f 7671 7779 7781 7673
f 7674 7782 7780 7672
f 7673 7781 7783 7675
f 7676 7784 7782 7674
f 7675 7783 7785 7677
f 7678 7786 7784 7676
f 7677 7785 7787 7679
f 7680 7788 7786 7678
f 7679 7787 7789 7681
f 7682 7790 7788 7680
f 7681 7789 7791 7683
f 7684 7792 7790 7682
f 7683 7791 7793 7685
f 7686 7794 7792 7684
f 7685 7793 7795 7687
f 7688 7796 7794 7686
f 7687 7795 7797 7689
f 7690 7798 7796 7688
f 7689 7797 7799 7691
f 7692 7800 7798 7690
f 7691 7799 7801 7693
f 7694 7802 7800 7692
f 7693 7801 7803 7695
f 7696 7804 7802 7694
f 7695 7803 7805 7697
f 7698 7806 7804 7696
f 7697 7805 7807 7699
f 7700 7808 7806 7698
f 7699 7807 7809 7701
f 7702 7810 7808 7700
f 7701 7809 7811 7703
f 7704 7812 7810 7702
f 7703 7811 7813 7705
f 7706 7814 7812 7704
f 7705 7813 7815 7707
f 7708 7816 7814 7706
f 7707 7815 7817 7709
f 7710 7818 7816 7708
f 7709 7817 7819 7711
f 7712 7820 7818 7710
f 7711 7819 7821 7713
f 7714 7822 7820 7712
f 7713 7821 7823 7715
f 7716 7824 7822 7714
f 7715 7823 7825 7717
f 7718 7826 7824 7716
f 7717 7825 7827 7719
f 7720 7828 7826 7718
f 7719 7827 7829 7721
f 7722 7830 7828 7720
f 7721 7829 7831 7723
f 7724 7832 7830 7722
f 7723 7831 7833 7725
f 7726 7834 7832 7724
f 7725 7833 7835 7727
f 7728 7836 7834 7726
f 7727 7835 7837 7729
f 7730 7838 7836 7728
f 7729 7837 7839 7731
f 7732 7840 7838 7730
f 7731 7839 7841 7733
f 7734 7842 7840 7732
f 7733 7841 7843 7735
f 7736 7844 7842 7734
f 7735 7843 7845 7737
f 7738 7846 7844 7736
f 7737 7845 7847 7739
f 7740 7848 7846 7738
f 7739 7847 7849 7741
f 7742 7850 7848 7740
f 7741 7849 7851 7743
f 7744 7852 7850 7742
f 7743 7851 7853 7745
f 7746 7854 7852 7744
f 7745 7853 7855 7747
f 7748 7856 7854 7746
f 7747 7855 7857 7749
f 7750 7858 7856 7748
f 7749 7857 7859 7751
f 7752 7860 7858 7750
f 7751 7859 7861 7753
f 7754 7862 7860 7752
f 7753 7861 7863 7755
f 7756 7864 7862 7754
f 7755 7863 7865 7757
f 7758 7866 7864 7756
f 7757 7865 7867 7759
f 7760 7868 7866 7758
f 7759 7867 7869 7761
f 7762 7870 7868 7760
f 7761 7869 7871 7763
f 7764 7872 7870 7762
f 7874 7876 7875 7873
f 7876 7878 7877 7875
f 7878 7880 7879 7877
f 7880 7882 7881 7879
f 7882 7884 7883 7881
f 7884 7886 7885 7883
f 7886 7888 7887 7885
f 7888 7890 7889 7887
f 7890 7892 7891 7889
f 7892 7894 7893 7891
f 7894 7896 7895 7893
f 7896 7898 7897 7895
f 7898 7900 7899 7897
f 7900 7902 7901 7899
f 7902 7904 7903 7901
f 7904 7906 7905 7903
f 7906 7908 7907 7905
f 7908 7910 7909 7907
f 7910 7912 7911 7909
f 7912 7914 7913 7911
f 7914 7916 7915 7913
f 7916 7918 7917 7915
f 7918 7920 7919 7917
f 7920 7922 7921 7919
f 7922 7924 7923 7921
f 7924 7926 7925 7923
f 7926 7928 7927 7925
f 7928 7930 7929 7927
f 7930 7932 7931 7929
f 7932 7934 7933 7931
f 7934 7936 7935 7933
f 7936 7938 7937 7935
f 7938 7940 7939 7937
f 7940 7942 7941 7939
f 7942 7944 7943 7941
f 7944 7946 7945 7943
f 7946 7948 7947 7945
f 7948 7950 7949 7947
f 7950 7952 7951 7949
f 7952 7954 7953 7951
f 7954 7956 7955 7953
f 7956 7958 7957 7955
f 7958 7960 7959 7957
f 7960 7962 7961 7959
f 7962 7964 7963 7961
f 7964 7966 7965 7963
f 7966 7968 7967 7965
f 7968 7970 7969 7967
f 7970 7972 7971 7969
f 7972 7974 7973 7971
f 7974 7976 7975 7973
f 7976 7978 7977 7975
f 7978 7980 7979 7977
f 7873 7981 7983 7875
f 7876 7984 7982 7874
f 7875 7983 7985 7877
f 7878 7986 7984 7876
f 7877 7985 7987 7879
f 7880 7988 7986 7878
f 7879 7987 7989 7881
f 7882 7990 7988 7880
f 7881 7989 7991 7883
f 7884 7992 7990 7882
f 7883 7991 7993 7885
f 7886 7994 7992 7884
f 7885 7993 7995 7887
f 7888 7996 7994 7886
f 7887 7995 7997 7889
f 7890 7998 7996 7888
f 7889 7997 7999 7891
f 7892 8000 7998 7890
f 7891 7999 8001 7893
f 7894 8002 8000 7892
f 7893 8001 8003 7895
f 7896 8004 8002 7894
f 7895 8003 8005 7897
f 7898 8006 8004 7896
f 7897 8005 8007 7899
f 7900 8008 8006 7898
f 7899 8007 8009 7901
f 7902 8010 8008 7900
f 7901 8009 8011 7903
f 7904 8012 8010 7902
f 7903 8011 8013 7905
f 7906 8014 8012 7904
f 7905 8013 8015 7907
f 7908 8016 8014 7906
f 7907 8015 8017 7909
f 7910 8018 8016 7908
f 7909 8017 8019 7911
f 7912 8020 8018 7910
f 7911 8019 8021 7913
f 7914 8022 8020 7912
f 7913 8021 8023 7915
f 7916 8024 8022 7914
f 7915 8023 8025 7917
f 7918 8026 8024 7916
f 7917 8025 8027 7919
f 7920 8028 8026 7918
f 7919 8027 8029 7921
f 7922 8030 8028 7920
f 7921 8029 8031 7923
f 7924 8032 8030 7922
f 7923 8031 8033 7925
f 7926 8034 8032 7924
f 7925 8033 8035 7927
f 7928 8036 8034 7926
f 7927 8035 8037 7929
f 7930 8038 8036 7928
f 7929 8037 8039 7931
f 7932 8040 8038 7930
f 7931 8039 8041 7933
f 7934 8042 8040 7932
f 7933 8041 8043 7935
f 7936 8044 8042 7934
f 7935 8043 8045 7937
f 7938 8046 8044 7936
f 7937 8045 8047 7939
f 7940 8048 8046 7938
f 7939 8047 8049 7941
f 7942 8050 8048 7940
f 7941 8049 8051 7943
f 7944 8052 8050 7942
f 7943 8051 8053 7945
f 7946 8054 8052 7944
f 7945 8053 8055 7947
f 7948 8056 8054 7946
f 7947 8055 8057 7949
f 7950 8058 8056 7948
f 7949 8057 8059 7951
f 7952 8060 8058 7950
f 7951 8059 8061 7953
f 7954 8062 8060 7952
f 7953 8061 8063 7955
f 7956 8064 8062 7954
f 7955 8063 8065 7957
f 7958 8066 8064 7956
f 7957 8065 8067 7959
f 7960 8068 8066 7958
f 7959 8067 8069 7961
f 7962 8070 8068 7960
f 7961 8069 8071 7963
f 7964 8072 8070 7962
f 7963 8071 8073 7965
f 7966 8074 8072 7964
f 7965 8073 8075 7967
f 7968 8076 8074 7966
f 7967 8075 8077 7969
f 7970 8078 8076 7968
f 7969 8077 8079 7971
f 7972 8080 8078 7970
f 7971 8079 8081 7973
f 7974 8082 8080 7972
f 7973 8081 8083 7975
f 7976 8084 8082 7974
f 7975 8083 8085 7977
f 7978 8086 8084 7976
f 7977 8085 8087 7979
f 7980 8088 8086 7978
o Pavement_-3_-1
v 725.06 0.15 -290.46
v 723.06 0.15 -290.45
v 725.56 0.15 -149.47
v 723.56 0.15 -149.46
v 725.06 0.00 -290.46
v 723.06 0.00 -290.45
v 725.56 0.00 -149.47
v 723.56 0.00 -149.46
v 711.06 0.15 -290.41
v 709.06 0.15 -290.40
v 711.56 0.15 -149.42
v 709.56 0.15 -149.41
v 711.06 0.00 -290.41
v 709.06 0.00 -290.40
v 711.56 0.00 -149.42
v 709.56 0.00 -149.41
f 8090 8092 8091 8089
f 8089 8093 8095 8091
f 8092 8096 8094 8090
f 8098 8100 8099 8097
f 8097 8101 8103 8099
f 8100 8104 8102 8098
o Pavement_-3_-11
v 657.46 0.15 -2517.54
v 659.05 0.15 -2518.76
v 518.63 0.15 -2697.68
v 520.22 0.15 -2698.90
v 657.46 0.00 -2517.54
v 659.05 0.00 -2518.76
v 518.63 0.00 -2697.68
v 520.22 0.00 -2698.90
v 670.13 0.15 -2527.30
v 671.72 0.15 -2528.52
v 531.30 0.15 -2707.44
v 532.89 0.15 -2708.66
v 670.13 0.00 -2527.30
v 671.72 0.00 -2528.52
v 531.30 0.00 -2707.44
v 532.89 0.00 -2708.66
f 8106 8108 8107 8105
f 8105 8109 8111 8107
f 8108 8112 8110 8106
f 8114 8116 8115 8113
f 8113 8117 8119 8115
f 8116 8120 8118 8114
o Pavement_-3_-12
v 82.29 0.15 -2570.61
v 83.42 0.15 -2568.96
v 193.79 0.15 -2647.18
v 194.93 0.15 -2645.53
v 247.33 0.15 -2684.75
v 248.49 0.15 -2683.12
v 289.76 0.15 -2714.99
v 290.92 0.15 -2713.36
v 363.40 0.15 -2767.03
v 364.55 0.15 -2765.39
v 522.11 0.15 -2877.51
v 523.26 0.15 -2875.87
v 650.96 0.15 -2967.55
v 652.09 0.15 -2965.90
v 777.45 0.15 -3053.28
v 778.57 0.15 -3051.62
v 819.35 0.15 -3081.35
v 820.51 0.15 -3079.71
v 827.47 0.15 -3087.36
v 828.73 0.15 -3085.80
v 835.02 0.15 -3093.89
v 836.40 0.15 -3092.44
v 840.79 0.15 -3099.91
v 842.29 0.15 -3098.58
v 847.67 0.15 -3108.32
v 849.22 0.15 -3107.05
v 82.29 0.00 -2570.61
v 83.42 0.00 -2568.96
v 193.79 0.00 -2647.18
v 194.93 0.00 -2645.53
v 247.33 0.00 -2684.75
v 248.49 0.00 -2683.12
v 289.76 0.00 -2714.99
v 290.92 0.00 -2713.36
v 363.40 0.00 -2767.03
v 364.55 0.00 -2765.39
v 522.11 0.00 -2877.51
v 523.26 0.00 -2875.87
v 650.96 0.00 -2967.55
v 652.09 0.00 -2965.90
v 777.45 0.00 -3053.28
v 778.57 0.00 -3051.62
v 819.35 0.00 -3081.35
v 820.51 0.00 -3079.71
v 827.47 0.00 -3087.36
v 828.73 0.00 -3085.80
v 835.02 0.00 -3093.89
v 836.40 0.00 -3092.44
v 840.79 0.00 -3099.91
v 842.29 0.00 -3098.58
v 847.67 0.00 -3108.32
v 849.22 0.00 -3107.05
v 671.94 0.15 -2808.42
v 673.66 0.15 -2809.44
v 653.29 0.15 -2840.23
v 655.02 0.15 -2841.23
v 637.74 0.15 -2867.56
v 639.49 0.15 -2868.53
v 627.41 0.15 -2886.72
v 629.18 0.15 -2887.66
v 612.03 0.15 -2916.17
v 613.80 0.15 -2917.09
v 671.94 0.00 -2808.42
v 673.66 0.00 -2809.44
v 653.29 0.00 -2840.23
v 655.02 0.00 -2841.23
v 637.74 0.00 -2867.56
v 639.49 0.00 -2868.53
v 627.41 0.00 -2886.72
v 629.18 0.00 -2887.66
v 612.03 0.00 -2916.17
v 613.80 0.00 -2917.09
v 684.02 0.15 -2815.50
v 685.74 0.15 -2816.52
v 665.42 0.15 -2847.23
v 667.15 0.15 -2848.23
v 649.99 0.15 -2874.35
v 651.74 0.15 -2875.32
v 639.78 0.15 -2893.28
v 641.55 0.15 -2894.22
v 624.44 0.15 -2922.65
v 626.21 0.15 -2923.57
v 684.02 0.00 -2815.50
v 685.74 0.00 -2816.52
v 665.42 0.00 -2847.23
v 667.15 0.00 -2848.23
v 649.99 0.00 -2874.35
v 651.74 0.00 -2875.32
v 639.78 0.00 -2893.28
v 641.55 0.00 -2894.22
v 624.44 0.00 -2922.65
v 626.21 0.00 -2923.57
f 8122 8124 8123 8121
f 8124 8126 8125 8123
f 8126 8128 8127 8125
f 8128 8130 8129 8127
f 8130 8132 8131 8129
f 8132 8134 8133 8131
f 8134 8136 8135 8133
f 8136 8138 8137 8135
f 8138 8140 8139 8137
f 8140 8142 8141 8139
f 8142 8144 8143 8141
f 8144 8146 8145 8143
f 8121 8147 8149 8123
f 8124 8150 8148 8122
f 8123 8149 8151 8125
f 8126 8152 8150 8124
f 8125 8151 8153 8127
f 8128 8154 8152 8126
f 8127 8153 8155 8129
f 8130 8156 8154 8128
f 8129 8155 8157 8131
f 8132 8158 8156 8130
f 8131 8157 8159 8133
f 8134 8160 8158 8132
f 8133 8159 8161 8135
f 8136 8162 8160 8134
f 8135 8161 8163 8137
f 8138 8164 8162 8136
f 8137 8163 8165 8139
f 8140 8166 8164 8138
f 8139 8165 8167 8141
f 8142 8168 8166 8140
f 8141 8167 8169 8143
f 8144 8170 8168 8142
f 8143 8169 8171 8145
f 8146 8172 8170 8144
f 8174 8176 8175 8173
f 8176 8178 8177 8175
f 8178 8180 8179 8177
f 8180 8182 8181 8179
f 8173 8183 8185 8175
f 8176 8186 8184 8174
f 8175 8185 8187 8177
f 8178 8188 8186 8176
f 8177 8187 8189 8179
f 8180 8190 8188 8178
f 8179 8189 8191 8181
f 8182 8192 8190 8180
f 8194 8196 8195 8193
f 8196 8198 8197 8195
f 8198 8200 8199 8197
f 8200 8202 8201 8199
f 8193 8203 8205 8195
f 8196 8206 8204 8194
f 8195 8205 8207 8197
f 8198 8208 8206 8196
f 8197 8207 8209 8199
f 8200 8210 8208 8198
f 8199 8209 8211 8201
f 8202 8212 8210 8200
o Pavement_-3_-2
v 724.32 0.15 -491.76
v 722.32 0.15 -491.75
v 724.55 0.15 -423.21
v 722.55 0.15 -423.21
v 724.43 0.15 -374.53
v 722.43 0.15 -374.53
v 725.06 0.15 -290.49
v 723.06 0.15 -290.47
v 724.32 0.00 -491.76
v 722.32 0.00 -491.75
v 724.55 0.00 -423.21
v 722.55 0.00 -423.21
v 724.43 0.00 -374.53
v 722.43 0.00 -374.53
v 725.06 0.00 -290.49
v 723.06 0.00 -290.47
v 710.32 0.15 -491.71
v 708.32 0.15 -491.70
v 710.55 0.15 -423.21
v 708.55 0.15 -423.21
v 710.43 0.15 -374.49
v 708.43 0.15 -374.49
v 711.06 0.15 -290.39
v 709.06 0.15 -290.37
v 710.32 0.00 -491.71
v 708.32 0.00 -491.70
v 710.55 0.00 -423.21
v 708.55 0.00 -423.21
v 710.43 0.00 -374.49
v 708.43 0.00 -374.49
v 711.06 0.00 -290.39
v 709.06 0.00 -290.37
f 8214 8216 8215 8213
f 8216 8218 8217 8215
f 8218 8220 8219 8217
f 8213 8221 8223 8215
f 8216 8224 8222 8214
f 8215 8223 8225 8217
f 8218 8226 8224 8216
f 8217 8225 8227 8219
f 8220 8228 8226 8218
f 8230 8232 8231 8229
f 8232 8234 8233 8231
f 8234 8236 8235 8233
f 8229 8237 8239 8231
f 8232 8240 8238 8230
f 8231 8239 8241 8233
f 8234 8242 8240 8232
f 8233 8241 8243 8235
f 8236 8244 8242 8234
o Pavement_-3_-3
v 708.32 0.15 -491.67
v 710.32 0.15 -491.69
v 706.76 0.15 -709.73
v 708.76 0.15 -709.75
v 708.32 0.00 -491.67
v 710.32 0.00 -491.69
v 706.76 0.00 -709.73
v 708.76 0.00 -709.75
v 722.32 0.15 -491.77
v 724.32 0.15 -491.79
v 720.76 0.15 -709.83
v 722.76 0.15 -709.85
v 722.32 0.00 -491.77
v 724.32 0.00 -491.79
v 720.76 0.00 -709.83
v 722.76 0.00 -709.85
f 8246 8248 8247 8245
f 8245 8249 8251 8247
f 8248 8252 8250 8246
f 8254 8256 8255 8253
f 8253 8257 8259 8255
f 8256 8260 8258 8254
o Pavement_-3_-4
v 779.27 0.15 -925.32
v 777.34 0.15 -925.85
v 772.58 0.15 -901.28
v 770.66 0.15 -901.83
v 767.52 0.15 -884.23
v 765.61 0.15 -884.83
v 763.64 0.15 -872.57
v 761.75 0.15 -873.23
v 752.71 0.15 -842.16
v 750.82 0.15 -842.82
v 746.81 0.15 -824.91
v 744.91 0.15 -825.54
v 739.80 0.15 -802.90
v 737.89 0.15 -803.48
v 735.07 0.15 -786.22
v 733.13 0.15 -786.71
v 731.41 0.15 -769.80
v 729.45 0.15 -770.19
v 726.61 0.15 -742.52
v 724.64 0.15 -742.83
v 724.44 0.15 -726.72
v 722.45 0.15 -726.95
v 722.72 0.15 -709.02
v 720.73 0.15 -709.21
v 779.27 0.00 -925.32
v 777.34 0.00 -925.85
v 772.58 0.00 -901.28
v 770.66 0.00 -901.83
v 767.52 0.00 -884.23
v 765.61 0.00 -884.83
v 763.64 0.00 -872.57
v 761.75 0.00 -873.23
v 752.71 0.00 -842.16
v 750.82 0.00 -842.82
v 746.81 0.00 -824.91
v 744.91 0.00 -825.54
v 739.80 0.00 -802.90
v 737.89 0.00 -803.48
v 735.07 0.00 -786.22
v 733.13 0.00 -786.71
v 731.41 0.00 -769.80
v 729.45 0.00 -770.19
v 726.61 0.00 -742.52
v 724.64 0.00 -742.83
v 724.44 0.00 -726.72
v 722.45 0.00 -726.95
v 722.72 0.00 -709.02
v 720.73 0.00 -709.21
v 765.78 0.15 -929.07
v 763.85 0.15 -929.60
v 759.12 0.15 -905.15
v 757.20 0.15 -905.70
v 754.17 0.15 -888.43
v 752.26 0.15 -889.03
v 750.41 0.15 -877.15
v 748.52 0.15 -877.81
v 739.50 0.15 -846.80
v 737.61 0.15 -847.46
v 733.51 0.15 -829.30
v 731.61 0.15 -829.93
v 726.39 0.15 -806.94
v 724.48 0.15 -807.52
v 721.49 0.15 -789.65
v 719.55 0.15 -790.14
v 717.67 0.15 -772.53
v 715.71 0.15 -772.92
v 712.78 0.15 -744.69
v 710.81 0.15 -745.00
v 710.53 0.15 -728.35
v 708.54 0.15 -728.58
v 708.79 0.15 -710.37
v 706.80 0.15 -710.56
v 765.78 0.00 -929.07
v 763.85 0.00 -929.60
v 759.12 0.00 -905.15
v 757.20 0.00 -905.70
v 754.17 0.00 -888.43
v 752.26 0.00 -889.03
v 750.41 0.00 -877.15
v 748.52 0.00 -877.81
v 739.50 0.00 -846.80
v 737.61 0.00 -847.46
v 733.51 0.00 -829.30
v 731.61 0.00 -829.93
v 726.39 0.00 -806.94
v 724.48 0.00 -807.52
v 721.49 0.00 -789.65
v 719.55 0.00 -790.14
v 717.67 0.00 -772.53
v 715.71 0.00 -772.92
v 712.78 0.00 -744.69
v 710.81 0.00 -745.00
v 710.53 0.00 -728.35
v 708.54 0.00 -728.58
v 708.79 0.00 -710.37
v 706.80 0.00 -710.56
f 8262 8264 8263 8261
f 8264 8266 8265 8263
f 8266 8268 8267 8265
f 8268 8270 8269 8267
f 8270 8272 8271 8269
f 8272 8274 8273 8271
f 8274 8276 8275 8273
f 8276 8278 8277 8275
f 8278 8280 8279 8277
f 8280 8282 8281 8279
f 8282 8284 8283 8281
f 8261 8285 8287 8263
f 8264 8288 8286 8262
f 8263 8287 8289 8265
f 8266 8290 8288 8264
f 8265 8289 8291 8267
f 8268 8292 8290 8266
f 8267 8291 8293 8269
f 8270 8294 8292 8268
f 8269 8293 8295 8271
f 8272 8296 8294 8270
f 8271 8295 8297 8273
f 8274 8298 8296 8272
f 8273 8297 8299 8275
f 8276 8300 8298 8274
f 8275 8299 8301 8277
f 8278 8302 8300 8276
f 8277 8301 8303 8279
f 8280 8304 8302 8278
f 8279 8303 8305 8281
f 8282 8306 8304 8280
f 8281 8305 8307 8283
f 8284 8308 8306 8282
f 8310 8312 8311 8309
f 8312 8314 8313 8311
f 8314 8316 8315 8313
f 8316 8318 8317 8315
f 8318 8320 8319 8317
f 8320 8322 8321 8319
f 8322 8324 8323 8321
f 8324 8326 8325 8323
f 8326 8328 8327 8325
f 8328 8330 8329 8327
f 8330 8332 8331 8329
f 8309 8333 8335 8311
f 8312 8336 8334 8310
f 8311 8335 8337 8313
f 8314 8338 8336 8312
f 8313 8337 8339 8315
f 8316 8340 8338 8314
f 8315 8339 8341 8317
f 8318 8342 8340 8316
f 8317 8341 8343 8319
f 8320 8344 8342 8318
f 8319 8343 8345 8321
f 8322 8346 8344 8320
f 8321 8345 8347 8323
f 8324 8348 8346 8322
f 8323 8347 8349 8325
f 8326 8350 8348 8324
f 8325 8349 8351 8327
f 8328 8352 8350 8326
f 8327 8351 8353 8329
f 8330 8354 8352 8328
f 8329 8353 8355 8331
f 8332 8356 8354 8330
o Pavement_-3_-5
v 718.53 0.15 -1208.28
v 717.92 0.15 -1210.19
v 705.80 0.15 -1204.19
v 705.19 0.15 -1206.10
v 718.53 0.00 -1208.28
v 717.92 0.00 -1210.19
v 705.80 0.00 -1204.19
v 705.19 0.00 -1206.10
v 793.55 0.15 -1231.12
v 792.97 0.15 -1233.03
v 718.41 0.15 -1208.25
v 717.83 0.15 -1210.16
v 793.55 0.00 -1231.12
v 792.97 0.00 -1233.03
v 718.41 0.00 -1208.25
v 717.83 0.00 -1210.16
v 698.34 0.15 -1228.84
v 698.93 0.15 -1226.93
v 710.94 0.15 -1232.69
v 711.53 0.15 -1230.78
v 698.34 0.00 -1228.84
v 698.93 0.00 -1226.93
v 710.94 0.00 -1232.69
v 711.53 0.00 -1230.78
f 8358 8360 8359 8357
f 8357 8361 8363 8359
f 8360 8364 8362 8358
f 8366 8368 8367 8365
f 8365 8369 8371 8367
f 8368 8372 8370 8366
f 8374 8376 8375 8373
f 8373 8377 8379 8375
f 8376 8380 8378 8374
o Pavement_-3_-9
v 618.30 0.15 -2206.60
v 619.03 0.15 -2204.73
v 680.64 0.15 -2230.80
v 681.37 0.15 -2228.93
v 618.30 0.00 -2206.60
v 619.03 0.00 -2204.73
v 680.64 0.00 -2230.80
v 681.37 0.00 -2228.93
v 680.75 0.15 -2230.84
v 681.45 0.15 -2228.96
v 729.06 0.15 -2248.80
v 729.74 0.15 -2246.92
v 767.89 0.15 -2262.84
v 768.57 0.15 -2260.96
v 680.75 0.00 -2230.84
v 681.45 0.00 -2228.96
v 729.06 0.00 -2248.80
v 729.74 0.00 -2246.92
v 767.89 0.00 -2262.84
v 768.57 0.00 -2260.96
v 679.21 0.15 -2204.25
v 678.48 0.15 -2206.11
v 617.17 0.15 -2179.85
v 616.44 0.15 -2181.71
v 679.21 0.00 -2204.25
v 678.48 0.00 -2206.11
v 617.17 0.00 -2179.85
v 616.44 0.00 -2181.71
v 628.74 0.15 -2201.82
v 626.85 0.15 -2201.15
v 642.38 0.15 -2163.49
v 640.48 0.15 -2162.84
v 649.38 0.15 -2142.37
v 647.47 0.15 -2141.78
v 652.45 0.15 -2131.74
v 650.52 0.15 -2131.23
v 654.87 0.15 -2121.76
v 652.91 0.15 -2121.34
v 657.95 0.15 -2105.13
v 655.98 0.15 -2104.76
v 628.74 0.00 -2201.82
v 626.85 0.00 -2201.15
v 642.38 0.00 -2163.49
v 640.48 0.00 -2162.84
v 649.38 0.00 -2142.37
v 647.47 0.00 -2141.78
v 652.45 0.00 -2131.74
v 650.52 0.00 -2131.23
v 654.87 0.00 -2121.76
v 652.91 0.00 -2121.34
v 657.95 0.00 -2105.13
v 655.98 0.00 -2104.76
v 643.18 0.15 -2099.62
v 644.90 0.15 -2100.64
v 638.30 0.15 -2107.95
v 640.04 0.15 -2108.93
v 634.11 0.15 -2115.79
v 635.90 0.15 -2116.69
v 629.16 0.15 -2126.23
v 630.98 0.15 -2127.05
v 626.70 0.15 -2131.92
v 628.55 0.15 -2132.69
v 622.25 0.15 -2143.11
v 624.11 0.15 -2143.83
v 606.75 0.15 -2184.48
v 608.62 0.15 -2185.19
v 643.18 0.00 -2099.62
v 644.90 0.00 -2100.64
v 638.30 0.00 -2107.95
v 640.04 0.00 -2108.93
v 634.11 0.00 -2115.79
v 635.90 0.00 -2116.69
v 629.16 0.00 -2126.23
v 630.98 0.00 -2127.05
v 626.70 0.00 -2131.92
v 628.55 0.00 -2132.69
v 622.25 0.00 -2143.11
v 624.11 0.00 -2143.83
v 606.75 0.00 -2184.48
v 608.62 0.00 -2185.19
v 606.85 0.15 -2184.23
v 608.70 0.15 -2184.99
v 603.57 0.15 -2192.15
v 605.42 0.15 -2192.91
v 606.85 0.00 -2184.23
v 608.70 0.00 -2184.99
v 603.57 0.00 -2192.15
v 605.42 0.00 -2192.91
v 617.42 0.15 -2179.95
v 616.62 0.15 -2181.78
v 553.03 0.15 -2152.08
v 552.23 0.15 -2153.91
v 617.42 0.00 -2179.95
v 616.62 0.00 -2181.78
v 553.03 0.00 -2152.08
v 552.23 0.00 -2153.91
f 8382 8384 8383 8381
f 8381 8385 8387 8383
f 8384 8388 8386 8382
f 8390 8392 8391 8389
f 8392 8394 8393 8391
f 8389 8395 8397 8391
f 8392 8398 8396 8390
f 8391 8397 8399 8393
f 8394 8400 8398 8392
f 8402 8404 8403 8401
f 8401 8405 8407 8403
f 8404 8408 8406 8402
f 8410 8412 8411 8409
f 8412 8414 8413 8411
f 8414 8416 8415 8413
f 8416 8418 8417 8415
f 8418 8420 8419 8417
f 8409 8421 8423 8411
f 8412 8424 8422 8410
f 8411 8423 8425 8413
f 8414 8426 8424 8412
f 8413 8425 8427 8415
f 8416 8428 8426 8414
f 8415 8427 8429 8417
f 8418 8430 8428 8416
f 8417 8429 8431 8419
f 8420 8432 8430 8418
f 8434 8436 8435 8433
f 8436 8438 8437 8435
f 8438 8440 8439 8437
f 8440 8442 8441 8439
f 8442 8444 8443 8441
f 8444 8446 8445 8443
f 8433 8447 8449 8435
f 8436 8450 8448 8434
f 8435 8449 8451 8437
f 8438 8452 8450 8436
f 8437 8451 8453 8439
f 8440 8454 8452 8438
f 8439 8453 8455 8441
f 8442 8456 8454 8440
f 8441 8455 8457 8443
f 8444 8458 8456 8442
f 8443 8457 8459 8445
f 8446 8460 8458 8444
f 8462 8464 8463 8461
f 8461 8465 8467 8463
f 8464 8468 8466 8462
f 8470 8472 8471 8469
f 8469 8473 8475 8471
f 8472 8476 8474 8470
o Pavement_-4_-10
v 800.02 0.15 -2274.42
v 800.68 0.15 -2272.53
v 828.89 0.15 -2284.66
v 829.55 0.15 -2282.77
v 800.02 0.00 -2274.42
v 800.68 0.00 -2272.53
v 828.89 0.00 -2284.66
v 829.55 0.00 -2282.77
v 767.90 0.15 -2262.85
v 768.58 0.15 -2260.96
v 799.98 0.15 -2274.41
v 800.66 0.15 -2272.52
v 767.90 0.00 -2262.85
v 768.58 0.00 -2260.96
v 799.98 0.00 -2274.41
v 800.66 0.00 -2272.52
f 8478 8480 8479 8477
f 8477 8481 8483 8479
f 8480 8484 8482 8478
f 8486 8488 8487 8485
f 8485 8489 8491 8487
f 8488 8492 8490 8486
o Pavement_-4_-11
v 1062.06 0.15 -2813.55
v 1060.91 0.15 -2815.19
v 1020.25 0.15 -2784.17
v 1019.08 0.15 -2785.80
v 999.56 0.15 -2769.05
v 998.36 0.15 -2770.65
v 933.52 0.15 -2718.25
v 932.29 0.15 -2719.83
v 865.57 0.15 -2665.12
v 864.35 0.15 -2666.70
v 669.80 0.15 -2516.19
v 668.59 0.15 -2517.78
v 1062.06 0.00 -2813.55
v 1060.91 0.00 -2815.19
v 1020.25 0.00 -2784.17
v 1019.08 0.00 -2785.80
v 999.56 0.00 -2769.05
v 998.36 0.00 -2770.65
v 933.52 0.00 -2718.25
v 932.29 0.00 -2719.83
v 865.57 0.00 -2665.12
v 864.35 0.00 -2666.70
v 669.80 0.00 -2516.19
v 668.59 0.00 -2517.78
v 1053.33 0.15 -2825.99
v 1052.18 0.15 -2827.63
v 1011.40 0.15 -2796.52
v 1010.23 0.15 -2798.15
v 990.44 0.15 -2781.21
v 989.24 0.15 -2782.81
v 924.21 0.15 -2730.27
v 922.98 0.15 -2731.85
v 856.29 0.15 -2677.16
v 855.07 0.15 -2678.74
v 660.59 0.15 -2528.28
v 659.38 0.15 -2529.87
v 1053.33 0.00 -2825.99
v 1052.18 0.00 -2827.63
v 1011.40 0.00 -2796.52
v 1010.23 0.00 -2798.15
v 990.44 0.00 -2781.21
v 989.24 0.00 -2782.81
v 924.21 0.00 -2730.27
v 922.98 0.00 -2731.85
v 856.29 0.00 -2677.16
v 855.07 0.00 -2678.74
v 660.59 0.00 -2528.28
v 659.38 0.00 -2529.87
f 8494 8496 8495 8493
f 8496 8498 8497 8495
f 8498 8500 8499 8497
f 8500 8502 8501 8499
f 8502 8504 8503 8501
f 8493 8505 8507 8495
f 8496 8508 8506 8494
f 8495 8507 8509 8497
f 8498 8510 8508 8496
f 8497 8509 8511 8499
f 8500 8512 8510 8498
f 8499 8511 8513 8501
f 8502 8514 8512 8500
f 8501 8513 8515 8503
f 8504 8516 8514 8502
f 8518 8520 8519 8517
f 8520 8522 8521 8519
f 8522 8524 8523 8521
f 8524 8526 8525 8523
f 8526 8528 8527 8525
f 8517 8529 8531 8519
f 8520 8532 8530 8518
f 8519 8531 8533 8521
f 8522 8534 8532 8520
f 8521 8533 8535 8523
f 8524 8536 8534 8522
f 8523 8535 8537 8525
f 8526 8538 8536 8524
f 8525 8537 8539 8527
f 8528 8540 8538 8526
o Pavement_-4_-13
v 868.80 0.15 -3077.82
v 867.84 0.15 -3079.57
v 857.48 0.15 -3071.58
v 856.49 0.15 -3073.31
v 848.97 0.15 -3066.53
v 847.92 0.15 -3068.23
v 834.63 0.15 -3057.26
v 833.53 0.15 -3058.93
v 790.00 0.15 -3027.48
v 788.88 0.15 -3029.14
v 745.23 0.15 -2996.88
v 744.10 0.15 -2998.54
v 651.39 0.15 -2933.44
v 650.27 0.15 -2935.10
v 868.80 0.00 -3077.82
v 867.84 0.00 -3079.57
v 857.48 0.00 -3071.58
v 856.49 0.00 -3073.31
v 848.97 0.00 -3066.53
v 847.92 0.00 -3068.23
v 834.63 0.00 -3057.26
v 833.53 0.00 -3058.93
v 790.00 0.00 -3027.48
v 788.88 0.00 -3029.14
v 745.23 0.00 -2996.88
v 744.10 0.00 -2998.54
v 651.39 0.00 -2933.44
v 650.27 0.00 -2935.10
f 8542 8544 8543 8541
f 8544 8546 8545 8543
f 8546 8548 8547 8545
f 8548 8550 8549 8547
f 8550 8552 8551 8549
f 8552 8554 8553 8551
f 8541 8555 8557 8543
f 8544 8558 8556 8542
f 8543 8557 8559 8545
f 8546 8560 8558 8544
f 8545 8559 8561 8547
f 8548 8562 8560 8546
f 8547 8561 8563 8549
f 8550 8564 8562 8548
f 8549 8563 8565 8551
f 8552 8566 8564 8550
f 8551 8565 8567 8553
f 8554 8568 8566 8552
o Pavement_-4_-14
v 790.47 0.15 -3057.20
v 792.44 0.15 -3057.57
v 776.40 0.15 -3133.05
v 778.37 0.15 -3133.42
v 768.53 0.15 -3173.46
v 770.50 0.15 -3173.81
v 767.72 0.15 -3178.75
v 769.71 0.15 -3178.99
v 767.23 0.15 -3184.16
v 769.24 0.15 -3184.23
v 767.33 0.15 -3189.73
v 769.33 0.15 -3189.53
v 768.35 0.15 -3195.35
v 770.28 0.15 -3194.80
v 770.46 0.15 -3200.72
v 772.25 0.15 -3199.81
v 773.52 0.15 -3205.54
v 775.12 0.15 -3204.33
v 777.24 0.15 -3209.74
v 778.66 0.15 -3208.33
v 781.34 0.15 -3213.47
v 782.63 0.15 -3211.94
v 789.69 0.15 -3219.97
v 790.89 0.15 -3218.37
v 798.24 0.15 -3226.20
v 799.42 0.15 -3224.58
v 849.87 0.15 -3263.20
v 851.06 0.15 -3261.60
v 858.42 0.15 -3269.80
v 859.66 0.15 -3268.23
v 866.99 0.15 -3276.75
v 868.27 0.15 -3275.21
v 884.00 0.15 -3291.25
v 885.32 0.15 -3289.74
v 896.32 0.15 -3302.23
v 897.68 0.15 -3300.76
v 908.37 0.15 -3313.81
v 909.80 0.15 -3312.41
v 916.18 0.15 -3322.42
v 917.70 0.15 -3321.12
v 919.85 0.15 -3327.05
v 921.45 0.15 -3325.84
v 923.40 0.15 -3332.01
v 925.05 0.15 -3330.89
v 926.75 0.15 -3337.23
v 928.46 0.15 -3336.19
v 929.87 0.15 -3342.64
v 931.62 0.15 -3341.68
v 932.72 0.15 -3348.17
v 934.52 0.15 -3347.29
v 935.30 0.15 -3353.74
v 937.13 0.15 -3352.94
v 937.59 0.15 -3359.28
v 939.46 0.15 -3358.56
v 939.55 0.15 -3364.79
v 941.45 0.15 -3364.17
v 941.17 0.15 -3370.26
v 943.10 0.15 -3369.75
v 942.42 0.15 -3375.73
v 944.38 0.15 -3375.34
v 943.32 0.15 -3381.24
v 945.30 0.15 -3380.97
v 943.89 0.15 -3386.71
v 945.89 0.15 -3386.57
v 944.28 0.15 -3397.89
v 946.28 0.15 -3397.88
v 944.08 0.15 -3408.64
v 946.08 0.15 -3408.70
v 942.51 0.15 -3449.51
v 944.50 0.15 -3449.59
v 790.47 0.00 -3057.20
v 792.44 0.00 -3057.57
v 776.40 0.00 -3133.05
v 778.37 0.00 -3133.42
v 768.53 0.00 -3173.46
v 770.50 0.00 -3173.81
v 767.72 0.00 -3178.75
v 769.71 0.00 -3178.99
v 767.23 0.00 -3184.16
v 769.24 0.00 -3184.23
v 767.33 0.00 -3189.73
v 769.33 0.00 -3189.53
v 768.35 0.00 -3195.35
v 770.28 0.00 -3194.80
v 770.46 0.00 -3200.72
v 772.25 0.00 -3199.81
v 773.52 0.00 -3205.54
v 775.12 0.00 -3204.33
v 777.24 0.00 -3209.74
v 778.66 0.00 -3208.33
v 781.34 0.00 -3213.47
v 782.63 0.00 -3211.94
v 789.69 0.00 -3219.97
v 790.89 0.00 -3218.37
v 798.24 0.00 -3226.20
v 799.42 0.00 -3224.58
v 849.87 0.00 -3263.20
v 851.06 0.00 -3261.60
v 858.42 0.00 -3269.80
v 859.66 0.00 -3268.23
v 866.99 0.00 -3276.75
v 868.27 0.00 -3275.21
v 884.00 0.00 -3291.25
v 885.32 0.00 -3289.74
v 896.32 0.00 -3302.23
v 897.68 0.00 -3300.76
v 908.37 0.00 -3313.81
v 909.80 0.00 -3312.41
v 916.18 0.00 -3322.42
v 917.70 0.00 -3321.12
v 919.85 0.00 -3327.05
v 921.45 0.00 -3325.84
v 923.40 0.00 -3332.01
v 925.05 0.00 -3330.89
v 926.75 0.00 -3337.23
v 928.46 0.00 -3336.19
v 929.87 0.00 -3342.64
v 931.62 0.00 -3341.68
v 932.72 0.00 -3348.17
v 934.52 0.00 -3347.29
v 935.30 0.00 -3353.74
v 937.13 0.00 -3352.94
v 937.59 0.00 -3359.28
v 939.46 0.00 -3358.56
v 939.55 0.00 -3364.79
v 941.45 0.00 -3364.17
v 941.17 0.00 -3370.26
v 943.10 0.00 -3369.75
v 942.42 0.00 -3375.73
v 944.38 0.00 -3375.34
v 943.32 0.00 -3381.24
v 945.30 0.00 -3380.97
v 943.89 0.00 -3386.71
v 945.89 0.00 -3386.57
v 944.28 0.00 -3397.89
v 946.28 0.00 -3397.88
v 944.08 0.00 -3408.64
v 946.08 0.00 -3408.70
v 942.51 0.00 -3449.51
v 944.50 0.00 -3449.59
v 804.24 0.15 -3059.75
v 806.21 0.15 -3060.12
v 790.15 0.15 -3135.66
v 792.12 0.15 -3136.03
v 782.32 0.15 -3175.85
v 784.29 0.15 -3176.20
v 781.63 0.15 -3180.43
v 783.62 0.15 -3180.67
v 781.24 0.15 -3184.67
v 783.25 0.15 -3184.74
v 781.31 0.15 -3188.35
v 783.31 0.15 -3188.15
v 781.88 0.15 -3191.52
v 783.81 0.15 -3190.97
v 782.99 0.15 -3194.35
v 784.78 0.15 -3193.44
v 784.74 0.15 -3197.09
v 786.34 0.15 -3195.88
v 787.22 0.15 -3199.89
v 788.64 0.15 -3198.48
v 790.37 0.15 -3202.76
v 791.66 0.15 -3201.23
v 798.11 0.15 -3208.79
v 799.31 0.15 -3207.19
v 806.44 0.15 -3214.86
v 807.62 0.15 -3213.24
v 858.22 0.15 -3251.96
v 859.41 0.15 -3250.36
v 867.10 0.15 -3258.81
v 868.34 0.15 -3257.24
v 875.95 0.15 -3265.99
v 877.23 0.15 -3264.45
v 893.20 0.15 -3280.70
v 894.52 0.15 -3279.19
v 905.84 0.15 -3291.96
v 907.20 0.15 -3290.49
v 918.42 0.15 -3304.05
v 919.85 0.15 -3302.65
v 926.86 0.15 -3313.36
v 928.38 0.15 -3312.06
v 931.03 0.15 -3318.62
v 932.63 0.15 -3317.41
v 934.99 0.15 -3324.15
v 936.64 0.15 -3323.03
v 938.72 0.15 -3329.95
v 940.43 0.15 -3328.91
v 942.16 0.15 -3335.94
v 943.91 0.15 -3334.98
v 945.30 0.15 -3342.01
v 947.10 0.15 -3341.13
v 948.13 0.15 -3348.12
v 949.96 0.15 -3347.32
v 950.66 0.15 -3354.26
v 952.53 0.15 -3353.54
v 952.87 0.15 -3360.45
v 954.77 0.15 -3359.83
v 954.72 0.15 -3366.71
v 956.65 0.15 -3366.20
v 956.16 0.15 -3373.04
v 958.12 0.15 -3372.65
v 957.20 0.15 -3379.37
v 959.18 0.15 -3379.10
v 957.87 0.15 -3385.73
v 959.87 0.15 -3385.59
v 958.28 0.15 -3397.78
v 960.28 0.15 -3397.77
v 958.08 0.15 -3409.04
v 960.08 0.15 -3409.10
v 956.50 0.15 -3450.05
v 958.49 0.15 -3450.13
v 804.24 0.00 -3059.75
v 806.21 0.00 -3060.12
v 790.15 0.00 -3135.66
v 792.12 0.00 -3136.03
v 782.32 0.00 -3175.85
v 784.29 0.00 -3176.20
v 781.63 0.00 -3180.43
v 783.62 0.00 -3180.67
v 781.24 0.00 -3184.67
v 783.25 0.00 -3184.74
v 781.31 0.00 -3188.35
v 783.31 0.00 -3188.15
v 781.88 0.00 -3191.52
v 783.81 0.00 -3190.97
v 782.99 0.00 -3194.35
v 784.78 0.00 -3193.44
v 784.74 0.00 -3197.09
v 786.34 0.00 -3195.88
v 787.22 0.00 -3199.89
v 788.64 0.00 -3198.48
v 790.37 0.00 -3202.76
v 791.66 0.00 -3201.23
v 798.11 0.00 -3208.79
v 799.31 0.00 -3207.19
v 806.44 0.00 -3214.86
v 807.62 0.00 -3213.24
v 858.22 0.00 -3251.96
v 859.41 0.00 -3250.36
v 867.10 0.00 -3258.81
v 868.34 0.00 -3257.24
v 875.95 0.00 -3265.99
v 877.23 0.00 -3264.45
v 893.20 0.00 -3280.70
v 894.52 0.00 -3279.19
v 905.84 0.00 -3291.96
v 907.20 0.00 -3290.49
v 918.42 0.00 -3304.05
v 919.85 0.00 -3302.65
v 926.86 0.00 -3313.36
v 928.38 0.00 -3312.06
v 931.03 0.00 -3318.62
v 932.63 0.00 -3317.41
v 934.99 0.00 -3324.15
v 936.64 0.00 -3323.03
v 938.72 0.00 -3329.95
v 940.43 0.00 -3328.91
v 942.16 0.00 -3335.94
v 943.91 0.00 -3334.98
v 945.30 0.00 -3342.01
v 947.10 0.00 -3341.13
v 948.13 0.00 -3348.12
v 949.96 0.00 -3347.32
v 950.66 0.00 -3354.26
v 952.53 0.00 -3353.54
v 952.87 0.00 -3360.45
v 954.77 0.00 -3359.83
v 954.72 0.00 -3366.71
v 956.65 0.00 -3366.20
v 956.16 0.00 -3373.04
v 958.12 0.00 -3372.65
v 957.20 0.00 -3379.37
v 959.18 0.00 -3379.10
v 957.87 0.00 -3385.73
v 959.87 0.00 -3385.59
v 958.28 0.00 -3397.78
v 960.28 0.00 -3397.77
v 958.08 0.00 -3409.04
v 960.08 0.00 -3409.10
v 956.50 0.00 -3450.05
v 958.49 0.00 -3450.13
f 8570 8572 8571 8569
f 8572 8574 8573 8571
f 8574 8576 8575 8573
f 8576 8578 8577 8575
f 8578 8580 8579 8577
f 8580 8582 8581 8579
f 8582 8584 8583 8581
f 8584 8586 8585 8583
f 8586 8588 8587 8585
f 8588 8590 8589 8587
f 8590 8592 8591 8589
f 8592 8594 8593 8591
f 8594 8596 8595 8593
f 8596 8598 8597 8595
f 8598 8600 8599 8597
f 8600 8602 8601 8599
f 8602 8604 8603 8601
f 8604 8606 8605 8603
f 8606 8608 8607 8605
f 8608 8610 8609 8607
f 8610 8612 8611 8609
f 8612 8614 8613 8611
f 8614 8616 8615 8613
f 8616 8618 8617 8615
f 8618 8620 8619 8617
f 8620 8622 8621 8619
f 8622 8624 8623 8621
f 8624 8626 8625 8623
f 8626 8628 8627 8625
f 8628 8630 8629 8627
f 8630 8632 8631 8629
f 8632 8634 8633 8631
f 8634 8636 8635 8633
f 8636 8638 8637 8635
f 8569 8639 8641 8571
f 8572 8642 8640 8570
f 8571 8641 8643 8573
f 8574 8644 8642 8572
f 8573 8643 8645 8575
f 8576 8646 8644 8574
f 8575 8645 8647 8577
f 8578 8648 8646 8576
f 8577 8647 8649 8579
f 8580 8650 8648 8578
f 8579 8649 8651 8581
f 8582 8652 8650 8580
f 8581 8651 8653 8583
f 8584 8654 8652 8582
f 8583 8653 8655 8585
f 8586 8656 8654 8584
f 8585 8655 8657 8587
f 8588 8658 8656 8586
f 8587 8657 8659 8589
f 8590 8660 8658 8588
f 8589 8659 8661 8591
f 8592 8662 8660 8590
f 8591 8661 8663 8593
f 8594 8664 8662 8592
f 8593 8663 8665 8595
f 8596 8666 8664 8594
f 8595 8665 8667 8597
f 8598 8668 8666 8596
f 8597 8667 8669 8599
f 8600 8670 8668 8598
f 8599 8669 8671 8601
f 8602 8672 8670 8600
f 8601 8671 8673 8603
f 8604 8674 8672 8602
f 8603 8673 8675 8605
f 8606 8676 8674 8604
f 8605 8675 8677 8607
f 8608 8678 8676 8606
f 8607 8677 8679 8609
f 8610 8680 8678 8608
f 8609 8679 8681 8611
f 8612 8682 8680 8610
f 8611 8681 8683 8613
f 8614 8684 8682 8612
f 8613 8683 8685 8615
f 8616 8686 8684 8614
f 8615 8685 8687 8617
f 8618 8688 8686 8616
f 8617 8687 8689 8619
f 8620 8690 8688 8618
f 8619 8689 8691 8621
f 8622 8692 8690 8620
f 8621 8691 8693 8623
f 8624 8694 8692 8622
f 8623 8693 8695 8625
f 8626 8696 8694 8624
f 8625 8695 8697 8627
f 8628 8698 8696 8626
f 8627 8697 8699 8629
f 8630 8700 8698 8628
f 8629 8699 8701 8631
f 8632 8702 8700 8630
f 8631 8701 8703 8633
f 8634 8704 8702 8632
f 8633 8703 8705 8635
f 8636 8706 8704 8634
f 8635 8705 8707 8637
f 8638 8708 8706 8636
f 8710 8712 8711 8709
f 8712 8714 8713 8711
f 8714 8716 8715 8713
f 8716 8718 8717 8715
f 8718 8720 8719 8717
f 8720 8722 8721 8719
f 8722 8724 8723 8721
f 8724 8726 8725 8723
f 8726 8728 8727 8725
f 8728 8730 8729 8727
f 8730 8732 8731 8729
f 8732 8734 8733 8731
f 8734 8736 8735 8733
f 8736 8738 8737 8735
f 8738 8740 8739 8737
f 8740 8742 8741 8739
f 8742 8744 8743 8741
f 8744 8746 8745 8743
f 8746 8748 8747 8745
f 8748 8750 8749 8747
f 8750 8752 8751 8749
f 8752 8754 8753 8751
f 8754 8756 8755 8753
f 8756 8758 8757 8755
f 8758 8760 8759 8757
f 8760 8762 8761 8759
f 8762 8764 8763 8761
f 8764 8766 8765 8763
f 8766 8768 8767 8765
f 8768 8770 8769 8767
f 8770 8772 8771 8769
f 8772 8774 8773 8771
f 8774 8776 8775 8773
f 8776 8778 8777 8775
f 8709 8779 8781 8711
f 8712 8782 8780 8710
f 8711 8781 8783 8713
f 8714 8784 8782 8712
f 8713 8783 8785 8715
f 8716 8786 8784 8714
f 8715 8785 8787 8717
f 8718 8788 8786 8716
f 8717 8787 8789 8719
f 8720 8790 8788 8718
f 8719 8789 8791 8721
f 8722 8792 8790 8720
f 8721 8791 8793 8723
f 8724 8794 8792 8722
f 8723 8793 8795 8725
f 8726 8796 8794 8724
f 8725 8795 8797 8727
f 8728 8798 8796 8726
f 8727 8797 8799 8729
f 8730 8800 8798 8728
f 8729 8799 8801 8731
f 8732 8802 8800 8730
f 8731 8801 8803 8733
f 8734 8804 8802 8732
f 8733 8803 8805 8735
f 8736 8806 8804 8734
f 8735 8805 8807 8737
f 8738 8808 8806 8736
f 8737 8807 8809 8739
f 8740 8810 8808 8738
f 8739 8809 8811 8741
f 8742 8812 8810 8740
f 8741 8811 8813 8743
f 8744 8814 8812 8742
f 8743 8813 8815 8745
f 8746 8816 8814 8744
f 8745 8815 8817 8747
f 8748 8818 8816 8746
f 8747 8817 8819 8749
f 8750 8820 8818 8748
f 8749 8819 8821 8751
f 8752 8822 8820 8750
f 8751 8821 8823 8753
f 8754 8824 8822 8752
f 8753 8823 8825 8755
f 8756 8826 8824 8754
f 8755 8825 8827 8757
f 8758 8828 8826 8756
f 8757 8827 8829 8759
f 8760 8830 8828 8758
f 8759 8829 8831 8761
f 8762 8832 8830 8760
f 8761 8831 8833 8763
f 8764 8834 8832 8762
f 8763 8833 8835 8765
f 8766 8836 8834 8764
f 8765 8835 8837 8767
f 8768 8838 8836 8766
f 8767 8837 8839 8769
f 8770 8840 8838 8768
f 8769 8839 8841 8771
f 8772 8842 8840 8770
f 8771 8841 8843 8773
f 8774 8844 8842 8772
f 8773 8843 8845 8775
f 8776 8846 8844 8774
f 8775 8845 8847 8777
f 8778 8848 8846 8776
o Pavement_-4_-2
v 716.27 0.15 -499.73
v 716.28 0.15 -497.73
v 960.62 0.15 -501.24
v 960.63 0.15 -499.24
v 716.27 0.00 -499.73
v 716.28 0.00 -497.73
v 960.62 0.00 -501.24
v 960.63 0.00 -499.24
v 716.36 0.15 -485.73
v 716.37 0.15 -483.73
v 960.71 0.15 -487.24
v 960.72 0.15 -485.24
v 716.36 0.00 -485.73
v 716.37 0.00 -483.73
v 960.71 0.00 -487.24
v 960.72 0.00 -485.24
f 8850 8852 8851 8849
f 8849 8853 8855 8851
f 8852 8856 8854 8850
f 8858 8860 8859 8857
f 8857 8861 8863 8859
f 8860 8864 8862 8858
o Pavement_-4_-5
v 811.75 0.15 -1220.86
v 812.84 0.15 -1222.54
v 804.14 0.15 -1225.82
v 805.03 0.15 -1227.62
v 801.08 0.15 -1226.88
v 801.91 0.15 -1228.71
v 798.36 0.15 -1228.42
v 799.13 0.15 -1230.27
v 789.03 0.15 -1231.08
v 789.57 0.15 -1233.00
v 811.75 0.00 -1220.86
v 812.84 0.00 -1222.54
v 804.14 0.00 -1225.82
v 805.03 0.00 -1227.62
v 801.08 0.00 -1226.88
v 801.91 0.00 -1228.71
v 798.36 0.00 -1228.42
v 799.13 0.00 -1230.27
v 789.03 0.00 -1231.08
v 789.57 0.00 -1233.00
v 710.91 0.15 -1232.68
v 711.51 0.15 -1230.77
v 788.09 0.15 -1256.58
v 788.69 0.15 -1254.67
v 710.91 0.00 -1232.68
v 711.51 0.00 -1230.77
v 788.09 0.00 -1256.58
v 788.69 0.00 -1254.67
f 8866 8868 8867 8865
f 8868 8870 8869 8867
f 8870 8872 8871 8869
f 8872 8874 8873 8871
f 8865 8875 8877 8867
f 8868 8878 8876 8866
f 8867 8877 8879 8869
f 8870 8880 8878 8868
f 8869 8879 8881 8871
f 8872 8882 8880 8870
f 8871 8881 8883 8873
f 8874 8884 8882 8872
f 8886 8888 8887 8885
f 8885 8889 8891 8887
f 8888 8892 8890 8886
o Pavement_-4_-6
v 765.60 0.15 -1714.32
v 763.64 0.15 -1713.91
v 774.52 0.15 -1672.01
v 772.56 0.15 -1671.58
v 781.42 0.15 -1641.57
v 779.46 0.15 -1641.16
v 787.56 0.15 -1610.49
v 785.60 0.15 -1610.06
v 796.58 0.15 -1573.01
v 794.63 0.15 -1572.56
v 802.57 0.15 -1546.30
v 800.61 0.15 -1545.88
v 808.74 0.15 -1515.31
v 806.77 0.15 -1514.95
v 810.56 0.15 -1504.41
v 808.58 0.15 -1504.11
v 812.12 0.15 -1493.32
v 810.13 0.15 -1493.06
v 818.90 0.15 -1434.61
v 816.91 0.15 -1434.41
v 820.36 0.15 -1416.77
v 818.36 0.15 -1416.67
v 820.60 0.15 -1405.09
v 818.60 0.15 -1405.10
v 819.99 0.15 -1383.04
v 817.99 0.15 -1383.07
v 820.05 0.15 -1366.76
v 818.05 0.15 -1366.72
v 822.54 0.15 -1307.58
v 820.55 0.15 -1307.51
v 824.06 0.15 -1256.64
v 822.06 0.15 -1256.61
v 824.09 0.15 -1233.95
v 822.09 0.15 -1233.97
v 823.79 0.15 -1222.55
v 821.79 0.15 -1222.62
v 823.05 0.15 -1206.22
v 821.05 0.15 -1206.32
v 822.07 0.15 -1190.21
v 820.08 0.15 -1190.35
v 818.25 0.15 -1138.09
v 816.26 0.15 -1138.21
v 816.00 0.15 -1097.37
v 814.00 0.15 -1097.52
v 814.29 0.15 -1079.46
v 812.31 0.15 -1079.70
v 812.53 0.15 -1067.48
v 810.56 0.15 -1067.81
v 810.30 0.15 -1055.38
v 808.34 0.15 -1055.77
v 801.18 0.15 -1013.40
v 799.23 0.15 -1013.85
v 798.30 0.15 -1001.46
v 796.36 0.15 -1001.94
v 789.69 0.15 -968.70
v 787.75 0.15 -969.19
v 779.34 0.15 -925.59
v 777.39 0.15 -926.06
v 765.60 0.00 -1714.32
v 763.64 0.00 -1713.91
v 774.52 0.00 -1672.01
v 772.56 0.00 -1671.58
v 781.42 0.00 -1641.57
v 779.46 0.00 -1641.16
v 787.56 0.00 -1610.49
v 785.60 0.00 -1610.06
v 796.58 0.00 -1573.01
v 794.63 0.00 -1572.56
v 802.57 0.00 -1546.30
v 800.61 0.00 -1545.88
v 808.74 0.00 -1515.31
v 806.77 0.00 -1514.95
v 810.56 0.00 -1504.41
v 808.58 0.00 -1504.11
v 812.12 0.00 -1493.32
v 810.13 0.00 -1493.06
v 818.90 0.00 -1434.61
v 816.91 0.00 -1434.41
v 820.36 0.00 -1416.77
v 818.36 0.00 -1416.67
v 820.60 0.00 -1405.09
v 818.60 0.00 -1405.10
v 819.99 0.00 -1383.04
v 817.99 0.00 -1383.07
v 820.05 0.00 -1366.76
v 818.05 0.00 -1366.72
v 822.54 0.00 -1307.58
v 820.55 0.00 -1307.51
v 824.06 0.00 -1256.64
v 822.06 0.00 -1256.61
v 824.09 0.00 -1233.95
v 822.09 0.00 -1233.97
v 823.79 0.00 -1222.55
v 821.79 0.00 -1222.62
v 823.05 0.00 -1206.22
v 821.05 0.00 -1206.32
v 822.07 0.00 -1190.21
v 820.08 0.00 -1190.35
v 818.25 0.00 -1138.09
v 816.26 0.00 -1138.21
v 816.00 0.00 -1097.37
v 814.00 0.00 -1097.52
v 814.29 0.00 -1079.46
v 812.31 0.00 -1079.70
v 812.53 0.00 -1067.48
v 810.56 0.00 -1067.81
v 810.30 0.00 -1055.38
v 808.34 0.00 -1055.77
v 801.18 0.00 -1013.40
v 799.23 0.00 -1013.85
v 798.30 0.00 -1001.46
v 796.36 0.00 -1001.94
v 789.69 0.00 -968.70
v 787.75 0.00 -969.19
v 779.34 0.00 -925.59
v 777.39 0.00 -926.06
v 751.90 0.15 -1711.43
v 749.94 0.15 -1711.02
v 760.84 0.15 -1669.02
v 758.88 0.15 -1668.59
v 767.72 0.15 -1638.66
v 765.76 0.15 -1638.25
v 773.88 0.15 -1607.50
v 771.92 0.15 -1607.07
v 782.95 0.15 -1569.84
v 781.00 0.15 -1569.39
v 788.87 0.15 -1543.40
v 786.91 0.15 -1542.98
v 794.97 0.15 -1512.79
v 793.00 0.15 -1512.43
v 796.72 0.15 -1502.29
v 794.74 0.15 -1501.99
v 798.23 0.15 -1491.54
v 796.24 0.15 -1491.28
v 804.97 0.15 -1433.23
v 802.98 0.15 -1433.03
v 806.38 0.15 -1416.05
v 804.38 0.15 -1415.95
v 806.60 0.15 -1405.14
v 804.60 0.15 -1405.15
v 805.99 0.15 -1383.21
v 803.99 0.15 -1383.24
v 806.05 0.15 -1366.44
v 804.05 0.15 -1366.40
v 808.55 0.15 -1307.07
v 806.56 0.15 -1307.00
v 810.06 0.15 -1256.43
v 808.06 0.15 -1256.40
v 810.09 0.15 -1234.13
v 808.09 0.15 -1234.15
v 809.79 0.15 -1223.06
v 807.79 0.15 -1223.13
v 809.07 0.15 -1206.96
v 807.07 0.15 -1207.06
v 808.10 0.15 -1191.15
v 806.11 0.15 -1191.29
v 804.28 0.15 -1138.99
v 802.29 0.15 -1139.11
v 802.04 0.15 -1098.42
v 800.04 0.15 -1098.57
v 800.39 0.15 -1081.14
v 798.41 0.15 -1081.38
v 798.72 0.15 -1069.77
v 796.75 0.15 -1070.10
v 796.58 0.15 -1058.13
v 794.62 0.15 -1058.52
v 787.53 0.15 -1016.53
v 785.58 0.15 -1016.98
v 784.72 0.15 -1004.88
v 782.78 0.15 -1005.36
v 776.11 0.15 -972.11
v 774.17 0.15 -972.60
v 765.73 0.15 -928.86
v 763.78 0.15 -929.33
v 751.90 0.00 -1711.43
v 749.94 0.00 -1711.02
v 760.84 0.00 -1669.02
v 758.88 0.00 -1668.59
v 767.72 0.00 -1638.66
v 765.76 0.00 -1638.25
v 773.88 0.00 -1607.50
v 771.92 0.00 -1607.07
v 782.95 0.00 -1569.84
v 781.00 0.00 -1569.39
v 788.87 0.00 -1543.40
v 786.91 0.00 -1542.98
v 794.97 0.00 -1512.79
v 793.00 0.00 -1512.43
v 796.72 0.00 -1502.29
v 794.74 0.00 -1501.99
v 798.23 0.00 -1491.54
v 796.24 0.00 -1491.28
v 804.97 0.00 -1433.23
v 802.98 0.00 -1433.03
v 806.38 0.00 -1416.05
v 804.38 0.00 -1415.95
v 806.60 0.00 -1405.14
v 804.60 0.00 -1405.15
v 805.99 0.00 -1383.21
v 803.99 0.00 -1383.24
v 806.05 0.00 -1366.44
v 804.05 0.00 -1366.40
v 808.55 0.00 -1307.07
v 806.56 0.00 -1307.00
v 810.06 0.00 -1256.43
v 808.06 0.00 -1256.40
v 810.09 0.00 -1234.13
v 808.09 0.00 -1234.15
v 809.79 0.00 -1223.06
v 807.79 0.00 -1223.13
v 809.07 0.00 -1206.96
v 807.07 0.00 -1207.06
v 808.10 0.00 -1191.15
v 806.11 0.00 -1191.29
v 804.28 0.00 -1138.99
v 802.29 0.00 -1139.11
v 802.04 0.00 -1098.42
v 800.04 0.00 -1098.57
v 800.39 0.00 -1081.14
v 798.41 0.00 -1081.38
v 798.72 0.00 -1069.77
v 796.75 0.00 -1070.10
v 796.58 0.00 -1058.13
v 794.62 0.00 -1058.52
v 787.53 0.00 -1016.53
v 785.58 0.00 -1016.98
v 784.72 0.00 -1004.88
v 782.78 0.00 -1005.36
v 776.11 0.00 -972.11
v 774.17 0.00 -972.60
v 765.73 0.00 -928.86
v 763.78 0.00 -929.33
v 788.02 0.15 -1256.56
v 788.63 0.15 -1254.65
v 813.77 0.15 -1264.82
v 814.38 0.15 -1262.91
v 788.02 0.00 -1256.56
v 788.63 0.00 -1254.65
v 813.77 0.00 -1264.82
v 814.38 0.00 -1262.91
f 8894 8896 8895 8893
f 8896 8898 8897 8895
f 8898 8900 8899 8897
f 8900 8902 8901 8899
f 8902 8904 8903 8901
f 8904 8906 8905 8903
f 8906 8908 8907 8905
f 8908 8910 8909 8907
f 8910 8912 8911 8909
f 8912 8914 8913 8911
f 8914 8916 8915 8913
f 8916 8918 8917 8915
f 8918 8920 8919 8917
f 8920 8922 8921 8919
f 8922 8924 8923 8921
f 8924 8926 8925 8923
f 8926 8928 8927 8925
f 8928 8930 8929 8927
f 8930 8932 8931 8929
f 8932 8934 8933 8931
f 8934 8936 8935 8933
f 8936 8938 8937 8935
f 8938 8940 8939 8937
f 8940 8942 8941 8939
f 8942 8944 8943 8941
f 8944 8946 8945 8943
f 8946 8948 8947 8945
f 8948 8950 8949 8947
f 8893 8951 8953 8895
f 8896 8954 8952 8894
f 8895 8953 8955 8897
f 8898 8956 8954 8896
f 8897 8955 8957 8899
f 8900 8958 8956 8898
f 8899 8957 8959 8901
f 8902 8960 8958 8900
f 8901 8959 8961 8903
f 8904 8962 8960 8902
f 8903 8961 8963 8905
f 8906 8964 8962 8904
f 8905 8963 8965 8907
f 8908 8966 8964 8906
f 8907 8965 8967 8909
f 8910 8968 8966 8908
f 8909 8967 8969 8911
f 8912 8970 8968 8910
f 8911 8969 8971 8913
f 8914 8972 8970 8912
f 8913 8971 8973 8915
f 8916 8974 8972 8914
f 8915 8973 8975 8917
f 8918 8976 8974 8916
f 8917 8975 8977 8919
f 8920 8978 8976 8918
f 8919 8977 8979 8921
f 8922 8980 8978 8920
f 8921 8979 8981 8923
f 8924 8982 8980 8922
f 8923 8981 8983 8925
f 8926 8984 8982 8924
f 8925 8983 8985 8927
f 8928 8986 8984 8926
f 8927 8985 8987 8929
f 8930 8988 8986 8928
f 8929 8987 8989 8931
f 8932 8990 8988 8930
f 8931 8989 8991 8933
f 8934 8992 8990 8932
f 8933 8991 8993 8935
f 8936 8994 8992 8934
f 8935 8993 8995 8937
f 8938 8996 8994 8936
f 8937 8995 8997 8939
f 8940 8998 8996 8938
f 8939 8997 8999 8941
f 8942 9000 8998 8940
f 8941 8999 9001 8943
f 8944 9002 9000 8942
f 8943 9001 9003 8945
f 8946 9004 9002 8944
f 8945 9003 9005 8947
f 8948 9006 9004 8946
f 8947 9005 9007 8949
f 8950 9008 9006 8948
f 9010 9012 9011 9009
f 9012 9014 9013 9011
f 9014 9016 9015 9013
f 9016 9018 9017 9015
f 9018 9020 9019 9017
f 9020 9022 9021 9019
f 9022 9024 9023 9021
f 9024 9026 9025 9023
f 9026 9028 9027 9025
f 9028 9030 9029 9027
f 9030 9032 9031 9029
f 9032 9034 9033 9031
f 9034 9036 9035 9033
f 9036 9038 9037 9035
f 9038 9040 9039 9037
f 9040 9042 9041 9039
f 9042 9044 9043 9041
f 9044 9046 9045 9043
f 9046 9048 9047 9045
f 9048 9050 9049 9047
f 9050 9052 9051 9049
f 9052 9054 9053 9051
f 9054 9056 9055 9053
f 9056 9058 9057 9055
f 9058 9060 9059 9057
f 9060 9062 9061 9059
f 9062 9064 9063 9061
f 9064 9066 9065 9063
f 9009 9067 9069 9011
f 9012 9070 9068 9010
f 9011 9069 9071 9013
f 9014 9072 9070 9012
f 9013 9071 9073 9015
f 9016 9074 9072 9014
f 9015 9073 9075 9017
f 9018 9076 9074 9016
f 9017 9075 9077 9019
f 9020 9078 9076 9018
f 9019 9077 9079 9021
f 9022 9080 9078 9020
f 9021 9079 9081 9023
f 9024 9082 9080 9022
f 9023 9081 9083 9025
f 9026 9084 9082 9024
f 9025 9083 9085 9027
f 9028 9086 9084 9026
f 9027 9085 9087 9029
f 9030 9088 9086 9028
f 9029 9087 9089 9031
f 9032 9090 9088 9030
f 9031 9089 9091 9033
f 9034 9092 9090 9032
f 9033 9091 9093 9035
f 9036 9094 9092 9034
f 9035 9093 9095 9037
f 9038 9096 9094 9036
f 9037 9095 9097 9039
f 9040 9098 9096 9038
f 9039 9097 9099 9041
f 9042 9100 9098 9040
f 9041 9099 9101 9043
f 9044 9102 9100 9042
f 9043 9101 9103 9045
f 9046 9104 9102 9044
f 9045 9103 9105 9047
f 9048 9106 9104 9046
f 9047 9105 9107 9049
f 9050 9108 9106 9048
f 9049 9107 9109 9051
f 9052 9110 9108 9050
f 9051 9109 9111 9053
f 9054 9112 9110 9052
f 9053 9111 9113 9055
f 9056 9114 9112 9054
f 9055 9113 9115 9057
f 9058 9116 9114 9056
f 9057 9115 9117 9059
f 9060 9118 9116 9058
f 9059 9117 9119 9061
f 9062 9120 9118 9060
f 9061 9119 9121 9063
f 9064 9122 9120 9062
f 9063 9121 9123 9065
f 9066 9124 9122 9064
f 9126 9128 9127 9125
f 9125 9129 9131 9127
f 9128 9132 9130 9126
o Pavement_-4_-7
v 657.79 0.15 -2105.79
v 655.86 0.15 -2105.26
v 765.48 0.15 -1714.79
v 763.55 0.15 -1714.26
v 657.79 0.00 -2105.79
v 655.86 0.00 -2105.26
v 765.48 0.00 -1714.79
v 763.55 0.00 -1714.26
v 644.30 0.15 -2102.08
v 642.37 0.15 -2101.55
v 751.99 0.15 -1711.08
v 750.06 0.15 -1710.55
v 644.30 0.00 -2102.08
v 642.37 0.00 -2101.55
v 751.99 0.00 -1711.08
v 750.06 0.00 -1710.55
f 9134 9136 9135 9133
f 9133 9137 9139 9135
f 9136 9140 9138 9134
f 9142 9144 9143 9141
f 9141 9145 9147 9143
f 9144 9148 9146 9142
o Pavement_-5_-10
v 1255.18 0.15 -2413.73
v 1254.83 0.15 -2415.69
v 1243.58 0.15 -2411.64
v 1243.19 0.15 -2413.61
v 1234.60 0.15 -2409.66
v 1234.12 0.15 -2411.61
v 1224.29 0.15 -2406.80
v 1223.70 0.15 -2408.71
v 1214.32 0.15 -2403.40
v 1213.63 0.15 -2405.28
v 1127.82 0.15 -2369.12
v 1127.09 0.15 -2370.98
v 1070.10 0.15 -2346.59
v 1069.39 0.15 -2348.46
v 1046.53 0.15 -2337.65
v 1045.83 0.15 -2339.52
v 974.28 0.15 -2311.10
v 973.59 0.15 -2312.98
v 813.86 0.15 -2252.62
v 813.18 0.15 -2254.50
v 678.98 0.15 -2204.16
v 678.31 0.15 -2206.04
v 1255.18 0.00 -2413.73
v 1254.83 0.00 -2415.69
v 1243.58 0.00 -2411.64
v 1243.19 0.00 -2413.61
v 1234.60 0.00 -2409.66
v 1234.12 0.00 -2411.61
v 1224.29 0.00 -2406.80
v 1223.70 0.00 -2408.71
v 1214.32 0.00 -2403.40
v 1213.63 0.00 -2405.28
v 1127.82 0.00 -2369.12
v 1127.09 0.00 -2370.98
v 1070.10 0.00 -2346.59
v 1069.39 0.00 -2348.46
v 1046.53 0.00 -2337.65
v 1045.83 0.00 -2339.52
v 974.28 0.00 -2311.10
v 973.59 0.00 -2312.98
v 813.86 0.00 -2252.62
v 813.18 0.00 -2254.50
v 678.98 0.00 -2204.16
v 678.31 0.00 -2206.04
f 9150 9152 9151 9149
f 9152 9154 9153 9151
f 9154 9156 9155 9153
f 9156 9158 9157 9155
f 9158 9160 9159 9157
f 9160 9162 9161 9159
f 9162 9164 9163 9161
f 9164 9166 9165 9163
f 9166 9168 9167 9165
f 9168 9170 9169 9167
f 9149 9171 9173 9151
f 9152 9174 9172 9150
f 9151 9173 9175 9153
f 9154 9176 9174 9152
f 9153 9175 9177 9155
f 9156 9178 9176 9154
f 9155 9177 9179 9157
f 9158 9180 9178 9156
f 9157 9179 9181 9159
f 9160 9182 9180 9158
f 9159 9181 9183 9161
f 9162 9184 9182 9160
f 9161 9183 9185 9163
f 9164 9186 9184 9162
f 9163 9185 9187 9165
f 9166 9188 9186 9164
f 9165 9187 9189 9167
f 9168 9190 9188 9166
f 9167 9189 9191 9169
f 9170 9192 9190 9168
