# Twenty Tons grey box. Map data (c) OpenStreetMap contributors, ODbL.
o Median
v -19.40 1.10 -23.51
v -16.43 1.10 -23.95
v -20.03 1.10 -27.73
v -17.06 1.10 -28.18
v -20.66 1.10 -31.96
v -17.69 1.10 -32.41
v -21.29 1.10 -36.19
v -18.32 1.10 -36.64
v -21.93 1.10 -40.45
v -18.95 1.10 -40.84
v -22.40 1.10 -44.59
v -19.42 1.10 -44.93
v -22.87 1.10 -48.71
v -19.89 1.10 -49.05
v -23.34 1.10 -52.83
v -20.36 1.10 -53.17
v -23.81 1.10 -56.96
v -20.83 1.10 -57.29
v -24.28 1.10 -61.08
v -21.30 1.10 -61.42
v -24.75 1.10 -65.20
v -21.76 1.10 -65.54
v -25.21 1.10 -69.32
v -22.23 1.10 -69.66
v -25.68 1.10 -73.44
v -22.70 1.10 -73.78
v -26.16 1.10 -77.61
v -23.17 1.10 -77.84
v -26.35 1.10 -81.89
v -23.35 1.10 -82.02
v -26.53 1.10 -86.13
v -23.53 1.10 -86.26
v -26.71 1.10 -90.36
v -23.72 1.10 -90.49
v -26.90 1.10 -94.59
v -23.90 1.10 -94.72
v -27.08 1.10 -98.82
v -24.08 1.10 -98.95
v -27.27 1.10 -103.06
v -24.27 1.10 -103.19
v -27.45 1.10 -107.29
v -24.45 1.10 -107.42
v -27.63 1.10 -111.52
v -24.64 1.10 -111.65
v -27.82 1.10 -115.75
v -24.82 1.10 -115.88
v -28.00 1.10 -119.99
v -25.00 1.10 -120.11
v -28.17 1.10 -125.24
v -25.17 1.10 -125.34
v -28.34 1.10 -130.48
v -25.34 1.10 -130.58
v -28.51 1.10 -135.75
v -25.51 1.10 -135.78
v -28.45 1.10 -140.88
v -25.45 1.10 -140.84
v -28.39 1.10 -145.96
v -25.39 1.10 -145.94
v -28.38 1.10 -150.11
v -25.38 1.10 -150.10
v -28.37 1.10 -154.27
v -25.37 1.10 -154.26
v -28.36 1.10 -158.43
v -25.36 1.10 -158.42
v -28.35 1.10 -162.59
v -25.35 1.10 -162.58
v -28.34 1.10 -166.75
v -25.34 1.10 -166.74
v -28.33 1.10 -170.91
v -25.33 1.10 -170.90
v -28.32 1.10 -175.06
v -25.32 1.10 -175.06
v -28.31 1.10 -179.22
v -25.31 1.10 -179.22
v -28.30 1.10 -183.37
v -25.30 1.10 -183.38
v -28.33 1.10 -187.42
v -25.33 1.10 -187.44
v -28.36 1.10 -191.47
v -25.36 1.10 -191.49
v -28.39 1.10 -195.52
v -25.39 1.10 -195.54
v -28.42 1.10 -199.57
v -25.42 1.10 -199.59
v -28.45 1.10 -203.62
v -25.45 1.10 -203.64
v -28.48 1.10 -207.67
v -25.48 1.10 -207.70
v -28.52 1.10 -211.72
v -25.52 1.10 -211.75
v -28.55 1.10 -215.77
v -25.55 1.10 -215.80
v -28.58 1.10 -219.83
v -25.58 1.10 -219.85
v -28.61 1.10 -223.88
v -25.61 1.10 -223.90
v -28.64 1.10 -227.93
v -25.64 1.10 -227.95
v -28.67 1.10 -231.98
v -25.67 1.10 -232.00
v -28.70 1.10 -236.03
v -25.70 1.10 -236.05
v -28.73 1.10 -240.08
v -25.73 1.10 -240.10
v -28.76 1.10 -244.13
v -25.76 1.10 -244.15
v -28.79 1.10 -248.18
v -25.79 1.10 -248.20
v -28.82 1.10 -252.23
v -25.82 1.10 -252.26
v -28.86 1.10 -256.28
v -25.86 1.10 -256.31
v -28.89 1.10 -260.33
v -25.89 1.10 -260.36
v -28.92 1.10 -264.38
v -25.92 1.10 -264.41
v -28.95 1.10 -268.44
v -25.95 1.10 -268.46
v -28.98 1.10 -272.49
v -25.98 1.10 -272.51
v -29.01 1.10 -276.54
v -26.01 1.10 -276.56
v -29.04 1.10 -280.59
v -26.04 1.10 -280.61
v -29.07 1.10 -284.63
v -26.07 1.10 -284.67
v -29.13 1.10 -288.82
v -26.13 1.10 -288.87
v -29.20 1.10 -293.02
v -26.20 1.10 -293.07
v -29.26 1.10 -297.22
v -26.26 1.10 -297.26
v -29.32 1.10 -301.41
v -26.32 1.10 -301.46
v -29.38 1.10 -305.61
v -26.38 1.10 -305.65
v -29.45 1.10 -309.81
v -26.45 1.10 -309.85
v -29.51 1.10 -314.00
v -26.51 1.10 -314.05
v -29.57 1.10 -318.20
v -26.57 1.10 -318.24
v -29.63 1.10 -322.39
v -26.63 1.10 -322.44
v -29.72 1.10 -326.50
v -26.72 1.10 -326.56
v -29.80 1.10 -330.61
v -26.80 1.10 -330.67
v -29.89 1.10 -334.72
v -26.89 1.10 -334.78
v -29.97 1.10 -338.83
v -26.97 1.10 -338.89
v -30.06 1.10 -342.94
v -27.06 1.10 -343.00
v -30.14 1.10 -347.05
v -27.14 1.10 -347.11
v -30.23 1.10 -351.16
v -27.23 1.10 -351.22
v -30.31 1.10 -355.27
v -27.31 1.10 -355.33
v -30.40 1.10 -359.38
v -27.40 1.10 -359.44
v -30.48 1.10 -363.49
v -27.48 1.10 -363.55
v -30.57 1.10 -367.60
v -27.57 1.10 -367.66
v -30.65 1.10 -371.71
v -27.65 1.10 -371.77
v -30.74 1.10 -375.80
v -27.74 1.10 -375.90
v -30.93 1.10 -379.86
v -27.93 1.10 -380.00
v -31.12 1.10 -383.94
v -28.13 1.10 -384.08
v -31.32 1.10 -388.02
v -28.32 1.10 -388.16
v -31.51 1.10 -392.10
v -28.51 1.10 -392.24
v -31.70 1.10 -396.18
v -28.71 1.10 -396.32
v -31.89 1.10 -400.26
v -28.90 1.10 -400.40
v -32.09 1.10 -404.34
v -29.09 1.10 -404.48
v -32.28 1.10 -408.42
v -29.28 1.10 -408.56
v -32.47 1.10 -412.49
v -29.48 1.10 -412.64
v -32.67 1.10 -416.57
v -29.67 1.10 -416.72
v -32.86 1.10 -420.65
v -29.86 1.10 -420.80
v -33.05 1.10 -424.73
v -30.06 1.10 -424.87
v -33.25 1.10 -428.81
v -30.25 1.10 -428.95
v -33.44 1.10 -432.89
v -30.44 1.10 -433.03
v -33.63 1.10 -436.97
v -30.64 1.10 -437.11
v -33.82 1.10 -441.04
v -30.83 1.10 -441.20
v -34.06 1.10 -445.25
v -31.06 1.10 -445.42
v -34.29 1.10 -449.46
v -31.30 1.10 -449.63
v -34.53 1.10 -453.68
v -31.53 1.10 -453.84
v -34.76 1.10 -457.89
v -31.77 1.10 -458.06
v -35.00 1.10 -462.11
v -32.00 1.10 -462.27
v -35.23 1.10 -466.32
v -32.24 1.10 -466.48
v -35.44 1.10 -470.38
v -32.45 1.10 -470.53
v -35.66 1.10 -474.43
v -32.66 1.10 -474.58
v -35.87 1.10 -478.48
v -32.87 1.10 -478.64
v -36.08 1.10 -482.53
v -33.08 1.10 -482.69
v -36.29 1.10 -486.58
v -33.29 1.10 -486.74
v -36.50 1.10 -490.63
v -33.51 1.10 -490.79
v -36.71 1.10 -494.69
v -33.72 1.10 -494.84
v -36.92 1.10 -498.74
v -33.93 1.10 -498.89
v -37.14 1.10 -502.79
v -34.14 1.10 -502.95
v -37.35 1.10 -506.84
v -34.35 1.10 -507.00
v -37.56 1.10 -510.89
v -34.56 1.10 -511.05
v -37.77 1.10 -514.94
v -34.77 1.10 -515.10
v -37.98 1.10 -519.00
v -34.99 1.10 -519.15
v -38.19 1.10 -523.05
v -35.20 1.10 -523.20
v -38.41 1.10 -527.10
v -35.41 1.10 -527.26
v -38.62 1.10 -531.15
v -35.62 1.10 -531.31
v -38.83 1.10 -535.20
v -35.83 1.10 -535.36
v -39.04 1.10 -539.26
v -36.04 1.10 -539.41
v -39.25 1.10 -543.31
v -36.26 1.10 -543.46
v -39.46 1.10 -547.36
v -36.47 1.10 -547.52
v -39.67 1.10 -551.41
v -36.68 1.10 -551.57
v -39.89 1.10 -555.46
v -36.89 1.10 -555.62
v -40.10 1.10 -559.51
v -37.10 1.10 -559.67
v -40.31 1.10 -563.57
v -37.31 1.10 -563.72
v -40.52 1.10 -567.61
v -37.53 1.10 -567.78
v -40.80 1.10 -571.72
v -37.80 1.10 -571.92
v -41.07 1.10 -575.84
v -38.08 1.10 -576.04
v -41.35 1.10 -579.96
v -38.35 1.10 -580.16
v -41.62 1.10 -584.09
v -38.63 1.10 -584.29
v -41.89 1.10 -588.18
v -38.91 1.10 -588.44
v -42.32 1.10 -592.15
v -39.33 1.10 -592.47
v -42.74 1.10 -596.14
v -39.76 1.10 -596.46
v -43.17 1.10 -600.14
v -40.19 1.10 -600.46
v -43.60 1.10 -604.11
v -40.62 1.10 -604.47
v -44.16 1.10 -608.40
v -41.18 1.10 -608.79
v -44.72 1.10 -612.71
v -41.74 1.10 -613.09
v -45.28 1.10 -617.01
v -42.30 1.10 -617.40
v -45.84 1.10 -621.32
v -42.87 1.10 -621.70
v -46.40 1.10 -625.60
v -43.43 1.10 -626.03
v -47.05 1.10 -629.59
v -44.09 1.10 -630.08
v -47.71 1.10 -633.62
v -44.75 1.10 -634.10
v -48.37 1.10 -637.64
v -45.41 1.10 -638.13
v -49.03 1.10 -641.66
v -46.07 1.10 -642.15
v -19.40 0.00 -23.51
v -16.43 0.00 -23.95
v -20.03 0.00 -27.73
v -17.06 0.00 -28.18
v -20.66 0.00 -31.96
v -17.69 0.00 -32.41
v -21.29 0.00 -36.19
v -18.32 0.00 -36.64
v -21.93 0.00 -40.45
v -18.95 0.00 -40.84
v -22.40 0.00 -44.59
v -19.42 0.00 -44.93
v -22.87 0.00 -48.71
v -19.89 0.00 -49.05
v -23.34 0.00 -52.83
v -20.36 0.00 -53.17
v -23.81 0.00 -56.96
v -20.83 0.00 -57.29
v -24.28 0.00 -61.08
v -21.30 0.00 -61.42
v -24.75 0.00 -65.20
v -21.76 0.00 -65.54
v -25.21 0.00 -69.32
v -22.23 0.00 -69.66
v -25.68 0.00 -73.44
v -22.70 0.00 -73.78
v -26.16 0.00 -77.61
v -23.17 0.00 -77.84
v -26.35 0.00 -81.89
v -23.35 0.00 -82.02
v -26.53 0.00 -86.13
v -23.53 0.00 -86.26
v -26.71 0.00 -90.36
v -23.72 0.00 -90.49
v -26.90 0.00 -94.59
v -23.90 0.00 -94.72
v -27.08 0.00 -98.82
v -24.08 0.00 -98.95
v -27.27 0.00 -103.06
v -24.27 0.00 -103.19
v -27.45 0.00 -107.29
v -24.45 0.00 -107.42
v -27.63 0.00 -111.52
v -24.64 0.00 -111.65
v -27.82 0.00 -115.75
v -24.82 0.00 -115.88
v -28.00 0.00 -119.99
v -25.00 0.00 -120.11
v -28.17 0.00 -125.24
v -25.17 0.00 -125.34
v -28.34 0.00 -130.48
v -25.34 0.00 -130.58
v -28.51 0.00 -135.75
v -25.51 0.00 -135.78
v -28.45 0.00 -140.88
v -25.45 0.00 -140.84
v -28.39 0.00 -145.96
v -25.39 0.00 -145.94
v -28.38 0.00 -150.11
v -25.38 0.00 -150.10
v -28.37 0.00 -154.27
v -25.37 0.00 -154.26
v -28.36 0.00 -158.43
v -25.36 0.00 -158.42
v -28.35 0.00 -162.59
v -25.35 0.00 -162.58
v -28.34 0.00 -166.75
v -25.34 0.00 -166.74
v -28.33 0.00 -170.91
v -25.33 0.00 -170.90
v -28.32 0.00 -175.06
v -25.32 0.00 -175.06
v -28.31 0.00 -179.22
v -25.31 0.00 -179.22
v -28.30 0.00 -183.37
v -25.30 0.00 -183.38
v -28.33 0.00 -187.42
v -25.33 0.00 -187.44
v -28.36 0.00 -191.47
v -25.36 0.00 -191.49
v -28.39 0.00 -195.52
v -25.39 0.00 -195.54
v -28.42 0.00 -199.57
v -25.42 0.00 -199.59
v -28.45 0.00 -203.62
v -25.45 0.00 -203.64
v -28.48 0.00 -207.67
v -25.48 0.00 -207.70
v -28.52 0.00 -211.72
v -25.52 0.00 -211.75
v -28.55 0.00 -215.77
v -25.55 0.00 -215.80
v -28.58 0.00 -219.83
v -25.58 0.00 -219.85
v -28.61 0.00 -223.88
v -25.61 0.00 -223.90
v -28.64 0.00 -227.93
v -25.64 0.00 -227.95
v -28.67 0.00 -231.98
v -25.67 0.00 -232.00
v -28.70 0.00 -236.03
v -25.70 0.00 -236.05
v -28.73 0.00 -240.08
v -25.73 0.00 -240.10
v -28.76 0.00 -244.13
v -25.76 0.00 -244.15
v -28.79 0.00 -248.18
v -25.79 0.00 -248.20
v -28.82 0.00 -252.23
v -25.82 0.00 -252.26
v -28.86 0.00 -256.28
v -25.86 0.00 -256.31
v -28.89 0.00 -260.33
v -25.89 0.00 -260.36
v -28.92 0.00 -264.38
v -25.92 0.00 -264.41
v -28.95 0.00 -268.44
v -25.95 0.00 -268.46
v -28.98 0.00 -272.49
v -25.98 0.00 -272.51
v -29.01 0.00 -276.54
v -26.01 0.00 -276.56
v -29.04 0.00 -280.59
v -26.04 0.00 -280.61
v -29.07 0.00 -284.63
v -26.07 0.00 -284.67
v -29.13 0.00 -288.82
v -26.13 0.00 -288.87
v -29.20 0.00 -293.02
v -26.20 0.00 -293.07
v -29.26 0.00 -297.22
v -26.26 0.00 -297.26
v -29.32 0.00 -301.41
v -26.32 0.00 -301.46
v -29.38 0.00 -305.61
v -26.38 0.00 -305.65
v -29.45 0.00 -309.81
v -26.45 0.00 -309.85
v -29.51 0.00 -314.00
v -26.51 0.00 -314.05
v -29.57 0.00 -318.20
v -26.57 0.00 -318.24
v -29.63 0.00 -322.39
v -26.63 0.00 -322.44
v -29.72 0.00 -326.50
v -26.72 0.00 -326.56
v -29.80 0.00 -330.61
v -26.80 0.00 -330.67
v -29.89 0.00 -334.72
v -26.89 0.00 -334.78
v -29.97 0.00 -338.83
v -26.97 0.00 -338.89
v -30.06 0.00 -342.94
v -27.06 0.00 -343.00
v -30.14 0.00 -347.05
v -27.14 0.00 -347.11
v -30.23 0.00 -351.16
v -27.23 0.00 -351.22
v -30.31 0.00 -355.27
v -27.31 0.00 -355.33
v -30.40 0.00 -359.38
v -27.40 0.00 -359.44
v -30.48 0.00 -363.49
v -27.48 0.00 -363.55
v -30.57 0.00 -367.60
v -27.57 0.00 -367.66
v -30.65 0.00 -371.71
v -27.65 0.00 -371.77
v -30.74 0.00 -375.80
v -27.74 0.00 -375.90
v -30.93 0.00 -379.86
v -27.93 0.00 -380.00
v -31.12 0.00 -383.94
v -28.13 0.00 -384.08
v -31.32 0.00 -388.02
v -28.32 0.00 -388.16
v -31.51 0.00 -392.10
v -28.51 0.00 -392.24
v -31.70 0.00 -396.18
v -28.71 0.00 -396.32
v -31.89 0.00 -400.26
v -28.90 0.00 -400.40
v -32.09 0.00 -404.34
v -29.09 0.00 -404.48
v -32.28 0.00 -408.42
v -29.28 0.00 -408.56
v -32.47 0.00 -412.49
v -29.48 0.00 -412.64
v -32.67 0.00 -416.57
v -29.67 0.00 -416.72
v -32.86 0.00 -420.65
v -29.86 0.00 -420.80
v -33.05 0.00 -424.73
v -30.06 0.00 -424.87
v -33.25 0.00 -428.81
v -30.25 0.00 -428.95
v -33.44 0.00 -432.89
v -30.44 0.00 -433.03
v -33.63 0.00 -436.97
v -30.64 0.00 -437.11
v -33.82 0.00 -441.04
v -30.83 0.00 -441.20
v -34.06 0.00 -445.25
v -31.06 0.00 -445.42
v -34.29 0.00 -449.46
v -31.30 0.00 -449.63
v -34.53 0.00 -453.68
v -31.53 0.00 -453.84
v -34.76 0.00 -457.89
v -31.77 0.00 -458.06
v -35.00 0.00 -462.11
v -32.00 0.00 -462.27
v -35.23 0.00 -466.32
v -32.24 0.00 -466.48
v -35.44 0.00 -470.38
v -32.45 0.00 -470.53
v -35.66 0.00 -474.43
v -32.66 0.00 -474.58
v -35.87 0.00 -478.48
v -32.87 0.00 -478.64
v -36.08 0.00 -482.53
v -33.08 0.00 -482.69
v -36.29 0.00 -486.58
v -33.29 0.00 -486.74
v -36.50 0.00 -490.63
v -33.51 0.00 -490.79
v -36.71 0.00 -494.69
v -33.72 0.00 -494.84
v -36.92 0.00 -498.74
v -33.93 0.00 -498.89
v -37.14 0.00 -502.79
v -34.14 0.00 -502.95
v -37.35 0.00 -506.84
v -34.35 0.00 -507.00
v -37.56 0.00 -510.89
v -34.56 0.00 -511.05
v -37.77 0.00 -514.94
v -34.77 0.00 -515.10
v -37.98 0.00 -519.00
v -34.99 0.00 -519.15
v -38.19 0.00 -523.05
v -35.20 0.00 -523.20
v -38.41 0.00 -527.10
v -35.41 0.00 -527.26
v -38.62 0.00 -531.15
v -35.62 0.00 -531.31
v -38.83 0.00 -535.20
v -35.83 0.00 -535.36
v -39.04 0.00 -539.26
v -36.04 0.00 -539.41
v -39.25 0.00 -543.31
v -36.26 0.00 -543.46
v -39.46 0.00 -547.36
v -36.47 0.00 -547.52
v -39.67 0.00 -551.41
v -36.68 0.00 -551.57
v -39.89 0.00 -555.46
v -36.89 0.00 -555.62
v -40.10 0.00 -559.51
v -37.10 0.00 -559.67
v -40.31 0.00 -563.57
v -37.31 0.00 -563.72
v -40.52 0.00 -567.61
v -37.53 0.00 -567.78
v -40.80 0.00 -571.72
v -37.80 0.00 -571.92
v -41.07 0.00 -575.84
v -38.08 0.00 -576.04
v -41.35 0.00 -579.96
v -38.35 0.00 -580.16
v -41.62 0.00 -584.09
v -38.63 0.00 -584.29
v -41.89 0.00 -588.18
v -38.91 0.00 -588.44
v -42.32 0.00 -592.15
v -39.33 0.00 -592.47
v -42.74 0.00 -596.14
v -39.76 0.00 -596.46
v -43.17 0.00 -600.14
v -40.19 0.00 -600.46
v -43.60 0.00 -604.11
v -40.62 0.00 -604.47
v -44.16 0.00 -608.40
v -41.18 0.00 -608.79
v -44.72 0.00 -612.71
v -41.74 0.00 -613.09
v -45.28 0.00 -617.01
v -42.30 0.00 -617.40
v -45.84 0.00 -621.32
v -42.87 0.00 -621.70
v -46.40 0.00 -625.60
v -43.43 0.00 -626.03
v -47.05 0.00 -629.59
v -44.09 0.00 -630.08
v -47.71 0.00 -633.62
v -44.75 0.00 -634.10
v -48.37 0.00 -637.64
v -45.41 0.00 -638.13
v -49.03 0.00 -641.66
v -46.07 0.00 -642.15
v -52.72 1.10 -662.66
v -49.78 1.10 -663.27
v -53.79 1.10 -667.79
v -50.85 1.10 -668.42
v -54.66 1.10 -671.85
v -51.73 1.10 -672.48
v -55.54 1.10 -675.91
v -52.60 1.10 -676.54
v -56.41 1.10 -679.97
v -53.48 1.10 -680.60
v -57.29 1.10 -684.03
v -54.36 1.10 -684.66
v -58.16 1.10 -688.09
v -55.23 1.10 -688.72
v -59.04 1.10 -692.15
v -56.11 1.10 -692.79
v -59.92 1.10 -696.21
v -56.98 1.10 -696.85
v -60.79 1.10 -700.27
v -57.86 1.10 -700.91
v -61.67 1.10 -704.34
v -58.73 1.10 -704.97
v -62.54 1.10 -708.40
v -59.61 1.10 -709.03
v -63.42 1.10 -712.46
v -60.49 1.10 -713.09
v -64.24 1.10 -716.38
v -61.31 1.10 -717.00
v -65.07 1.10 -720.30
v -62.13 1.10 -720.92
v -65.89 1.10 -724.22
v -62.95 1.10 -724.84
v -66.71 1.10 -728.14
v -63.77 1.10 -728.76
v -67.53 1.10 -732.06
v -64.60 1.10 -732.68
v -68.36 1.10 -735.98
v -65.42 1.10 -736.60
v -69.18 1.10 -739.90
v -66.24 1.10 -740.52
v -70.00 1.10 -743.82
v -67.06 1.10 -744.44
v -70.82 1.10 -747.74
v -67.89 1.10 -748.36
v -71.65 1.10 -751.66
v -68.71 1.10 -752.28
v -72.47 1.10 -755.58
v -69.53 1.10 -756.19
v -73.28 1.10 -759.47
v -70.36 1.10 -760.14
v -74.60 1.10 -764.78
v -71.68 1.10 -765.50
v -75.91 1.10 -770.11
v -73.00 1.10 -770.84
v -76.94 1.10 -774.13
v -74.03 1.10 -774.87
v -77.96 1.10 -778.15
v -75.06 1.10 -778.89
v -78.99 1.10 -782.17
v -76.08 1.10 -782.91
v -80.02 1.10 -786.19
v -77.11 1.10 -786.94
v -81.03 1.10 -790.07
v -78.12 1.10 -790.82
v -82.04 1.10 -793.95
v -79.13 1.10 -794.70
v -83.05 1.10 -797.83
v -80.15 1.10 -798.59
v -84.06 1.10 -801.71
v -81.16 1.10 -802.47
v -85.07 1.10 -805.60
v -82.17 1.10 -806.35
v -86.08 1.10 -809.48
v -83.18 1.10 -810.23
v -87.09 1.10 -813.36
v -84.19 1.10 -814.12
v -88.10 1.10 -817.24
v -85.20 1.10 -818.00
v -89.11 1.10 -821.13
v -86.21 1.10 -821.88
v -90.12 1.10 -825.01
v -87.22 1.10 -825.76
v -91.13 1.10 -828.89
v -88.23 1.10 -829.65
v -92.14 1.10 -832.77
v -89.24 1.10 -833.53
v -93.15 1.10 -836.66
v -90.25 1.10 -837.41
v -94.16 1.10 -840.54
v -91.26 1.10 -841.29
v -95.17 1.10 -844.42
v -92.27 1.10 -845.18
v -96.19 1.10 -848.30
v -93.28 1.10 -849.06
v -97.20 1.10 -852.19
v -94.29 1.10 -852.94
v -98.21 1.10 -856.07
v -95.30 1.10 -856.82
v -99.21 1.10 -859.94
v -96.32 1.10 -860.72
v -100.31 1.10 -863.87
v -97.43 1.10 -864.68
v -101.42 1.10 -867.82
v -98.53 1.10 -868.63
v -102.52 1.10 -871.76
v -99.64 1.10 -872.57
v -103.63 1.10 -875.71
v -100.74 1.10 -876.52
v -104.73 1.10 -879.66
v -101.85 1.10 -880.47
v -105.84 1.10 -883.60
v -102.95 1.10 -884.41
v -106.94 1.10 -887.55
v -104.06 1.10 -888.36
v -108.05 1.10 -891.50
v -105.16 1.10 -892.30
v -109.12 1.10 -895.44
v -106.22 1.10 -896.23
v -110.19 1.10 -899.38
v -107.29 1.10 -900.16
v -111.25 1.10 -903.32
v -108.36 1.10 -904.10
v -112.32 1.10 -907.25
v -109.42 1.10 -908.04
v -113.39 1.10 -911.19
v -110.49 1.10 -911.97
v -114.45 1.10 -915.12
v -111.56 1.10 -915.91
v -115.52 1.10 -919.06
v -112.63 1.10 -919.84
v -116.59 1.10 -922.99
v -113.69 1.10 -923.78
v -117.65 1.10 -926.93
v -114.76 1.10 -927.71
v -118.72 1.10 -930.87
v -115.83 1.10 -931.65
v -119.79 1.10 -934.80
v -116.89 1.10 -935.59
v -120.86 1.10 -938.74
v -117.96 1.10 -939.52
v -121.92 1.10 -942.67
v -119.03 1.10 -943.46
v -122.99 1.10 -946.61
v -120.09 1.10 -947.39
v -124.06 1.10 -950.54
v -121.16 1.10 -951.33
v -125.12 1.10 -954.48
v -122.23 1.10 -955.26
v -126.19 1.10 -958.42
v -123.29 1.10 -959.20
v -127.26 1.10 -962.35
v -124.36 1.10 -963.14
v -128.32 1.10 -966.29
v -125.43 1.10 -967.07
v -129.39 1.10 -970.22
v -126.50 1.10 -971.01
v -130.46 1.10 -974.16
v -127.56 1.10 -974.94
v -131.52 1.10 -978.09
v -128.63 1.10 -978.88
v -132.59 1.10 -982.03
v -129.70 1.10 -982.81
v -133.66 1.10 -985.98
v -130.76 1.10 -986.73
v -134.63 1.10 -989.91
v -131.72 1.10 -990.63
v -135.60 1.10 -993.83
v -132.69 1.10 -994.55
v -136.57 1.10 -997.74
v -133.65 1.10 -998.46
v -137.53 1.10 -1001.65
v -134.62 1.10 -1002.37
v -138.50 1.10 -1005.57
v -135.59 1.10 -1006.29
v -139.46 1.10 -1009.48
v -136.55 1.10 -1010.20
v -140.43 1.10 -1013.40
v -137.52 1.10 -1014.12
v -141.40 1.10 -1017.31
v -138.48 1.10 -1018.03
v -142.36 1.10 -1021.23
v -139.45 1.10 -1021.94
v -143.33 1.10 -1025.14
v -140.42 1.10 -1025.86
v -144.29 1.10 -1029.05
v -141.38 1.10 -1029.77
v -145.26 1.10 -1032.97
v -142.35 1.10 -1033.69
v -146.23 1.10 -1036.88
v -143.31 1.10 -1037.60
v -147.19 1.10 -1040.80
v -144.28 1.10 -1041.52
v -148.16 1.10 -1044.71
v -145.25 1.10 -1045.43
v -149.13 1.10 -1048.62
v -146.21 1.10 -1049.34
v -150.09 1.10 -1052.54
v -147.18 1.10 -1053.26
v -151.06 1.10 -1056.45
v -148.14 1.10 -1057.17
v -152.02 1.10 -1060.37
v -149.11 1.10 -1061.09
v -152.99 1.10 -1064.28
v -150.08 1.10 -1065.00
v -153.96 1.10 -1068.20
v -151.04 1.10 -1068.91
v -154.92 1.10 -1072.11
v -152.01 1.10 -1072.83
v -155.89 1.10 -1076.02
v -152.98 1.10 -1076.74
v -156.85 1.10 -1079.94
v -153.94 1.10 -1080.66
v -157.82 1.10 -1083.85
v -154.91 1.10 -1084.57
v -158.79 1.10 -1087.77
v -155.87 1.10 -1088.49
v -159.75 1.10 -1091.68
v -156.84 1.10 -1092.40
v -160.72 1.10 -1095.59
v -157.81 1.10 -1096.31
v -161.68 1.10 -1099.51
v -158.77 1.10 -1100.23
v -162.65 1.10 -1103.42
v -159.74 1.10 -1104.14
v -163.62 1.10 -1107.34
v -160.70 1.10 -1108.06
v -164.58 1.10 -1111.25
v -161.67 1.10 -1111.97
v -165.55 1.10 -1115.17
v -162.64 1.10 -1115.88
v -166.52 1.10 -1119.08
v -163.60 1.10 -1119.80
v -167.48 1.10 -1122.99
v -164.57 1.10 -1123.71
v -168.45 1.10 -1126.91
v -165.53 1.10 -1127.63
v -169.41 1.10 -1130.82
v -166.50 1.10 -1131.54
v -170.38 1.10 -1134.74
v -167.47 1.10 -1135.45
v -171.35 1.10 -1138.65
v -168.43 1.10 -1139.37
v -172.31 1.10 -1142.56
v -169.40 1.10 -1143.28
v -173.28 1.10 -1146.48
v -170.37 1.10 -1147.20
v -174.24 1.10 -1150.39
v -171.33 1.10 -1151.11
v -175.21 1.10 -1154.31
v -172.30 1.10 -1155.03
v -176.18 1.10 -1158.22
v -173.26 1.10 -1158.94
v -177.14 1.10 -1162.14
v -174.23 1.10 -1162.85
v -178.11 1.10 -1166.05
v -175.20 1.10 -1166.77
v -179.07 1.10 -1169.96
v -176.16 1.10 -1170.68
v -180.04 1.10 -1173.88
v -177.13 1.10 -1174.60
v -181.01 1.10 -1177.79
v -178.09 1.10 -1178.51
v -181.97 1.10 -1181.71
v -179.06 1.10 -1182.42
v -182.94 1.10 -1185.62
v -180.03 1.10 -1186.34
v -183.91 1.10 -1189.53
v -180.99 1.10 -1190.25
v -184.87 1.10 -1193.45
v -181.96 1.10 -1194.17
v -185.84 1.10 -1197.36
v -182.92 1.10 -1198.08
v -186.80 1.10 -1201.28
v -183.89 1.10 -1202.00
v -187.77 1.10 -1205.19
v -184.86 1.10 -1205.91
v -188.74 1.10 -1209.11
v -185.82 1.10 -1209.82
v -189.70 1.10 -1213.02
v -186.79 1.10 -1213.74
v -190.67 1.10 -1216.93
v -187.76 1.10 -1217.65
v -191.63 1.10 -1220.85
v -188.72 1.10 -1221.57
v -192.60 1.10 -1224.76
v -189.69 1.10 -1225.48
v -193.57 1.10 -1228.68
v -190.65 1.10 -1229.39
v -194.53 1.10 -1232.59
v -191.62 1.10 -1233.31
v -195.50 1.10 -1236.50
v -192.59 1.10 -1237.22
v -196.46 1.10 -1240.42
v -193.55 1.10 -1241.14
v -197.43 1.10 -1244.33
v -194.52 1.10 -1245.05
v -198.40 1.10 -1248.25
v -195.48 1.10 -1248.97
v -199.36 1.10 -1252.16
v -196.45 1.10 -1252.88
v -200.33 1.10 -1256.07
v -197.42 1.10 -1256.79
v -201.30 1.10 -1259.99
v -198.38 1.10 -1260.71
v -202.26 1.10 -1263.90
v -199.35 1.10 -1264.62
v -203.23 1.10 -1267.82
v -200.31 1.10 -1268.54
v -204.19 1.10 -1271.73
v -201.28 1.10 -1272.45
v -205.16 1.10 -1275.65
v -202.25 1.10 -1276.36
v -206.13 1.10 -1279.56
v -203.21 1.10 -1280.28
v -207.09 1.10 -1283.47
v -204.18 1.10 -1284.19
v -208.06 1.10 -1287.39
v -205.15 1.10 -1288.11
v -209.02 1.10 -1291.30
v -206.11 1.10 -1292.02
v -209.99 1.10 -1295.22
v -207.08 1.10 -1295.94
v -210.96 1.10 -1299.13
v -208.04 1.10 -1299.85
v -211.92 1.10 -1303.04
v -209.01 1.10 -1303.76
v -212.89 1.10 -1306.96
v -209.98 1.10 -1307.68
v -213.85 1.10 -1310.87
v -210.94 1.10 -1311.59
v -214.82 1.10 -1314.79
v -211.91 1.10 -1315.51
v -215.79 1.10 -1318.70
v -212.87 1.10 -1319.42
v -216.75 1.10 -1322.62
v -213.84 1.10 -1323.33
v -217.72 1.10 -1326.53
v -214.81 1.10 -1327.25
v -218.69 1.10 -1330.44
v -215.77 1.10 -1331.16
v -219.65 1.10 -1334.36
v -216.74 1.10 -1335.08
v -220.62 1.10 -1338.27
v -217.71 1.10 -1338.99
v -221.59 1.10 -1342.20
v -218.68 1.10 -1342.92
v -222.57 1.10 -1346.12
v -219.66 1.10 -1346.85
v -223.54 1.10 -1350.05
v -220.63 1.10 -1350.77
v -224.52 1.10 -1353.98
v -221.61 1.10 -1354.70
v -225.49 1.10 -1357.90
v -222.58 1.10 -1358.63
v -226.47 1.10 -1361.83
v -223.56 1.10 -1362.55
v -227.44 1.10 -1365.76
v -224.53 1.10 -1366.48
v -228.42 1.10 -1369.68
v -225.51 1.10 -1370.41
v -229.39 1.10 -1373.61
v -226.48 1.10 -1374.33
v -230.37 1.10 -1377.54
v -227.46 1.10 -1378.26
v -231.34 1.10 -1381.47
v -228.43 1.10 -1382.19
v -232.32 1.10 -1385.39
v -229.41 1.10 -1386.12
v -233.30 1.10 -1389.32
v -230.38 1.10 -1390.04
v -234.27 1.10 -1393.25
v -231.36 1.10 -1393.97
v -235.25 1.10 -1397.17
v -232.33 1.10 -1397.90
v -236.22 1.10 -1401.10
v -233.31 1.10 -1401.82
v -237.20 1.10 -1405.03
v -234.29 1.10 -1405.75
v -238.17 1.10 -1408.95
v -235.26 1.10 -1409.68
v -239.15 1.10 -1412.88
v -236.24 1.10 -1413.61
v -240.22 1.10 -1417.11
v -237.31 1.10 -1417.85
v -241.28 1.10 -1421.35
v -238.38 1.10 -1422.09
v -242.35 1.10 -1425.59
v -239.45 1.10 -1426.33
v -243.42 1.10 -1429.83
v -240.52 1.10 -1430.57
v -244.49 1.10 -1434.07
v -241.58 1.10 -1434.81
v -245.56 1.10 -1438.31
v -242.65 1.10 -1439.05
v -246.63 1.10 -1442.55
v -243.72 1.10 -1443.29
v -247.70 1.10 -1446.79
v -244.79 1.10 -1447.53
v -248.77 1.10 -1451.04
v -245.86 1.10 -1451.76
v -249.75 1.10 -1454.98
v -246.84 1.10 -1455.70
v -250.72 1.10 -1458.93
v -247.81 1.10 -1459.65
v -251.70 1.10 -1462.87
v -248.78 1.10 -1463.59
v -252.67 1.10 -1466.82
v -249.76 1.10 -1467.54
v -253.65 1.10 -1470.76
v -250.73 1.10 -1471.48
v -254.62 1.10 -1474.71
v -251.71 1.10 -1475.43
v -255.59 1.10 -1478.65
v -252.68 1.10 -1479.37
v -256.57 1.10 -1482.60
v -253.66 1.10 -1483.32
v -257.54 1.10 -1486.54
v -254.63 1.10 -1487.26
v -258.52 1.10 -1490.49
v -255.61 1.10 -1491.20
v -259.49 1.10 -1494.43
v -256.58 1.10 -1495.15
v -260.48 1.10 -1498.42
v -257.57 1.10 -1499.14
v -261.46 1.10 -1502.41
v -258.55 1.10 -1503.13
v -262.45 1.10 -1506.41
v -259.54 1.10 -1507.13
v -263.44 1.10 -1510.40
v -260.52 1.10 -1511.12
v -264.42 1.10 -1514.39
v -261.51 1.10 -1515.11
v -265.41 1.10 -1518.38
v -262.50 1.10 -1519.10
v -266.39 1.10 -1522.38
v -263.48 1.10 -1523.10
v -267.38 1.10 -1526.37
v -264.47 1.10 -1527.09
v -268.37 1.10 -1530.36
v -265.45 1.10 -1531.08
v -269.35 1.10 -1534.35
v -266.44 1.10 -1535.07
v -270.34 1.10 -1538.35
v -267.42 1.10 -1539.07
v -271.32 1.10 -1542.34
v -268.41 1.10 -1543.06
v -272.31 1.10 -1546.33
v -269.40 1.10 -1547.05
v -273.29 1.10 -1550.32
v -270.38 1.10 -1551.04
v -274.28 1.10 -1554.32
v -271.37 1.10 -1555.03
v -275.27 1.10 -1558.31
v -272.35 1.10 -1559.03
v -276.25 1.10 -1562.30
v -273.34 1.10 -1563.02
v -277.24 1.10 -1566.29
v -274.33 1.10 -1567.01
v -278.22 1.10 -1570.29
v -275.31 1.10 -1571.00
v -279.21 1.10 -1574.28
v -276.30 1.10 -1575.00
v -280.20 1.10 -1578.27
v -277.28 1.10 -1578.99
v -281.18 1.10 -1582.28
v -278.26 1.10 -1583.00
v -282.16 1.10 -1586.29
v -279.24 1.10 -1587.01
v -283.13 1.10 -1590.30
v -280.22 1.10 -1591.02
v -284.11 1.10 -1594.32
v -281.20 1.10 -1595.03
v -285.09 1.10 -1598.33
v -282.18 1.10 -1599.04
v -286.07 1.10 -1602.34
v -283.16 1.10 -1603.05
v -287.05 1.10 -1606.35
v -284.14 1.10 -1607.06
v -288.03 1.10 -1610.36
v -285.12 1.10 -1611.07
v -289.00 1.10 -1614.35
v -286.10 1.10 -1615.10
v -290.05 1.10 -1618.22
v -287.15 1.10 -1619.00
v -291.09 1.10 -1622.11
v -288.20 1.10 -1622.89
v -292.14 1.10 -1626.00
v -289.24 1.10 -1626.78
v -293.19 1.10 -1629.89
v -290.29 1.10 -1630.66
v -294.58 1.10 -1635.16
v -291.68 1.10 -1635.93
v -295.98 1.10 -1640.41
v -293.09 1.10 -1641.21
v -297.22 1.10 -1644.73
v -294.34 1.10 -1645.56
v -298.47 1.10 -1649.06
v -295.59 1.10 -1649.89
v -299.73 1.10 -1653.40
v -296.84 1.10 -1654.23
v -300.98 1.10 -1657.73
v -298.09 1.10 -1658.56
v -302.23 1.10 -1662.06
v -299.35 1.10 -1662.90
v -303.48 1.10 -1666.40
v -300.60 1.10 -1667.23
v -304.73 1.10 -1670.75
v -301.84 1.10 -1671.55
v -306.05 1.10 -1675.67
v -303.15 1.10 -1676.44
v -307.36 1.10 -1680.57
v -304.46 1.10 -1681.35
v -308.67 1.10 -1685.49
v -305.77 1.10 -1686.25
v -309.95 1.10 -1690.42
v -307.05 1.10 -1691.17
v -311.23 1.10 -1695.34
v -308.32 1.10 -1696.10
v -312.51 1.10 -1700.28
v -309.60 1.10 -1701.01
v -313.69 1.10 -1705.19
v -310.78 1.10 -1705.89
v -314.88 1.10 -1710.08
v -311.96 1.10 -1710.77
v -315.95 1.10 -1714.74
v -313.01 1.10 -1715.37
v -316.79 1.10 -1718.98
v -313.85 1.10 -1719.56
v -317.63 1.10 -1723.20
v -314.68 1.10 -1723.78
v -318.46 1.10 -1727.42
v -315.52 1.10 -1728.00
v -319.30 1.10 -1731.64
v -316.36 1.10 -1732.22
v -320.13 1.10 -1735.85
v -317.19 1.10 -1736.44
v -321.28 1.10 -1741.48
v -318.34 1.10 -1742.11
v -322.52 1.10 -1746.85
v -319.59 1.10 -1747.53
v -323.75 1.10 -1752.24
v -320.84 1.10 -1752.94
v -324.74 1.10 -1756.16
v -321.83 1.10 -1756.89
v -325.74 1.10 -1760.09
v -322.83 1.10 -1760.83
v -326.73 1.10 -1764.03
v -323.82 1.10 -1764.76
v -327.72 1.10 -1767.97
v -324.81 1.10 -1768.70
v -328.71 1.10 -1771.90
v -325.80 1.10 -1772.64
v -329.70 1.10 -1775.84
v -326.80 1.10 -1776.57
v -330.70 1.10 -1779.78
v -327.79 1.10 -1780.51
v -331.69 1.10 -1783.71
v -328.78 1.10 -1784.45
v -332.68 1.10 -1787.65
v -329.77 1.10 -1788.38
v -333.67 1.10 -1791.59
v -330.77 1.10 -1792.32
v -334.67 1.10 -1795.52
v -331.76 1.10 -1796.26
v -335.66 1.10 -1799.46
v -332.75 1.10 -1800.19
v -336.65 1.10 -1803.40
v -333.74 1.10 -1804.13
v -337.64 1.10 -1807.33
v -334.73 1.10 -1808.07
v -338.64 1.10 -1811.27
v -335.73 1.10 -1812.00
v -339.63 1.10 -1815.21
v -336.72 1.10 -1815.94
v -340.62 1.10 -1819.14
v -337.71 1.10 -1819.88
v -341.61 1.10 -1823.08
v -338.70 1.10 -1823.81
v -342.61 1.10 -1827.02
v -339.70 1.10 -1827.75
v -343.60 1.10 -1830.95
v -340.69 1.10 -1831.69
v -344.59 1.10 -1834.88
v -341.68 1.10 -1835.63
v -345.62 1.10 -1838.76
v -342.72 1.10 -1839.53
v -346.65 1.10 -1842.64
v -343.75 1.10 -1843.41
v -347.69 1.10 -1846.53
v -344.79 1.10 -1847.30
v -348.72 1.10 -1850.42
v -345.82 1.10 -1851.19
v -349.75 1.10 -1854.30
v -346.86 1.10 -1855.07
v -350.79 1.10 -1858.19
v -347.89 1.10 -1858.96
v -351.82 1.10 -1862.08
v -348.92 1.10 -1862.85
v -352.86 1.10 -1865.96
v -349.96 1.10 -1866.73
v -353.89 1.10 -1869.85
v -350.99 1.10 -1870.62
v -354.92 1.10 -1873.74
v -352.02 1.10 -1874.51
v -355.96 1.10 -1877.62
v -353.06 1.10 -1878.39
v -356.99 1.10 -1881.51
v -354.09 1.10 -1882.28
v -358.03 1.10 -1885.40
v -355.13 1.10 -1886.17
v -359.06 1.10 -1889.28
v -356.16 1.10 -1890.05
v -360.09 1.10 -1893.17
v -357.19 1.10 -1893.94
v -361.13 1.10 -1897.05
v -358.23 1.10 -1897.83
v -362.16 1.10 -1900.94
v -359.26 1.10 -1901.71
v -363.19 1.10 -1904.83
v -360.30 1.10 -1905.60
v -364.23 1.10 -1908.71
v -361.33 1.10 -1909.49
v -365.26 1.10 -1912.60
v -362.36 1.10 -1913.37
v -366.30 1.10 -1916.49
v -363.40 1.10 -1917.26
v -367.33 1.10 -1920.37
v -364.43 1.10 -1921.15
v -368.37 1.10 -1924.27
v -365.46 1.10 -1925.02
v -369.55 1.10 -1928.97
v -366.64 1.10 -1929.70
v -52.72 0.00 -662.66
v -49.78 0.00 -663.27
v -53.79 0.00 -667.79
v -50.85 0.00 -668.42
v -54.66 0.00 -671.85
v -51.73 0.00 -672.48
v -55.54 0.00 -675.91
v -52.60 0.00 -676.54
v -56.41 0.00 -679.97
v -53.48 0.00 -680.60
v -57.29 0.00 -684.03
v -54.36 0.00 -684.66
v -58.16 0.00 -688.09
v -55.23 0.00 -688.72
v -59.04 0.00 -692.15
v -56.11 0.00 -692.79
v -59.92 0.00 -696.21
v -56.98 0.00 -696.85
v -60.79 0.00 -700.27
v -57.86 0.00 -700.91
v -61.67 0.00 -704.34
v -58.73 0.00 -704.97
v -62.54 0.00 -708.40
v -59.61 0.00 -709.03
v -63.42 0.00 -712.46
v -60.49 0.00 -713.09
v -64.24 0.00 -716.38
v -61.31 0.00 -717.00
v -65.07 0.00 -720.30
v -62.13 0.00 -720.92
v -65.89 0.00 -724.22
v -62.95 0.00 -724.84
v -66.71 0.00 -728.14
v -63.77 0.00 -728.76
v -67.53 0.00 -732.06
v -64.60 0.00 -732.68
v -68.36 0.00 -735.98
v -65.42 0.00 -736.60
v -69.18 0.00 -739.90
v -66.24 0.00 -740.52
v -70.00 0.00 -743.82
v -67.06 0.00 -744.44
v -70.82 0.00 -747.74
v -67.89 0.00 -748.36
v -71.65 0.00 -751.66
v -68.71 0.00 -752.28
v -72.47 0.00 -755.58
v -69.53 0.00 -756.19
v -73.28 0.00 -759.47
v -70.36 0.00 -760.14
v -74.60 0.00 -764.78
v -71.68 0.00 -765.50
v -75.91 0.00 -770.11
v -73.00 0.00 -770.84
v -76.94 0.00 -774.13
v -74.03 0.00 -774.87
v -77.96 0.00 -778.15
v -75.06 0.00 -778.89
v -78.99 0.00 -782.17
v -76.08 0.00 -782.91
v -80.02 0.00 -786.19
v -77.11 0.00 -786.94
v -81.03 0.00 -790.07
v -78.12 0.00 -790.82
v -82.04 0.00 -793.95
v -79.13 0.00 -794.70
v -83.05 0.00 -797.83
v -80.15 0.00 -798.59
v -84.06 0.00 -801.71
v -81.16 0.00 -802.47
v -85.07 0.00 -805.60
v -82.17 0.00 -806.35
v -86.08 0.00 -809.48
v -83.18 0.00 -810.23
v -87.09 0.00 -813.36
v -84.19 0.00 -814.12
v -88.10 0.00 -817.24
v -85.20 0.00 -818.00
v -89.11 0.00 -821.13
v -86.21 0.00 -821.88
v -90.12 0.00 -825.01
v -87.22 0.00 -825.76
v -91.13 0.00 -828.89
v -88.23 0.00 -829.65
v -92.14 0.00 -832.77
v -89.24 0.00 -833.53
v -93.15 0.00 -836.66
v -90.25 0.00 -837.41
v -94.16 0.00 -840.54
v -91.26 0.00 -841.29
v -95.17 0.00 -844.42
v -92.27 0.00 -845.18
v -96.19 0.00 -848.30
v -93.28 0.00 -849.06
v -97.20 0.00 -852.19
v -94.29 0.00 -852.94
v -98.21 0.00 -856.07
v -95.30 0.00 -856.82
v -99.21 0.00 -859.94
v -96.32 0.00 -860.72
v -100.31 0.00 -863.87
v -97.43 0.00 -864.68
v -101.42 0.00 -867.82
v -98.53 0.00 -868.63
v -102.52 0.00 -871.76
v -99.64 0.00 -872.57
v -103.63 0.00 -875.71
v -100.74 0.00 -876.52
v -104.73 0.00 -879.66
v -101.85 0.00 -880.47
v -105.84 0.00 -883.60
v -102.95 0.00 -884.41
v -106.94 0.00 -887.55
v -104.06 0.00 -888.36
v -108.05 0.00 -891.50
v -105.16 0.00 -892.30
v -109.12 0.00 -895.44
v -106.22 0.00 -896.23
v -110.19 0.00 -899.38
v -107.29 0.00 -900.16
v -111.25 0.00 -903.32
v -108.36 0.00 -904.10
v -112.32 0.00 -907.25
v -109.42 0.00 -908.04
v -113.39 0.00 -911.19
v -110.49 0.00 -911.97
v -114.45 0.00 -915.12
v -111.56 0.00 -915.91
v -115.52 0.00 -919.06
v -112.63 0.00 -919.84
v -116.59 0.00 -922.99
v -113.69 0.00 -923.78
v -117.65 0.00 -926.93
v -114.76 0.00 -927.71
v -118.72 0.00 -930.87
v -115.83 0.00 -931.65
v -119.79 0.00 -934.80
v -116.89 0.00 -935.59
v -120.86 0.00 -938.74
v -117.96 0.00 -939.52
v -121.92 0.00 -942.67
v -119.03 0.00 -943.46
v -122.99 0.00 -946.61
v -120.09 0.00 -947.39
v -124.06 0.00 -950.54
v -121.16 0.00 -951.33
v -125.12 0.00 -954.48
v -122.23 0.00 -955.26
v -126.19 0.00 -958.42
v -123.29 0.00 -959.20
v -127.26 0.00 -962.35
v -124.36 0.00 -963.14
v -128.32 0.00 -966.29
v -125.43 0.00 -967.07
v -129.39 0.00 -970.22
v -126.50 0.00 -971.01
v -130.46 0.00 -974.16
v -127.56 0.00 -974.94
v -131.52 0.00 -978.09
v -128.63 0.00 -978.88
v -132.59 0.00 -982.03
v -129.70 0.00 -982.81
v -133.66 0.00 -985.98
v -130.76 0.00 -986.73
v -134.63 0.00 -989.91
v -131.72 0.00 -990.63
v -135.60 0.00 -993.83
v -132.69 0.00 -994.55
v -136.57 0.00 -997.74
v -133.65 0.00 -998.46
v -137.53 0.00 -1001.65
v -134.62 0.00 -1002.37
v -138.50 0.00 -1005.57
v -135.59 0.00 -1006.29
v -139.46 0.00 -1009.48
v -136.55 0.00 -1010.20
v -140.43 0.00 -1013.40
v -137.52 0.00 -1014.12
v -141.40 0.00 -1017.31
v -138.48 0.00 -1018.03
v -142.36 0.00 -1021.23
v -139.45 0.00 -1021.94
v -143.33 0.00 -1025.14
v -140.42 0.00 -1025.86
v -144.29 0.00 -1029.05
v -141.38 0.00 -1029.77
v -145.26 0.00 -1032.97
v -142.35 0.00 -1033.69
v -146.23 0.00 -1036.88
v -143.31 0.00 -1037.60
v -147.19 0.00 -1040.80
v -144.28 0.00 -1041.52
v -148.16 0.00 -1044.71
v -145.25 0.00 -1045.43
v -149.13 0.00 -1048.62
v -146.21 0.00 -1049.34
v -150.09 0.00 -1052.54
v -147.18 0.00 -1053.26
v -151.06 0.00 -1056.45
v -148.14 0.00 -1057.17
v -152.02 0.00 -1060.37
v -149.11 0.00 -1061.09
v -152.99 0.00 -1064.28
v -150.08 0.00 -1065.00
v -153.96 0.00 -1068.20
v -151.04 0.00 -1068.91
v -154.92 0.00 -1072.11
v -152.01 0.00 -1072.83
v -155.89 0.00 -1076.02
v -152.98 0.00 -1076.74
v -156.85 0.00 -1079.94
v -153.94 0.00 -1080.66
v -157.82 0.00 -1083.85
v -154.91 0.00 -1084.57
v -158.79 0.00 -1087.77
v -155.87 0.00 -1088.49
v -159.75 0.00 -1091.68
v -156.84 0.00 -1092.40
v -160.72 0.00 -1095.59
v -157.81 0.00 -1096.31
v -161.68 0.00 -1099.51
v -158.77 0.00 -1100.23
v -162.65 0.00 -1103.42
v -159.74 0.00 -1104.14
v -163.62 0.00 -1107.34
v -160.70 0.00 -1108.06
v -164.58 0.00 -1111.25
v -161.67 0.00 -1111.97
v -165.55 0.00 -1115.17
v -162.64 0.00 -1115.88
v -166.52 0.00 -1119.08
v -163.60 0.00 -1119.80
v -167.48 0.00 -1122.99
v -164.57 0.00 -1123.71
v -168.45 0.00 -1126.91
v -165.53 0.00 -1127.63
v -169.41 0.00 -1130.82
v -166.50 0.00 -1131.54
v -170.38 0.00 -1134.74
v -167.47 0.00 -1135.45
v -171.35 0.00 -1138.65
v -168.43 0.00 -1139.37
v -172.31 0.00 -1142.56
v -169.40 0.00 -1143.28
v -173.28 0.00 -1146.48
v -170.37 0.00 -1147.20
v -174.24 0.00 -1150.39
v -171.33 0.00 -1151.11
v -175.21 0.00 -1154.31
v -172.30 0.00 -1155.03
v -176.18 0.00 -1158.22
v -173.26 0.00 -1158.94
v -177.14 0.00 -1162.14
v -174.23 0.00 -1162.85
v -178.11 0.00 -1166.05
v -175.20 0.00 -1166.77
v -179.07 0.00 -1169.96
v -176.16 0.00 -1170.68
v -180.04 0.00 -1173.88
v -177.13 0.00 -1174.60
v -181.01 0.00 -1177.79
v -178.09 0.00 -1178.51
v -181.97 0.00 -1181.71
v -179.06 0.00 -1182.42
v -182.94 0.00 -1185.62
v -180.03 0.00 -1186.34
v -183.91 0.00 -1189.53
v -180.99 0.00 -1190.25
v -184.87 0.00 -1193.45
v -181.96 0.00 -1194.17
v -185.84 0.00 -1197.36
v -182.92 0.00 -1198.08
v -186.80 0.00 -1201.28
v -183.89 0.00 -1202.00
v -187.77 0.00 -1205.19
v -184.86 0.00 -1205.91
v -188.74 0.00 -1209.11
v -185.82 0.00 -1209.82
v -189.70 0.00 -1213.02
v -186.79 0.00 -1213.74
v -190.67 0.00 -1216.93
v -187.76 0.00 -1217.65
v -191.63 0.00 -1220.85
v -188.72 0.00 -1221.57
v -192.60 0.00 -1224.76
v -189.69 0.00 -1225.48
v -193.57 0.00 -1228.68
v -190.65 0.00 -1229.39
v -194.53 0.00 -1232.59
v -191.62 0.00 -1233.31
v -195.50 0.00 -1236.50
v -192.59 0.00 -1237.22
v -196.46 0.00 -1240.42
v -193.55 0.00 -1241.14
v -197.43 0.00 -1244.33
v -194.52 0.00 -1245.05
v -198.40 0.00 -1248.25
v -195.48 0.00 -1248.97
v -199.36 0.00 -1252.16
v -196.45 0.00 -1252.88
v -200.33 0.00 -1256.07
v -197.42 0.00 -1256.79
v -201.30 0.00 -1259.99
v -198.38 0.00 -1260.71
v -202.26 0.00 -1263.90
v -199.35 0.00 -1264.62
v -203.23 0.00 -1267.82
v -200.31 0.00 -1268.54
v -204.19 0.00 -1271.73
v -201.28 0.00 -1272.45
v -205.16 0.00 -1275.65
v -202.25 0.00 -1276.36
v -206.13 0.00 -1279.56
v -203.21 0.00 -1280.28
v -207.09 0.00 -1283.47
v -204.18 0.00 -1284.19
v -208.06 0.00 -1287.39
v -205.15 0.00 -1288.11
v -209.02 0.00 -1291.30
v -206.11 0.00 -1292.02
v -209.99 0.00 -1295.22
v -207.08 0.00 -1295.94
v -210.96 0.00 -1299.13
v -208.04 0.00 -1299.85
v -211.92 0.00 -1303.04
v -209.01 0.00 -1303.76
v -212.89 0.00 -1306.96
v -209.98 0.00 -1307.68
v -213.85 0.00 -1310.87
v -210.94 0.00 -1311.59
v -214.82 0.00 -1314.79
v -211.91 0.00 -1315.51
v -215.79 0.00 -1318.70
v -212.87 0.00 -1319.42
v -216.75 0.00 -1322.62
v -213.84 0.00 -1323.33
v -217.72 0.00 -1326.53
v -214.81 0.00 -1327.25
v -218.69 0.00 -1330.44
v -215.77 0.00 -1331.16
v -219.65 0.00 -1334.36
v -216.74 0.00 -1335.08
v -220.62 0.00 -1338.27
v -217.71 0.00 -1338.99
v -221.59 0.00 -1342.20
v -218.68 0.00 -1342.92
v -222.57 0.00 -1346.12
v -219.66 0.00 -1346.85
v -223.54 0.00 -1350.05
v -220.63 0.00 -1350.77
v -224.52 0.00 -1353.98
v -221.61 0.00 -1354.70
v -225.49 0.00 -1357.90
v -222.58 0.00 -1358.63
v -226.47 0.00 -1361.83
v -223.56 0.00 -1362.55
v -227.44 0.00 -1365.76
v -224.53 0.00 -1366.48
v -228.42 0.00 -1369.68
v -225.51 0.00 -1370.41
v -229.39 0.00 -1373.61
v -226.48 0.00 -1374.33
v -230.37 0.00 -1377.54
v -227.46 0.00 -1378.26
v -231.34 0.00 -1381.47
v -228.43 0.00 -1382.19
v -232.32 0.00 -1385.39
v -229.41 0.00 -1386.12
v -233.30 0.00 -1389.32
v -230.38 0.00 -1390.04
v -234.27 0.00 -1393.25
v -231.36 0.00 -1393.97
v -235.25 0.00 -1397.17
v -232.33 0.00 -1397.90
v -236.22 0.00 -1401.10
v -233.31 0.00 -1401.82
v -237.20 0.00 -1405.03
v -234.29 0.00 -1405.75
v -238.17 0.00 -1408.95
v -235.26 0.00 -1409.68
v -239.15 0.00 -1412.88
v -236.24 0.00 -1413.61
v -240.22 0.00 -1417.11
v -237.31 0.00 -1417.85
v -241.28 0.00 -1421.35
v -238.38 0.00 -1422.09
v -242.35 0.00 -1425.59
v -239.45 0.00 -1426.33
v -243.42 0.00 -1429.83
v -240.52 0.00 -1430.57
v -244.49 0.00 -1434.07
v -241.58 0.00 -1434.81
v -245.56 0.00 -1438.31
v -242.65 0.00 -1439.05
v -246.63 0.00 -1442.55
v -243.72 0.00 -1443.29
v -247.70 0.00 -1446.79
v -244.79 0.00 -1447.53
v -248.77 0.00 -1451.04
v -245.86 0.00 -1451.76
v -249.75 0.00 -1454.98
v -246.84 0.00 -1455.70
v -250.72 0.00 -1458.93
v -247.81 0.00 -1459.65
v -251.70 0.00 -1462.87
v -248.78 0.00 -1463.59
v -252.67 0.00 -1466.82
v -249.76 0.00 -1467.54
v -253.65 0.00 -1470.76
v -250.73 0.00 -1471.48
v -254.62 0.00 -1474.71
v -251.71 0.00 -1475.43
v -255.59 0.00 -1478.65
v -252.68 0.00 -1479.37
v -256.57 0.00 -1482.60
v -253.66 0.00 -1483.32
v -257.54 0.00 -1486.54
v -254.63 0.00 -1487.26
v -258.52 0.00 -1490.49
v -255.61 0.00 -1491.20
v -259.49 0.00 -1494.43
v -256.58 0.00 -1495.15
v -260.48 0.00 -1498.42
v -257.57 0.00 -1499.14
v -261.46 0.00 -1502.41
v -258.55 0.00 -1503.13
v -262.45 0.00 -1506.41
v -259.54 0.00 -1507.13
v -263.44 0.00 -1510.40
v -260.52 0.00 -1511.12
v -264.42 0.00 -1514.39
v -261.51 0.00 -1515.11
v -265.41 0.00 -1518.38
v -262.50 0.00 -1519.10
v -266.39 0.00 -1522.38
v -263.48 0.00 -1523.10
v -267.38 0.00 -1526.37
v -264.47 0.00 -1527.09
v -268.37 0.00 -1530.36
v -265.45 0.00 -1531.08
v -269.35 0.00 -1534.35
v -266.44 0.00 -1535.07
v -270.34 0.00 -1538.35
v -267.42 0.00 -1539.07
v -271.32 0.00 -1542.34
v -268.41 0.00 -1543.06
v -272.31 0.00 -1546.33
v -269.40 0.00 -1547.05
v -273.29 0.00 -1550.32
v -270.38 0.00 -1551.04
v -274.28 0.00 -1554.32
v -271.37 0.00 -1555.03
v -275.27 0.00 -1558.31
v -272.35 0.00 -1559.03
v -276.25 0.00 -1562.30
v -273.34 0.00 -1563.02
v -277.24 0.00 -1566.29
v -274.33 0.00 -1567.01
v -278.22 0.00 -1570.29
v -275.31 0.00 -1571.00
v -279.21 0.00 -1574.28
v -276.30 0.00 -1575.00
v -280.20 0.00 -1578.27
v -277.28 0.00 -1578.99
v -281.18 0.00 -1582.28
v -278.26 0.00 -1583.00
v -282.16 0.00 -1586.29
v -279.24 0.00 -1587.01
v -283.13 0.00 -1590.30
v -280.22 0.00 -1591.02
v -284.11 0.00 -1594.32
v -281.20 0.00 -1595.03
v -285.09 0.00 -1598.33
v -282.18 0.00 -1599.04
v -286.07 0.00 -1602.34
v -283.16 0.00 -1603.05
v -287.05 0.00 -1606.35
v -284.14 0.00 -1607.06
v -288.03 0.00 -1610.36
v -285.12 0.00 -1611.07
v -289.00 0.00 -1614.35
v -286.10 0.00 -1615.10
v -290.05 0.00 -1618.22
v -287.15 0.00 -1619.00
v -291.09 0.00 -1622.11
v -288.20 0.00 -1622.89
v -292.14 0.00 -1626.00
v -289.24 0.00 -1626.78
v -293.19 0.00 -1629.89
v -290.29 0.00 -1630.66
v -294.58 0.00 -1635.16
v -291.68 0.00 -1635.93
v -295.98 0.00 -1640.41
v -293.09 0.00 -1641.21
v -297.22 0.00 -1644.73
v -294.34 0.00 -1645.56
v -298.47 0.00 -1649.06
v -295.59 0.00 -1649.89
v -299.73 0.00 -1653.40
v -296.84 0.00 -1654.23
v -300.98 0.00 -1657.73
v -298.09 0.00 -1658.56
v -302.23 0.00 -1662.06
v -299.35 0.00 -1662.90
v -303.48 0.00 -1666.40
v -300.60 0.00 -1667.23
v -304.73 0.00 -1670.75
v -301.84 0.00 -1671.55
v -306.05 0.00 -1675.67
v -303.15 0.00 -1676.44
v -307.36 0.00 -1680.57
v -304.46 0.00 -1681.35
v -308.67 0.00 -1685.49
v -305.77 0.00 -1686.25
v -309.95 0.00 -1690.42
v -307.05 0.00 -1691.17
v -311.23 0.00 -1695.34
v -308.32 0.00 -1696.10
v -312.51 0.00 -1700.28
v -309.60 0.00 -1701.01
v -313.69 0.00 -1705.19
v -310.78 0.00 -1705.89
v -314.88 0.00 -1710.08
v -311.96 0.00 -1710.77
v -315.95 0.00 -1714.74
v -313.01 0.00 -1715.37
v -316.79 0.00 -1718.98
v -313.85 0.00 -1719.56
v -317.63 0.00 -1723.20
v -314.68 0.00 -1723.78
v -318.46 0.00 -1727.42
v -315.52 0.00 -1728.00
v -319.30 0.00 -1731.64
v -316.36 0.00 -1732.22
v -320.13 0.00 -1735.85
v -317.19 0.00 -1736.44
v -321.28 0.00 -1741.48
v -318.34 0.00 -1742.11
v -322.52 0.00 -1746.85
v -319.59 0.00 -1747.53
v -323.75 0.00 -1752.24
v -320.84 0.00 -1752.94
v -324.74 0.00 -1756.16
v -321.83 0.00 -1756.89
v -325.74 0.00 -1760.09
v -322.83 0.00 -1760.83
v -326.73 0.00 -1764.03
v -323.82 0.00 -1764.76
v -327.72 0.00 -1767.97
v -324.81 0.00 -1768.70
v -328.71 0.00 -1771.90
v -325.80 0.00 -1772.64
v -329.70 0.00 -1775.84
v -326.80 0.00 -1776.57
v -330.70 0.00 -1779.78
v -327.79 0.00 -1780.51
v -331.69 0.00 -1783.71
v -328.78 0.00 -1784.45
v -332.68 0.00 -1787.65
v -329.77 0.00 -1788.38
v -333.67 0.00 -1791.59
v -330.77 0.00 -1792.32
v -334.67 0.00 -1795.52
v -331.76 0.00 -1796.26
v -335.66 0.00 -1799.46
v -332.75 0.00 -1800.19
v -336.65 0.00 -1803.40
v -333.74 0.00 -1804.13
v -337.64 0.00 -1807.33
v -334.73 0.00 -1808.07
v -338.64 0.00 -1811.27
v -335.73 0.00 -1812.00
v -339.63 0.00 -1815.21
v -336.72 0.00 -1815.94
v -340.62 0.00 -1819.14
v -337.71 0.00 -1819.88
v -341.61 0.00 -1823.08
v -338.70 0.00 -1823.81
v -342.61 0.00 -1827.02
v -339.70 0.00 -1827.75
v -343.60 0.00 -1830.95
v -340.69 0.00 -1831.69
v -344.59 0.00 -1834.88
v -341.68 0.00 -1835.63
v -345.62 0.00 -1838.76
v -342.72 0.00 -1839.53
v -346.65 0.00 -1842.64
v -343.75 0.00 -1843.41
v -347.69 0.00 -1846.53
v -344.79 0.00 -1847.30
v -348.72 0.00 -1850.42
v -345.82 0.00 -1851.19
v -349.75 0.00 -1854.30
v -346.86 0.00 -1855.07
v -350.79 0.00 -1858.19
v -347.89 0.00 -1858.96
v -351.82 0.00 -1862.08
v -348.92 0.00 -1862.85
v -352.86 0.00 -1865.96
v -349.96 0.00 -1866.73
v -353.89 0.00 -1869.85
v -350.99 0.00 -1870.62
v -354.92 0.00 -1873.74
v -352.02 0.00 -1874.51
v -355.96 0.00 -1877.62
v -353.06 0.00 -1878.39
v -356.99 0.00 -1881.51
v -354.09 0.00 -1882.28
v -358.03 0.00 -1885.40
v -355.13 0.00 -1886.17
v -359.06 0.00 -1889.28
v -356.16 0.00 -1890.05
v -360.09 0.00 -1893.17
v -357.19 0.00 -1893.94
v -361.13 0.00 -1897.05
v -358.23 0.00 -1897.83
v -362.16 0.00 -1900.94
v -359.26 0.00 -1901.71
v -363.19 0.00 -1904.83
v -360.30 0.00 -1905.60
v -364.23 0.00 -1908.71
v -361.33 0.00 -1909.49
v -365.26 0.00 -1912.60
v -362.36 0.00 -1913.37
v -366.30 0.00 -1916.49
v -363.40 0.00 -1917.26
v -367.33 0.00 -1920.37
v -364.43 0.00 -1921.15
v -368.37 0.00 -1924.27
v -365.46 0.00 -1925.02
v -369.55 0.00 -1928.97
v -366.64 0.00 -1929.70
v -376.94 1.10 -1957.57
v -374.04 1.10 -1958.34
v -377.97 1.10 -1961.50
v -375.07 1.10 -1962.26
v -379.01 1.10 -1965.42
v -376.11 1.10 -1966.19
v -380.05 1.10 -1969.34
v -377.15 1.10 -1970.11
v -381.09 1.10 -1973.27
v -378.19 1.10 -1974.04
v -382.13 1.10 -1977.19
v -379.23 1.10 -1977.96
v -383.16 1.10 -1981.12
v -380.26 1.10 -1981.88
v -384.20 1.10 -1985.04
v -381.30 1.10 -1985.81
v -385.24 1.10 -1988.97
v -382.34 1.10 -1989.73
v -386.28 1.10 -1992.91
v -383.37 1.10 -1993.64
v -387.26 1.10 -1996.94
v -384.34 1.10 -1997.64
v -388.23 1.10 -2000.95
v -385.31 1.10 -2001.66
v -389.20 1.10 -2004.97
v -386.28 1.10 -2005.67
v -390.17 1.10 -2008.98
v -387.26 1.10 -2009.69
v -391.14 1.10 -2013.00
v -388.23 1.10 -2013.70
v -392.11 1.10 -2017.01
v -389.20 1.10 -2017.72
v -393.09 1.10 -2021.02
v -390.17 1.10 -2021.73
v -394.06 1.10 -2025.04
v -391.14 1.10 -2025.75
v -395.03 1.10 -2029.05
v -392.11 1.10 -2029.76
v -396.00 1.10 -2033.07
v -393.08 1.10 -2033.78
v -396.97 1.10 -2037.08
v -394.06 1.10 -2037.79
v -397.94 1.10 -2041.10
v -395.03 1.10 -2041.80
v -398.92 1.10 -2045.11
v -396.00 1.10 -2045.82
v -399.89 1.10 -2049.13
v -396.97 1.10 -2049.83
v -400.86 1.10 -2053.14
v -397.94 1.10 -2053.85
v -401.83 1.10 -2057.15
v -398.92 1.10 -2057.87
v -402.83 1.10 -2061.08
v -399.93 1.10 -2061.82
v -403.84 1.10 -2065.01
v -400.94 1.10 -2065.76
v -404.85 1.10 -2068.95
v -401.94 1.10 -2069.70
v -405.86 1.10 -2072.89
v -402.95 1.10 -2073.63
v -406.87 1.10 -2076.83
v -403.96 1.10 -2077.57
v -407.87 1.10 -2080.76
v -404.97 1.10 -2081.51
v -408.88 1.10 -2084.70
v -405.98 1.10 -2085.44
v -409.89 1.10 -2088.64
v -406.99 1.10 -2089.38
v -410.90 1.10 -2092.57
v -407.99 1.10 -2093.32
v -411.91 1.10 -2096.51
v -409.00 1.10 -2097.26
v -412.92 1.10 -2100.45
v -410.01 1.10 -2101.19
v -413.92 1.10 -2104.39
v -411.02 1.10 -2105.13
v -414.93 1.10 -2108.32
v -412.03 1.10 -2109.07
v -415.94 1.10 -2112.26
v -413.04 1.10 -2113.01
v -417.22 1.10 -2117.21
v -414.32 1.10 -2117.96
v -418.50 1.10 -2122.17
v -415.60 1.10 -2122.92
v -419.79 1.10 -2127.13
v -416.88 1.10 -2127.87
v -420.77 1.10 -2131.15
v -417.86 1.10 -2131.86
v -421.75 1.10 -2135.16
v -418.84 1.10 -2135.87
v -422.74 1.10 -2139.16
v -419.82 1.10 -2139.88
v -423.72 1.10 -2143.17
v -420.80 1.10 -2143.88
v -424.70 1.10 -2147.17
v -421.78 1.10 -2147.89
v -425.68 1.10 -2151.18
v -422.77 1.10 -2151.89
v -426.66 1.10 -2155.19
v -423.75 1.10 -2155.90
v -427.64 1.10 -2159.19
v -424.73 1.10 -2159.91
v -428.62 1.10 -2163.20
v -425.71 1.10 -2163.91
v -429.60 1.10 -2167.20
v -426.69 1.10 -2167.93
v -430.63 1.10 -2171.24
v -427.73 1.10 -2171.98
v -431.66 1.10 -2175.28
v -428.75 1.10 -2176.02
v -432.69 1.10 -2179.32
v -429.78 1.10 -2180.06
v -433.72 1.10 -2183.37
v -430.81 1.10 -2184.11
v -434.75 1.10 -2187.41
v -431.85 1.10 -2188.16
v -435.82 1.10 -2191.50
v -432.91 1.10 -2192.25
v -436.88 1.10 -2195.59
v -433.98 1.10 -2196.34
v -437.95 1.10 -2199.68
v -435.04 1.10 -2200.44
v -439.01 1.10 -2203.77
v -436.11 1.10 -2204.53
v -440.08 1.10 -2207.87
v -437.18 1.10 -2208.62
v -441.15 1.10 -2211.96
v -438.24 1.10 -2212.71
v -442.21 1.10 -2216.05
v -439.31 1.10 -2216.81
v -443.28 1.10 -2220.14
v -440.37 1.10 -2220.90
v -444.34 1.10 -2224.24
v -441.44 1.10 -2224.99
v -445.41 1.10 -2228.33
v -442.51 1.10 -2229.08
v -446.48 1.10 -2232.42
v -443.57 1.10 -2233.18
v -447.54 1.10 -2236.51
v -444.64 1.10 -2237.27
v -448.61 1.10 -2240.61
v -445.70 1.10 -2241.36
v -449.67 1.10 -2244.70
v -446.77 1.10 -2245.45
v -450.74 1.10 -2248.79
v -447.84 1.10 -2249.55
v -451.80 1.10 -2252.88
v -448.90 1.10 -2253.64
v -452.89 1.10 -2256.94
v -449.99 1.10 -2257.71
v -453.98 1.10 -2261.00
v -451.08 1.10 -2261.78
v -455.06 1.10 -2265.07
v -452.17 1.10 -2265.84
v -456.15 1.10 -2269.13
v -453.25 1.10 -2269.91
v -457.24 1.10 -2273.20
v -454.34 1.10 -2273.97
v -458.32 1.10 -2277.26
v -455.43 1.10 -2278.04
v -459.41 1.10 -2281.33
v -456.51 1.10 -2282.10
v -460.50 1.10 -2285.39
v -457.60 1.10 -2286.17
v -461.59 1.10 -2289.46
v -458.69 1.10 -2290.23
v -462.67 1.10 -2293.52
v -459.77 1.10 -2294.30
v -463.67 1.10 -2297.27
v -460.95 1.10 -2298.69
v -466.79 1.10 -2300.96
v -464.50 1.10 -2302.89
v -469.40 1.10 -2304.06
v -468.55 1.10 -2307.70
v -473.23 1.10 -2302.39
v -474.43 1.10 -2305.15
v -476.63 1.10 -2300.91
v -480.73 1.10 -2302.41
v -475.09 1.10 -2297.82
v -477.77 1.10 -2296.48
v -473.26 1.10 -2294.15
v -475.10 1.10 -2291.13
v -468.45 1.10 -2294.19
v -468.05 1.10 -2291.20
v -463.34 1.10 -2295.51
v -462.14 1.10 -2292.73
v -458.63 1.10 -2298.45
v -456.66 1.10 -2296.15
v -455.00 1.10 -2302.62
v -452.44 1.10 -2301.00
v -452.76 1.10 -2307.71
v -449.84 1.10 -2306.90
v -452.11 1.10 -2313.13
v -449.08 1.10 -2313.18
v -452.94 1.10 -2318.39
v -450.05 1.10 -2319.27
v -455.15 1.10 -2323.12
v -452.61 1.10 -2324.78
v -458.51 1.10 -2326.96
v -456.55 1.10 -2329.27
v -462.73 1.10 -2329.62
v -461.49 1.10 -2332.38
v -467.39 1.10 -2330.96
v -466.96 1.10 -2333.96
v -472.17 1.10 -2331.00
v -472.54 1.10 -2334.00
v -476.69 1.10 -2329.82
v -477.79 1.10 -2332.64
v -480.80 1.10 -2327.64
v -482.53 1.10 -2330.11
v -484.12 1.10 -2324.66
v -486.33 1.10 -2326.70
v -486.94 1.10 -2320.98
v -489.57 1.10 -2322.48
v -489.29 1.10 -2315.22
v -492.67 1.10 -2314.86
v -486.74 1.10 -2311.48
v -489.22 1.10 -2309.80
v -484.31 1.10 -2307.92
v -485.65 1.10 -2304.56
v -480.19 1.10 -2308.81
v -479.56 1.10 -2305.88
v -475.09 1.10 -2309.92
v -474.45 1.10 -2306.99
v -470.72 1.10 -2310.87
v -468.61 1.10 -2308.26
v -470.70 1.10 -2310.03
v -467.02 1.10 -2312.63
v -471.31 1.10 -2309.61
v -468.48 1.10 -2312.87
v -471.62 1.10 -2315.51
v -468.63 1.10 -2315.67
v -471.86 1.10 -2319.87
v -468.86 1.10 -2320.03
v -472.08 1.10 -2324.06
v -469.10 1.10 -2324.55
v -473.18 1.10 -2327.92
v -470.29 1.10 -2328.74
v -474.32 1.10 -2331.94
v -471.44 1.10 -2332.76
v -475.47 1.10 -2335.97
v -472.58 1.10 -2336.79
v -476.61 1.10 -2339.99
v -473.73 1.10 -2340.81
v -477.76 1.10 -2344.01
v -474.87 1.10 -2344.83
v -478.89 1.10 -2348.01
v -476.02 1.10 -2348.88
v -480.52 1.10 -2353.05
v -477.67 1.10 -2353.97
v -482.16 1.10 -2358.11
v -479.31 1.10 -2359.04
v -483.80 1.10 -2363.17
v -480.95 1.10 -2364.12
v -485.18 1.10 -2367.20
v -482.35 1.10 -2368.18
v -486.57 1.10 -2371.25
v -483.74 1.10 -2372.22
v -487.97 1.10 -2375.30
v -485.13 1.10 -2376.27
v -489.36 1.10 -2379.34
v -486.52 1.10 -2380.32
v -490.74 1.10 -2383.37
v -487.92 1.10 -2384.39
v -492.19 1.10 -2387.21
v -489.38 1.10 -2388.27
v -493.65 1.10 -2391.07
v -490.84 1.10 -2392.13
v -495.10 1.10 -2394.93
v -492.30 1.10 -2395.99
v -496.56 1.10 -2398.79
v -493.75 1.10 -2399.85
v -498.02 1.10 -2402.65
v -495.21 1.10 -2403.71
v -499.48 1.10 -2406.52
v -496.67 1.10 -2407.57
v -500.93 1.10 -2410.38
v -498.13 1.10 -2411.44
v -502.39 1.10 -2414.24
v -499.58 1.10 -2415.30
v -503.84 1.10 -2418.07
v -501.05 1.10 -2419.18
v -505.42 1.10 -2421.83
v -502.65 1.10 -2422.99
v -507.01 1.10 -2425.61
v -504.24 1.10 -2426.77
v -508.60 1.10 -2429.39
v -505.83 1.10 -2430.55
v -510.19 1.10 -2433.17
v -507.42 1.10 -2434.33
v -511.78 1.10 -2436.95
v -509.01 1.10 -2438.11
v -513.37 1.10 -2440.73
v -510.61 1.10 -2441.89
v -514.96 1.10 -2444.50
v -512.20 1.10 -2445.67
v -516.55 1.10 -2448.28
v -513.79 1.10 -2449.45
v -518.14 1.10 -2452.07
v -515.38 1.10 -2453.23
v -519.80 1.10 -2456.01
v -517.03 1.10 -2457.17
v -521.46 1.10 -2459.96
v -518.69 1.10 -2461.12
v -523.11 1.10 -2463.91
v -520.35 1.10 -2465.07
v -524.77 1.10 -2467.86
v -522.01 1.10 -2469.02
v -526.43 1.10 -2471.80
v -523.66 1.10 -2472.96
v -528.09 1.10 -2475.75
v -525.32 1.10 -2476.91
v -529.74 1.10 -2479.70
v -526.98 1.10 -2480.86
v -531.40 1.10 -2483.64
v -528.63 1.10 -2484.81
v -533.06 1.10 -2487.59
v -530.29 1.10 -2488.75
v -534.72 1.10 -2491.54
v -531.95 1.10 -2492.70
v -536.32 1.10 -2495.42
v -533.54 1.10 -2496.56
v -537.91 1.10 -2499.29
v -535.14 1.10 -2500.43
v -539.51 1.10 -2503.16
v -536.74 1.10 -2504.31
v -541.11 1.10 -2507.03
v -538.33 1.10 -2508.18
v -542.70 1.10 -2510.90
v -539.93 1.10 -2512.05
v -544.30 1.10 -2514.78
v -541.53 1.10 -2515.92
v -545.90 1.10 -2518.65
v -543.13 1.10 -2519.79
v -547.50 1.10 -2522.52
v -544.72 1.10 -2523.66
v -549.09 1.10 -2526.39
v -546.32 1.10 -2527.53
v -550.68 1.10 -2530.25
v -547.92 1.10 -2531.42
v -552.35 1.10 -2534.10
v -549.60 1.10 -2535.29
v -554.03 1.10 -2537.97
v -551.27 1.10 -2539.16
v -555.70 1.10 -2541.83
v -552.95 1.10 -2543.03
v -557.38 1.10 -2545.70
v -554.62 1.10 -2546.89
v -559.05 1.10 -2549.56
v -556.30 1.10 -2550.77
v -560.74 1.10 -2553.33
v -558.01 1.10 -2554.56
v -562.45 1.10 -2557.11
v -559.71 1.10 -2558.34
v -564.15 1.10 -2560.90
v -561.41 1.10 -2562.13
v -565.85 1.10 -2564.68
v -563.11 1.10 -2565.91
v -567.55 1.10 -2568.46
v -564.82 1.10 -2569.70
v -569.25 1.10 -2572.25
v -566.52 1.10 -2573.48
v -570.96 1.10 -2576.03
v -568.22 1.10 -2577.26
v -572.66 1.10 -2579.82
v -569.92 1.10 -2581.05
v -574.36 1.10 -2583.60
v -571.63 1.10 -2584.83
v -576.24 1.10 -2587.75
v -573.50 1.10 -2588.98
v -578.11 1.10 -2591.90
v -575.38 1.10 -2593.13
v -579.99 1.10 -2596.05
v -577.25 1.10 -2597.28
v -581.86 1.10 -2600.20
v -579.13 1.10 -2601.44
v -583.74 1.10 -2604.35
v -581.00 1.10 -2605.59
v -585.61 1.10 -2608.50
v -582.88 1.10 -2609.74
v -587.43 1.10 -2612.57
v -584.70 1.10 -2613.80
v -589.26 1.10 -2616.64
v -586.52 1.10 -2617.86
v -591.08 1.10 -2620.70
v -588.34 1.10 -2621.93
v -592.90 1.10 -2624.77
v -590.16 1.10 -2625.99
v -594.72 1.10 -2628.83
v -591.98 1.10 -2630.06
v -596.54 1.10 -2632.90
v -593.81 1.10 -2634.12
v -598.36 1.10 -2636.96
v -595.63 1.10 -2638.19
v -600.19 1.10 -2641.04
v -597.44 1.10 -2642.24
v -602.17 1.10 -2645.60
v -599.42 1.10 -2646.80
v -604.14 1.10 -2650.16
v -601.39 1.10 -2651.36
v -606.12 1.10 -2654.73
v -603.36 1.10 -2655.92
v -608.10 1.10 -2659.29
v -605.34 1.10 -2660.47
v -609.77 1.10 -2663.27
v -607.00 1.10 -2664.43
v -611.44 1.10 -2667.23
v -608.67 1.10 -2668.40
v -613.11 1.10 -2671.20
v -610.35 1.10 -2672.37
v -614.78 1.10 -2675.17
v -612.02 1.10 -2676.33
v -616.45 1.10 -2679.14
v -613.69 1.10 -2680.30
v -618.12 1.10 -2683.10
v -615.36 1.10 -2684.27
v -619.80 1.10 -2687.09
v -617.02 1.10 -2688.22
v -621.35 1.10 -2691.01
v -618.56 1.10 -2692.11
v -622.89 1.10 -2694.91
v -620.09 1.10 -2696.01
v -624.42 1.10 -2698.81
v -621.63 1.10 -2699.91
v -625.96 1.10 -2702.71
v -623.17 1.10 -2703.82
v -627.50 1.10 -2706.62
v -624.71 1.10 -2707.72
v -629.04 1.10 -2710.52
v -626.25 1.10 -2711.62
v -630.58 1.10 -2714.42
v -627.79 1.10 -2715.52
v -632.12 1.10 -2718.33
v -629.33 1.10 -2719.43
v -633.66 1.10 -2722.23
v -630.87 1.10 -2723.33
v -635.20 1.10 -2726.13
v -632.41 1.10 -2727.23
v -636.70 1.10 -2729.94
v -633.91 1.10 -2731.04
v -638.21 1.10 -2733.75
v -635.42 1.10 -2734.85
v -639.71 1.10 -2737.56
v -636.92 1.10 -2738.66
v -641.21 1.10 -2741.36
v -638.43 1.10 -2742.48
v -642.79 1.10 -2745.21
v -640.01 1.10 -2746.35
v -644.37 1.10 -2749.07
v -641.59 1.10 -2750.21
v -645.95 1.10 -2752.92
v -643.17 1.10 -2754.06
v -647.53 1.10 -2756.78
v -644.75 1.10 -2757.92
v -649.11 1.10 -2760.64
v -646.34 1.10 -2761.78
v -650.69 1.10 -2764.50
v -647.92 1.10 -2765.64
v -652.27 1.10 -2768.35
v -649.50 1.10 -2769.49
v -653.85 1.10 -2772.21
v -651.08 1.10 -2773.35
v -655.44 1.10 -2776.07
v -652.66 1.10 -2777.21
v -657.02 1.10 -2779.93
v -654.24 1.10 -2781.07
v -658.60 1.10 -2783.79
v -655.82 1.10 -2784.92
v -660.18 1.10 -2787.64
v -657.40 1.10 -2788.78
v -661.76 1.10 -2791.50
v -658.98 1.10 -2792.64
v -663.34 1.10 -2795.36
v -660.57 1.10 -2796.50
v -664.92 1.10 -2799.22
v -662.15 1.10 -2800.35
v -666.50 1.10 -2803.07
v -663.73 1.10 -2804.21
v -668.09 1.10 -2806.93
v -665.31 1.10 -2808.07
v -669.67 1.10 -2810.79
v -666.89 1.10 -2811.93
v -671.25 1.10 -2814.65
v -668.47 1.10 -2815.78
v -672.83 1.10 -2818.50
v -670.05 1.10 -2819.64
v -674.41 1.10 -2822.36
v -671.63 1.10 -2823.50
v -675.99 1.10 -2826.23
v -673.21 1.10 -2827.35
v -677.50 1.10 -2830.02
v -674.72 1.10 -2831.13
v -679.01 1.10 -2833.80
v -676.22 1.10 -2834.91
v -680.52 1.10 -2837.59
v -677.73 1.10 -2838.70
v -682.03 1.10 -2841.37
v -679.24 1.10 -2842.48
v -683.53 1.10 -2845.15
v -680.75 1.10 -2846.26
v -685.04 1.10 -2848.94
v -682.25 1.10 -2850.05
v -686.55 1.10 -2852.72
v -683.76 1.10 -2853.83
v -688.05 1.10 -2856.51
v -685.27 1.10 -2857.62
v -689.56 1.10 -2860.29
v -686.77 1.10 -2861.40
v -691.07 1.10 -2864.08
v -688.28 1.10 -2865.19
v -692.58 1.10 -2867.86
v -689.79 1.10 -2868.97
v -694.08 1.10 -2871.65
v -691.29 1.10 -2872.76
v -695.59 1.10 -2875.43
v -692.80 1.10 -2876.54
v -697.10 1.10 -2879.22
v -694.31 1.10 -2880.33
v -698.60 1.10 -2883.00
v -695.82 1.10 -2884.11
v -700.11 1.10 -2886.78
v -697.33 1.10 -2887.90
v -701.63 1.10 -2890.50
v -698.86 1.10 -2891.64
v -703.16 1.10 -2894.23
v -700.38 1.10 -2895.36
v -704.69 1.10 -2897.95
v -701.91 1.10 -2899.09
v -706.22 1.10 -2901.68
v -703.44 1.10 -2902.82
v -707.74 1.10 -2905.41
v -704.97 1.10 -2906.55
v -709.27 1.10 -2909.13
v -706.50 1.10 -2910.27
v -710.80 1.10 -2912.86
v -708.02 1.10 -2914.00
v -712.33 1.10 -2916.59
v -709.55 1.10 -2917.73
v -713.86 1.10 -2920.32
v -711.08 1.10 -2921.45
v -715.39 1.10 -2924.05
v -712.61 1.10 -2925.18
v -716.93 1.10 -2927.85
v -714.16 1.10 -2928.98
v -718.48 1.10 -2931.65
v -715.70 1.10 -2932.78
v -720.03 1.10 -2935.46
v -717.25 1.10 -2936.59
v -721.58 1.10 -2939.26
v -718.80 1.10 -2940.39
v -723.13 1.10 -2943.06
v -720.35 1.10 -2944.19
v -724.64 1.10 -2946.78
v -721.87 1.10 -2947.91
v -726.16 1.10 -2950.49
v -723.38 1.10 -2951.62
v -727.67 1.10 -2954.21
v -724.90 1.10 -2955.34
v -729.19 1.10 -2957.92
v -726.41 1.10 -2959.06
v -730.70 1.10 -2961.64
v -727.93 1.10 -2962.77
v -732.22 1.10 -2965.35
v -729.44 1.10 -2966.49
v -733.74 1.10 -2969.07
v -730.96 1.10 -2970.20
v -735.25 1.10 -2972.79
v -732.47 1.10 -2973.92
v -736.77 1.10 -2976.50
v -733.99 1.10 -2977.63
v -738.28 1.10 -2980.22
v -735.50 1.10 -2981.35
v -739.80 1.10 -2983.93
v -737.02 1.10 -2985.07
v -741.31 1.10 -2987.65
v -738.53 1.10 -2988.78
v -742.83 1.10 -2991.37
v -740.05 1.10 -2992.50
v -744.34 1.10 -2995.08
v -741.56 1.10 -2996.21
v -745.86 1.10 -2998.80
v -743.08 1.10 -2999.93
v -747.37 1.10 -3002.51
v -744.60 1.10 -3003.65
v -748.89 1.10 -3006.23
v -746.11 1.10 -3007.36
v -750.40 1.10 -3009.94
v -747.63 1.10 -3011.08
v -751.92 1.10 -3013.66
v -749.14 1.10 -3014.79
v -753.43 1.10 -3017.38
v -750.66 1.10 -3018.51
v -754.95 1.10 -3021.09
v -752.17 1.10 -3022.22
v -756.46 1.10 -3024.81
v -753.69 1.10 -3025.94
v -757.98 1.10 -3028.52
v -755.20 1.10 -3029.66
v -759.50 1.10 -3032.24
v -756.72 1.10 -3033.37
v -761.58 1.10 -3037.36
v -757.66 1.10 -3035.68
v -756.42 1.10 -3039.39
v -755.32 1.10 -3036.60
v -752.66 1.10 -3040.87
v -751.56 1.10 -3038.08
v -748.91 1.10 -3042.35
v -747.81 1.10 -3039.56
v -376.94 0.00 -1957.57
v -374.04 0.00 -1958.34
v -377.97 0.00 -1961.50
v -375.07 0.00 -1962.26
v -379.01 0.00 -1965.42
v -376.11 0.00 -1966.19
v -380.05 0.00 -1969.34
v -377.15 0.00 -1970.11
v -381.09 0.00 -1973.27
v -378.19 0.00 -1974.04
v -382.13 0.00 -1977.19
v -379.23 0.00 -1977.96
v -383.16 0.00 -1981.12
v -380.26 0.00 -1981.88
v -384.20 0.00 -1985.04
v -381.30 0.00 -1985.81
v -385.24 0.00 -1988.97
v -382.34 0.00 -1989.73
v -386.28 0.00 -1992.91
v -383.37 0.00 -1993.64
v -387.26 0.00 -1996.94
v -384.34 0.00 -1997.64
v -388.23 0.00 -2000.95
v -385.31 0.00 -2001.66
v -389.20 0.00 -2004.97
v -386.28 0.00 -2005.67
v -390.17 0.00 -2008.98
v -387.26 0.00 -2009.69
v -391.14 0.00 -2013.00
v -388.23 0.00 -2013.70
v -392.11 0.00 -2017.01
v -389.20 0.00 -2017.72
v -393.09 0.00 -2021.02
v -390.17 0.00 -2021.73
v -394.06 0.00 -2025.04
v -391.14 0.00 -2025.75
v -395.03 0.00 -2029.05
v -392.11 0.00 -2029.76
v -396.00 0.00 -2033.07
v -393.08 0.00 -2033.78
v -396.97 0.00 -2037.08
v -394.06 0.00 -2037.79
v -397.94 0.00 -2041.10
v -395.03 0.00 -2041.80
v -398.92 0.00 -2045.11
v -396.00 0.00 -2045.82
v -399.89 0.00 -2049.13
v -396.97 0.00 -2049.83
v -400.86 0.00 -2053.14
v -397.94 0.00 -2053.85
v -401.83 0.00 -2057.15
v -398.92 0.00 -2057.87
v -402.83 0.00 -2061.08
v -399.93 0.00 -2061.82
v -403.84 0.00 -2065.01
v -400.94 0.00 -2065.76
v -404.85 0.00 -2068.95
v -401.94 0.00 -2069.70
v -405.86 0.00 -2072.89
v -402.95 0.00 -2073.63
v -406.87 0.00 -2076.83
v -403.96 0.00 -2077.57
v -407.87 0.00 -2080.76
v -404.97 0.00 -2081.51
v -408.88 0.00 -2084.70
v -405.98 0.00 -2085.44
v -409.89 0.00 -2088.64
v -406.99 0.00 -2089.38
v -410.90 0.00 -2092.57
v -407.99 0.00 -2093.32
v -411.91 0.00 -2096.51
v -409.00 0.00 -2097.26
v -412.92 0.00 -2100.45
v -410.01 0.00 -2101.19
v -413.92 0.00 -2104.39
v -411.02 0.00 -2105.13
v -414.93 0.00 -2108.32
v -412.03 0.00 -2109.07
v -415.94 0.00 -2112.26
v -413.04 0.00 -2113.01
v -417.22 0.00 -2117.21
v -414.32 0.00 -2117.96
v -418.50 0.00 -2122.17
v -415.60 0.00 -2122.92
v -419.79 0.00 -2127.13
v -416.88 0.00 -2127.87
v -420.77 0.00 -2131.15
v -417.86 0.00 -2131.86
v -421.75 0.00 -2135.16
v -418.84 0.00 -2135.87
v -422.74 0.00 -2139.16
v -419.82 0.00 -2139.88
v -423.72 0.00 -2143.17
v -420.80 0.00 -2143.88
v -424.70 0.00 -2147.17
v -421.78 0.00 -2147.89
v -425.68 0.00 -2151.18
v -422.77 0.00 -2151.89
v -426.66 0.00 -2155.19
v -423.75 0.00 -2155.90
v -427.64 0.00 -2159.19
v -424.73 0.00 -2159.91
v -428.62 0.00 -2163.20
v -425.71 0.00 -2163.91
v -429.60 0.00 -2167.20
v -426.69 0.00 -2167.93
v -430.63 0.00 -2171.24
v -427.73 0.00 -2171.98
v -431.66 0.00 -2175.28
v -428.75 0.00 -2176.02
v -432.69 0.00 -2179.32
v -429.78 0.00 -2180.06
v -433.72 0.00 -2183.37
v -430.81 0.00 -2184.11
v -434.75 0.00 -2187.41
v -431.85 0.00 -2188.16
v -435.82 0.00 -2191.50
v -432.91 0.00 -2192.25
v -436.88 0.00 -2195.59
v -433.98 0.00 -2196.34
v -437.95 0.00 -2199.68
v -435.04 0.00 -2200.44
v -439.01 0.00 -2203.77
v -436.11 0.00 -2204.53
v -440.08 0.00 -2207.87
v -437.18 0.00 -2208.62
v -441.15 0.00 -2211.96
v -438.24 0.00 -2212.71
v -442.21 0.00 -2216.05
v -439.31 0.00 -2216.81
v -443.28 0.00 -2220.14
v -440.37 0.00 -2220.90
v -444.34 0.00 -2224.24
v -441.44 0.00 -2224.99
v -445.41 0.00 -2228.33
v -442.51 0.00 -2229.08
v -446.48 0.00 -2232.42
v -443.57 0.00 -2233.18
v -447.54 0.00 -2236.51
v -444.64 0.00 -2237.27
v -448.61 0.00 -2240.61
v -445.70 0.00 -2241.36
v -449.67 0.00 -2244.70
v -446.77 0.00 -2245.45
v -450.74 0.00 -2248.79
v -447.84 0.00 -2249.55
v -451.80 0.00 -2252.88
v -448.90 0.00 -2253.64
v -452.89 0.00 -2256.94
v -449.99 0.00 -2257.71
v -453.98 0.00 -2261.00
v -451.08 0.00 -2261.78
v -455.06 0.00 -2265.07
v -452.17 0.00 -2265.84
v -456.15 0.00 -2269.13
v -453.25 0.00 -2269.91
v -457.24 0.00 -2273.20
v -454.34 0.00 -2273.97
v -458.32 0.00 -2277.26
v -455.43 0.00 -2278.04
v -459.41 0.00 -2281.33
v -456.51 0.00 -2282.10
v -460.50 0.00 -2285.39
v -457.60 0.00 -2286.17
v -461.59 0.00 -2289.46
v -458.69 0.00 -2290.23
v -462.67 0.00 -2293.52
v -459.77 0.00 -2294.30
v -463.67 0.00 -2297.27
v -460.95 0.00 -2298.69
v -466.79 0.00 -2300.96
v -464.50 0.00 -2302.89
v -469.40 0.00 -2304.06
v -468.55 0.00 -2307.70
v -473.23 0.00 -2302.39
v -474.43 0.00 -2305.15
v -476.63 0.00 -2300.91
v -480.73 0.00 -2302.41
v -475.09 0.00 -2297.82
v -477.77 0.00 -2296.48
v -473.26 0.00 -2294.15
v -475.10 0.00 -2291.13
v -468.45 0.00 -2294.19
v -468.05 0.00 -2291.20
v -463.34 0.00 -2295.51
v -462.14 0.00 -2292.73
v -458.63 0.00 -2298.45
v -456.66 0.00 -2296.15
v -455.00 0.00 -2302.62
v -452.44 0.00 -2301.00
v -452.76 0.00 -2307.71
v -449.84 0.00 -2306.90
v -452.11 0.00 -2313.13
v -449.08 0.00 -2313.18
v -452.94 0.00 -2318.39
v -450.05 0.00 -2319.27
v -455.15 0.00 -2323.12
v -452.61 0.00 -2324.78
v -458.51 0.00 -2326.96
v -456.55 0.00 -2329.27
v -462.73 0.00 -2329.62
v -461.49 0.00 -2332.38
v -467.39 0.00 -2330.96
v -466.96 0.00 -2333.96
v -472.17 0.00 -2331.00
v -472.54 0.00 -2334.00
v -476.69 0.00 -2329.82
v -477.79 0.00 -2332.64
v -480.80 0.00 -2327.64
v -482.53 0.00 -2330.11
v -484.12 0.00 -2324.66
v -486.33 0.00 -2326.70
v -486.94 0.00 -2320.98
v -489.57 0.00 -2322.48
v -489.29 0.00 -2315.22
v -492.67 0.00 -2314.86
v -486.74 0.00 -2311.48
v -489.22 0.00 -2309.80
v -484.31 0.00 -2307.92
v -485.65 0.00 -2304.56
v -480.19 0.00 -2308.81
v -479.56 0.00 -2305.88
v -475.09 0.00 -2309.92
v -474.45 0.00 -2306.99
v -470.72 0.00 -2310.87
v -468.61 0.00 -2308.26
v -470.70 0.00 -2310.03
v -467.02 0.00 -2312.63
v -471.31 0.00 -2309.61
v -468.48 0.00 -2312.87
v -471.62 0.00 -2315.51
v -468.63 0.00 -2315.67
v -471.86 0.00 -2319.87
v -468.86 0.00 -2320.03
v -472.08 0.00 -2324.06
v -469.10 0.00 -2324.55
v -473.18 0.00 -2327.92
v -470.29 0.00 -2328.74
v -474.32 0.00 -2331.94
v -471.44 0.00 -2332.76
v -475.47 0.00 -2335.97
v -472.58 0.00 -2336.79
v -476.61 0.00 -2339.99
v -473.73 0.00 -2340.81
v -477.76 0.00 -2344.01
v -474.87 0.00 -2344.83
v -478.89 0.00 -2348.01
v -476.02 0.00 -2348.88
v -480.52 0.00 -2353.05
v -477.67 0.00 -2353.97
v -482.16 0.00 -2358.11
v -479.31 0.00 -2359.04
v -483.80 0.00 -2363.17
v -480.95 0.00 -2364.12
v -485.18 0.00 -2367.20
v -482.35 0.00 -2368.18
v -486.57 0.00 -2371.25
v -483.74 0.00 -2372.22
v -487.97 0.00 -2375.30
v -485.13 0.00 -2376.27
v -489.36 0.00 -2379.34
v -486.52 0.00 -2380.32
v -490.74 0.00 -2383.37
v -487.92 0.00 -2384.39
v -492.19 0.00 -2387.21
v -489.38 0.00 -2388.27
v -493.65 0.00 -2391.07
v -490.84 0.00 -2392.13
v -495.10 0.00 -2394.93
v -492.30 0.00 -2395.99
v -496.56 0.00 -2398.79
v -493.75 0.00 -2399.85
v -498.02 0.00 -2402.65
v -495.21 0.00 -2403.71
v -499.48 0.00 -2406.52
v -496.67 0.00 -2407.57
v -500.93 0.00 -2410.38
v -498.13 0.00 -2411.44
v -502.39 0.00 -2414.24
v -499.58 0.00 -2415.30
v -503.84 0.00 -2418.07
v -501.05 0.00 -2419.18
v -505.42 0.00 -2421.83
v -502.65 0.00 -2422.99
v -507.01 0.00 -2425.61
v -504.24 0.00 -2426.77
v -508.60 0.00 -2429.39
v -505.83 0.00 -2430.55
v -510.19 0.00 -2433.17
v -507.42 0.00 -2434.33
v -511.78 0.00 -2436.95
v -509.01 0.00 -2438.11
v -513.37 0.00 -2440.73
v -510.61 0.00 -2441.89
v -514.96 0.00 -2444.50
v -512.20 0.00 -2445.67
v -516.55 0.00 -2448.28
v -513.79 0.00 -2449.45
v -518.14 0.00 -2452.07
v -515.38 0.00 -2453.23
v -519.80 0.00 -2456.01
v -517.03 0.00 -2457.17
v -521.46 0.00 -2459.96
v -518.69 0.00 -2461.12
v -523.11 0.00 -2463.91
v -520.35 0.00 -2465.07
v -524.77 0.00 -2467.86
v -522.01 0.00 -2469.02
v -526.43 0.00 -2471.80
v -523.66 0.00 -2472.96
v -528.09 0.00 -2475.75
v -525.32 0.00 -2476.91
v -529.74 0.00 -2479.70
v -526.98 0.00 -2480.86
v -531.40 0.00 -2483.64
v -528.63 0.00 -2484.81
v -533.06 0.00 -2487.59
v -530.29 0.00 -2488.75
v -534.72 0.00 -2491.54
v -531.95 0.00 -2492.70
v -536.32 0.00 -2495.42
v -533.54 0.00 -2496.56
v -537.91 0.00 -2499.29
v -535.14 0.00 -2500.43
v -539.51 0.00 -2503.16
v -536.74 0.00 -2504.31
v -541.11 0.00 -2507.03
v -538.33 0.00 -2508.18
v -542.70 0.00 -2510.90
v -539.93 0.00 -2512.05
v -544.30 0.00 -2514.78
v -541.53 0.00 -2515.92
v -545.90 0.00 -2518.65
v -543.13 0.00 -2519.79
v -547.50 0.00 -2522.52
v -544.72 0.00 -2523.66
v -549.09 0.00 -2526.39
v -546.32 0.00 -2527.53
v -550.68 0.00 -2530.25
v -547.92 0.00 -2531.42
v -552.35 0.00 -2534.10
v -549.60 0.00 -2535.29
v -554.03 0.00 -2537.97
v -551.27 0.00 -2539.16
v -555.70 0.00 -2541.83
v -552.95 0.00 -2543.03
v -557.38 0.00 -2545.70
v -554.62 0.00 -2546.89
v -559.05 0.00 -2549.56
v -556.30 0.00 -2550.77
v -560.74 0.00 -2553.33
v -558.01 0.00 -2554.56
v -562.45 0.00 -2557.11
v -559.71 0.00 -2558.34
v -564.15 0.00 -2560.90
v -561.41 0.00 -2562.13
v -565.85 0.00 -2564.68
v -563.11 0.00 -2565.91
v -567.55 0.00 -2568.46
v -564.82 0.00 -2569.70
v -569.25 0.00 -2572.25
v -566.52 0.00 -2573.48
v -570.96 0.00 -2576.03
v -568.22 0.00 -2577.26
v -572.66 0.00 -2579.82
v -569.92 0.00 -2581.05
v -574.36 0.00 -2583.60
v -571.63 0.00 -2584.83
v -576.24 0.00 -2587.75
v -573.50 0.00 -2588.98
v -578.11 0.00 -2591.90
v -575.38 0.00 -2593.13
v -579.99 0.00 -2596.05
v -577.25 0.00 -2597.28
v -581.86 0.00 -2600.20
v -579.13 0.00 -2601.44
v -583.74 0.00 -2604.35
v -581.00 0.00 -2605.59
v -585.61 0.00 -2608.50
v -582.88 0.00 -2609.74
v -587.43 0.00 -2612.57
v -584.70 0.00 -2613.80
v -589.26 0.00 -2616.64
v -586.52 0.00 -2617.86
v -591.08 0.00 -2620.70
v -588.34 0.00 -2621.93
v -592.90 0.00 -2624.77
v -590.16 0.00 -2625.99
v -594.72 0.00 -2628.83
v -591.98 0.00 -2630.06
v -596.54 0.00 -2632.90
v -593.81 0.00 -2634.12
v -598.36 0.00 -2636.96
v -595.63 0.00 -2638.19
v -600.19 0.00 -2641.04
v -597.44 0.00 -2642.24
v -602.17 0.00 -2645.60
v -599.42 0.00 -2646.80
v -604.14 0.00 -2650.16
v -601.39 0.00 -2651.36
v -606.12 0.00 -2654.73
v -603.36 0.00 -2655.92
v -608.10 0.00 -2659.29
v -605.34 0.00 -2660.47
v -609.77 0.00 -2663.27
v -607.00 0.00 -2664.43
v -611.44 0.00 -2667.23
v -608.67 0.00 -2668.40
v -613.11 0.00 -2671.20
v -610.35 0.00 -2672.37
v -614.78 0.00 -2675.17
v -612.02 0.00 -2676.33
v -616.45 0.00 -2679.14
v -613.69 0.00 -2680.30
v -618.12 0.00 -2683.10
v -615.36 0.00 -2684.27
v -619.80 0.00 -2687.09
v -617.02 0.00 -2688.22
v -621.35 0.00 -2691.01
v -618.56 0.00 -2692.11
v -622.89 0.00 -2694.91
v -620.09 0.00 -2696.01
v -624.42 0.00 -2698.81
v -621.63 0.00 -2699.91
v -625.96 0.00 -2702.71
v -623.17 0.00 -2703.82
v -627.50 0.00 -2706.62
v -624.71 0.00 -2707.72
v -629.04 0.00 -2710.52
v -626.25 0.00 -2711.62
v -630.58 0.00 -2714.42
v -627.79 0.00 -2715.52
v -632.12 0.00 -2718.33
v -629.33 0.00 -2719.43
v -633.66 0.00 -2722.23
v -630.87 0.00 -2723.33
v -635.20 0.00 -2726.13
v -632.41 0.00 -2727.23
v -636.70 0.00 -2729.94
v -633.91 0.00 -2731.04
v -638.21 0.00 -2733.75
v -635.42 0.00 -2734.85
v -639.71 0.00 -2737.56
v -636.92 0.00 -2738.66
v -641.21 0.00 -2741.36
v -638.43 0.00 -2742.48
v -642.79 0.00 -2745.21
v -640.01 0.00 -2746.35
v -644.37 0.00 -2749.07
v -641.59 0.00 -2750.21
v -645.95 0.00 -2752.92
v -643.17 0.00 -2754.06
v -647.53 0.00 -2756.78
v -644.75 0.00 -2757.92
v -649.11 0.00 -2760.64
v -646.34 0.00 -2761.78
v -650.69 0.00 -2764.50
v -647.92 0.00 -2765.64
v -652.27 0.00 -2768.35
v -649.50 0.00 -2769.49
v -653.85 0.00 -2772.21
v -651.08 0.00 -2773.35
v -655.44 0.00 -2776.07
v -652.66 0.00 -2777.21
v -657.02 0.00 -2779.93
v -654.24 0.00 -2781.07
v -658.60 0.00 -2783.79
v -655.82 0.00 -2784.92
v -660.18 0.00 -2787.64
v -657.40 0.00 -2788.78
v -661.76 0.00 -2791.50
v -658.98 0.00 -2792.64
v -663.34 0.00 -2795.36
v -660.57 0.00 -2796.50
v -664.92 0.00 -2799.22
v -662.15 0.00 -2800.35
v -666.50 0.00 -2803.07
v -663.73 0.00 -2804.21
v -668.09 0.00 -2806.93
v -665.31 0.00 -2808.07
v -669.67 0.00 -2810.79
v -666.89 0.00 -2811.93
v -671.25 0.00 -2814.65
v -668.47 0.00 -2815.78
v -672.83 0.00 -2818.50
v -670.05 0.00 -2819.64
v -674.41 0.00 -2822.36
v -671.63 0.00 -2823.50
v -675.99 0.00 -2826.23
v -673.21 0.00 -2827.35
v -677.50 0.00 -2830.02
v -674.72 0.00 -2831.13
v -679.01 0.00 -2833.80
v -676.22 0.00 -2834.91
v -680.52 0.00 -2837.59
v -677.73 0.00 -2838.70
v -682.03 0.00 -2841.37
v -679.24 0.00 -2842.48
v -683.53 0.00 -2845.15
v -680.75 0.00 -2846.26
v -685.04 0.00 -2848.94
v -682.25 0.00 -2850.05
v -686.55 0.00 -2852.72
v -683.76 0.00 -2853.83
v -688.05 0.00 -2856.51
v -685.27 0.00 -2857.62
v -689.56 0.00 -2860.29
v -686.77 0.00 -2861.40
v -691.07 0.00 -2864.08
v -688.28 0.00 -2865.19
v -692.58 0.00 -2867.86
v -689.79 0.00 -2868.97
v -694.08 0.00 -2871.65
v -691.29 0.00 -2872.76
v -695.59 0.00 -2875.43
v -692.80 0.00 -2876.54
v -697.10 0.00 -2879.22
v -694.31 0.00 -2880.33
v -698.60 0.00 -2883.00
v -695.82 0.00 -2884.11
v -700.11 0.00 -2886.78
v -697.33 0.00 -2887.90
v -701.63 0.00 -2890.50
v -698.86 0.00 -2891.64
v -703.16 0.00 -2894.23
v -700.38 0.00 -2895.36
v -704.69 0.00 -2897.95
v -701.91 0.00 -2899.09
v -706.22 0.00 -2901.68
v -703.44 0.00 -2902.82
v -707.74 0.00 -2905.41
v -704.97 0.00 -2906.55
v -709.27 0.00 -2909.13
v -706.50 0.00 -2910.27
v -710.80 0.00 -2912.86
v -708.02 0.00 -2914.00
v -712.33 0.00 -2916.59
v -709.55 0.00 -2917.73
v -713.86 0.00 -2920.32
v -711.08 0.00 -2921.45
v -715.39 0.00 -2924.05
v -712.61 0.00 -2925.18
v -716.93 0.00 -2927.85
v -714.16 0.00 -2928.98
v -718.48 0.00 -2931.65
v -715.70 0.00 -2932.78
v -720.03 0.00 -2935.46
v -717.25 0.00 -2936.59
v -721.58 0.00 -2939.26
v -718.80 0.00 -2940.39
v -723.13 0.00 -2943.06
v -720.35 0.00 -2944.19
v -724.64 0.00 -2946.78
v -721.87 0.00 -2947.91
v -726.16 0.00 -2950.49
v -723.38 0.00 -2951.62
v -727.67 0.00 -2954.21
v -724.90 0.00 -2955.34
v -729.19 0.00 -2957.92
v -726.41 0.00 -2959.06
v -730.70 0.00 -2961.64
v -727.93 0.00 -2962.77
v -732.22 0.00 -2965.35
v -729.44 0.00 -2966.49
v -733.74 0.00 -2969.07
v -730.96 0.00 -2970.20
v -735.25 0.00 -2972.79
v -732.47 0.00 -2973.92
v -736.77 0.00 -2976.50
v -733.99 0.00 -2977.63
v -738.28 0.00 -2980.22
v -735.50 0.00 -2981.35
v -739.80 0.00 -2983.93
v -737.02 0.00 -2985.07
v -741.31 0.00 -2987.65
v -738.53 0.00 -2988.78
v -742.83 0.00 -2991.37
v -740.05 0.00 -2992.50
v -744.34 0.00 -2995.08
v -741.56 0.00 -2996.21
v -745.86 0.00 -2998.80
v -743.08 0.00 -2999.93
v -747.37 0.00 -3002.51
v -744.60 0.00 -3003.65
v -748.89 0.00 -3006.23
v -746.11 0.00 -3007.36
v -750.40 0.00 -3009.94
v -747.63 0.00 -3011.08
v -751.92 0.00 -3013.66
v -749.14 0.00 -3014.79
v -753.43 0.00 -3017.38
v -750.66 0.00 -3018.51
v -754.95 0.00 -3021.09
v -752.17 0.00 -3022.22
v -756.46 0.00 -3024.81
v -753.69 0.00 -3025.94
v -757.98 0.00 -3028.52
v -755.20 0.00 -3029.66
v -759.50 0.00 -3032.24
v -756.72 0.00 -3033.37
v -761.58 0.00 -3037.36
v -757.66 0.00 -3035.68
v -756.42 0.00 -3039.39
v -755.32 0.00 -3036.60
v -752.66 0.00 -3040.87
v -751.56 0.00 -3038.08
v -748.91 0.00 -3042.35
v -747.81 0.00 -3039.56
f 2 4 3 1
f 4 6 5 3
f 6 8 7 5
f 8 10 9 7
f 10 12 11 9
f 12 14 13 11
f 14 16 15 13
f 16 18 17 15
f 18 20 19 17
f 20 22 21 19
f 22 24 23 21
f 24 26 25 23
f 26 28 27 25
f 28 30 29 27
f 30 32 31 29
f 32 34 33 31
f 34 36 35 33
f 36 38 37 35
f 38 40 39 37
f 40 42 41 39
f 42 44 43 41
f 44 46 45 43
f 46 48 47 45
f 48 50 49 47
f 50 52 51 49
f 52 54 53 51
f 54 56 55 53
f 56 58 57 55
f 58 60 59 57
f 60 62 61 59
f 62 64 63 61
f 64 66 65 63
f 66 68 67 65
f 68 70 69 67
f 70 72 71 69
f 72 74 73 71
f 74 76 75 73
f 76 78 77 75
f 78 80 79 77
f 80 82 81 79
f 82 84 83 81
f 84 86 85 83
f 86 88 87 85
f 88 90 89 87
f 90 92 91 89
f 92 94 93 91
f 94 96 95 93
f 96 98 97 95
f 98 100 99 97
f 100 102 101 99
f 102 104 103 101
f 104 106 105 103
f 106 108 107 105
f 108 110 109 107
f 110 112 111 109
f 112 114 113 111
f 114 116 115 113
f 116 118 117 115
f 118 120 119 117
f 120 122 121 119
f 122 124 123 121
f 124 126 125 123
f 126 128 127 125
f 128 130 129 127
f 130 132 131 129
f 132 134 133 131
f 134 136 135 133
f 136 138 137 135
f 138 140 139 137
f 140 142 141 139
f 142 144 143 141
f 144 146 145 143
f 146 148 147 145
f 148 150 149 147
f 150 152 151 149
f 152 154 153 151
f 154 156 155 153
f 156 158 157 155
f 158 160 159 157
f 160 162 161 159
f 162 164 163 161
f 164 166 165 163
f 166 168 167 165
f 168 170 169 167
f 170 172 171 169
f 172 174 173 171
f 174 176 175 173
f 176 178 177 175
f 178 180 179 177
f 180 182 181 179
f 182 184 183 181
f 184 186 185 183
f 186 188 187 185
f 188 190 189 187
f 190 192 191 189
f 192 194 193 191
f 194 196 195 193
f 196 198 197 195
f 198 200 199 197
f 200 202 201 199
f 202 204 203 201
f 204 206 205 203
f 206 208 207 205
f 208 210 209 207
f 210 212 211 209
f 212 214 213 211
f 214 216 215 213
f 216 218 217 215
f 218 220 219 217
f 220 222 221 219
f 222 224 223 221
f 224 226 225 223
f 226 228 227 225
f 228 230 229 227
f 230 232 231 229
f 232 234 233 231
f 234 236 235 233
f 236 238 237 235
f 238 240 239 237
f 240 242 241 239
f 242 244 243 241
f 244 246 245 243
f 246 248 247 245
f 248 250 249 247
f 250 252 251 249
f 252 254 253 251
f 254 256 255 253
f 256 258 257 255
f 258 260 259 257
f 260 262 261 259
f 262 264 263 261
f 264 266 265 263
f 266 268 267 265
f 268 270 269 267
f 270 272 271 269
f 272 274 273 271
f 274 276 275 273
f 276 278 277 275
f 278 280 279 277
f 280 282 281 279
f 282 284 283 281
f 284 286 285 283
f 286 288 287 285
f 288 290 289 287
f 290 292 291 289
f 292 294 293 291
f 294 296 295 293
f 296 298 297 295
f 298 300 299 297
f 1 301 303 3
f 4 304 302 2
f 3 303 305 5
f 6 306 304 4
f 5 305 307 7
f 8 308 306 6
f 7 307 309 9
f 10 310 308 8
f 9 309 311 11
f 12 312 310 10
f 11 311 313 13
f 14 314 312 12
f 13 313 315 15
f 16 316 314 14
f 15 315 317 17
f 18 318 316 16
f 17 317 319 19
f 20 320 318 18
f 19 319 321 21
f 22 322 320 20
f 21 321 323 23
f 24 324 322 22
f 23 323 325 25
f 26 326 324 24
f 25 325 327 27
f 28 328 326 26
f 27 327 329 29
f 30 330 328 28
f 29 329 331 31
f 32 332 330 30
f 31 331 333 33
f 34 334 332 32
f 33 333 335 35
f 36 336 334 34
f 35 335 337 37
f 38 338 336 36
f 37 337 339 39
f 40 340 338 38
f 39 339 341 41
f 42 342 340 40
f 41 341 343 43
f 44 344 342 42
f 43 343 345 45
f 46 346 344 44
f 45 345 347 47
f 48 348 346 46
f 47 347 349 49
f 50 350 348 48
f 49 349 351 51
f 52 352 350 50
f 51 351 353 53
f 54 354 352 52
f 53 353 355 55
f 56 356 354 54
f 55 355 357 57
f 58 358 356 56
f 57 357 359 59
f 60 360 358 58
f 59 359 361 61
f 62 362 360 60
f 61 361 363 63
f 64 364 362 62
f 63 363 365 65
f 66 366 364 64
f 65 365 367 67
f 68 368 366 66
f 67 367 369 69
f 70 370 368 68
f 69 369 371 71
f 72 372 370 70
f 71 371 373 73
f 74 374 372 72
f 73 373 375 75
f 76 376 374 74
f 75 375 377 77
f 78 378 376 76
f 77 377 379 79
f 80 380 378 78
f 79 379 381 81
f 82 382 380 80
f 81 381 383 83
f 84 384 382 82
f 83 383 385 85
f 86 386 384 84
f 85 385 387 87
f 88 388 386 86
f 87 387 389 89
f 90 390 388 88
f 89 389 391 91
f 92 392 390 90
f 91 391 393 93
f 94 394 392 92
f 93 393 395 95
f 96 396 394 94
f 95 395 397 97
f 98 398 396 96
f 97 397 399 99
f 100 400 398 98
f 99 399 401 101
f 102 402 400 100
f 101 401 403 103
f 104 404 402 102
f 103 403 405 105
f 106 406 404 104
f 105 405 407 107
f 108 408 406 106
f 107 407 409 109
f 110 410 408 108
f 109 409 411 111
f 112 412 410 110
f 111 411 413 113
f 114 414 412 112
f 113 413 415 115
f 116 416 414 114
f 115 415 417 117
f 118 418 416 116
f 117 417 419 119
f 120 420 418 118
f 119 419 421 121
f 122 422 420 120
f 121 421 423 123
f 124 424 422 122
f 123 423 425 125
f 126 426 424 124
f 125 425 427 127
f 128 428 426 126
f 127 427 429 129
f 130 430 428 128
f 129 429 431 131
f 132 432 430 130
f 131 431 433 133
f 134 434 432 132
f 133 433 435 135
f 136 436 434 134
f 135 435 437 137
f 138 438 436 136
f 137 437 439 139
f 140 440 438 138
f 139 439 441 141
f 142 442 440 140
f 141 441 443 143
f 144 444 442 142
f 143 443 445 145
f 146 446 444 144
f 145 445 447 147
f 148 448 446 146
f 147 447 449 149
f 150 450 448 148
f 149 449 451 151
f 152 452 450 150
f 151 451 453 153
f 154 454 452 152
f 153 453 455 155
f 156 456 454 154
f 155 455 457 157
f 158 458 456 156
f 157 457 459 159
f 160 460 458 158
f 159 459 461 161
f 162 462 460 160
f 161 461 463 163
f 164 464 462 162
f 163 463 465 165
f 166 466 464 164
f 165 465 467 167
f 168 468 466 166
f 167 467 469 169
f 170 470 468 168
f 169 469 471 171
f 172 472 470 170
f 171 471 473 173
f 174 474 472 172
f 173 473 475 175
f 176 476 474 174
f 175 475 477 177
f 178 478 476 176
f 177 477 479 179
f 180 480 478 178
f 179 479 481 181
f 182 482 480 180
f 181 481 483 183
f 184 484 482 182
f 183 483 485 185
f 186 486 484 184
f 185 485 487 187
f 188 488 486 186
f 187 487 489 189
f 190 490 488 188
f 189 489 491 191
f 192 492 490 190
f 191 491 493 193
f 194 494 492 192
f 193 493 495 195
f 196 496 494 194
f 195 495 497 197
f 198 498 496 196
f 197 497 499 199
f 200 500 498 198
f 199 499 501 201
f 202 502 500 200
f 201 501 503 203
f 204 504 502 202
f 203 503 505 205
f 206 506 504 204
f 205 505 507 207
f 208 508 506 206
f 207 507 509 209
f 210 510 508 208
f 209 509 511 211
f 212 512 510 210
f 211 511 513 213
f 214 514 512 212
f 213 513 515 215
f 216 516 514 214
f 215 515 517 217
f 218 518 516 216
f 217 517 519 219
f 220 520 518 218
f 219 519 521 221
f 222 522 520 220
f 221 521 523 223
f 224 524 522 222
f 223 523 525 225
f 226 526 524 224
f 225 525 527 227
f 228 528 526 226
f 227 527 529 229
f 230 530 528 228
f 229 529 531 231
f 232 532 530 230
f 231 531 533 233
f 234 534 532 232
f 233 533 535 235
f 236 536 534 234
f 235 535 537 237
f 238 538 536 236
f 237 537 539 239
f 240 540 538 238
f 239 539 541 241
f 242 542 540 240
f 241 541 543 243
f 244 544 542 242
f 243 543 545 245
f 246 546 544 244
f 245 545 547 247
f 248 548 546 246
f 247 547 549 249
f 250 550 548 248
f 249 549 551 251
f 252 552 550 250
f 251 551 553 253
f 254 554 552 252
f 253 553 555 255
f 256 556 554 254
f 255 555 557 257
f 258 558 556 256
f 257 557 559 259
f 260 560 558 258
f 259 559 561 261
f 262 562 560 260
f 261 561 563 263
f 264 564 562 262
f 263 563 565 265
f 266 566 564 264
f 265 565 567 267
f 268 568 566 266
f 267 567 569 269
f 270 570 568 268
f 269 569 571 271
f 272 572 570 270
f 271 571 573 273
f 274 574 572 272
f 273 573 575 275
f 276 576 574 274
f 275 575 577 277
f 278 578 576 276
f 277 577 579 279
f 280 580 578 278
f 279 579 581 281
f 282 582 580 280
f 281 581 583 283
f 284 584 582 282
f 283 583 585 285
f 286 586 584 284
f 285 585 587 287
f 288 588 586 286
f 287 587 589 289
f 290 590 588 288
f 289 589 591 291
f 292 592 590 290
f 291 591 593 293
f 294 594 592 292
f 293 593 595 295
f 296 596 594 294
f 295 595 597 297
f 298 598 596 296
f 297 597 599 299
f 300 600 598 298
f 602 604 603 601
f 604 606 605 603
f 606 608 607 605
f 608 610 609 607
f 610 612 611 609
f 612 614 613 611
f 614 616 615 613
f 616 618 617 615
f 618 620 619 617
f 620 622 621 619
f 622 624 623 621
f 624 626 625 623
f 626 628 627 625
f 628 630 629 627
f 630 632 631 629
f 632 634 633 631
f 634 636 635 633
f 636 638 637 635
f 638 640 639 637
f 640 642 641 639
f 642 644 643 641
f 644 646 645 643
f 646 648 647 645
f 648 650 649 647
f 650 652 651 649
f 652 654 653 651
f 654 656 655 653
f 656 658 657 655
f 658 660 659 657
f 660 662 661 659
f 662 664 663 661
f 664 666 665 663
f 666 668 667 665
f 668 670 669 667
f 670 672 671 669
f 672 674 673 671
f 674 676 675 673
f 676 678 677 675
f 678 680 679 677
f 680 682 681 679
f 682 684 683 681
f 684 686 685 683
f 686 688 687 685
f 688 690 689 687
f 690 692 691 689
f 692 694 693 691
f 694 696 695 693
f 696 698 697 695
f 698 700 699 697
f 700 702 701 699
f 702 704 703 701
f 704 706 705 703
f 706 708 707 705
f 708 710 709 707
f 710 712 711 709
f 712 714 713 711
f 714 716 715 713
f 716 718 717 715
f 718 720 719 717
f 720 722 721 719
f 722 724 723 721
f 724 726 725 723
f 726 728 727 725
f 728 730 729 727
f 730 732 731 729
f 732 734 733 731
f 734 736 735 733
f 736 738 737 735
f 738 740 739 737
f 740 742 741 739
f 742 744 743 741
f 744 746 745 743
f 746 748 747 745
f 748 750 749 747
f 750 752 751 749
f 752 754 753 751
f 754 756 755 753
f 756 758 757 755
f 758 760 759 757
f 760 762 761 759
f 762 764 763 761
f 764 766 765 763
f 766 768 767 765
f 768 770 769 767
f 770 772 771 769
f 772 774 773 771
f 774 776 775 773
f 776 778 777 775
f 778 780 779 777
f 780 782 781 779
f 782 784 783 781
f 784 786 785 783
f 786 788 787 785
f 788 790 789 787
f 790 792 791 789
f 792 794 793 791
f 794 796 795 793
f 796 798 797 795
f 798 800 799 797
f 800 802 801 799
f 802 804 803 801
f 804 806 805 803
f 806 808 807 805
f 808 810 809 807
f 810 812 811 809
f 812 814 813 811
f 814 816 815 813
f 816 818 817 815
f 818 820 819 817
f 820 822 821 819
f 822 824 823 821
f 824 826 825 823
f 826 828 827 825
f 828 830 829 827
f 830 832 831 829
f 832 834 833 831
f 834 836 835 833
f 836 838 837 835
f 838 840 839 837
f 840 842 841 839
f 842 844 843 841
f 844 846 845 843
f 846 848 847 845
f 848 850 849 847
f 850 852 851 849
f 852 854 853 851
f 854 856 855 853
f 856 858 857 855
f 858 860 859 857
f 860 862 861 859
f 862 864 863 861
f 864 866 865 863
f 866 868 867 865
f 868 870 869 867
f 870 872 871 869
f 872 874 873 871
f 874 876 875 873
f 876 878 877 875
f 878 880 879 877
f 880 882 881 879
f 882 884 883 881
f 884 886 885 883
f 886 888 887 885
f 888 890 889 887
f 890 892 891 889
f 892 894 893 891
f 894 896 895 893
f 896 898 897 895
f 898 900 899 897
f 900 902 901 899
f 902 904 903 901
f 904 906 905 903
f 906 908 907 905
f 908 910 909 907
f 910 912 911 909
f 912 914 913 911
f 914 916 915 913
f 916 918 917 915
f 918 920 919 917
f 920 922 921 919
f 922 924 923 921
f 924 926 925 923
f 926 928 927 925
f 928 930 929 927
f 930 932 931 929
f 932 934 933 931
f 934 936 935 933
f 936 938 937 935
f 938 940 939 937
f 940 942 941 939
f 942 944 943 941
f 944 946 945 943
f 946 948 947 945
f 948 950 949 947
f 950 952 951 949
f 952 954 953 951
f 954 956 955 953
f 956 958 957 955
f 958 960 959 957
f 960 962 961 959
f 962 964 963 961
f 964 966 965 963
f 966 968 967 965
f 968 970 969 967
f 970 972 971 969
f 972 974 973 971
f 974 976 975 973
f 976 978 977 975
f 978 980 979 977
f 980 982 981 979
f 982 984 983 981
f 984 986 985 983
f 986 988 987 985
f 988 990 989 987
f 990 992 991 989
f 992 994 993 991
f 994 996 995 993
f 996 998 997 995
f 998 1000 999 997
f 1000 1002 1001 999
f 1002 1004 1003 1001
f 1004 1006 1005 1003
f 1006 1008 1007 1005
f 1008 1010 1009 1007
f 1010 1012 1011 1009
f 1012 1014 1013 1011
f 1014 1016 1015 1013
f 1016 1018 1017 1015
f 1018 1020 1019 1017
f 1020 1022 1021 1019
f 1022 1024 1023 1021
f 1024 1026 1025 1023
f 1026 1028 1027 1025
f 1028 1030 1029 1027
f 1030 1032 1031 1029
f 1032 1034 1033 1031
f 1034 1036 1035 1033
f 1036 1038 1037 1035
f 1038 1040 1039 1037
f 1040 1042 1041 1039
f 1042 1044 1043 1041
f 1044 1046 1045 1043
f 1046 1048 1047 1045
f 1048 1050 1049 1047
f 1050 1052 1051 1049
f 1052 1054 1053 1051
f 1054 1056 1055 1053
f 1056 1058 1057 1055
f 1058 1060 1059 1057
f 1060 1062 1061 1059
f 1062 1064 1063 1061
f 1064 1066 1065 1063
f 1066 1068 1067 1065
f 1068 1070 1069 1067
f 1070 1072 1071 1069
f 1072 1074 1073 1071
f 1074 1076 1075 1073
f 1076 1078 1077 1075
f 1078 1080 1079 1077
f 1080 1082 1081 1079
f 1082 1084 1083 1081
f 1084 1086 1085 1083
f 1086 1088 1087 1085
f 1088 1090 1089 1087
f 1090 1092 1091 1089
f 1092 1094 1093 1091
f 1094 1096 1095 1093
f 1096 1098 1097 1095
f 1098 1100 1099 1097
f 1100 1102 1101 1099
f 1102 1104 1103 1101
f 1104 1106 1105 1103
f 1106 1108 1107 1105
f 1108 1110 1109 1107
f 1110 1112 1111 1109
f 1112 1114 1113 1111
f 1114 1116 1115 1113
f 1116 1118 1117 1115
f 1118 1120 1119 1117
f 1120 1122 1121 1119
f 1122 1124 1123 1121
f 1124 1126 1125 1123
f 1126 1128 1127 1125
f 1128 1130 1129 1127
f 1130 1132 1131 1129
f 1132 1134 1133 1131
f 1134 1136 1135 1133
f 1136 1138 1137 1135
f 1138 1140 1139 1137
f 1140 1142 1141 1139
f 1142 1144 1143 1141
f 1144 1146 1145 1143
f 1146 1148 1147 1145
f 1148 1150 1149 1147
f 1150 1152 1151 1149
f 1152 1154 1153 1151
f 1154 1156 1155 1153
f 1156 1158 1157 1155
f 1158 1160 1159 1157
f 1160 1162 1161 1159
f 1162 1164 1163 1161
f 1164 1166 1165 1163
f 1166 1168 1167 1165
f 1168 1170 1169 1167
f 1170 1172 1171 1169
f 1172 1174 1173 1171
f 1174 1176 1175 1173
f 1176 1178 1177 1175
f 1178 1180 1179 1177
f 1180 1182 1181 1179
f 1182 1184 1183 1181
f 1184 1186 1185 1183
f 1186 1188 1187 1185
f 1188 1190 1189 1187
f 1190 1192 1191 1189
f 1192 1194 1193 1191
f 1194 1196 1195 1193
f 1196 1198 1197 1195
f 1198 1200 1199 1197
f 1200 1202 1201 1199
f 1202 1204 1203 1201
f 1204 1206 1205 1203
f 1206 1208 1207 1205
f 1208 1210 1209 1207
f 1210 1212 1211 1209
f 1212 1214 1213 1211
f 1214 1216 1215 1213
f 1216 1218 1217 1215
f 1218 1220 1219 1217
f 1220 1222 1221 1219
f 1222 1224 1223 1221
f 1224 1226 1225 1223
f 1226 1228 1227 1225
f 1228 1230 1229 1227
f 1230 1232 1231 1229
f 601 1233 1235 603
f 604 1236 1234 602
f 603 1235 1237 605
f 606 1238 1236 604
f 605 1237 1239 607
f 608 1240 1238 606
f 607 1239 1241 609
f 610 1242 1240 608
f 609 1241 1243 611
f 612 1244 1242 610
f 611 1243 1245 613
f 614 1246 1244 612
f 613 1245 1247 615
f 616 1248 1246 614
f 615 1247 1249 617
f 618 1250 1248 616
f 617 1249 1251 619
f 620 1252 1250 618
f 619 1251 1253 621
f 622 1254 1252 620
f 621 1253 1255 623
f 624 1256 1254 622
f 623 1255 1257 625
f 626 1258 1256 624
f 625 1257 1259 627
f 628 1260 1258 626
f 627 1259 1261 629
f 630 1262 1260 628
f 629 1261 1263 631
f 632 1264 1262 630
f 631 1263 1265 633
f 634 1266 1264 632
f 633 1265 1267 635
f 636 1268 1266 634
f 635 1267 1269 637
f 638 1270 1268 636
f 637 1269 1271 639
f 640 1272 1270 638
f 639 1271 1273 641
f 642 1274 1272 640
f 641 1273 1275 643
f 644 1276 1274 642
f 643 1275 1277 645
f 646 1278 1276 644
f 645 1277 1279 647
f 648 1280 1278 646
f 647 1279 1281 649
f 650 1282 1280 648
f 649 1281 1283 651
f 652 1284 1282 650
f 651 1283 1285 653
f 654 1286 1284 652
f 653 1285 1287 655
f 656 1288 1286 654
f 655 1287 1289 657
f 658 1290 1288 656
f 657 1289 1291 659
f 660 1292 1290 658
f 659 1291 1293 661
f 662 1294 1292 660
f 661 1293 1295 663
f 664 1296 1294 662
f 663 1295 1297 665
f 666 1298 1296 664
f 665 1297 1299 667
f 668 1300 1298 666
f 667 1299 1301 669
f 670 1302 1300 668
f 669 1301 1303 671
f 672 1304 1302 670
f 671 1303 1305 673
f 674 1306 1304 672
f 673 1305 1307 675
f 676 1308 1306 674
f 675 1307 1309 677
f 678 1310 1308 676
f 677 1309 1311 679
f 680 1312 1310 678
f 679 1311 1313 681
f 682 1314 1312 680
f 681 1313 1315 683
f 684 1316 1314 682
f 683 1315 1317 685
f 686 1318 1316 684
f 685 1317 1319 687
f 688 1320 1318 686
f 687 1319 1321 689
f 690 1322 1320 688
f 689 1321 1323 691
f 692 1324 1322 690
f 691 1323 1325 693
f 694 1326 1324 692
f 693 1325 1327 695
f 696 1328 1326 694
f 695 1327 1329 697
f 698 1330 1328 696
f 697 1329 1331 699
f 700 1332 1330 698
f 699 1331 1333 701
f 702 1334 1332 700
f 701 1333 1335 703
f 704 1336 1334 702
f 703 1335 1337 705
f 706 1338 1336 704
f 705 1337 1339 707
f 708 1340 1338 706
f 707 1339 1341 709
f 710 1342 1340 708
f 709 1341 1343 711
f 712 1344 1342 710
f 711 1343 1345 713
f 714 1346 1344 712
f 713 1345 1347 715
f 716 1348 1346 714
f 715 1347 1349 717
f 718 1350 1348 716
f 717 1349 1351 719
f 720 1352 1350 718
f 719 1351 1353 721
f 722 1354 1352 720
f 721 1353 1355 723
f 724 1356 1354 722
f 723 1355 1357 725
f 726 1358 1356 724
f 725 1357 1359 727
f 728 1360 1358 726
f 727 1359 1361 729
f 730 1362 1360 728
f 729 1361 1363 731
f 732 1364 1362 730
f 731 1363 1365 733
f 734 1366 1364 732
f 733 1365 1367 735
f 736 1368 1366 734
f 735 1367 1369 737
f 738 1370 1368 736
f 737 1369 1371 739
f 740 1372 1370 738
f 739 1371 1373 741
f 742 1374 1372 740
f 741 1373 1375 743
f 744 1376 1374 742
f 743 1375 1377 745
f 746 1378 1376 744
f 745 1377 1379 747
f 748 1380 1378 746
f 747 1379 1381 749
f 750 1382 1380 748
f 749 1381 1383 751
f 752 1384 1382 750
f 751 1383 1385 753
f 754 1386 1384 752
f 753 1385 1387 755
f 756 1388 1386 754
f 755 1387 1389 757
f 758 1390 1388 756
f 757 1389 1391 759
f 760 1392 1390 758
f 759 1391 1393 761
f 762 1394 1392 760
f 761 1393 1395 763
f 764 1396 1394 762
f 763 1395 1397 765
f 766 1398 1396 764
f 765 1397 1399 767
f 768 1400 1398 766
f 767 1399 1401 769
f 770 1402 1400 768
f 769 1401 1403 771
f 772 1404 1402 770
f 771 1403 1405 773
f 774 1406 1404 772
f 773 1405 1407 775
f 776 1408 1406 774
f 775 1407 1409 777
f 778 1410 1408 776
f 777 1409 1411 779
f 780 1412 1410 778
f 779 1411 1413 781
f 782 1414 1412 780
f 781 1413 1415 783
f 784 1416 1414 782
f 783 1415 1417 785
f 786 1418 1416 784
f 785 1417 1419 787
f 788 1420 1418 786
f 787 1419 1421 789
f 790 1422 1420 788
f 789 1421 1423 791
f 792 1424 1422 790
f 791 1423 1425 793
f 794 1426 1424 792
f 793 1425 1427 795
f 796 1428 1426 794
f 795 1427 1429 797
f 798 1430 1428 796
f 797 1429 1431 799
f 800 1432 1430 798
f 799 1431 1433 801
f 802 1434 1432 800
f 801 1433 1435 803
f 804 1436 1434 802
f 803 1435 1437 805
f 806 1438 1436 804
f 805 1437 1439 807
f 808 1440 1438 806
f 807 1439 1441 809
f 810 1442 1440 808
f 809 1441 1443 811
f 812 1444 1442 810
f 811 1443 1445 813
f 814 1446 1444 812
f 813 1445 1447 815
f 816 1448 1446 814
f 815 1447 1449 817
f 818 1450 1448 816
f 817 1449 1451 819
f 820 1452 1450 818
f 819 1451 1453 821
f 822 1454 1452 820
f 821 1453 1455 823
f 824 1456 1454 822
f 823 1455 1457 825
f 826 1458 1456 824
f 825 1457 1459 827
f 828 1460 1458 826
f 827 1459 1461 829
f 830 1462 1460 828
f 829 1461 1463 831
f 832 1464 1462 830
f 831 1463 1465 833
f 834 1466 1464 832
f 833 1465 1467 835
f 836 1468 1466 834
f 835 1467 1469 837
f 838 1470 1468 836
f 837 1469 1471 839
f 840 1472 1470 838
f 839 1471 1473 841
f 842 1474 1472 840
f 841 1473 1475 843
f 844 1476 1474 842
f 843 1475 1477 845
f 846 1478 1476 844
f 845 1477 1479 847
f 848 1480 1478 846
f 847 1479 1481 849
f 850 1482 1480 848
f 849 1481 1483 851
f 852 1484 1482 850
f 851 1483 1485 853
f 854 1486 1484 852
f 853 1485 1487 855
f 856 1488 1486 854
f 855 1487 1489 857
f 858 1490 1488 856
f 857 1489 1491 859
f 860 1492 1490 858
f 859 1491 1493 861
f 862 1494 1492 860
f 861 1493 1495 863
f 864 1496 1494 862
f 863 1495 1497 865
f 866 1498 1496 864
f 865 1497 1499 867
f 868 1500 1498 866
f 867 1499 1501 869
f 870 1502 1500 868
f 869 1501 1503 871
f 872 1504 1502 870
f 871 1503 1505 873
f 874 1506 1504 872
f 873 1505 1507 875
f 876 1508 1506 874
f 875 1507 1509 877
f 878 1510 1508 876
f 877 1509 1511 879
f 880 1512 1510 878
f 879 1511 1513 881
f 882 1514 1512 880
f 881 1513 1515 883
f 884 1516 1514 882
f 883 1515 1517 885
f 886 1518 1516 884
f 885 1517 1519 887
f 888 1520 1518 886
f 887 1519 1521 889
f 890 1522 1520 888
f 889 1521 1523 891
f 892 1524 1522 890
f 891 1523 1525 893
f 894 1526 1524 892
f 893 1525 1527 895
f 896 1528 1526 894
f 895 1527 1529 897
f 898 1530 1528 896
f 897 1529 1531 899
f 900 1532 1530 898
f 899 1531 1533 901
f 902 1534 1532 900
f 901 1533 1535 903
f 904 1536 1534 902
f 903 1535 1537 905
f 906 1538 1536 904
f 905 1537 1539 907
f 908 1540 1538 906
f 907 1539 1541 909
f 910 1542 1540 908
f 909 1541 1543 911
f 912 1544 1542 910
f 911 1543 1545 913
f 914 1546 1544 912
f 913 1545 1547 915
f 916 1548 1546 914
f 915 1547 1549 917
f 918 1550 1548 916
f 917 1549 1551 919
f 920 1552 1550 918
f 919 1551 1553 921
f 922 1554 1552 920
f 921 1553 1555 923
f 924 1556 1554 922
f 923 1555 1557 925
f 926 1558 1556 924
f 925 1557 1559 927
f 928 1560 1558 926
f 927 1559 1561 929
f 930 1562 1560 928
f 929 1561 1563 931
f 932 1564 1562 930
f 931 1563 1565 933
f 934 1566 1564 932
f 933 1565 1567 935
f 936 1568 1566 934
f 935 1567 1569 937
f 938 1570 1568 936
f 937 1569 1571 939
f 940 1572 1570 938
f 939 1571 1573 941
f 942 1574 1572 940
f 941 1573 1575 943
f 944 1576 1574 942
f 943 1575 1577 945
f 946 1578 1576 944
f 945 1577 1579 947
f 948 1580 1578 946
f 947 1579 1581 949
f 950 1582 1580 948
f 949 1581 1583 951
f 952 1584 1582 950
f 951 1583 1585 953
f 954 1586 1584 952
f 953 1585 1587 955
f 956 1588 1586 954
f 955 1587 1589 957
f 958 1590 1588 956
f 957 1589 1591 959
f 960 1592 1590 958
f 959 1591 1593 961
f 962 1594 1592 960
f 961 1593 1595 963
f 964 1596 1594 962
f 963 1595 1597 965
f 966 1598 1596 964
f 965 1597 1599 967
f 968 1600 1598 966
f 967 1599 1601 969
f 970 1602 1600 968
f 969 1601 1603 971
f 972 1604 1602 970
f 971 1603 1605 973
f 974 1606 1604 972
f 973 1605 1607 975
f 976 1608 1606 974
f 975 1607 1609 977
f 978 1610 1608 976
f 977 1609 1611 979
f 980 1612 1610 978
f 979 1611 1613 981
f 982 1614 1612 980
f 981 1613 1615 983
f 984 1616 1614 982
f 983 1615 1617 985
f 986 1618 1616 984
f 985 1617 1619 987
f 988 1620 1618 986
f 987 1619 1621 989
f 990 1622 1620 988
f 989 1621 1623 991
f 992 1624 1622 990
f 991 1623 1625 993
f 994 1626 1624 992
f 993 1625 1627 995
f 996 1628 1626 994
f 995 1627 1629 997
f 998 1630 1628 996
f 997 1629 1631 999
f 1000 1632 1630 998
f 999 1631 1633 1001
f 1002 1634 1632 1000
f 1001 1633 1635 1003
f 1004 1636 1634 1002
f 1003 1635 1637 1005
f 1006 1638 1636 1004
f 1005 1637 1639 1007
f 1008 1640 1638 1006
f 1007 1639 1641 1009
f 1010 1642 1640 1008
f 1009 1641 1643 1011
f 1012 1644 1642 1010
f 1011 1643 1645 1013
f 1014 1646 1644 1012
f 1013 1645 1647 1015
f 1016 1648 1646 1014
f 1015 1647 1649 1017
f 1018 1650 1648 1016
f 1017 1649 1651 1019
f 1020 1652 1650 1018
f 1019 1651 1653 1021
f 1022 1654 1652 1020
f 1021 1653 1655 1023
f 1024 1656 1654 1022
f 1023 1655 1657 1025
f 1026 1658 1656 1024
f 1025 1657 1659 1027
f 1028 1660 1658 1026
f 1027 1659 1661 1029
f 1030 1662 1660 1028
f 1029 1661 1663 1031
f 1032 1664 1662 1030
f 1031 1663 1665 1033
f 1034 1666 1664 1032
f 1033 1665 1667 1035
f 1036 1668 1666 1034
f 1035 1667 1669 1037
f 1038 1670 1668 1036
f 1037 1669 1671 1039
f 1040 1672 1670 1038
f 1039 1671 1673 1041
f 1042 1674 1672 1040
f 1041 1673 1675 1043
f 1044 1676 1674 1042
f 1043 1675 1677 1045
f 1046 1678 1676 1044
f 1045 1677 1679 1047
f 1048 1680 1678 1046
f 1047 1679 1681 1049
f 1050 1682 1680 1048
f 1049 1681 1683 1051
f 1052 1684 1682 1050
f 1051 1683 1685 1053
f 1054 1686 1684 1052
f 1053 1685 1687 1055
f 1056 1688 1686 1054
f 1055 1687 1689 1057
f 1058 1690 1688 1056
f 1057 1689 1691 1059
f 1060 1692 1690 1058
f 1059 1691 1693 1061
f 1062 1694 1692 1060
f 1061 1693 1695 1063
f 1064 1696 1694 1062
f 1063 1695 1697 1065
f 1066 1698 1696 1064
f 1065 1697 1699 1067
f 1068 1700 1698 1066
f 1067 1699 1701 1069
f 1070 1702 1700 1068
f 1069 1701 1703 1071
f 1072 1704 1702 1070
f 1071 1703 1705 1073
f 1074 1706 1704 1072
f 1073 1705 1707 1075
f 1076 1708 1706 1074
f 1075 1707 1709 1077
f 1078 1710 1708 1076
f 1077 1709 1711 1079
f 1080 1712 1710 1078
f 1079 1711 1713 1081
f 1082 1714 1712 1080
f 1081 1713 1715 1083
f 1084 1716 1714 1082
f 1083 1715 1717 1085
f 1086 1718 1716 1084
f 1085 1717 1719 1087
f 1088 1720 1718 1086
f 1087 1719 1721 1089
f 1090 1722 1720 1088
f 1089 1721 1723 1091
f 1092 1724 1722 1090
f 1091 1723 1725 1093
f 1094 1726 1724 1092
f 1093 1725 1727 1095
f 1096 1728 1726 1094
f 1095 1727 1729 1097
f 1098 1730 1728 1096
f 1097 1729 1731 1099
f 1100 1732 1730 1098
f 1099 1731 1733 1101
f 1102 1734 1732 1100
f 1101 1733 1735 1103
f 1104 1736 1734 1102
f 1103 1735 1737 1105
f 1106 1738 1736 1104
f 1105 1737 1739 1107
f 1108 1740 1738 1106
f 1107 1739 1741 1109
f 1110 1742 1740 1108
f 1109 1741 1743 1111
f 1112 1744 1742 1110
f 1111 1743 1745 1113
f 1114 1746 1744 1112
f 1113 1745 1747 1115
f 1116 1748 1746 1114
f 1115 1747 1749 1117
f 1118 1750 1748 1116
f 1117 1749 1751 1119
f 1120 1752 1750 1118
f 1119 1751 1753 1121
f 1122 1754 1752 1120
f 1121 1753 1755 1123
f 1124 1756 1754 1122
f 1123 1755 1757 1125
f 1126 1758 1756 1124
f 1125 1757 1759 1127
f 1128 1760 1758 1126
f 1127 1759 1761 1129
f 1130 1762 1760 1128
f 1129 1761 1763 1131
f 1132 1764 1762 1130
f 1131 1763 1765 1133
f 1134 1766 1764 1132
f 1133 1765 1767 1135
f 1136 1768 1766 1134
f 1135 1767 1769 1137
f 1138 1770 1768 1136
f 1137 1769 1771 1139
f 1140 1772 1770 1138
f 1139 1771 1773 1141
f 1142 1774 1772 1140
f 1141 1773 1775 1143
f 1144 1776 1774 1142
f 1143 1775 1777 1145
f 1146 1778 1776 1144
f 1145 1777 1779 1147
f 1148 1780 1778 1146
f 1147 1779 1781 1149
f 1150 1782 1780 1148
f 1149 1781 1783 1151
f 1152 1784 1782 1150
f 1151 1783 1785 1153
f 1154 1786 1784 1152
f 1153 1785 1787 1155
f 1156 1788 1786 1154
f 1155 1787 1789 1157
f 1158 1790 1788 1156
f 1157 1789 1791 1159
f 1160 1792 1790 1158
f 1159 1791 1793 1161
f 1162 1794 1792 1160
f 1161 1793 1795 1163
f 1164 1796 1794 1162
f 1163 1795 1797 1165
f 1166 1798 1796 1164
f 1165 1797 1799 1167
f 1168 1800 1798 1166
f 1167 1799 1801 1169
f 1170 1802 1800 1168
f 1169 1801 1803 1171
f 1172 1804 1802 1170
f 1171 1803 1805 1173
f 1174 1806 1804 1172
f 1173 1805 1807 1175
f 1176 1808 1806 1174
f 1175 1807 1809 1177
f 1178 1810 1808 1176
f 1177 1809 1811 1179
f 1180 1812 1810 1178
f 1179 1811 1813 1181
f 1182 1814 1812 1180
f 1181 1813 1815 1183
f 1184 1816 1814 1182
f 1183 1815 1817 1185
f 1186 1818 1816 1184
f 1185 1817 1819 1187
f 1188 1820 1818 1186
f 1187 1819 1821 1189
f 1190 1822 1820 1188
f 1189 1821 1823 1191
f 1192 1824 1822 1190
f 1191 1823 1825 1193
f 1194 1826 1824 1192
f 1193 1825 1827 1195
f 1196 1828 1826 1194
f 1195 1827 1829 1197
f 1198 1830 1828 1196
f 1197 1829 1831 1199
f 1200 1832 1830 1198
f 1199 1831 1833 1201
f 1202 1834 1832 1200
f 1201 1833 1835 1203
f 1204 1836 1834 1202
f 1203 1835 1837 1205
f 1206 1838 1836 1204
f 1205 1837 1839 1207
f 1208 1840 1838 1206
f 1207 1839 1841 1209
f 1210 1842 1840 1208
f 1209 1841 1843 1211
f 1212 1844 1842 1210
f 1211 1843 1845 1213
f 1214 1846 1844 1212
f 1213 1845 1847 1215
f 1216 1848 1846 1214
f 1215 1847 1849 1217
f 1218 1850 1848 1216
f 1217 1849 1851 1219
f 1220 1852 1850 1218
f 1219 1851 1853 1221
f 1222 1854 1852 1220
f 1221 1853 1855 1223
f 1224 1856 1854 1222
f 1223 1855 1857 1225
f 1226 1858 1856 1224
f 1225 1857 1859 1227
f 1228 1860 1858 1226
f 1227 1859 1861 1229
f 1230 1862 1860 1228
f 1229 1861 1863 1231
f 1232 1864 1862 1230
f 1866 1868 1867 1865
f 1868 1870 1869 1867
f 1870 1872 1871 1869
f 1872 1874 1873 1871
f 1874 1876 1875 1873
f 1876 1878 1877 1875
f 1878 1880 1879 1877
f 1880 1882 1881 1879
f 1882 1884 1883 1881
f 1884 1886 1885 1883
f 1886 1888 1887 1885
f 1888 1890 1889 1887
f 1890 1892 1891 1889
f 1892 1894 1893 1891
f 1894 1896 1895 1893
f 1896 1898 1897 1895
f 1898 1900 1899 1897
f 1900 1902 1901 1899
f 1902 1904 1903 1901
f 1904 1906 1905 1903
f 1906 1908 1907 1905
f 1908 1910 1909 1907
f 1910 1912 1911 1909
f 1912 1914 1913 1911
f 1914 1916 1915 1913
f 1916 1918 1917 1915
f 1918 1920 1919 1917
f 1920 1922 1921 1919
f 1922 1924 1923 1921
f 1924 1926 1925 1923
f 1926 1928 1927 1925
f 1928 1930 1929 1927
f 1930 1932 1931 1929
f 1932 1934 1933 1931
f 1934 1936 1935 1933
f 1936 1938 1937 1935
f 1938 1940 1939 1937
f 1940 1942 1941 1939
f 1942 1944 1943 1941
f 1944 1946 1945 1943
f 1946 1948 1947 1945
f 1948 1950 1949 1947
f 1950 1952 1951 1949
f 1952 1954 1953 1951
f 1954 1956 1955 1953
f 1956 1958 1957 1955
f 1958 1960 1959 1957
f 1960 1962 1961 1959
f 1962 1964 1963 1961
f 1964 1966 1965 1963
f 1966 1968 1967 1965
f 1968 1970 1969 1967
f 1970 1972 1971 1969
f 1972 1974 1973 1971
f 1974 1976 1975 1973
f 1976 1978 1977 1975
f 1978 1980 1979 1977
f 1980 1982 1981 1979
f 1982 1984 1983 1981
f 1984 1986 1985 1983
f 1986 1988 1987 1985
f 1988 1990 1989 1987
f 1990 1992 1991 1989
f 1992 1994 1993 1991
f 1994 1996 1995 1993
f 1996 1998 1997 1995
f 1998 2000 1999 1997
f 2000 2002 2001 1999
f 2002 2004 2003 2001
f 2004 2006 2005 2003
f 2006 2008 2007 2005
f 2008 2010 2009 2007
f 2010 2012 2011 2009
f 2012 2014 2013 2011
f 2014 2016 2015 2013
f 2016 2018 2017 2015
f 2018 2020 2019 2017
f 2020 2022 2021 2019
f 2022 2024 2023 2021
f 2024 2026 2025 2023
f 2026 2028 2027 2025
f 2028 2030 2029 2027
f 2030 2032 2031 2029
f 2032 2034 2033 2031
f 2034 2036 2035 2033
f 2036 2038 2037 2035
f 2038 2040 2039 2037
f 2040 2042 2041 2039
f 2042 2044 2043 2041
f 2044 2046 2045 2043
f 2046 2048 2047 2045
f 2048 2050 2049 2047
f 2050 2052 2051 2049
f 2052 2054 2053 2051
f 2054 2056 2055 2053
f 2056 2058 2057 2055
f 2058 2060 2059 2057
f 2060 2062 2061 2059
f 2062 2064 2063 2061
f 2064 2066 2065 2063
f 2066 2068 2067 2065
f 2068 2070 2069 2067
f 2070 2072 2071 2069
f 2072 2074 2073 2071
f 2074 2076 2075 2073
f 2076 2078 2077 2075
f 2078 2080 2079 2077
f 2080 2082 2081 2079
f 2082 2084 2083 2081
f 2084 2086 2085 2083
f 2086 2088 2087 2085
f 2088 2090 2089 2087
f 2090 2092 2091 2089
f 2092 2094 2093 2091
f 2094 2096 2095 2093
f 2096 2098 2097 2095
f 2098 2100 2099 2097
f 2100 2102 2101 2099
f 2102 2104 2103 2101
f 2104 2106 2105 2103
f 2106 2108 2107 2105
f 2108 2110 2109 2107
f 2110 2112 2111 2109
f 2112 2114 2113 2111
f 2114 2116 2115 2113
f 2116 2118 2117 2115
f 2118 2120 2119 2117
f 2120 2122 2121 2119
f 2122 2124 2123 2121
f 2124 2126 2125 2123
f 2126 2128 2127 2125
f 2128 2130 2129 2127
f 2130 2132 2131 2129
f 2132 2134 2133 2131
f 2134 2136 2135 2133
f 2136 2138 2137 2135
f 2138 2140 2139 2137
f 2140 2142 2141 2139
f 2142 2144 2143 2141
f 2144 2146 2145 2143
f 2146 2148 2147 2145
f 2148 2150 2149 2147
f 2150 2152 2151 2149
f 2152 2154 2153 2151
f 2154 2156 2155 2153
f 2156 2158 2157 2155
f 2158 2160 2159 2157
f 2160 2162 2161 2159
f 2162 2164 2163 2161
f 2164 2166 2165 2163
f 2166 2168 2167 2165
f 2168 2170 2169 2167
f 2170 2172 2171 2169
f 2172 2174 2173 2171
f 2174 2176 2175 2173
f 2176 2178 2177 2175
f 2178 2180 2179 2177
f 2180 2182 2181 2179
f 2182 2184 2183 2181
f 2184 2186 2185 2183
f 2186 2188 2187 2185
f 2188 2190 2189 2187
f 2190 2192 2191 2189
f 2192 2194 2193 2191
f 2194 2196 2195 2193
f 2196 2198 2197 2195
f 2198 2200 2199 2197
f 2200 2202 2201 2199
f 2202 2204 2203 2201
f 2204 2206 2205 2203
f 2206 2208 2207 2205
f 2208 2210 2209 2207
f 2210 2212 2211 2209
f 2212 2214 2213 2211
f 2214 2216 2215 2213
f 2216 2218 2217 2215
f 2218 2220 2219 2217
f 2220 2222 2221 2219
f 2222 2224 2223 2221
f 2224 2226 2225 2223
f 2226 2228 2227 2225
f 2228 2230 2229 2227
f 2230 2232 2231 2229
f 2232 2234 2233 2231
f 2234 2236 2235 2233
f 2236 2238 2237 2235
f 2238 2240 2239 2237
f 2240 2242 2241 2239
f 2242 2244 2243 2241
f 2244 2246 2245 2243
f 2246 2248 2247 2245
f 2248 2250 2249 2247
f 2250 2252 2251 2249
f 2252 2254 2253 2251
f 2254 2256 2255 2253
f 2256 2258 2257 2255
f 2258 2260 2259 2257
f 2260 2262 2261 2259
f 2262 2264 2263 2261
f 2264 2266 2265 2263
f 2266 2268 2267 2265
f 2268 2270 2269 2267
f 2270 2272 2271 2269
f 2272 2274 2273 2271
f 2274 2276 2275 2273
f 2276 2278 2277 2275
f 2278 2280 2279 2277
f 2280 2282 2281 2279
f 2282 2284 2283 2281
f 2284 2286 2285 2283
f 2286 2288 2287 2285
f 2288 2290 2289 2287
f 2290 2292 2291 2289
f 2292 2294 2293 2291
f 2294 2296 2295 2293
f 2296 2298 2297 2295
f 2298 2300 2299 2297
f 2300 2302 2301 2299
f 2302 2304 2303 2301
f 2304 2306 2305 2303
f 2306 2308 2307 2305
f 2308 2310 2309 2307
f 2310 2312 2311 2309
f 2312 2314 2313 2311
f 2314 2316 2315 2313
f 2316 2318 2317 2315
f 2318 2320 2319 2317
f 2320 2322 2321 2319
f 2322 2324 2323 2321
f 2324 2326 2325 2323
f 2326 2328 2327 2325
f 2328 2330 2329 2327
f 2330 2332 2331 2329
f 2332 2334 2333 2331
f 2334 2336 2335 2333
f 2336 2338 2337 2335
f 2338 2340 2339 2337
f 2340 2342 2341 2339
f 2342 2344 2343 2341
f 2344 2346 2345 2343
f 2346 2348 2347 2345
f 2348 2350 2349 2347
f 2350 2352 2351 2349
f 2352 2354 2353 2351
f 2354 2356 2355 2353
f 2356 2358 2357 2355
f 2358 2360 2359 2357
f 2360 2362 2361 2359
f 2362 2364 2363 2361
f 2364 2366 2365 2363
f 2366 2368 2367 2365
f 2368 2370 2369 2367
f 2370 2372 2371 2369
f 2372 2374 2373 2371
f 2374 2376 2375 2373
f 2376 2378 2377 2375
f 2378 2380 2379 2377
f 2380 2382 2381 2379
f 2382 2384 2383 2381
f 2384 2386 2385 2383
f 2386 2388 2387 2385
f 2388 2390 2389 2387
f 2390 2392 2391 2389
f 2392 2394 2393 2391
f 2394 2396 2395 2393
f 2396 2398 2397 2395
f 2398 2400 2399 2397
f 2400 2402 2401 2399
f 2402 2404 2403 2401
f 2404 2406 2405 2403
f 2406 2408 2407 2405
f 2408 2410 2409 2407
f 2410 2412 2411 2409
f 2412 2414 2413 2411
f 2414 2416 2415 2413
f 2416 2418 2417 2415
f 2418 2420 2419 2417
f 2420 2422 2421 2419
f 2422 2424 2423 2421
f 2424 2426 2425 2423
f 2426 2428 2427 2425
f 2428 2430 2429 2427
f 2430 2432 2431 2429
f 2432 2434 2433 2431
f 2434 2436 2435 2433
f 2436 2438 2437 2435
f 2438 2440 2439 2437
f 2440 2442 2441 2439
f 2442 2444 2443 2441
f 2444 2446 2445 2443
f 2446 2448 2447 2445
f 2448 2450 2449 2447
f 2450 2452 2451 2449
f 2452 2454 2453 2451
f 2454 2456 2455 2453
f 2456 2458 2457 2455
f 2458 2460 2459 2457
f 2460 2462 2461 2459
f 2462 2464 2463 2461
f 2464 2466 2465 2463
f 2466 2468 2467 2465
f 2468 2470 2469 2467
f 2470 2472 2471 2469
f 1865 2473 2475 1867
f 1868 2476 2474 1866
f 1867 2475 2477 1869
f 1870 2478 2476 1868
f 1869 2477 2479 1871
f 1872 2480 2478 1870
f 1871 2479 2481 1873
f 1874 2482 2480 1872
f 1873 2481 2483 1875
f 1876 2484 2482 1874
f 1875 2483 2485 1877
f 1878 2486 2484 1876
f 1877 2485 2487 1879
f 1880 2488 2486 1878
f 1879 2487 2489 1881
f 1882 2490 2488 1880
f 1881 2489 2491 1883
f 1884 2492 2490 1882
f 1883 2491 2493 1885
f 1886 2494 2492 1884
f 1885 2493 2495 1887
f 1888 2496 2494 1886
f 1887 2495 2497 1889
f 1890 2498 2496 1888
f 1889 2497 2499 1891
f 1892 2500 2498 1890
f 1891 2499 2501 1893
f 1894 2502 2500 1892
f 1893 2501 2503 1895
f 1896 2504 2502 1894
f 1895 2503 2505 1897
f 1898 2506 2504 1896
f 1897 2505 2507 1899
f 1900 2508 2506 1898
f 1899 2507 2509 1901
f 1902 2510 2508 1900
f 1901 2509 2511 1903
f 1904 2512 2510 1902
f 1903 2511 2513 1905
f 1906 2514 2512 1904
f 1905 2513 2515 1907
f 1908 2516 2514 1906
f 1907 2515 2517 1909
f 1910 2518 2516 1908
f 1909 2517 2519 1911
f 1912 2520 2518 1910
f 1911 2519 2521 1913
f 1914 2522 2520 1912
f 1913 2521 2523 1915
f 1916 2524 2522 1914
f 1915 2523 2525 1917
f 1918 2526 2524 1916
f 1917 2525 2527 1919
f 1920 2528 2526 1918
f 1919 2527 2529 1921
f 1922 2530 2528 1920
f 1921 2529 2531 1923
f 1924 2532 2530 1922
f 1923 2531 2533 1925
f 1926 2534 2532 1924
f 1925 2533 2535 1927
f 1928 2536 2534 1926
f 1927 2535 2537 1929
f 1930 2538 2536 1928
f 1929 2537 2539 1931
f 1932 2540 2538 1930
f 1931 2539 2541 1933
f 1934 2542 2540 1932
f 1933 2541 2543 1935
f 1936 2544 2542 1934
f 1935 2543 2545 1937
f 1938 2546 2544 1936
f 1937 2545 2547 1939
f 1940 2548 2546 1938
f 1939 2547 2549 1941
f 1942 2550 2548 1940
f 1941 2549 2551 1943
f 1944 2552 2550 1942
f 1943 2551 2553 1945
f 1946 2554 2552 1944
f 1945 2553 2555 1947
f 1948 2556 2554 1946
f 1947 2555 2557 1949
f 1950 2558 2556 1948
f 1949 2557 2559 1951
f 1952 2560 2558 1950
f 1951 2559 2561 1953
f 1954 2562 2560 1952
f 1953 2561 2563 1955
f 1956 2564 2562 1954
f 1955 2563 2565 1957
f 1958 2566 2564 1956
f 1957 2565 2567 1959
f 1960 2568 2566 1958
f 1959 2567 2569 1961
f 1962 2570 2568 1960
f 1961 2569 2571 1963
f 1964 2572 2570 1962
f 1963 2571 2573 1965
f 1966 2574 2572 1964
f 1965 2573 2575 1967
f 1968 2576 2574 1966
f 1967 2575 2577 1969
f 1970 2578 2576 1968
f 1969 2577 2579 1971
f 1972 2580 2578 1970
f 1971 2579 2581 1973
f 1974 2582 2580 1972
f 1973 2581 2583 1975
f 1976 2584 2582 1974
f 1975 2583 2585 1977
f 1978 2586 2584 1976
f 1977 2585 2587 1979
f 1980 2588 2586 1978
f 1979 2587 2589 1981
f 1982 2590 2588 1980
f 1981 2589 2591 1983
f 1984 2592 2590 1982
f 1983 2591 2593 1985
f 1986 2594 2592 1984
f 1985 2593 2595 1987
f 1988 2596 2594 1986
f 1987 2595 2597 1989
f 1990 2598 2596 1988
f 1989 2597 2599 1991
f 1992 2600 2598 1990
f 1991 2599 2601 1993
f 1994 2602 2600 1992
f 1993 2601 2603 1995
f 1996 2604 2602 1994
f 1995 2603 2605 1997
f 1998 2606 2604 1996
f 1997 2605 2607 1999
f 2000 2608 2606 1998
f 1999 2607 2609 2001
f 2002 2610 2608 2000
f 2001 2609 2611 2003
f 2004 2612 2610 2002
f 2003 2611 2613 2005
f 2006 2614 2612 2004
f 2005 2613 2615 2007
f 2008 2616 2614 2006
f 2007 2615 2617 2009
f 2010 2618 2616 2008
f 2009 2617 2619 2011
f 2012 2620 2618 2010
f 2011 2619 2621 2013
f 2014 2622 2620 2012
f 2013 2621 2623 2015
f 2016 2624 2622 2014
f 2015 2623 2625 2017
f 2018 2626 2624 2016
f 2017 2625 2627 2019
f 2020 2628 2626 2018
f 2019 2627 2629 2021
f 2022 2630 2628 2020
f 2021 2629 2631 2023
f 2024 2632 2630 2022
f 2023 2631 2633 2025
f 2026 2634 2632 2024
f 2025 2633 2635 2027
f 2028 2636 2634 2026
f 2027 2635 2637 2029
f 2030 2638 2636 2028
f 2029 2637 2639 2031
f 2032 2640 2638 2030
f 2031 2639 2641 2033
f 2034 2642 2640 2032
f 2033 2641 2643 2035
f 2036 2644 2642 2034
f 2035 2643 2645 2037
f 2038 2646 2644 2036
f 2037 2645 2647 2039
f 2040 2648 2646 2038
f 2039 2647 2649 2041
f 2042 2650 2648 2040
f 2041 2649 2651 2043
f 2044 2652 2650 2042
f 2043 2651 2653 2045
f 2046 2654 2652 2044
f 2045 2653 2655 2047
f 2048 2656 2654 2046
f 2047 2655 2657 2049
f 2050 2658 2656 2048
f 2049 2657 2659 2051
f 2052 2660 2658 2050
f 2051 2659 2661 2053
f 2054 2662 2660 2052
f 2053 2661 2663 2055
f 2056 2664 2662 2054
f 2055 2663 2665 2057
f 2058 2666 2664 2056
f 2057 2665 2667 2059
f 2060 2668 2666 2058
f 2059 2667 2669 2061
f 2062 2670 2668 2060
f 2061 2669 2671 2063
f 2064 2672 2670 2062
f 2063 2671 2673 2065
f 2066 2674 2672 2064
f 2065 2673 2675 2067
f 2068 2676 2674 2066
f 2067 2675 2677 2069
f 2070 2678 2676 2068
f 2069 2677 2679 2071
f 2072 2680 2678 2070
f 2071 2679 2681 2073
f 2074 2682 2680 2072
f 2073 2681 2683 2075
f 2076 2684 2682 2074
f 2075 2683 2685 2077
f 2078 2686 2684 2076
f 2077 2685 2687 2079
f 2080 2688 2686 2078
f 2079 2687 2689 2081
f 2082 2690 2688 2080
f 2081 2689 2691 2083
f 2084 2692 2690 2082
f 2083 2691 2693 2085
f 2086 2694 2692 2084
f 2085 2693 2695 2087
f 2088 2696 2694 2086
f 2087 2695 2697 2089
f 2090 2698 2696 2088
f 2089 2697 2699 2091
f 2092 2700 2698 2090
f 2091 2699 2701 2093
f 2094 2702 2700 2092
f 2093 2701 2703 2095
f 2096 2704 2702 2094
f 2095 2703 2705 2097
f 2098 2706 2704 2096
f 2097 2705 2707 2099
f 2100 2708 2706 2098
f 2099 2707 2709 2101
f 2102 2710 2708 2100
f 2101 2709 2711 2103
f 2104 2712 2710 2102
f 2103 2711 2713 2105
f 2106 2714 2712 2104
f 2105 2713 2715 2107
f 2108 2716 2714 2106
f 2107 2715 2717 2109
f 2110 2718 2716 2108
f 2109 2717 2719 2111
f 2112 2720 2718 2110
f 2111 2719 2721 2113
f 2114 2722 2720 2112
f 2113 2721 2723 2115
f 2116 2724 2722 2114
f 2115 2723 2725 2117
f 2118 2726 2724 2116
f 2117 2725 2727 2119
f 2120 2728 2726 2118
f 2119 2727 2729 2121
f 2122 2730 2728 2120
f 2121 2729 2731 2123
f 2124 2732 2730 2122
f 2123 2731 2733 2125
f 2126 2734 2732 2124
f 2125 2733 2735 2127
f 2128 2736 2734 2126
f 2127 2735 2737 2129
f 2130 2738 2736 2128
f 2129 2737 2739 2131
f 2132 2740 2738 2130
f 2131 2739 2741 2133
f 2134 2742 2740 2132
f 2133 2741 2743 2135
f 2136 2744 2742 2134
f 2135 2743 2745 2137
f 2138 2746 2744 2136
f 2137 2745 2747 2139
f 2140 2748 2746 2138
f 2139 2747 2749 2141
f 2142 2750 2748 2140
f 2141 2749 2751 2143
f 2144 2752 2750 2142
f 2143 2751 2753 2145
f 2146 2754 2752 2144
f 2145 2753 2755 2147
f 2148 2756 2754 2146
f 2147 2755 2757 2149
f 2150 2758 2756 2148
f 2149 2757 2759 2151
f 2152 2760 2758 2150
f 2151 2759 2761 2153
f 2154 2762 2760 2152
f 2153 2761 2763 2155
f 2156 2764 2762 2154
f 2155 2763 2765 2157
f 2158 2766 2764 2156
f 2157 2765 2767 2159
f 2160 2768 2766 2158
f 2159 2767 2769 2161
f 2162 2770 2768 2160
f 2161 2769 2771 2163
f 2164 2772 2770 2162
f 2163 2771 2773 2165
f 2166 2774 2772 2164
f 2165 2773 2775 2167
f 2168 2776 2774 2166
f 2167 2775 2777 2169
f 2170 2778 2776 2168
f 2169 2777 2779 2171
f 2172 2780 2778 2170
f 2171 2779 2781 2173
f 2174 2782 2780 2172
f 2173 2781 2783 2175
f 2176 2784 2782 2174
f 2175 2783 2785 2177
f 2178 2786 2784 2176
f 2177 2785 2787 2179
f 2180 2788 2786 2178
f 2179 2787 2789 2181
f 2182 2790 2788 2180
f 2181 2789 2791 2183
f 2184 2792 2790 2182
f 2183 2791 2793 2185
f 2186 2794 2792 2184
f 2185 2793 2795 2187
f 2188 2796 2794 2186
f 2187 2795 2797 2189
f 2190 2798 2796 2188
f 2189 2797 2799 2191
f 2192 2800 2798 2190
f 2191 2799 2801 2193
f 2194 2802 2800 2192
f 2193 2801 2803 2195
f 2196 2804 2802 2194
f 2195 2803 2805 2197
f 2198 2806 2804 2196
f 2197 2805 2807 2199
f 2200 2808 2806 2198
f 2199 2807 2809 2201
f 2202 2810 2808 2200
f 2201 2809 2811 2203
f 2204 2812 2810 2202
f 2203 2811 2813 2205
f 2206 2814 2812 2204
f 2205 2813 2815 2207
f 2208 2816 2814 2206
f 2207 2815 2817 2209
f 2210 2818 2816 2208
f 2209 2817 2819 2211
f 2212 2820 2818 2210
f 2211 2819 2821 2213
f 2214 2822 2820 2212
f 2213 2821 2823 2215
f 2216 2824 2822 2214
f 2215 2823 2825 2217
f 2218 2826 2824 2216
f 2217 2825 2827 2219
f 2220 2828 2826 2218
f 2219 2827 2829 2221
f 2222 2830 2828 2220
f 2221 2829 2831 2223
f 2224 2832 2830 2222
f 2223 2831 2833 2225
f 2226 2834 2832 2224
f 2225 2833 2835 2227
f 2228 2836 2834 2226
f 2227 2835 2837 2229
f 2230 2838 2836 2228
f 2229 2837 2839 2231
f 2232 2840 2838 2230
f 2231 2839 2841 2233
f 2234 2842 2840 2232
f 2233 2841 2843 2235
f 2236 2844 2842 2234
f 2235 2843 2845 2237
f 2238 2846 2844 2236
f 2237 2845 2847 2239
f 2240 2848 2846 2238
f 2239 2847 2849 2241
f 2242 2850 2848 2240
f 2241 2849 2851 2243
f 2244 2852 2850 2242
f 2243 2851 2853 2245
f 2246 2854 2852 2244
f 2245 2853 2855 2247
f 2248 2856 2854 2246
f 2247 2855 2857 2249
f 2250 2858 2856 2248
f 2249 2857 2859 2251
f 2252 2860 2858 2250
f 2251 2859 2861 2253
f 2254 2862 2860 2252
f 2253 2861 2863 2255
f 2256 2864 2862 2254
f 2255 2863 2865 2257
f 2258 2866 2864 2256
f 2257 2865 2867 2259
f 2260 2868 2866 2258
f 2259 2867 2869 2261
f 2262 2870 2868 2260
f 2261 2869 2871 2263
f 2264 2872 2870 2262
f 2263 2871 2873 2265
f 2266 2874 2872 2264
f 2265 2873 2875 2267
f 2268 2876 2874 2266
f 2267 2875 2877 2269
f 2270 2878 2876 2268
f 2269 2877 2879 2271
f 2272 2880 2878 2270
f 2271 2879 2881 2273
f 2274 2882 2880 2272
f 2273 2881 2883 2275
f 2276 2884 2882 2274
f 2275 2883 2885 2277
f 2278 2886 2884 2276
f 2277 2885 2887 2279
f 2280 2888 2886 2278
f 2279 2887 2889 2281
f 2282 2890 2888 2280
f 2281 2889 2891 2283
f 2284 2892 2890 2282
f 2283 2891 2893 2285
f 2286 2894 2892 2284
f 2285 2893 2895 2287
f 2288 2896 2894 2286
f 2287 2895 2897 2289
f 2290 2898 2896 2288
f 2289 2897 2899 2291
f 2292 2900 2898 2290
f 2291 2899 2901 2293
f 2294 2902 2900 2292
f 2293 2901 2903 2295
f 2296 2904 2902 2294
f 2295 2903 2905 2297
f 2298 2906 2904 2296
f 2297 2905 2907 2299
f 2300 2908 2906 2298
f 2299 2907 2909 2301
f 2302 2910 2908 2300
f 2301 2909 2911 2303
f 2304 2912 2910 2302
f 2303 2911 2913 2305
f 2306 2914 2912 2304
f 2305 2913 2915 2307
f 2308 2916 2914 2306
f 2307 2915 2917 2309
f 2310 2918 2916 2308
f 2309 2917 2919 2311
f 2312 2920 2918 2310
f 2311 2919 2921 2313
f 2314 2922 2920 2312
f 2313 2921 2923 2315
f 2316 2924 2922 2314
f 2315 2923 2925 2317
f 2318 2926 2924 2316
f 2317 2925 2927 2319
f 2320 2928 2926 2318
f 2319 2927 2929 2321
f 2322 2930 2928 2320
f 2321 2929 2931 2323
f 2324 2932 2930 2322
f 2323 2931 2933 2325
f 2326 2934 2932 2324
f 2325 2933 2935 2327
f 2328 2936 2934 2326
f 2327 2935 2937 2329
f 2330 2938 2936 2328
f 2329 2937 2939 2331
f 2332 2940 2938 2330
f 2331 2939 2941 2333
f 2334 2942 2940 2332
f 2333 2941 2943 2335
f 2336 2944 2942 2334
f 2335 2943 2945 2337
f 2338 2946 2944 2336
f 2337 2945 2947 2339
f 2340 2948 2946 2338
f 2339 2947 2949 2341
f 2342 2950 2948 2340
f 2341 2949 2951 2343
f 2344 2952 2950 2342
f 2343 2951 2953 2345
f 2346 2954 2952 2344
f 2345 2953 2955 2347
f 2348 2956 2954 2346
f 2347 2955 2957 2349
f 2350 2958 2956 2348
f 2349 2957 2959 2351
f 2352 2960 2958 2350
f 2351 2959 2961 2353
f 2354 2962 2960 2352
f 2353 2961 2963 2355
f 2356 2964 2962 2354
f 2355 2963 2965 2357
f 2358 2966 2964 2356
f 2357 2965 2967 2359
f 2360 2968 2966 2358
f 2359 2967 2969 2361
f 2362 2970 2968 2360
f 2361 2969 2971 2363
f 2364 2972 2970 2362
f 2363 2971 2973 2365
f 2366 2974 2972 2364
f 2365 2973 2975 2367
f 2368 2976 2974 2366
f 2367 2975 2977 2369
f 2370 2978 2976 2368
f 2369 2977 2979 2371
f 2372 2980 2978 2370
f 2371 2979 2981 2373
f 2374 2982 2980 2372
f 2373 2981 2983 2375
f 2376 2984 2982 2374
f 2375 2983 2985 2377
f 2378 2986 2984 2376
f 2377 2985 2987 2379
f 2380 2988 2986 2378
f 2379 2987 2989 2381
f 2382 2990 2988 2380
f 2381 2989 2991 2383
f 2384 2992 2990 2382
f 2383 2991 2993 2385
f 2386 2994 2992 2384
f 2385 2993 2995 2387
f 2388 2996 2994 2386
f 2387 2995 2997 2389
f 2390 2998 2996 2388
f 2389 2997 2999 2391
f 2392 3000 2998 2390
f 2391 2999 3001 2393
f 2394 3002 3000 2392
f 2393 3001 3003 2395
f 2396 3004 3002 2394
f 2395 3003 3005 2397
f 2398 3006 3004 2396
f 2397 3005 3007 2399
f 2400 3008 3006 2398
f 2399 3007 3009 2401
f 2402 3010 3008 2400
f 2401 3009 3011 2403
f 2404 3012 3010 2402
f 2403 3011 3013 2405
f 2406 3014 3012 2404
f 2405 3013 3015 2407
f 2408 3016 3014 2406
f 2407 3015 3017 2409
f 2410 3018 3016 2408
f 2409 3017 3019 2411
f 2412 3020 3018 2410
f 2411 3019 3021 2413
f 2414 3022 3020 2412
f 2413 3021 3023 2415
f 2416 3024 3022 2414
f 2415 3023 3025 2417
f 2418 3026 3024 2416
f 2417 3025 3027 2419
f 2420 3028 3026 2418
f 2419 3027 3029 2421
f 2422 3030 3028 2420
f 2421 3029 3031 2423
f 2424 3032 3030 2422
f 2423 3031 3033 2425
f 2426 3034 3032 2424
f 2425 3033 3035 2427
f 2428 3036 3034 2426
f 2427 3035 3037 2429
f 2430 3038 3036 2428
f 2429 3037 3039 2431
f 2432 3040 3038 2430
f 2431 3039 3041 2433
f 2434 3042 3040 2432
f 2433 3041 3043 2435
f 2436 3044 3042 2434
f 2435 3043 3045 2437
f 2438 3046 3044 2436
f 2437 3045 3047 2439
f 2440 3048 3046 2438
f 2439 3047 3049 2441
f 2442 3050 3048 2440
f 2441 3049 3051 2443
f 2444 3052 3050 2442
f 2443 3051 3053 2445
f 2446 3054 3052 2444
f 2445 3053 3055 2447
f 2448 3056 3054 2446
f 2447 3055 3057 2449
f 2450 3058 3056 2448
f 2449 3057 3059 2451
f 2452 3060 3058 2450
f 2451 3059 3061 2453
f 2454 3062 3060 2452
f 2453 3061 3063 2455
f 2456 3064 3062 2454
f 2455 3063 3065 2457
f 2458 3066 3064 2456
f 2457 3065 3067 2459
f 2460 3068 3066 2458
f 2459 3067 3069 2461
f 2462 3070 3068 2460
f 2461 3069 3071 2463
f 2464 3072 3070 2462
f 2463 3071 3073 2465
f 2466 3074 3072 2464
f 2465 3073 3075 2467
f 2468 3076 3074 2466
f 2467 3075 3077 2469
f 2470 3078 3076 2468
f 2469 3077 3079 2471
f 2472 3080 3078 2470
