# Twenty Tons grey box. Map data (c) OpenStreetMap contributors, ODbL.
o Roads_+0_+0
v -25.65 0.00 -20.30
v -26.85 0.00 -27.20
v -193.24 0.00 8.79
v -194.43 0.00 1.89
v -23.01 0.00 39.68
v -24.09 0.00 32.77
v -184.40 0.00 64.88
v -185.48 0.00 57.97
v 0.98 0.00 141.16
v 8.92 0.00 140.22
v -3.42 0.00 104.08
v 4.52 0.00 103.04
v -5.66 0.00 88.49
v 2.24 0.00 87.27
v -7.35 0.00 78.23
v 0.53 0.00 76.85
v -11.13 0.00 57.87
v -3.27 0.00 56.33
v -14.23 0.00 42.85
v -6.41 0.00 41.15
v -17.60 0.00 28.11
v -9.82 0.00 26.27
v -25.29 0.00 -3.72
v -17.49 0.00 -5.50
v -29.20 0.00 -21.73
v -21.34 0.00 -23.25
v -32.10 0.00 -38.97
v -24.18 0.00 -40.15
v -36.91 0.00 -76.50
v -28.97 0.00 -77.52
v -26.84 0.00 141.42
v -17.86 0.00 146.86
v -21.35 0.00 132.35
v -11.89 0.00 136.99
v -18.32 0.00 124.46
v -8.22 0.00 127.46
v -17.27 0.00 119.58
v -6.93 0.00 121.46
v -16.43 0.00 113.90
v -5.97 0.00 114.94
v -16.14 0.00 108.20
v -5.64 0.00 108.42
v -16.20 0.00 102.40
v -5.70 0.00 102.02
v -16.56 0.00 96.74
v -6.10 0.00 95.78
v -17.88 0.00 85.61
v -7.48 0.00 84.09
v -20.72 0.00 69.42
v -10.40 0.00 67.44
v -25.43 0.00 46.98
v -15.09 0.00 45.08
v -26.40 0.00 40.78
v -15.98 0.00 39.48
v -27.00 0.00 34.18
v -16.52 0.00 33.46
v -27.29 0.00 27.93
v -16.77 0.00 27.93
v -26.74 0.00 16.53
v -16.28 0.00 17.49
v -24.79 0.00 2.12
v -14.39 0.00 3.52
v -59.67 0.00 152.90
v -51.67 0.00 152.54
v -60.04 0.00 144.68
v -52.04 0.00 144.32
f 2 4 3 1
f 6 8 7 5
f 10 12 11 9
f 12 14 13 11
f 14 16 15 13
f 16 18 17 15
f 18 20 19 17
f 20 22 21 19
f 22 24 23 21
f 24 26 25 23
f 26 28 27 25
f 28 30 29 27
f 32 34 33 31
f 34 36 35 33
f 36 38 37 35
f 38 40 39 37
f 40 42 41 39
f 42 44 43 41
f 44 46 45 43
f 46 48 47 45
f 48 50 49 47
f 50 52 51 49
f 52 54 53 51
f 54 56 55 53
f 56 58 57 55
f 58 60 59 57
f 60 62 61 59
f 64 66 65 63
o Roads_+0_-1
v -35.76 0.00 -254.21
v -36.96 0.00 -261.11
v -230.38 0.00 -220.32
v -231.58 0.00 -227.22
v -35.53 0.00 -137.54
v -36.83 0.00 -144.42
v -211.09 0.00 -104.16
v -212.40 0.00 -111.04
v -35.23 0.00 -197.10
v -36.38 0.00 -204.00
v -221.22 0.00 -166.29
v -222.36 0.00 -173.20
v -32.36 0.00 -73.56
v -33.52 0.00 -80.47
v -201.80 0.00 -45.07
v -202.96 0.00 -51.97
v -177.49 0.00 146.69
v -165.63 0.00 144.81
v -225.05 0.00 -153.11
v -213.19 0.00 -154.99
v -8.45 0.00 -6.29
v -9.15 0.00 -16.27
v -22.50 0.00 -5.30
v -23.20 0.00 -15.28
f 68 70 69 67
f 72 74 73 71
f 76 78 77 75
f 80 82 81 79
f 84 86 85 83
f 88 90 89 87
o Roads_+0_-10
v -183.29 0.00 -2397.20
v -176.58 0.00 -2399.19
v -195.67 0.00 -2438.92
v -188.93 0.00 -2440.80
v -196.92 0.00 -2443.73
v -190.12 0.00 -2445.36
v -205.28 0.00 -2481.83
v -198.48 0.00 -2483.47
v -217.22 0.00 -2527.14
v -210.45 0.00 -2528.92
v 54.36 0.00 -2523.05
v 48.78 0.00 -2531.95
v -4.07 0.00 -2486.40
v -9.69 0.00 -2495.28
v -88.14 0.00 -2432.78
v -93.70 0.00 -2441.68
v -128.28 0.00 -2408.17
v -133.66 0.00 -2417.19
v -147.93 0.00 -2396.76
v -153.05 0.00 -2405.94
v -163.71 0.00 -2388.32
v -168.51 0.00 -2397.66
v -179.70 0.00 -2380.47
v -184.16 0.00 -2389.97
v -196.90 0.00 -2372.74
v -201.04 0.00 -2382.38
v -209.24 0.00 -2367.68
v -213.06 0.00 -2377.46
v -221.55 0.00 -2363.12
v -225.01 0.00 -2373.04
v -233.11 0.00 -2359.32
v -236.21 0.00 -2369.36
v -243.70 0.00 -2356.25
v -246.46 0.00 -2366.39
v -268.45 0.00 -2349.95
v -270.97 0.00 -2360.15
v -413.08 0.00 -2315.08
v -415.68 0.00 -2325.26
v -429.87 0.00 -2310.52
v -432.83 0.00 -2320.60
v -439.59 0.00 -2307.47
v -442.89 0.00 -2317.43
v -452.18 0.00 -2303.08
v -455.64 0.00 -2313.00
v -459.42 0.00 -2328.63
v -457.42 0.00 -2318.33
v -443.74 0.00 -2331.67
v -441.60 0.00 -2321.39
v -424.83 0.00 -2335.87
v -422.49 0.00 -2325.63
v -316.01 0.00 -2361.28
v -313.57 0.00 -2351.06
v -285.67 0.00 -2368.69
v -283.09 0.00 -2358.51
v -248.57 0.00 -2378.40
v -245.79 0.00 -2368.28
v -231.82 0.00 -2383.21
v -228.72 0.00 -2373.17
v -215.23 0.00 -2388.73
v -211.67 0.00 -2378.85
v -204.59 0.00 -2392.86
v -200.63 0.00 -2383.14
v -199.34 0.00 -2395.10
v -195.04 0.00 -2385.52
v -183.09 0.00 -2402.80
v -178.39 0.00 -2393.40
v -172.63 0.00 -2408.30
v -167.61 0.00 -2399.08
v -162.89 0.00 -2413.78
v -157.63 0.00 -2404.70
v -144.57 0.00 -2424.72
v -139.15 0.00 -2415.72
v -71.73 0.00 -2469.06
v -66.21 0.00 -2460.14
v -49.11 0.00 -2483.30
v -43.47 0.00 -2474.44
v 48.32 0.00 -2545.97
v 54.04 0.00 -2537.17
v 83.51 0.00 -2569.02
v 89.27 0.00 -2560.24
v -221.91 0.00 -2228.42
v -215.11 0.00 -2230.06
v -226.40 0.00 -2246.95
v -219.56 0.00 -2248.48
v -228.60 0.00 -2257.61
v -221.82 0.00 -2259.42
v -236.83 0.00 -2282.53
v -230.06 0.00 -2284.36
v -244.22 0.00 -2317.26
v -237.38 0.00 -2318.74
v -253.41 0.00 -2359.02
v -246.58 0.00 -2360.52
v -132.86 0.00 -2265.80
v -133.67 0.00 -2272.75
v -224.80 0.00 -2255.04
v -225.62 0.00 -2261.99
v -93.91 0.00 -2539.56
v -97.35 0.00 -2545.65
v -200.16 0.00 -2479.60
v -203.60 0.00 -2485.70
v -76.00 0.00 -2503.37
v -79.52 0.00 -2509.42
v -190.54 0.00 -2436.83
v -194.06 0.00 -2442.89
v -192.62 0.00 -2442.22
v -194.43 0.00 -2446.88
v -228.45 0.00 -2428.30
v -230.06 0.00 -2433.04
v -247.11 0.00 -2422.81
v -248.46 0.00 -2427.63
v -306.58 0.00 -2407.13
v -307.85 0.00 -2411.97
v -133.31 0.00 -2272.78
v -133.22 0.00 -2265.78
v -56.14 0.00 -2273.75
v -56.05 0.00 -2266.75
v -112.66 0.00 -2423.83
v -104.02 0.00 -2428.87
v -118.80 0.00 -2434.35
v -110.16 0.00 -2439.39
f 92 94 93 91
f 94 96 95 93
f 96 98 97 95
f 98 100 99 97
f 102 104 103 101
f 104 106 105 103
f 106 108 107 105
f 108 110 109 107
f 110 112 111 109
f 112 114 113 111
f 114 116 115 113
f 116 118 117 115
f 118 120 119 117
f 120 122 121 119
f 122 124 123 121
f 124 126 125 123
f 126 128 127 125
f 128 130 129 127
f 130 132 131 129
f 132 134 133 131
f 136 138 137 135
f 138 140 139 137
f 140 142 141 139
f 142 144 143 141
f 144 146 145 143
f 146 148 147 145
f 148 150 149 147
f 150 152 151 149
f 152 154 153 151
f 154 156 155 153
f 156 158 157 155
f 158 160 159 157
f 160 162 161 159
f 162 164 163 161
f 164 166 165 163
f 166 168 167 165
f 168 170 169 167
f 172 174 173 171
f 174 176 175 173
f 176 178 177 175
f 178 180 179 177
f 180 182 181 179
f 184 186 185 183
f 188 190 189 187
f 192 194 193 191
f 196 198 197 195
f 198 200 199 197
f 200 202 201 199
f 204 206 205 203
f 208 210 209 207
o Roads_+0_-11
v -114.14 0.00 -2588.03
v -120.42 0.00 -2584.93
v -92.49 0.00 -2544.15
v -98.77 0.00 -2541.06
v -74.62 0.00 -2507.94
v -80.90 0.00 -2504.84
v -73.65 0.00 -2505.98
v -79.93 0.00 -2502.89
v -56.72 0.00 -2471.65
v -63.00 0.00 -2468.55
v -26.82 0.00 -2491.93
v -20.49 0.00 -2494.93
v -42.97 0.00 -2525.97
v -36.64 0.00 -2528.97
v -47.66 0.00 -2535.85
v -41.34 0.00 -2538.85
v -61.27 0.00 -2564.51
v -54.94 0.00 -2567.51
v -64.54 0.00 -2571.40
v -58.21 0.00 -2574.40
v -82.74 0.00 -2609.76
v -76.42 0.00 -2612.76
v -236.43 0.00 -2524.45
v -231.35 0.00 -2513.57
v -220.83 0.00 -2531.73
v -215.55 0.00 -2520.95
v -207.44 0.00 -2538.62
v -201.76 0.00 -2528.04
v -189.24 0.00 -2548.83
v -183.26 0.00 -2538.43
v -162.13 0.00 -2564.74
v -155.87 0.00 -2554.50
v -138.44 0.00 -2579.77
v -131.92 0.00 -2569.69
v -22.97 0.00 -2655.79
v -16.55 0.00 -2645.65
v -9.47 0.00 -2663.98
v -3.45 0.00 -2653.60
v 9.80 0.00 -2674.64
v 15.60 0.00 -2664.14
v -13.88 0.00 -2656.16
v -8.91 0.00 -2656.70
v -16.40 0.00 -2679.12
v -11.40 0.00 -2679.45
v -16.98 0.00 -2709.01
v -11.98 0.00 -2709.40
v -30.15 0.00 -2803.69
v -25.20 0.00 -2804.38
v -37.96 0.00 -2524.50
v -41.66 0.00 -2530.44
v -74.94 0.00 -2501.46
v -78.64 0.00 -2507.41
v -56.78 0.00 -2563.89
v -59.43 0.00 -2568.13
v -94.31 0.00 -2540.48
v -96.95 0.00 -2544.73
v -250.92 0.00 -2660.82
v -257.01 0.00 -2657.37
v -237.06 0.00 -2636.40
v -243.32 0.00 -2633.25
v -222.54 0.00 -2603.50
v -228.94 0.00 -2600.67
v -137.42 0.00 -2573.53
v -131.33 0.00 -2576.97
v -154.09 0.00 -2603.06
v -147.88 0.00 -2606.30
v -163.62 0.00 -2622.95
v -156.98 0.00 -2625.29
v -171.59 0.00 -2656.98
v -164.72 0.00 -2658.31
v -173.37 0.00 -2668.52
v -166.72 0.00 -2671.30
v -175.40 0.00 -2671.25
v -171.94 0.00 -2678.34
v -197.05 0.00 -2670.71
v -196.34 0.00 -2677.73
v -202.52 0.00 -2671.98
v -199.57 0.00 -2678.48
v -220.62 0.00 -2685.07
v -216.52 0.00 -2690.75
v -247.02 0.00 -2592.36
v -253.99 0.00 -2591.77
v -244.40 0.00 -2561.49
v -251.38 0.00 -2560.90
v -103.31 0.00 -2597.75
v -96.32 0.00 -2598.17
v -106.06 0.00 -2642.97
v -99.17 0.00 -2645.01
v -111.01 0.00 -2651.69
v -104.53 0.00 -2654.44
v -125.74 0.00 -2701.66
v -119.06 0.00 -2703.77
v -134.58 0.00 -2727.72
v -127.88 0.00 -2729.79
v -137.02 0.00 -2736.48
v -130.28 0.00 -2738.37
f 212 214 213 211
f 214 216 215 213
f 216 218 217 215
f 218 220 219 217
f 222 224 223 221
f 224 226 225 223
f 226 228 227 225
f 228 230 229 227
f 230 232 231 229
f 234 236 235 233
f 236 238 237 235
f 238 240 239 237
f 240 242 241 239
f 242 244 243 241
f 244 246 245 243
f 246 248 247 245
f 248 250 249 247
f 252 254 253 251
f 254 256 255 253
f 256 258 257 255
f 260 262 261 259
f 264 266 265 263
f 268 270 269 267
f 270 272 271 269
f 274 276 275 273
f 276 278 277 275
f 278 280 279 277
f 280 282 281 279
f 282 284 283 281
f 284 286 285 283
f 286 288 287 285
f 288 290 289 287
f 292 294 293 291
f 296 298 297 295
f 298 300 299 297
f 300 302 301 299
f 302 304 303 301
f 304 306 305 303
o Roads_+0_-12
v -29.20 0.00 -2936.03
v -28.95 0.00 -2943.03
v -37.71 0.00 -2936.34
v -37.79 0.00 -2943.35
v -45.93 0.00 -2935.86
v -46.92 0.00 -2942.81
v -69.20 0.00 -2930.54
v -70.81 0.00 -2937.35
v -86.77 0.00 -2926.24
v -87.22 0.00 -2933.34
v -91.89 0.00 -2926.82
v -89.72 0.00 -2933.62
v -97.99 0.00 -2930.20
v -97.85 0.00 -2938.13
v -102.95 0.00 -2927.67
v -106.05 0.00 -2933.95
v -116.64 0.00 -2921.12
v -118.20 0.00 -2928.13
v -123.38 0.00 -2921.17
v -120.34 0.00 -2928.15
v -139.12 0.00 -2937.83
v -133.77 0.00 -2942.36
v -147.22 0.00 -2948.48
v -141.65 0.00 -2952.72
v -148.39 0.00 -2950.02
v -142.82 0.00 -2954.26
v -143.31 0.00 -2949.50
v -147.91 0.00 -2954.77
v -159.96 0.00 -2934.96
v -165.07 0.00 -2939.79
v -187.40 0.00 -2899.61
v -191.60 0.00 -2905.61
v -207.77 0.00 -2893.08
v -209.78 0.00 -2899.78
v -254.00 0.00 -2880.17
v -255.89 0.00 -2886.91
v -11.38 0.00 -2906.32
v -17.12 0.00 -2910.33
v -19.19 0.00 -2895.14
v -25.45 0.00 -2898.41
v -20.90 0.00 -2890.50
v -27.84 0.00 -2891.92
v -21.72 0.00 -2874.06
v -28.38 0.00 -2880.96
v -59.46 0.00 -2873.49
v -62.76 0.00 -2880.45
v -61.97 0.00 -2870.50
v -67.33 0.00 -2875.01
v -107.34 0.00 -2974.09
v -110.42 0.00 -2978.02
v -120.38 0.00 -2963.86
v -123.32 0.00 -2967.90
v -143.04 0.00 -2948.53
v -145.84 0.00 -2952.67
v -119.10 0.00 -2988.41
v -121.59 0.00 -2992.74
v -155.31 0.00 -2967.55
v -157.80 0.00 -2971.89
v -222.96 0.00 -2853.89
v -227.23 0.00 -2851.29
v -218.54 0.00 -2846.65
v -225.36 0.00 -2848.22
v -238.16 0.00 -2834.07
v -240.42 0.00 -2838.56
v -256.50 0.00 -2827.10
v -259.24 0.00 -2831.41
v -263.05 0.00 -2820.76
v -266.53 0.00 -2824.35
v -91.43 0.00 -2891.93
v -96.41 0.00 -2892.41
v -93.00 0.00 -2875.64
v -98.05 0.00 -2875.33
v -85.87 0.00 -2843.52
v -90.73 0.00 -2842.33
v -85.33 0.00 -2841.54
v -90.16 0.00 -2840.24
f 308 310 309 307
f 310 312 311 309
f 312 314 313 311
f 314 316 315 313
f 316 318 317 315
f 318 320 319 317
f 320 322 321 319
f 322 324 323 321
f 324 326 325 323
f 326 328 327 325
f 328 330 329 327
f 330 332 331 329
f 334 336 335 333
f 336 338 337 335
f 338 340 339 337
f 340 342 341 339
f 344 346 345 343
f 346 348 347 345
f 348 350 349 347
f 350 352 351 349
f 352 354 353 351
f 356 358 357 355
f 358 360 359 357
f 362 364 363 361
f 366 368 367 365
f 368 370 369 367
f 370 372 371 369
f 372 374 373 371
f 376 378 377 375
f 378 380 379 377
f 380 382 381 379
o Roads_+0_-13
v -186.46 0.00 -3256.91
v -189.38 0.00 -3250.55
v -180.78 0.00 -3254.31
v -187.28 0.00 -3249.59
v -178.43 0.00 -3234.24
v -185.39 0.00 -3233.52
v -177.00 0.00 -3218.15
v -183.99 0.00 -3217.72
v -176.23 0.00 -3196.68
v -183.22 0.00 -3196.22
v -172.55 0.00 -3158.80
v -179.54 0.00 -3158.40
v -171.83 0.00 -3120.57
v -178.84 0.00 -3120.71
v -173.86 0.00 -3086.97
v -180.88 0.00 -3086.93
v -172.72 0.00 -3070.99
v -179.70 0.00 -3070.57
v -172.51 0.00 -3066.83
v -179.50 0.00 -3066.42
v -172.12 0.00 -3061.07
v -179.11 0.00 -3060.73
v -170.45 0.00 -3003.76
v -177.41 0.00 -3002.13
v -161.56 0.00 -2984.39
v -167.74 0.00 -2981.07
v -153.58 0.00 -2971.57
v -159.53 0.00 -2967.87
v -142.64 0.00 -2953.99
v -148.58 0.00 -2950.29
v 11.02 0.00 -2877.88
v 15.99 0.00 -2882.81
v -17.47 0.00 -2906.61
v -11.02 0.00 -2910.05
v -20.44 0.00 -2921.43
v -13.73 0.00 -2923.58
v -22.34 0.00 -2925.67
v -16.19 0.00 -2929.07
v -24.77 0.00 -2929.29
v -19.20 0.00 -2933.56
v -32.05 0.00 -2937.62
v -26.10 0.00 -2941.45
v -33.92 0.00 -2941.77
v -27.54 0.00 -2944.64
v -47.58 0.00 -2972.21
v -41.13 0.00 -2974.93
v -57.10 0.00 -2996.32
v -50.35 0.00 -2998.29
v -61.99 0.00 -3021.34
v -55.12 0.00 -3022.68
v -63.14 0.00 -3027.23
v -56.24 0.00 -3028.44
v -70.05 0.00 -3072.27
v -63.08 0.00 -3072.97
v -70.88 0.00 -3089.64
v -63.88 0.00 -3089.86
v -71.42 0.00 -3127.75
v -64.42 0.00 -3127.44
v -71.26 0.00 -3129.39
v -64.26 0.00 -3128.96
v -70.85 0.00 -3150.18
v -63.84 0.00 -3150.53
v -71.56 0.00 -3156.22
v -64.65 0.00 -3157.31
v -73.72 0.00 -3167.17
v -66.97 0.00 -3169.12
v -80.11 0.00 -3183.76
v -73.58 0.00 -3186.28
v -83.63 0.00 -3192.87
v -77.12 0.00 -3195.43
v -88.19 0.00 -3204.26
v -81.69 0.00 -3206.86
v -66.21 0.00 -3069.14
v -66.93 0.00 -3076.10
v -130.62 0.00 -3062.46
v -130.93 0.00 -3069.47
v -176.06 0.00 -3063.13
v -175.95 0.00 -3070.13
v -88.24 0.00 -3204.40
v -81.64 0.00 -3206.73
v -99.14 0.00 -3235.23
v -93.52 0.00 -3240.34
v -102.14 0.00 -3236.62
v -100.59 0.00 -3243.62
v -112.69 0.00 -3236.64
v -114.57 0.00 -3243.64
v -124.85 0.00 -3229.56
v -127.65 0.00 -3236.03
v -156.77 0.00 -3220.00
v -159.21 0.00 -3226.57
v -160.23 0.00 -3218.45
v -162.37 0.00 -3225.16
v -179.80 0.00 -3214.50
v -181.19 0.00 -3221.37
v -86.11 0.00 -3208.86
v -83.77 0.00 -3202.26
v -80.66 0.00 -3210.79
v -78.17 0.00 -3204.25
v -46.90 0.00 -3224.50
v -44.06 0.00 -3218.10
v -16.97 0.00 -3238.90
v -13.93 0.00 -3232.60
v -24.60 0.00 -3128.18
v -19.72 0.00 -3127.12
v -21.91 0.00 -3140.58
v -16.46 0.00 -3142.08
v -20.84 0.00 -3139.43
v -19.02 0.00 -3144.82
v -22.35 0.00 -3139.17
v -24.09 0.00 -3143.95
v -38.42 0.00 -3129.81
v -40.52 0.00 -3134.38
v -42.20 0.00 -3128.51
v -43.21 0.00 -3133.45
v -67.58 0.00 -3126.68
v -67.94 0.00 -3131.67
v -67.81 0.00 -3124.10
v -68.03 0.00 -3131.09
v -83.23 0.00 -3123.62
v -84.00 0.00 -3130.60
v -105.49 0.00 -3119.33
v -106.81 0.00 -3126.20
v -69.67 0.00 -3164.71
v -71.02 0.00 -3171.58
v -85.18 0.00 -3161.66
v -86.41 0.00 -3168.55
v -116.81 0.00 -3156.61
v -118.91 0.00 -3163.36
v -116.79 0.00 -3156.62
v -120.83 0.00 -3162.44
v -116.31 0.00 -3157.08
v -122.93 0.00 -3160.41
v -118.11 0.00 -3143.21
v -125.05 0.00 -3144.11
v -179.45 0.00 -3193.97
v -179.99 0.00 -3198.94
v -227.96 0.00 -3188.67
v -228.51 0.00 -3193.64
v -59.09 0.00 -3018.55
v -58.01 0.00 -3025.47
v -72.48 0.00 -3020.65
v -72.89 0.00 -3027.80
v -87.45 0.00 -3016.49
v -95.08 0.00 -3021.64
v -86.59 0.00 -3008.99
v -93.46 0.00 -3007.43
v -79.07 0.00 -2987.24
v -85.69 0.00 -2984.95
v -12.00 0.00 -3031.53
v -12.82 0.00 -3038.48
v -27.32 0.00 -3029.72
v -28.37 0.00 -3036.64
v -39.46 0.00 -3027.46
v -40.39 0.00 -3034.41
v -50.16 0.00 -3026.58
v -51.29 0.00 -3033.51
v -58.86 0.00 -3024.44
v -60.53 0.00 -3031.24
f 384 386 385 383
f 386 388 387 385
f 388 390 389 387
f 390 392 391 389
f 392 394 393 391
f 394 396 395 393
f 396 398 397 395
f 398 400 399 397
f 400 402 401 399
f 402 404 403 401
f 404 406 405 403
f 406 408 407 405
f 408 410 409 407
f 410 412 411 409
f 414 416 415 413
f 416 418 417 415
f 418 420 419 417
f 420 422 421 419
f 422 424 423 421
f 424 426 425 423
f 426 428 427 425
f 428 430 429 427
f 430 432 431 429
f 432 434 433 431
f 434 436 435 433
f 436 438 437 435
f 438 440 439 437
f 440 442 441 439
f 442 444 443 441
f 444 446 445 443
f 446 448 447 445
f 448 450 449 447
f 450 452 451 449
f 452 454 453 451
f 456 458 457 455
f 458 460 459 457
f 462 464 463 461
f 464 466 465 463
f 466 468 467 465
f 468 470 469 467
f 470 472 471 469
f 472 474 473 471
f 474 476 475 473
f 478 480 479 477
f 480 482 481 479
f 482 484 483 481
f 486 488 487 485
f 488 490 489 487
f 490 492 491 489
f 492 494 493 491
f 494 496 495 493
f 496 498 497 495
f 500 502 501 499
f 502 504 503 501
f 506 508 507 505
f 508 510 509 507
f 510 512 511 509
f 512 514 513 511
f 514 516 515 513
f 518 520 519 517
f 522 524 523 521
f 524 526 525 523
f 526 528 527 525
f 528 530 529 527
f 532 534 533 531
f 534 536 535 533
f 536 538 537 535
f 538 540 539 537
o Roads_+0_-14
v -235.93 0.00 -3457.70
v -242.72 0.00 -3455.98
v -234.35 0.00 -3451.48
v -241.06 0.00 -3449.46
v -228.28 0.00 -3434.14
v -234.93 0.00 -3431.95
v -225.15 0.00 -3424.05
v -231.81 0.00 -3421.92
v -222.71 0.00 -3416.67
v -229.57 0.00 -3415.12
v -221.14 0.00 -3404.08
v -228.12 0.00 -3403.45
v -220.71 0.00 -3396.39
v -227.67 0.00 -3395.57
v -219.86 0.00 -3391.72
v -226.47 0.00 -3388.92
v -216.84 0.00 -3387.48
v -222.38 0.00 -3383.21
v -210.17 0.00 -3379.45
v -215.69 0.00 -3375.14
v -203.53 0.00 -3370.43
v -209.58 0.00 -3366.84
v -200.07 0.00 -3362.99
v -206.68 0.00 -3360.60
v -195.02 0.00 -3344.04
v -201.86 0.00 -3342.54
v -192.74 0.00 -3330.82
v -199.66 0.00 -3329.78
v -191.51 0.00 -3321.26
v -198.45 0.00 -3320.37
v -188.48 0.00 -3297.89
v -195.48 0.00 -3297.43
v -188.43 0.00 -3282.37
v -195.43 0.00 -3282.28
v -188.03 0.00 -3264.91
v -195.02 0.00 -3264.69
v -187.84 0.00 -3260.32
v -194.80 0.00 -3259.08
v -186.97 0.00 -3257.63
v -193.07 0.00 -3253.74
v -185.53 0.00 -3256.29
v -190.31 0.00 -3251.17
v -106.56 0.00 -3396.00
v -110.01 0.00 -3402.09
v -118.30 0.00 -3389.36
v -121.72 0.00 -3395.46
v -135.19 0.00 -3380.02
v -134.32 0.00 -3388.50
v -139.69 0.00 -3383.89
v -138.02 0.00 -3391.69
v -148.92 0.00 -3381.14
v -150.65 0.00 -3387.93
v -160.11 0.00 -3378.76
v -160.21 0.00 -3385.89
v -166.45 0.00 -3379.91
v -161.65 0.00 -3386.15
v -175.16 0.00 -3398.46
v -168.85 0.00 -3401.49
v -196.13 0.00 -3441.02
v -189.81 0.00 -3444.03
v -205.36 0.00 -3461.01
v -199.01 0.00 -3463.95
v -19.74 0.00 -3389.64
v -21.40 0.00 -3396.44
v -43.65 0.00 -3383.83
v -45.01 0.00 -3390.71
v -71.86 0.00 -3379.53
v -68.67 0.00 -3387.09
v -87.98 0.00 -3401.99
v -82.30 0.00 -3406.07
v -64.91 0.00 -3498.43
v -69.55 0.00 -3496.55
v -53.68 0.00 -3470.75
v -58.27 0.00 -3468.76
v -53.25 0.00 -3469.80
v -57.79 0.00 -3467.72
v -44.82 0.00 -3451.29
v -49.37 0.00 -3449.22
v 35.38 0.00 -3453.85
v 34.62 0.00 -3460.81
v 12.10 0.00 -3451.30
v 10.89 0.00 -3458.21
v -14.72 0.00 -3444.83
v -16.58 0.00 -3451.58
v -30.05 0.00 -3440.10
v -32.15 0.00 -3446.78
v -42.84 0.00 -3436.02
v -45.63 0.00 -3442.48
v -57.34 0.00 -3427.94
v -61.78 0.00 -3433.48
v -76.20 0.00 -3406.84
v -81.06 0.00 -3411.91
v -83.90 0.00 -3400.53
v -86.39 0.00 -3407.54
v -99.11 0.00 -3400.59
v -101.09 0.00 -3407.60
v -106.45 0.00 -3396.07
v -110.13 0.00 -3402.02
v -50.99 0.00 -3354.13
v -57.64 0.00 -3351.94
v -47.16 0.00 -3342.52
v -53.76 0.00 -3340.19
v -42.91 0.00 -3331.18
v -49.31 0.00 -3328.32
v -36.88 0.00 -3319.66
v -43.20 0.00 -3316.62
v -30.85 0.00 -3305.98
v -36.95 0.00 -3302.46
v -24.88 0.00 -3297.82
v -30.52 0.00 -3293.68
v -20.83 0.00 -3292.31
v -25.89 0.00 -3287.37
v -14.21 0.00 -3287.19
v -18.65 0.00 -3281.77
v -5.46 0.00 -3279.58
v -10.06 0.00 -3274.31
v 2.43 0.00 -3272.64
v -2.66 0.00 -3267.79
v 9.32 0.00 -3263.97
v 3.27 0.00 -3260.34
v 15.61 0.00 -3249.53
v 9.19 0.00 -3246.74
v -122.05 0.00 -3490.87
v -121.93 0.00 -3498.87
v -129.93 0.00 -3490.99
v -129.81 0.00 -3498.99
v -167.75 0.00 -3480.90
v -173.79 0.00 -3477.37
v -116.99 0.00 -3394.18
v -123.03 0.00 -3390.64
v -191.93 0.00 -3301.16
v -192.04 0.00 -3294.16
v -170.24 0.00 -3300.83
v -170.26 0.00 -3293.83
v -157.87 0.00 -3300.97
v -157.24 0.00 -3293.97
v -132.52 0.00 -3305.25
v -136.15 0.00 -3297.54
v -130.55 0.00 -3301.83
v -133.75 0.00 -3293.38
v -122.81 0.00 -3304.43
v -120.47 0.00 -3297.83
v -112.97 0.00 -3308.12
v -110.08 0.00 -3301.73
v -85.05 0.00 -3323.07
v -81.75 0.00 -3316.90
v -197.06 0.00 -3333.69
v -195.34 0.00 -3326.91
v -152.29 0.00 -3345.08
v -156.40 0.00 -3336.82
v -150.59 0.00 -3341.05
v -154.54 0.00 -3332.42
v -116.13 0.00 -3352.12
v -113.35 0.00 -3345.66
v -92.23 0.00 -3365.23
v -88.87 0.00 -3359.09
v -54.42 0.00 -3466.52
v -56.62 0.00 -3471.01
v -77.26 0.00 -3455.31
v -79.86 0.00 -3459.61
v -96.87 0.00 -3440.91
v -100.15 0.00 -3444.71
v -102.64 0.00 -3435.04
v -105.85 0.00 -3438.90
v -112.56 0.00 -3428.34
v -115.36 0.00 -3432.49
v -31.44 0.00 -3261.83
v -34.77 0.00 -3267.99
v -50.01 0.00 -3251.81
v -53.33 0.00 -3257.97
v -157.73 0.00 -3340.06
v -150.96 0.00 -3341.84
v -161.53 0.00 -3354.54
v -153.03 0.00 -3349.74
v -155.24 0.00 -3356.39
v -146.63 0.00 -3351.63
v -161.23 0.00 -3377.64
v -154.79 0.00 -3380.62
v -163.06 0.00 -3380.37
v -157.26 0.00 -3384.28
v -194.51 0.00 -3318.36
v -195.44 0.00 -3323.27
v -224.04 0.00 -3312.77
v -224.97 0.00 -3317.69
v -210.66 0.00 -3223.60
v -205.66 0.00 -3223.57
v -210.45 0.00 -3252.65
v -205.45 0.00 -3252.62
f 542 544 543 541
f 544 546 545 543
f 546 548 547 545
f 548 550 549 547
f 550 552 551 549
f 552 554 553 551
f 554 556 555 553
f 556 558 557 555
f 558 560 559 557
f 560 562 561 559
f 562 564 563 561
f 564 566 565 563
f 566 568 567 565
f 568 570 569 567
f 570 572 571 569
f 572 574 573 571
f 574 576 575 573
f 576 578 577 575
f 578 580 579 577
f 580 582 581 579
f 584 586 585 583
f 586 588 587 585
f 588 590 589 587
f 590 592 591 589
f 592 594 593 591
f 594 596 595 593
f 596 598 597 595
f 598 600 599 597
f 600 602 601 599
f 604 606 605 603
f 606 608 607 605
f 608 610 609 607
f 612 614 613 611
f 614 616 615 613
f 616 618 617 615
f 620 622 621 619
f 622 624 623 621
f 624 626 625 623
f 626 628 627 625
f 628 630 629 627
f 630 632 631 629
f 632 634 633 631
f 634 636 635 633
f 636 638 637 635
f 640 642 641 639
f 642 644 643 641
f 644 646 645 643
f 646 648 647 645
f 648 650 649 647
f 650 652 651 649
f 652 654 653 651
f 654 656 655 653
f 656 658 657 655
f 658 660 659 657
f 660 662 661 659
f 664 666 665 663
f 668 670 669 667
f 672 674 673 671
f 674 676 675 673
f 676 678 677 675
f 678 680 679 677
f 680 682 681 679
f 682 684 683 681
f 684 686 685 683
f 688 690 689 687
f 690 692 691 689
f 692 694 693 691
f 694 696 695 693
f 698 700 699 697
f 700 702 701 699
f 702 704 703 701
f 704 706 705 703
f 708 710 709 707
f 712 714 713 711
f 714 716 715 713
f 716 718 717 715
f 718 720 719 717
f 722 724 723 721
f 726 728 727 725
o Roads_+0_-15
v -299.50 0.00 -3686.79
v -300.23 0.00 -3679.83
v -292.19 0.00 -3686.03
v -293.30 0.00 -3679.11
v -276.17 0.00 -3682.56
v -277.43 0.00 -3675.67
v -256.23 0.00 -3679.60
v -257.12 0.00 -3672.66
v -247.76 0.00 -3678.68
v -248.20 0.00 -3671.68
v -238.61 0.00 -3678.53
v -238.21 0.00 -3671.52
v -232.07 0.00 -3679.39
v -230.43 0.00 -3672.54
v -228.68 0.00 -3680.59
v -225.81 0.00 -3674.18
v -215.83 0.00 -3687.62
v -216.87 0.00 -3679.07
v -208.88 0.00 -3681.24
v -214.35 0.00 -3676.75
v -205.13 0.00 -3675.08
v -211.03 0.00 -3671.31
v -199.23 0.00 -3666.26
v -205.06 0.00 -3662.38
v -193.11 0.00 -3657.01
v -199.35 0.00 -3653.74
v -189.87 0.00 -3648.93
v -196.78 0.00 -3647.34
v -189.25 0.00 -3640.00
v -196.25 0.00 -3639.78
v -189.34 0.00 -3628.09
v -196.34 0.00 -3627.55
v -187.89 0.00 -3619.12
v -194.73 0.00 -3617.61
v -185.38 0.00 -3610.22
v -191.88 0.00 -3607.48
v -178.53 0.00 -3598.32
v -184.60 0.00 -3594.83
v -175.73 0.00 -3593.45
v -182.08 0.00 -3590.45
v -170.77 0.00 -3580.33
v -177.20 0.00 -3577.55
v -166.35 0.00 -3571.30
v -172.53 0.00 -3568.00
v -159.92 0.00 -3560.15
v -166.07 0.00 -3556.80
v -153.35 0.00 -3547.37
v -159.35 0.00 -3543.74
v -148.40 0.00 -3540.35
v -154.12 0.00 -3536.32
v -147.54 0.00 -3539.13
v -149.91 0.00 -3530.35
v -142.98 0.00 -3541.22
v -140.54 0.00 -3534.64
v -134.28 0.00 -3543.73
v -133.70 0.00 -3536.61
v -125.32 0.00 -3542.68
v -128.27 0.00 -3535.98
v -120.45 0.00 -3538.47
v -125.03 0.00 -3533.18
v -68.75 0.00 -3500.64
v -65.71 0.00 -3494.34
v -64.05 0.00 -3502.91
v -60.45 0.00 -3496.87
v -45.44 0.00 -3516.38
v -42.09 0.00 -3510.16
v -3.52 0.00 -3532.27
v -1.04 0.00 -3525.73
v -130.97 0.00 -3747.88
v -142.95 0.00 -3748.48
v -131.83 0.00 -3730.89
v -143.83 0.00 -3731.23
v -131.91 0.00 -3720.25
v -143.91 0.00 -3720.03
v -131.37 0.00 -3708.41
v -143.35 0.00 -3707.49
v -130.04 0.00 -3696.29
v -141.92 0.00 -3694.61
v -127.98 0.00 -3684.43
v -139.76 0.00 -3682.13
v -125.48 0.00 -3672.98
v -137.16 0.00 -3670.24
v -113.42 0.00 -3625.10
v -125.08 0.00 -3622.24
v -109.63 0.00 -3609.13
v -121.35 0.00 -3606.55
v -107.40 0.00 -3598.07
v -119.20 0.00 -3595.91
v -106.43 0.00 -3592.19
v -118.31 0.00 -3590.45
v -105.63 0.00 -3586.02
v -117.57 0.00 -3584.72
v -105.05 0.00 -3579.44
v -117.03 0.00 -3578.66
v -104.75 0.00 -3572.46
v -116.75 0.00 -3572.22
v -104.78 0.00 -3565.08
v -116.78 0.00 -3565.44
v -105.21 0.00 -3557.45
v -117.17 0.00 -3558.41
v -106.02 0.00 -3549.70
v -117.92 0.00 -3551.22
v -107.20 0.00 -3541.91
v -119.02 0.00 -3543.97
v -112.92 0.00 -3513.14
v -124.72 0.00 -3515.28
v -113.96 0.00 -3506.75
v -125.84 0.00 -3508.47
v -114.71 0.00 -3500.72
v -126.67 0.00 -3501.84
v -115.45 0.00 -3489.05
v -127.45 0.00 -3489.51
v -115.52 0.00 -3483.47
v -127.52 0.00 -3483.37
v -115.21 0.00 -3471.87
v -127.19 0.00 -3471.23
v -114.25 0.00 -3459.94
v -126.19 0.00 -3458.66
v -113.46 0.00 -3454.13
v -125.32 0.00 -3452.23
v -112.40 0.00 -3448.41
v -124.14 0.00 -3445.89
v -111.05 0.00 -3442.89
v -122.63 0.00 -3439.69
v -109.41 0.00 -3437.59
v -120.77 0.00 -3433.71
v -107.46 0.00 -3432.40
v -118.60 0.00 -3427.92
v -105.27 0.00 -3427.33
v -116.17 0.00 -3422.29
v -90.18 0.00 -3396.78
v -100.98 0.00 -3391.56
v -73.84 0.00 -3362.31
v -84.62 0.00 -3357.01
v -66.61 0.00 -3348.09
v -77.19 0.00 -3342.43
v -56.05 0.00 -3329.24
v -66.45 0.00 -3323.26
v -42.22 0.00 -3305.72
v -52.50 0.00 -3299.52
v -33.83 0.00 -3292.11
v -43.97 0.00 -3285.69
v -13.60 0.00 -3260.99
v -23.80 0.00 -3254.65
v -8.85 0.00 -3252.99
v -19.25 0.00 -3246.99
v -3.18 0.00 -3242.84
v -13.66 0.00 -3236.98
v -135.99 0.00 -3504.84
v -122.99 0.00 -3502.52
v -134.11 0.00 -3515.33
v -121.15 0.00 -3512.79
v -127.46 0.00 -3546.68
v -114.48 0.00 -3544.28
v -126.58 0.00 -3552.27
v -113.50 0.00 -3550.51
v -125.95 0.00 -3557.98
v -112.79 0.00 -3556.86
v -125.60 0.00 -3563.78
v -112.40 0.00 -3563.34
v -125.56 0.00 -3569.69
v -112.36 0.00 -3569.93
v -125.83 0.00 -3575.73
v -112.65 0.00 -3576.61
v -126.37 0.00 -3581.89
v -113.25 0.00 -3583.33
v -127.19 0.00 -3588.13
v -114.13 0.00 -3590.11
v -129.42 0.00 -3601.03
v -116.46 0.00 -3603.57
v -133.67 0.00 -3620.36
v -120.81 0.00 -3623.38
v -142.53 0.00 -3655.79
v -129.69 0.00 -3658.87
v -146.54 0.00 -3673.19
v -133.62 0.00 -3675.93
v -148.92 0.00 -3685.44
v -135.92 0.00 -3687.76
v -149.94 0.00 -3691.74
v -136.88 0.00 -3693.62
v -151.49 0.00 -3704.03
v -138.37 0.00 -3705.41
v -152.02 0.00 -3710.16
v -138.84 0.00 -3711.02
v -152.54 0.00 -3721.94
v -139.34 0.00 -3722.20
v -152.49 0.00 -3733.56
v -139.29 0.00 -3733.28
v -152.05 0.00 -3745.08
v -138.87 0.00 -3744.46
v -150.23 0.00 -3778.09
v -137.05 0.00 -3777.51
v -149.73 0.00 -3794.02
v -136.53 0.00 -3793.78
v -149.64 0.00 -3809.96
v -136.44 0.00 -3809.96
v -149.91 0.00 -3852.54
v -136.71 0.00 -3852.68
v -150.22 0.00 -3873.12
v -137.02 0.00 -3873.48
v -150.79 0.00 -3888.04
v -137.61 0.00 -3888.84
v -152.02 0.00 -3902.93
v -138.88 0.00 -3904.25
v -153.80 0.00 -3917.98
v -140.70 0.00 -3919.66
v -155.19 0.00 -3927.98
v -142.13 0.00 -3929.96
v -156.82 0.00 -3937.89
v -143.84 0.00 -3940.29
v -159.87 0.00 -3952.74
v -146.99 0.00 -3955.62
v -168.34 0.00 -3987.72
v -155.56 0.00 -3991.02
v -171.08 0.00 -3997.76
v -158.40 0.00 -4001.44
v -174.19 0.00 -4007.89
v -161.67 0.00 -4012.05
v -179.78 0.00 -4023.49
v -167.44 0.00 -4028.19
v -186.17 0.00 -4039.23
v -173.99 0.00 -4044.33
v -198.96 0.00 -4068.89
v -186.86 0.00 -4074.17
v -214.26 0.00 -4103.66
v -202.18 0.00 -4108.98
v -131.88 0.00 -3506.23
v -127.10 0.00 -3501.13
v -122.52 0.00 -3515.01
v -118.60 0.00 -3509.09
v -116.51 0.00 -3517.67
v -113.88 0.00 -3511.18
v -109.43 0.00 -3520.28
v -108.02 0.00 -3513.33
v -102.70 0.00 -3520.59
v -103.20 0.00 -3513.56
v -96.68 0.00 -3519.45
v -99.01 0.00 -3512.77
v -82.91 0.00 -3512.20
v -86.62 0.00 -3506.24
v -69.06 0.00 -3502.08
v -72.55 0.00 -3495.95
v -65.85 0.00 -3500.71
v -68.60 0.00 -3494.27
v -104.15 0.00 -3513.78
v -101.75 0.00 -3520.36
v -112.99 0.00 -3517.00
v -108.71 0.00 -3522.89
v -116.02 0.00 -3520.88
v -110.27 0.00 -3524.88
v -118.97 0.00 -3525.68
v -113.25 0.00 -3529.74
v -125.45 0.00 -3533.61
v -120.03 0.00 -3538.04
v -120.68 0.00 -3543.05
v -122.58 0.00 -3535.27
v -112.47 0.00 -3541.04
v -114.37 0.00 -3533.26
f 730 732 731 729
f 732 734 733 731
f 734 736 735 733
f 736 738 737 735
f 738 740 739 737
f 740 742 741 739
f 742 744 743 741
f 744 746 745 743
f 746 748 747 745
f 748 750 749 747
f 750 752 751 749
f 752 754 753 751
f 754 756 755 753
f 756 758 757 755
f 758 760 759 757
f 760 762 761 759
f 762 764 763 761
f 764 766 765 763
f 766 768 767 765
f 768 770 769 767
f 770 772 771 769
f 772 774 773 771
f 774 776 775 773
f 776 778 777 775
f 778 780 779 777
f 780 782 781 779
f 782 784 783 781
f 784 786 785 783
f 786 788 787 785
f 790 792 791 789
f 792 794 793 791
f 794 796 795 793
f 798 800 799 797
f 800 802 801 799
f 802 804 803 801
f 804 806 805 803
f 806 808 807 805
f 808 810 809 807
f 810 812 811 809
f 812 814 813 811
f 814 816 815 813
f 816 818 817 815
f 818 820 819 817
f 820 822 821 819
f 822 824 823 821
f 824 826 825 823
f 826 828 827 825
f 828 830 829 827
f 830 832 831 829
f 832 834 833 831
f 834 836 835 833
f 836 838 837 835
f 838 840 839 837
f 840 842 841 839
f 842 844 843 841
f 844 846 845 843
f 846 848 847 845
f 848 850 849 847
f 850 852 851 849
f 852 854 853 851
f 854 856 855 853
f 856 858 857 855
f 858 860 859 857
f 860 862 861 859
f 862 864 863 861
f 864 866 865 863
f 866 868 867 865
f 868 870 869 867
f 870 872 871 869
f 872 874 873 871
f 874 876 875 873
f 878 880 879 877
f 880 882 881 879
f 882 884 883 881
f 884 886 885 883
f 886 888 887 885
f 888 890 889 887
f 890 892 891 889
f 892 894 893 891
f 894 896 895 893
f 896 898 897 895
f 898 900 899 897
f 900 902 901 899
f 902 904 903 901
f 904 906 905 903
f 906 908 907 905
f 908 910 909 907
f 910 912 911 909
f 912 914 913 911
f 914 916 915 913
f 916 918 917 915
f 918 920 919 917
f 920 922 921 919
f 922 924 923 921
f 924 926 925 923
f 926 928 927 925
f 928 930 929 927
f 930 932 931 929
f 932 934 933 931
f 934 936 935 933
f 936 938 937 935
f 938 940 939 937
f 940 942 941 939
f 942 944 943 941
f 944 946 945 943
f 946 948 947 945
f 948 950 949 947
f 950 952 951 949
f 952 954 953 951
f 956 958 957 955
f 958 960 959 957
f 960 962 961 959
f 962 964 963 961
f 964 966 965 963
f 966 968 967 965
f 968 970 969 967
f 970 972 971 969
f 974 976 975 973
f 976 978 977 975
f 978 980 979 977
f 980 982 981 979
f 984 986 985 983
o Roads_+0_-2
v -36.48 0.00 -307.95
v -37.70 0.00 -314.85
v -239.20 0.00 -272.16
v -240.42 0.00 -279.05
v -38.01 0.00 -367.27
v -39.34 0.00 -374.15
v -119.47 0.00 -351.56
v -120.81 0.00 -358.43
v -196.58 0.00 -336.45
v -197.87 0.00 -343.33
v -248.54 0.00 -327.14
v -249.78 0.00 -334.03
v -212.89 0.00 -428.27
v -219.73 0.00 -426.78
v -193.81 0.00 -340.64
v -200.65 0.00 -339.15
v -133.08 0.00 -443.39
v -139.97 0.00 -442.11
v -116.70 0.00 -355.64
v -123.58 0.00 -354.36
v -76.69 0.00 -823.92
v -84.37 0.00 -821.70
v -64.06 0.00 -780.02
v -71.76 0.00 -777.88
v -58.71 0.00 -760.24
v -66.45 0.00 -758.22
v -48.69 0.00 -720.37
v -56.47 0.00 -718.49
v -39.54 0.00 -680.97
v -47.34 0.00 -679.21
v -34.06 0.00 -656.15
v -41.90 0.00 -654.55
v -30.19 0.00 -635.71
v -38.07 0.00 -634.35
v -27.75 0.00 -620.08
v -35.67 0.00 -618.98
v -25.20 0.00 -599.15
v -33.16 0.00 -598.31
v -24.27 0.00 -588.72
v -32.25 0.00 -588.14
v -23.38 0.00 -573.40
v -31.38 0.00 -573.04
v -19.54 0.00 -458.29
v -27.54 0.00 -457.97
v -18.56 0.00 -438.03
v -26.54 0.00 -437.59
v -16.34 0.00 -401.91
v -24.34 0.00 -401.51
v -15.56 0.00 -381.11
v -23.56 0.00 -380.91
v -14.14 0.00 -261.89
v -22.14 0.00 -261.83
v -13.94 0.00 -121.63
v -21.94 0.00 -121.53
v -13.45 0.00 -99.81
v -21.45 0.00 -99.53
v -12.67 0.00 -83.58
v -20.65 0.00 -83.10
v -11.90 0.00 -73.04
v -19.88 0.00 -72.38
v -10.46 0.00 -57.49
v -18.42 0.00 -56.67
v -8.76 0.00 -42.17
v -16.70 0.00 -41.21
v -6.81 0.00 -26.96
v -14.73 0.00 -25.86
v -3.71 0.00 -6.30
v -11.61 0.00 -5.02
v 5.83 0.00 48.16
v -2.07 0.00 49.48
v 10.15 0.00 75.41
v 2.23 0.00 76.59
v 14.72 0.00 108.07
v 6.78 0.00 109.09
v 18.56 0.00 141.46
v 10.62 0.00 142.38
v -264.77 0.00 -421.84
v -263.45 0.00 -414.96
v -216.97 0.00 -430.96
v -215.65 0.00 -424.09
v -137.18 0.00 -446.19
v -135.87 0.00 -439.31
v -43.50 0.00 -464.08
v -42.18 0.00 -457.20
f 988 990 989 987
f 992 994 993 991
f 994 996 995 993
f 996 998 997 995
f 1000 1002 1001 999
f 1004 1006 1005 1003
f 1008 1010 1009 1007
f 1010 1012 1011 1009
f 1012 1014 1013 1011
f 1014 1016 1015 1013
f 1016 1018 1017 1015
f 1018 1020 1019 1017
f 1020 1022 1021 1019
f 1022 1024 1023 1021
f 1024 1026 1025 1023
f 1026 1028 1027 1025
f 1028 1030 1029 1027
f 1030 1032 1031 1029
f 1032 1034 1033 1031
f 1034 1036 1035 1033
f 1036 1038 1037 1035
f 1038 1040 1039 1037
f 1040 1042 1041 1039
f 1042 1044 1043 1041
f 1044 1046 1045 1043
f 1046 1048 1047 1045
f 1048 1050 1049 1047
f 1050 1052 1051 1049
f 1052 1054 1053 1051
f 1054 1056 1055 1053
f 1056 1058 1057 1055
f 1058 1060 1059 1057
f 1060 1062 1061 1059
f 1064 1066 1065 1063
f 1066 1068 1067 1065
f 1068 1070 1069 1067
o Roads_+0_-3
v -38.18 0.00 -76.75
v -27.70 0.00 -77.27
v -40.33 0.00 -119.42
v -29.83 0.00 -119.88
v -40.93 0.00 -135.40
v -30.43 0.00 -135.66
v -41.05 0.00 -145.96
v -30.55 0.00 -145.98
v -40.82 0.00 -183.31
v -30.32 0.00 -183.33
v -41.98 0.00 -284.45
v -31.48 0.00 -284.61
v -42.65 0.00 -322.07
v -32.15 0.00 -322.31
v -44.21 0.00 -375.28
v -33.71 0.00 -375.68
v -47.16 0.00 -440.40
v -36.68 0.00 -440.92
v -48.54 0.00 -465.39
v -38.06 0.00 -466.07
v -56.01 0.00 -566.40
v -45.55 0.00 -567.22
v -57.68 0.00 -586.73
v -47.22 0.00 -587.69
v -59.30 0.00 -602.34
v -48.86 0.00 -603.52
v -61.88 0.00 -623.68
v -51.46 0.00 -625.00
v -63.97 0.00 -639.60
v -53.57 0.00 -641.08
v -65.54 0.00 -649.91
v -55.18 0.00 -651.65
v -68.30 0.00 -664.98
v -57.98 0.00 -666.96
v -77.37 0.00 -709.90
v -67.05 0.00 -711.82
v -85.52 0.00 -757.30
v -75.20 0.00 -759.26
v -87.65 0.00 -767.44
v -77.41 0.00 -769.78
v -91.52 0.00 -783.21
v -81.34 0.00 -785.81
v -110.96 0.00 -856.78
v -100.80 0.00 -859.46
v -44.42 0.00 -824.28
v -51.40 0.00 -823.72
v -38.41 0.00 -748.91
v -45.39 0.00 -748.35
v -247.46 0.00 -619.68
v -254.34 0.00 -618.41
v -236.68 0.00 -561.18
v -243.56 0.00 -559.91
v -60.96 0.00 -656.12
v -59.04 0.00 -646.30
v -38.76 0.00 -660.47
v -36.84 0.00 -650.65
f 1072 1074 1073 1071
f 1074 1076 1075 1073
f 1076 1078 1077 1075
f 1078 1080 1079 1077
f 1080 1082 1081 1079
f 1082 1084 1083 1081
f 1084 1086 1085 1083
f 1086 1088 1087 1085
f 1088 1090 1089 1087
f 1090 1092 1091 1089
f 1092 1094 1093 1091
f 1094 1096 1095 1093
f 1096 1098 1097 1095
f 1098 1100 1099 1097
f 1100 1102 1101 1099
f 1102 1104 1103 1101
f 1104 1106 1105 1103
f 1106 1108 1107 1105
f 1108 1110 1109 1107
f 1110 1112 1111 1109
f 1112 1114 1113 1111
f 1116 1118 1117 1115
f 1120 1122 1121 1119
f 1124 1126 1125 1123
o Roads_+0_-4
v -286.76 0.00 -953.13
v -284.94 0.00 -946.37
v -141.23 0.00 -992.29
v -139.41 0.00 -985.53
v -270.71 0.00 -733.13
v -269.32 0.00 -726.27
v -82.66 0.00 -771.05
v -81.27 0.00 -764.18
v -120.15 0.00 -888.39
v -109.97 0.00 -890.97
v -144.20 0.00 -983.34
v -134.02 0.00 -985.90
v -232.68 0.00 -1335.24
v -222.50 0.00 -1337.80
v -110.92 0.00 -856.65
v -100.84 0.00 -859.59
v -120.10 0.00 -888.21
v -110.02 0.00 -891.15
v -125.73 0.00 -932.45
v -127.62 0.00 -939.19
v -200.19 0.00 -911.61
v -202.06 0.00 -918.35
v -229.88 0.00 -903.41
v -231.74 0.00 -910.16
v -271.85 0.00 -891.81
v -273.72 0.00 -898.56
v -258.11 0.00 -834.93
v -256.17 0.00 -824.61
v -106.85 0.00 -863.28
v -104.91 0.00 -852.96
v -110.94 0.00 -941.27
v -108.96 0.00 -934.55
v -26.39 0.00 -966.22
v -24.41 0.00 -959.51
v 0.80 0.00 -936.01
v -1.23 0.00 -942.71
v -101.14 0.00 -905.03
v -103.17 0.00 -911.73
v 8.65 0.00 -908.87
v 6.74 0.00 -915.60
v -94.19 0.00 -879.73
v -96.10 0.00 -886.47
v -219.33 0.00 -769.07
v -212.42 0.00 -770.19
v -228.97 0.00 -828.61
v -222.06 0.00 -829.73
v -238.70 0.00 -766.03
v -231.78 0.00 -767.07
v -247.62 0.00 -825.45
v -240.70 0.00 -826.49
v -106.09 0.00 -938.95
v -113.81 0.00 -936.87
v -85.76 0.00 -863.54
v -93.52 0.00 -861.56
v -82.10 0.00 -848.47
v -89.90 0.00 -846.67
v -76.62 0.00 -823.67
v -84.44 0.00 -821.95
f 1128 1130 1129 1127
f 1132 1134 1133 1131
f 1136 1138 1137 1135
f 1138 1140 1139 1137
f 1142 1144 1143 1141
f 1146 1148 1147 1145
f 1148 1150 1149 1147
f 1150 1152 1151 1149
f 1154 1156 1155 1153
f 1158 1160 1159 1157
f 1162 1164 1163 1161
f 1166 1168 1167 1165
f 1170 1172 1171 1169
f 1174 1176 1175 1173
f 1178 1180 1179 1177
f 1180 1182 1181 1179
f 1182 1184 1183 1181
o Roads_+0_-5
v -108.46 0.00 -1160.19
v -101.64 0.00 -1161.79
v -115.59 0.00 -1190.61
v -108.76 0.00 -1192.15
v -121.68 0.00 -1218.55
v -114.84 0.00 -1220.04
v -180.76 0.00 -1209.18
v -179.26 0.00 -1202.35
v -119.01 0.00 -1222.72
v -117.51 0.00 -1215.88
v 25.40 0.00 -1086.64
v 23.64 0.00 -1093.41
v -80.11 0.00 -1059.12
v -81.88 0.00 -1065.89
v -90.48 0.00 -1115.15
v -97.27 0.00 -1113.46
v -77.59 0.00 -1063.31
v -84.40 0.00 -1061.70
v -65.68 0.00 -1009.84
v -72.51 0.00 -1008.32
v 6.10 0.00 -1181.03
v 4.65 0.00 -1187.88
v -104.32 0.00 -1157.57
v -105.78 0.00 -1164.42
v -101.65 0.00 -1161.81
v -108.45 0.00 -1160.18
v -90.47 0.00 -1115.12
v -97.28 0.00 -1113.49
v -291.64 0.00 -1082.36
v -290.11 0.00 -1075.53
v -170.35 0.00 -1109.54
v -168.81 0.00 -1102.71
v 275.30 0.00 -1080.09
v 272.68 0.00 -1091.79
v -52.41 0.00 -1006.67
v -54.99 0.00 -1018.39
v -126.61 0.00 -990.50
v -129.17 0.00 -1002.22
f 1186 1188 1187 1185
f 1188 1190 1189 1187
f 1192 1194 1193 1191
f 1196 1198 1197 1195
f 1200 1202 1201 1199
f 1202 1204 1203 1201
f 1206 1208 1207 1205
f 1210 1212 1211 1209
f 1214 1216 1215 1213
f 1218 1220 1219 1217
f 1220 1222 1221 1219
o Roads_+0_-6
v -233.25 0.00 -1431.36
v -231.75 0.00 -1424.52
v -94.04 0.00 -1461.75
v -92.55 0.00 -1454.91
v -82.44 0.00 -1391.52
v -75.60 0.00 -1393.02
v -92.64 0.00 -1438.02
v -85.79 0.00 -1439.49
v -96.72 0.00 -1457.60
v -89.88 0.00 -1459.06
v -102.63 0.00 -1484.61
v -95.79 0.00 -1486.09
v -110.47 0.00 -1521.18
v -103.64 0.00 -1522.68
v -113.17 0.00 -1533.19
v -106.37 0.00 -1534.86
v -127.29 0.00 -1586.56
v -120.52 0.00 -1588.35
v -361.02 0.00 -1939.42
v -368.70 0.00 -1937.18
v -345.43 0.00 -1885.96
v -353.13 0.00 -1883.76
v -338.56 0.00 -1861.39
v -346.28 0.00 -1859.31
v -294.06 0.00 -1689.69
v -301.80 0.00 -1687.69
v -276.18 0.00 -1619.94
v -283.94 0.00 -1618.00
v -253.87 0.00 -1527.68
v -261.63 0.00 -1525.74
v -241.39 0.00 -1479.46
v -249.15 0.00 -1477.48
v -217.24 0.00 -1383.32
v -225.00 0.00 -1381.34
v -208.81 0.00 -1350.55
v -216.57 0.00 -1348.63
v -203.84 0.00 -1329.70
v -211.64 0.00 -1327.90
v -156.95 0.00 -1122.27
v -164.75 0.00 -1120.47
v -152.20 0.00 -1102.25
v -159.98 0.00 -1100.37
v -144.70 0.00 -1071.94
v -152.44 0.00 -1069.94
v -138.03 0.00 -1046.98
v -145.75 0.00 -1044.86
v -126.67 0.00 -1006.89
v -134.35 0.00 -1004.67
v -120.29 0.00 -985.29
v -127.95 0.00 -982.99
v -106.13 0.00 -939.08
v -113.77 0.00 -936.74
v -121.68 0.00 -1218.56
v -114.84 0.00 -1220.04
v -128.19 0.00 -1248.78
v -121.34 0.00 -1250.26
v -134.43 0.00 -1277.75
v -127.58 0.00 -1279.23
v -140.41 0.00 -1305.56
v -133.56 0.00 -1307.04
v -146.79 0.00 -1335.17
v -139.95 0.00 -1336.65
v -153.90 0.00 -1367.78
v -147.06 0.00 -1369.28
f 1224 1226 1225 1223
f 1228 1230 1229 1227
f 1230 1232 1231 1229
f 1232 1234 1233 1231
f 1234 1236 1235 1233
f 1236 1238 1237 1235
f 1238 1240 1239 1237
f 1242 1244 1243 1241
f 1244 1246 1245 1243
f 1246 1248 1247 1245
f 1248 1250 1249 1247
f 1250 1252 1251 1249
f 1252 1254 1253 1251
f 1254 1256 1255 1253
f 1256 1258 1257 1255
f 1258 1260 1259 1257
f 1260 1262 1261 1259
f 1262 1264 1263 1261
f 1264 1266 1265 1263
f 1266 1268 1267 1265
f 1268 1270 1269 1267
f 1270 1272 1271 1269
f 1272 1274 1273 1271
f 1276 1278 1277 1275
f 1278 1280 1279 1277
f 1280 1282 1281 1279
f 1282 1284 1283 1281
f 1284 1286 1285 1283
o Roads_+0_-7
v -265.91 0.00 -1561.20
v -264.47 0.00 -1554.35
v -132.58 0.00 -1589.19
v -131.13 0.00 -1582.34
v -124.66 0.00 -1590.87
v -123.15 0.00 -1584.04
v -110.01 0.00 -1594.23
v -108.44 0.00 -1587.41
v -281.97 0.00 -1627.58
v -280.57 0.00 -1620.73
v -126.76 0.00 -1659.34
v -125.36 0.00 -1652.48
v -249.75 0.00 -1496.97
v -248.37 0.00 -1490.10
v -107.74 0.00 -1525.36
v -106.37 0.00 -1518.50
v 6.08 0.00 -1509.89
v 12.88 0.00 -1511.55
v -5.42 0.00 -1557.07
v 1.40 0.00 -1558.66
v -15.92 0.00 -1604.62
v -9.09 0.00 -1606.13
v 49.60 0.00 -1516.18
v 48.06 0.00 -1523.01
v 10.27 0.00 -1507.31
v 8.69 0.00 -1514.13
v -11.58 0.00 -1502.12
v -13.17 0.00 -1508.94
v -22.59 0.00 -1499.59
v -24.16 0.00 -1506.41
v -57.57 0.00 -1491.54
v -59.15 0.00 -1498.36
v -61.21 0.00 -1490.68
v -62.82 0.00 -1497.49
v -98.41 0.00 -1481.94
v -100.01 0.00 -1488.76
v 4.87 0.00 -1769.96
v 3.52 0.00 -1776.83
v -142.33 0.00 -1740.89
v -143.69 0.00 -1747.76
v -136.75 0.00 -1723.90
v -143.58 0.00 -1722.36
v -129.05 0.00 -1689.60
v -135.98 0.00 -1688.52
v -128.54 0.00 -1683.84
v -135.49 0.00 -1682.92
v -127.46 0.00 -1677.72
v -134.33 0.00 -1676.35
v -123.71 0.00 -1660.83
v -130.52 0.00 -1659.20
v -122.67 0.00 -1656.79
v -129.45 0.00 -1655.04
v -121.86 0.00 -1653.67
v -128.64 0.00 -1651.92
v -118.74 0.00 -1641.58
v -125.51 0.00 -1639.82
v -111.95 0.00 -1615.58
v -118.72 0.00 -1613.82
v -105.83 0.00 -1591.68
v -112.62 0.00 -1589.95
v 8.19 0.00 -1746.98
v 6.92 0.00 -1753.86
v -112.08 0.00 -1724.75
v -113.35 0.00 -1731.64
v -131.45 0.00 -1721.18
v -132.72 0.00 -1728.06
v -139.52 0.00 -1719.69
v -140.80 0.00 -1726.57
v -131.61 0.00 -1680.46
v -130.17 0.00 -1673.61
v -101.91 0.00 -1686.71
v -100.48 0.00 -1679.85
v 14.02 0.00 -1710.70
v 15.43 0.00 -1703.85
v -110.56 0.00 -1537.44
v -108.99 0.00 -1530.61
v -35.60 0.00 -1554.61
v -34.03 0.00 -1547.79
v -116.02 0.00 -1618.13
v -114.65 0.00 -1611.27
v -54.54 0.00 -1630.38
v -53.16 0.00 -1623.52
v 26.67 0.00 -1646.77
v 28.05 0.00 -1639.91
v -122.66 0.00 -1643.14
v -121.60 0.00 -1638.25
v -96.75 0.00 -1648.76
v -95.73 0.00 -1643.87
v 22.15 0.00 -1672.89
v 23.14 0.00 -1667.99
v -42.91 0.00 -1598.62
v -47.78 0.00 -1597.52
v -32.38 0.00 -1551.76
v -37.25 0.00 -1550.64
v -20.94 0.00 -1503.58
v -25.80 0.00 -1502.42
v -15.85 0.00 -1455.63
v -9.04 0.00 -1457.22
v -26.78 0.00 -1502.20
v -19.96 0.00 -1503.80
v -146.80 0.00 -1749.48
v -147.90 0.00 -1756.40
v -173.07 0.00 -1745.34
v -174.33 0.00 -1752.23
v -197.70 0.00 -1740.21
v -199.23 0.00 -1747.05
v -213.85 0.00 -1736.33
v -215.39 0.00 -1743.16
v -264.42 0.00 -1725.68
v -272.42 0.00 -1731.15
v -259.67 0.00 -1696.91
v -266.58 0.00 -1695.77
v -109.33 0.00 -1729.06
v -116.11 0.00 -1727.32
v -97.76 0.00 -1683.94
v -104.64 0.00 -1682.62
v -95.99 0.00 -1670.37
v -102.93 0.00 -1669.45
v -92.77 0.00 -1646.79
v -99.71 0.00 -1645.84
v -105.98 0.00 -1592.13
v -112.47 0.00 -1589.51
v -104.54 0.00 -1588.58
v -109.95 0.00 -1583.28
v -104.51 0.00 -1588.56
v -105.51 0.00 -1581.37
v -102.97 0.00 -1588.76
v -101.73 0.00 -1581.86
v -84.47 0.00 -1593.08
v -82.96 0.00 -1586.25
v -54.24 0.00 -1599.39
v -52.65 0.00 -1592.57
v -46.16 0.00 -1601.47
v -44.53 0.00 -1594.67
v -13.25 0.00 -1608.80
v -11.76 0.00 -1601.96
v 31.14 0.00 -1618.39
v 32.62 0.00 -1611.55
f 1288 1290 1289 1287
f 1290 1292 1291 1289
f 1292 1294 1293 1291
f 1296 1298 1297 1295
f 1300 1302 1301 1299
f 1304 1306 1305 1303
f 1306 1308 1307 1305
f 1310 1312 1311 1309
f 1312 1314 1313 1311
f 1314 1316 1315 1313
f 1316 1318 1317 1315
f 1318 1320 1319 1317
f 1320 1322 1321 1319
f 1324 1326 1325 1323
f 1328 1330 1329 1327
f 1330 1332 1331 1329
f 1332 1334 1333 1331
f 1334 1336 1335 1333
f 1336 1338 1337 1335
f 1338 1340 1339 1337
f 1340 1342 1341 1339
f 1342 1344 1343 1341
f 1344 1346 1345 1343
f 1348 1350 1349 1347
f 1350 1352 1351 1349
f 1352 1354 1353 1351
f 1356 1358 1357 1355
f 1358 1360 1359 1357
f 1362 1364 1363 1361
f 1366 1368 1367 1365
f 1368 1370 1369 1367
f 1372 1374 1373 1371
f 1374 1376 1375 1373
f 1378 1380 1379 1377
f 1380 1382 1381 1379
f 1384 1386 1385 1383
f 1388 1390 1389 1387
f 1390 1392 1391 1389
f 1392 1394 1393 1391
f 1394 1396 1395 1393
f 1396 1398 1397 1395
f 1400 1402 1401 1399
f 1402 1404 1403 1401
f 1404 1406 1405 1403
f 1408 1410 1409 1407
f 1410 1412 1411 1409
f 1412 1414 1413 1411
f 1414 1416 1415 1413
f 1416 1418 1417 1415
f 1418 1420 1419 1417
f 1420 1422 1421 1419
f 1422 1424 1423 1421
o Roads_+0_-8
v -143.63 0.00 -1722.66
v -136.69 0.00 -1723.60
v -146.40 0.00 -1743.28
v -139.62 0.00 -1745.38
v -150.63 0.00 -1751.68
v -144.07 0.00 -1754.21
v -156.11 0.00 -1771.53
v -149.24 0.00 -1772.94
v -156.39 0.00 -1773.59
v -149.45 0.00 -1774.53
v -156.77 0.00 -1776.33
v -149.93 0.00 -1777.99
v -160.16 0.00 -1785.97
v -153.56 0.00 -1788.29
v -86.80 0.00 -1795.33
v -87.96 0.00 -1802.24
v -156.28 0.00 -1783.68
v -157.44 0.00 -1790.58
v -176.87 0.00 -1780.22
v -178.03 0.00 -1787.12
v -344.27 0.00 -1868.69
v -342.95 0.00 -1861.81
v -240.92 0.00 -1888.54
v -239.60 0.00 -1881.66
v -204.85 0.00 -1895.47
v -203.72 0.00 -1888.55
v -180.13 0.00 -1898.75
v -179.21 0.00 -1891.81
v -19.16 0.00 -1940.88
v -20.29 0.00 -1945.75
v -72.04 0.00 -1928.53
v -73.17 0.00 -1933.40
v -188.82 0.00 -1852.48
v -187.49 0.00 -1845.60
v -132.82 0.00 -1863.27
v -131.49 0.00 -1856.40
v -93.74 0.00 -1870.81
v -92.41 0.00 -1863.94
v -180.91 0.00 -1783.10
v -174.00 0.00 -1784.23
v -186.37 0.00 -1816.51
v -179.47 0.00 -1817.64
v -191.61 0.00 -1848.47
v -184.70 0.00 -1849.61
v -92.42 0.00 -1831.08
v -93.75 0.00 -1837.95
v -182.25 0.00 -1813.64
v -183.59 0.00 -1820.51
v -90.84 0.00 -1798.23
v -83.93 0.00 -1799.34
v -96.60 0.00 -1834.32
v -89.57 0.00 -1834.71
v -96.35 0.00 -1839.56
v -89.35 0.00 -1839.23
v -95.76 0.00 -1852.04
v -88.75 0.00 -1852.06
v -96.56 0.00 -1866.95
v -89.59 0.00 -1867.80
v -100.18 0.00 -1885.84
v -93.20 0.00 -1886.61
v -101.34 0.00 -1923.53
v -94.34 0.00 -1923.74
v -42.40 0.00 -2016.19
v -49.37 0.00 -2015.56
v -40.87 0.00 -1999.05
v -47.86 0.00 -1998.62
v -39.86 0.00 -1967.14
v -46.86 0.00 -1966.92
v -183.12 0.00 -1894.66
v -176.23 0.00 -1895.90
v -195.89 0.00 -1965.65
v -189.00 0.00 -1966.89
v 44.97 0.00 -2012.43
v 43.65 0.00 -2019.30
v -43.71 0.00 -1995.40
v -45.03 0.00 -2002.27
v 123.03 0.00 -1847.00
v 121.78 0.00 -1853.89
v -2.63 0.00 -1824.17
v -3.88 0.00 -1831.05
v -76.09 0.00 -1930.60
v -69.12 0.00 -1931.33
v -79.70 0.00 -1965.49
v -72.74 0.00 -1966.21
v -190.49 0.00 -1848.16
v -185.81 0.00 -1849.92
v -206.62 0.00 -1891.13
v -201.94 0.00 -1892.89
v 114.56 0.00 -1887.45
v 113.58 0.00 -1894.38
v -9.46 0.00 -1869.90
v -10.44 0.00 -1876.83
v -6.69 0.00 -1851.39
v -8.04 0.00 -1858.26
v -57.49 0.00 -1841.42
v -58.70 0.00 -1848.32
v -92.31 0.00 -1835.94
v -93.39 0.00 -1842.86
v -0.96 0.00 -1809.74
v -2.12 0.00 -1816.64
v -86.80 0.00 -1795.33
v -87.96 0.00 -1802.24
v -11.11 0.00 -1882.06
v -12.19 0.00 -1888.98
v -63.48 0.00 -1873.94
v -64.55 0.00 -1880.86
v -15.15 0.00 -1911.36
v -16.34 0.00 -1918.26
v -66.63 0.00 -1902.48
v -67.82 0.00 -1909.38
v -61.54 0.00 -1844.25
v -54.65 0.00 -1845.50
v -67.48 0.00 -1876.89
v -60.55 0.00 -1877.91
v -70.69 0.00 -1905.37
v -63.77 0.00 -1906.50
v -76.03 0.00 -1930.23
v -69.18 0.00 -1931.70
v -135.59 0.00 -1859.13
v -128.73 0.00 -1860.53
v -144.19 0.00 -1901.41
v -137.33 0.00 -1902.80
v -146.85 0.00 -1914.50
v -139.98 0.00 -1915.85
v -156.68 0.00 -1966.36
v -149.81 0.00 -1967.66
v -71.63 0.00 -1927.60
v -73.58 0.00 -1934.33
v -97.03 0.00 -1920.22
v -98.65 0.00 -1927.04
v -142.78 0.00 -1911.73
v -144.06 0.00 -1918.62
v -180.28 0.00 -1898.73
v -179.07 0.00 -1891.84
v -141.37 0.00 -1905.55
v -140.16 0.00 -1898.66
f 1426 1428 1427 1425
f 1428 1430 1429 1427
f 1430 1432 1431 1429
f 1432 1434 1433 1431
f 1434 1436 1435 1433
f 1436 1438 1437 1435
f 1440 1442 1441 1439
f 1442 1444 1443 1441
f 1446 1448 1447 1445
f 1448 1450 1449 1447
f 1450 1452 1451 1449
f 1454 1456 1455 1453
f 1458 1460 1459 1457
f 1460 1462 1461 1459
f 1464 1466 1465 1463
f 1466 1468 1467 1465
f 1470 1472 1471 1469
f 1474 1476 1475 1473
f 1476 1478 1477 1475
f 1478 1480 1479 1477
f 1480 1482 1481 1479
f 1482 1484 1483 1481
f 1484 1486 1485 1483
f 1488 1490 1489 1487
f 1490 1492 1491 1489
f 1494 1496 1495 1493
f 1498 1500 1499 1497
f 1502 1504 1503 1501
f 1506 1508 1507 1505
f 1510 1512 1511 1509
f 1514 1516 1515 1513
f 1518 1520 1519 1517
f 1520 1522 1521 1519
f 1524 1526 1525 1523
f 1528 1530 1529 1527
f 1532 1534 1533 1531
f 1536 1538 1537 1535
f 1538 1540 1539 1537
f 1540 1542 1541 1539
f 1544 1546 1545 1543
f 1546 1548 1547 1545
f 1548 1550 1549 1547
f 1552 1554 1553 1551
f 1554 1556 1555 1553
f 1558 1560 1559 1557
o Roads_+0_-9
v -297.89 0.00 -2051.95
v -296.37 0.00 -2045.12
v -242.95 0.00 -2064.20
v -242.44 0.00 -2057.14
v -215.19 0.00 -2062.05
v -215.44 0.00 -2055.04
v -123.22 0.00 -2062.66
v -123.28 0.00 -2055.66
v -117.57 0.00 -2062.53
v -117.74 0.00 -2055.53
v -283.34 0.00 -2000.34
v -281.70 0.00 -1993.53
v -217.39 0.00 -2016.22
v -216.24 0.00 -2009.29
v -198.74 0.00 -2017.95
v -198.32 0.00 -2010.96
v -137.28 0.00 -2019.66
v -137.16 0.00 -2012.66
v -123.78 0.00 -2019.76
v -123.77 0.00 -2012.76
v -45.87 0.00 -2019.37
v -45.90 0.00 -2012.37
v -29.52 0.00 -2097.78
v -29.58 0.00 -2104.78
v -117.90 0.00 -2096.99
v -117.88 0.00 -2103.99
v -211.66 0.00 -2098.60
v -211.53 0.00 -2105.60
v -235.51 0.00 -2099.11
v -235.50 0.00 -2106.11
v -252.03 0.00 -2098.83
v -252.87 0.00 -2105.81
v -307.11 0.00 -2086.47
v -308.64 0.00 -2093.30
v -261.25 0.00 -2191.35
v -261.53 0.00 -2184.35
v -210.83 0.00 -2189.38
v -211.10 0.00 -2182.38
v -121.16 0.00 -2059.01
v -114.16 0.00 -2059.05
v -121.39 0.00 -2100.51
v -114.39 0.00 -2100.46
v -120.46 0.00 -2144.19
v -113.46 0.00 -2144.18
v -120.89 0.00 -2165.77
v -113.89 0.00 -2165.83
v -120.80 0.00 -2187.07
v -113.80 0.00 -2187.04
v -133.11 0.00 -2225.38
v -133.08 0.00 -2232.38
v -190.26 0.00 -2225.68
v -190.24 0.00 -2232.68
v -218.28 0.00 -2225.74
v -218.74 0.00 -2232.74
v -252.24 0.00 -2221.13
v -253.19 0.00 -2228.06
v -211.01 0.00 -2189.38
v -210.92 0.00 -2182.38
v -132.96 0.00 -2190.37
v -132.88 0.00 -2183.37
v -117.34 0.00 -2190.55
v -117.26 0.00 -2183.55
v -55.31 0.00 -2191.34
v -55.22 0.00 -2184.34
v -133.11 0.00 -2232.38
v -133.07 0.00 -2225.38
v -107.38 0.00 -2232.53
v -107.33 0.00 -2225.53
v -90.79 0.00 -2232.67
v -90.73 0.00 -2225.67
v -55.65 0.00 -2232.99
v -55.59 0.00 -2225.99
v -29.32 0.00 -2233.22
v -29.26 0.00 -2226.22
v -2.66 0.00 -2184.21
v 2.88 0.00 -2188.48
v -3.47 0.00 -2185.26
v -0.07 0.00 -2192.32
v -55.20 0.00 -2184.34
v -55.33 0.00 -2191.34
v -211.34 0.00 -2146.46
v -211.24 0.00 -2139.46
v -117.01 0.00 -2147.68
v -116.92 0.00 -2140.68
v -28.96 0.00 -2148.86
v -28.86 0.00 -2141.86
v -207.46 0.00 -2185.86
v -214.46 0.00 -2185.91
v -207.79 0.00 -2142.93
v -214.79 0.00 -2142.98
v -208.10 0.00 -2102.07
v -215.10 0.00 -2102.13
v -140.11 0.00 -1965.76
v -133.11 0.00 -1965.85
v -140.72 0.00 -2016.12
v -133.72 0.00 -2016.20
v -215.10 0.00 -1966.22
v -208.15 0.00 -1967.01
v -220.30 0.00 -2012.36
v -213.34 0.00 -2013.15
v -136.42 0.00 -2186.85
v -129.42 0.00 -2186.88
v -136.59 0.00 -2228.87
v -129.59 0.00 -2228.90
v -136.77 0.00 -2269.26
v -129.77 0.00 -2269.29
v -117.61 0.00 -2062.53
v -117.70 0.00 -2055.53
v -38.91 0.00 -2061.58
v -38.99 0.00 -2054.58
v -119.75 0.00 -2059.12
v -126.75 0.00 -2059.21
v -120.28 0.00 -2016.22
v -127.28 0.00 -2016.30
v -49.34 0.00 -2016.45
v -42.43 0.00 -2015.30
v -44.87 0.00 -2043.28
v -37.96 0.00 -2042.15
v -42.39 0.00 -2058.71
v -35.51 0.00 -2057.45
v -36.95 0.00 -2085.46
v -30.10 0.00 -2084.00
v -35.46 0.00 -2092.15
v -28.63 0.00 -2090.64
v 1.91 0.00 -2142.27
v 1.82 0.00 -2149.27
v -28.86 0.00 -2141.86
v -28.96 0.00 -2148.86
v -25.41 0.00 -2145.35
v -32.41 0.00 -2145.37
v -25.52 0.00 -2107.40
v -32.52 0.00 -2107.70
v -26.09 0.00 -2100.70
v -33.01 0.00 -2101.86
v -28.65 0.00 -2090.54
v -35.44 0.00 -2092.25
f 1562 1564 1563 1561
f 1564 1566 1565 1563
f 1566 1568 1567 1565
f 1568 1570 1569 1567
f 1572 1574 1573 1571
f 1574 1576 1575 1573
f 1576 1578 1577 1575
f 1578 1580 1579 1577
f 1580 1582 1581 1579
f 1584 1586 1585 1583
f 1586 1588 1587 1585
f 1588 1590 1589 1587
f 1590 1592 1591 1589
f 1592 1594 1593 1591
f 1596 1598 1597 1595
f 1600 1602 1601 1599
f 1602 1604 1603 1601
f 1604 1606 1605 1603
f 1606 1608 1607 1605
f 1610 1612 1611 1609
f 1612 1614 1613 1611
f 1614 1616 1615 1613
f 1618 1620 1619 1617
f 1620 1622 1621 1619
f 1622 1624 1623 1621
f 1626 1628 1627 1625
f 1628 1630 1629 1627
f 1630 1632 1631 1629
f 1632 1634 1633 1631
f 1636 1638 1637 1635
f 1638 1640 1639 1637
f 1642 1644 1643 1641
f 1644 1646 1645 1643
f 1648 1650 1649 1647
f 1650 1652 1651 1649
f 1654 1656 1655 1653
f 1658 1660 1659 1657
f 1662 1664 1663 1661
f 1664 1666 1665 1663
f 1668 1670 1669 1667
f 1672 1674 1673 1671
f 1676 1678 1677 1675
f 1678 1680 1679 1677
f 1680 1682 1681 1679
f 1682 1684 1683 1681
f 1686 1688 1687 1685
f 1690 1692 1691 1689
f 1692 1694 1693 1691
f 1694 1696 1695 1693
o Roads_+1_+0
v -191.77 0.00 18.45
v -192.83 0.00 11.53
v -244.45 0.00 26.56
v -245.55 0.00 19.64
v -284.84 0.00 33.19
v -285.99 0.00 26.28
v -404.74 0.00 53.46
v -405.88 0.00 46.55
v -568.86 0.00 79.53
v -569.96 0.00 72.62
v -185.65 0.00 56.63
v -186.83 0.00 49.72
v -278.71 0.00 72.43
v -279.88 0.00 65.53
v -397.80 0.00 92.65
v -398.97 0.00 85.75
v -270.60 0.00 147.37
v -263.71 0.00 146.18
v -276.74 0.00 111.80
v -269.83 0.00 110.72
v -282.75 0.00 69.49
v -275.83 0.00 68.46
v -288.87 0.00 30.27
v -281.95 0.00 29.19
v -294.92 0.00 -8.65
v -288.00 0.00 -9.73
v -391.44 0.00 126.80
v -390.32 0.00 133.71
v -273.87 0.00 107.81
v -272.70 0.00 114.71
v -180.28 0.00 91.14
v -179.06 0.00 98.03
v -777.23 0.00 148.28
v -777.15 0.00 156.28
v -393.22 0.00 143.96
v -393.14 0.00 151.96
v 2.65 0.00 139.87
v 2.73 0.00 147.87
v -410.00 0.00 26.88
v -410.05 0.00 19.88
v -434.92 0.00 27.07
v -434.98 0.00 20.07
f 1698 1700 1699 1697
f 1700 1702 1701 1699
f 1702 1704 1703 1701
f 1704 1706 1705 1703
f 1708 1710 1709 1707
f 1710 1712 1711 1709
f 1714 1716 1715 1713
f 1716 1718 1717 1715
f 1718 1720 1719 1717
f 1720 1722 1721 1719
f 1724 1726 1725 1723
f 1726 1728 1727 1725
f 1730 1732 1731 1729
f 1732 1734 1733 1731
f 1736 1738 1737 1735
o Roads_+1_-1
v -499.61 0.00 -517.92
v -511.43 0.00 -515.84
v -446.00 0.00 -214.65
v -457.80 0.00 -212.51
v -442.08 0.00 -193.57
v -453.86 0.00 -191.31
v -434.53 0.00 -155.63
v -446.33 0.00 -153.47
v -432.76 0.00 -145.06
v -444.60 0.00 -143.16
v -428.02 0.00 -113.95
v -439.88 0.00 -112.05
v -422.53 0.00 -81.08
v -434.35 0.00 -79.04
v -385.22 0.00 128.53
v -397.04 0.00 130.59
v -382.10 0.00 146.88
v -393.92 0.00 148.90
v -218.54 0.00 -150.60
v -219.71 0.00 -157.50
v -327.99 0.00 -132.04
v -329.29 0.00 -138.92
v -433.53 0.00 -110.23
v -434.95 0.00 -117.09
v -198.04 0.00 -21.43
v -199.21 0.00 -28.33
v -290.88 0.00 -5.74
v -292.04 0.00 -12.64
v -411.59 0.00 14.66
v -412.76 0.00 7.76
v -225.07 0.00 -189.16
v -226.29 0.00 -196.06
v -334.89 0.00 -169.84
v -336.13 0.00 -176.73
v -439.37 0.00 -150.64
v -440.60 0.00 -157.53
v -591.37 0.00 -124.15
v -592.57 0.00 -131.05
v -204.38 0.00 -61.41
v -205.55 0.00 -68.31
v -297.83 0.00 -45.53
v -299.00 0.00 -52.43
v -418.60 0.00 -25.02
v -419.77 0.00 -31.92
v -209.97 0.00 -96.54
v -211.12 0.00 -103.44
v -304.22 0.00 -80.84
v -305.37 0.00 -87.74
v -424.92 0.00 -60.69
v -426.07 0.00 -67.60
v -428.76 0.00 -82.74
v -427.59 0.00 -75.84
v -322.27 0.00 -100.80
v -321.12 0.00 -93.90
v -213.53 0.00 -118.65
v -212.39 0.00 -111.74
v -325.14 0.00 -96.72
v -318.25 0.00 -97.98
v -332.08 0.00 -134.85
v -325.20 0.00 -136.10
v -294.91 0.00 -8.59
v -288.01 0.00 -9.79
v -301.86 0.00 -48.37
v -294.97 0.00 -49.60
v -308.24 0.00 -83.67
v -301.35 0.00 -84.91
f 1740 1742 1741 1739
f 1742 1744 1743 1741
f 1744 1746 1745 1743
f 1746 1748 1747 1745
f 1748 1750 1749 1747
f 1750 1752 1751 1749
f 1752 1754 1753 1751
f 1754 1756 1755 1753
f 1758 1760 1759 1757
f 1760 1762 1761 1759
f 1764 1766 1765 1763
f 1766 1768 1767 1765
f 1770 1772 1771 1769
f 1772 1774 1773 1771
f 1774 1776 1775 1773
f 1778 1780 1779 1777
f 1780 1782 1781 1779
f 1784 1786 1785 1783
f 1786 1788 1787 1785
f 1790 1792 1791 1789
f 1792 1794 1793 1791
f 1796 1798 1797 1795
f 1800 1802 1801 1799
f 1802 1804 1803 1801
o Roads_+1_-10
v -324.52 0.00 -2490.98
v -331.28 0.00 -2489.18
v -312.76 0.00 -2446.96
v -319.55 0.00 -2445.23
v -309.53 0.00 -2433.73
v -316.33 0.00 -2432.06
v -303.82 0.00 -2410.39
v -310.61 0.00 -2408.71
v -301.62 0.00 -2401.58
v -308.41 0.00 -2399.88
v -291.61 0.00 -2361.64
v -298.40 0.00 -2359.94
v -488.94 0.00 -2306.81
v -481.02 0.00 -2305.67
v -487.86 0.00 -2314.30
v -480.08 0.00 -2312.18
v -485.36 0.00 -2320.36
v -478.40 0.00 -2316.26
v -482.89 0.00 -2323.46
v -477.03 0.00 -2317.98
v -479.82 0.00 -2326.26
v -475.18 0.00 -2319.66
v -476.07 0.00 -2328.24
v -473.15 0.00 -2320.74
v -471.95 0.00 -2329.32
v -470.95 0.00 -2321.32
v -467.64 0.00 -2329.30
v -468.78 0.00 -2321.30
v -463.42 0.00 -2328.09
v -466.72 0.00 -2320.71
v -459.62 0.00 -2325.70
v -464.86 0.00 -2319.54
v -456.57 0.00 -2322.22
v -463.33 0.00 -2317.80
v -454.56 0.00 -2317.91
v -462.28 0.00 -2315.55
v -453.79 0.00 -2313.10
v -461.87 0.00 -2312.94
v -454.38 0.00 -2308.15
v -462.18 0.00 -2310.27
v -456.41 0.00 -2303.52
v -463.25 0.00 -2307.86
v -459.72 0.00 -2299.73
v -464.98 0.00 -2305.87
v -463.99 0.00 -2297.05
v -467.15 0.00 -2304.51
v -468.72 0.00 -2295.88
v -469.82 0.00 -2303.84
v -473.39 0.00 -2295.73
v -472.25 0.00 -2303.77
v -480.52 0.00 -2298.05
v -476.84 0.00 -2305.27
v -487.33 0.00 -2303.00
v -482.63 0.00 -2309.48
v -312.05 0.00 -2429.50
v -313.80 0.00 -2436.28
v -480.84 0.00 -2386.00
v -482.59 0.00 -2392.78
v -304.41 0.00 -2398.30
v -305.62 0.00 -2403.15
v -471.14 0.00 -2356.48
v -472.35 0.00 -2361.33
v -505.33 0.00 -2451.85
v -502.43 0.00 -2440.21
v -373.39 0.00 -2484.71
v -370.45 0.00 -2473.07
v -334.34 0.00 -2494.73
v -331.24 0.00 -2483.13
v -314.87 0.00 -2500.16
v -311.55 0.00 -2488.62
v -295.31 0.00 -2505.97
v -291.79 0.00 -2494.49
v -235.69 0.00 -2524.73
v -232.09 0.00 -2513.29
v -200.81 0.00 -2479.32
v -202.95 0.00 -2485.99
v -315.09 0.00 -2442.76
v -317.22 0.00 -2449.43
f 1806 1808 1807 1805
f 1808 1810 1809 1807
f 1810 1812 1811 1809
f 1812 1814 1813 1811
f 1814 1816 1815 1813
f 1818 1820 1819 1817
f 1820 1822 1821 1819
f 1822 1824 1823 1821
f 1824 1826 1825 1823
f 1826 1828 1827 1825
f 1828 1830 1829 1827
f 1830 1832 1831 1829
f 1832 1834 1833 1831
f 1834 1836 1835 1833
f 1836 1838 1837 1835
f 1838 1840 1839 1837
f 1840 1842 1841 1839
f 1842 1844 1843 1841
f 1844 1846 1845 1843
f 1846 1848 1847 1845
f 1848 1850 1849 1847
f 1850 1852 1851 1849
f 1852 1854 1853 1851
f 1854 1856 1855 1853
f 1856 1858 1857 1855
f 1860 1862 1861 1859
f 1864 1866 1865 1863
f 1868 1870 1869 1867
f 1870 1872 1871 1869
f 1872 1874 1873 1871
f 1874 1876 1875 1873
f 1876 1878 1877 1875
f 1880 1882 1881 1879
o Roads_+1_-11
v -525.28 0.00 -2493.12
v -522.37 0.00 -2486.76
v -508.12 0.00 -2500.96
v -505.32 0.00 -2494.55
v -486.84 0.00 -2509.83
v -483.22 0.00 -2503.75
v -450.67 0.00 -2539.02
v -445.96 0.00 -2533.83
v -426.26 0.00 -2563.86
v -421.26 0.00 -2558.95
v -401.91 0.00 -2588.63
v -397.59 0.00 -2583.05
v -385.80 0.00 -2597.93
v -382.40 0.00 -2591.81
v -372.38 0.00 -2605.11
v -369.07 0.00 -2598.94
v -365.13 0.00 -2609.00
v -361.94 0.00 -2602.77
v -344.03 0.00 -2619.31
v -340.95 0.00 -2613.02
v -325.74 0.00 -2628.25
v -322.66 0.00 -2621.96
v -313.12 0.00 -2634.41
v -310.83 0.00 -2627.74
v -284.60 0.00 -2640.41
v -281.64 0.00 -2633.88
v -256.07 0.00 -2661.89
v -251.86 0.00 -2656.30
v -236.23 0.00 -2676.83
v -231.79 0.00 -2671.41
v -220.43 0.00 -2690.94
v -216.71 0.00 -2684.88
v -209.87 0.00 -2695.04
v -206.82 0.00 -2688.72
v -180.49 0.00 -2712.14
v -177.02 0.00 -2706.07
v -158.40 0.00 -2724.58
v -154.75 0.00 -2718.60
v -143.68 0.00 -2734.29
v -139.65 0.00 -2728.56
v -135.75 0.00 -2740.23
v -131.56 0.00 -2734.62
v -126.90 0.00 -2746.85
v -122.95 0.00 -2741.07
v -76.78 0.00 -2777.88
v -73.14 0.00 -2771.90
v -57.90 0.00 -2789.18
v -54.24 0.00 -2783.22
v -29.63 0.00 -2806.94
v -25.72 0.00 -2801.13
v 15.90 0.00 -2839.67
v 19.99 0.00 -2833.99
v -245.58 0.00 -2707.15
v -249.38 0.00 -2713.03
v -267.42 0.00 -2693.05
v -270.64 0.00 -2699.31
v -275.61 0.00 -2689.81
v -277.45 0.00 -2696.61
v -284.11 0.00 -2688.51
v -284.38 0.00 -2695.55
v -339.24 0.00 -2692.67
v -338.49 0.00 -2699.63
v -368.37 0.00 -2696.80
v -366.45 0.00 -2703.59
v -408.92 0.00 -2714.41
v -407.46 0.00 -2721.41
v -413.14 0.00 -2714.41
v -411.82 0.00 -2721.41
v -427.96 0.00 -2720.23
v -429.11 0.00 -2728.20
v -428.11 0.00 -2720.12
v -433.16 0.00 -2725.06
v -428.80 0.00 -2719.18
v -434.28 0.00 -2723.54
v -446.59 0.00 -2698.46
v -451.40 0.00 -2703.61
v -454.34 0.00 -2692.70
v -457.96 0.00 -2698.73
v -499.85 0.00 -2671.19
v -502.84 0.00 -2677.52
v -87.31 0.00 -2929.96
v -94.29 0.00 -2930.48
v -88.65 0.00 -2911.97
v -95.63 0.00 -2912.54
v -90.57 0.00 -2890.36
v -97.27 0.00 -2893.99
v -96.94 0.00 -2885.33
v -100.18 0.00 -2891.69
v -119.94 0.00 -2878.86
v -124.43 0.00 -2884.87
v -125.64 0.00 -2869.81
v -131.46 0.00 -2873.69
v -142.13 0.00 -2846.52
v -147.54 0.00 -2850.98
v -162.51 0.00 -2825.17
v -167.46 0.00 -2830.12
v -187.52 0.00 -2801.28
v -191.90 0.00 -2806.77
v -197.79 0.00 -2794.51
v -202.07 0.00 -2800.07
v -212.49 0.00 -2781.39
v -217.65 0.00 -2786.17
v -225.52 0.00 -2764.34
v -230.73 0.00 -2769.05
v -238.62 0.00 -2752.11
v -243.76 0.00 -2756.89
v -249.68 0.00 -2738.37
v -254.26 0.00 -2743.84
v -266.82 0.00 -2728.94
v -270.08 0.00 -2735.14
v -291.90 0.00 -2716.35
v -293.85 0.00 -2723.20
v -308.37 0.00 -2714.88
v -308.48 0.00 -2721.89
v -315.88 0.00 -2715.31
v -315.05 0.00 -2722.28
v -330.49 0.00 -2717.95
v -328.81 0.00 -2724.76
v -358.64 0.00 -2726.78
v -356.20 0.00 -2733.35
v -398.20 0.00 -2743.81
v -395.43 0.00 -2750.24
v -411.34 0.00 -2749.47
v -408.38 0.00 -2755.81
v -420.83 0.00 -2754.26
v -417.94 0.00 -2760.64
v -427.71 0.00 -2757.02
v -424.72 0.00 -2763.36
v -445.05 0.00 -2766.51
v -441.29 0.00 -2772.43
v -466.05 0.00 -2781.89
v -461.62 0.00 -2787.32
v -473.47 0.00 -2788.61
v -467.98 0.00 -2793.08
v -478.07 0.00 -2796.48
v -471.08 0.00 -2798.39
v -478.16 0.00 -2810.29
v -471.16 0.00 -2810.23
v -477.92 0.00 -2820.79
v -470.92 0.00 -2820.63
v -396.43 0.00 -2586.95
v -403.07 0.00 -2584.73
v -371.75 0.00 -2513.03
v -378.48 0.00 -2511.06
v -363.64 0.00 -2480.94
v -370.42 0.00 -2479.23
v -549.31 0.00 -2554.21
v -547.57 0.00 -2549.53
v -486.69 0.00 -2577.50
v -484.95 0.00 -2572.81
v -402.53 0.00 -2583.71
v -396.97 0.00 -2587.97
v -406.07 0.00 -2588.34
v -400.11 0.00 -2592.07
v -427.25 0.00 -2630.54
v -420.68 0.00 -2633.07
v -434.04 0.00 -2654.95
v -427.29 0.00 -2656.83
v -498.02 0.00 -2675.46
v -504.67 0.00 -2673.25
v -488.66 0.00 -2647.20
v -494.46 0.00 -2642.46
v -487.26 0.00 -2646.39
v -490.75 0.00 -2640.33
v -431.71 0.00 -2659.23
v -429.62 0.00 -2652.55
v -418.65 0.00 -2663.32
v -416.55 0.00 -2656.64
v -402.78 0.00 -2668.29
v -403.20 0.00 -2660.82
v -397.69 0.00 -2666.05
v -400.51 0.00 -2659.64
v -393.56 0.00 -2745.75
v -400.08 0.00 -2748.30
v -404.93 0.00 -2716.64
v -411.45 0.00 -2719.18
v -426.56 0.00 -2559.30
v -420.96 0.00 -2563.50
v -446.92 0.00 -2586.45
v -441.32 0.00 -2590.65
v -305.86 0.00 -2571.69
v -307.22 0.00 -2578.56
v -343.23 0.00 -2564.27
v -344.60 0.00 -2571.14
v -308.27 0.00 -2551.17
v -301.41 0.00 -2552.57
v -310.77 0.00 -2563.47
v -303.72 0.00 -2563.96
v -310.04 0.00 -2575.34
v -303.05 0.00 -2574.91
v -309.59 0.00 -2582.65
v -302.60 0.00 -2582.22
v -217.39 0.00 -2561.97
v -218.37 0.00 -2568.90
v -247.40 0.00 -2557.73
v -248.38 0.00 -2564.66
v -285.00 0.00 -2552.40
v -286.20 0.00 -2559.30
v -304.13 0.00 -2548.44
v -305.55 0.00 -2555.30
v -301.42 0.00 -2552.61
v -308.26 0.00 -2551.13
v -290.21 0.00 -2500.82
v -297.05 0.00 -2499.34
v -224.43 0.00 -2598.84
v -227.05 0.00 -2605.33
v -249.19 0.00 -2588.82
v -251.82 0.00 -2595.31
v -306.69 0.00 -2585.88
v -305.50 0.00 -2578.99
v -251.10 0.00 -2595.51
v -249.91 0.00 -2588.62
v -429.89 0.00 -2652.48
v -431.44 0.00 -2659.30
v -457.27 0.00 -2646.23
v -458.85 0.00 -2653.05
v -484.33 0.00 -2639.84
v -485.13 0.00 -2646.84
v -489.02 0.00 -2639.86
v -488.99 0.00 -2646.86
f 1884 1886 1885 1883
f 1886 1888 1887 1885
f 1888 1890 1889 1887
f 1890 1892 1891 1889
f 1892 1894 1893 1891
f 1894 1896 1895 1893
f 1896 1898 1897 1895
f 1898 1900 1899 1897
f 1900 1902 1901 1899
f 1902 1904 1903 1901
f 1904 1906 1905 1903
f 1906 1908 1907 1905
f 1908 1910 1909 1907
f 1910 1912 1911 1909
f 1912 1914 1913 1911
f 1914 1916 1915 1913
f 1916 1918 1917 1915
f 1918 1920 1919 1917
f 1920 1922 1921 1919
f 1922 1924 1923 1921
f 1924 1926 1925 1923
f 1926 1928 1927 1925
f 1928 1930 1929 1927
f 1930 1932 1931 1929
f 1932 1934 1933 1931
f 1936 1938 1937 1935
f 1938 1940 1939 1937
f 1940 1942 1941 1939
f 1942 1944 1943 1941
f 1944 1946 1945 1943
f 1946 1948 1947 1945
f 1948 1950 1949 1947
f 1950 1952 1951 1949
f 1952 1954 1953 1951
f 1954 1956 1955 1953
f 1956 1958 1957 1955
f 1958 1960 1959 1957
f 1960 1962 1961 1959
f 1964 1966 1965 1963
f 1966 1968 1967 1965
f 1968 1970 1969 1967
f 1970 1972 1971 1969
f 1972 1974 1973 1971
f 1974 1976 1975 1973
f 1976 1978 1977 1975
f 1978 1980 1979 1977
f 1980 1982 1981 1979
f 1982 1984 1983 1981
f 1984 1986 1985 1983
f 1986 1988 1987 1985
f 1988 1990 1989 1987
f 1990 1992 1991 1989
f 1992 1994 1993 1991
f 1994 1996 1995 1993
f 1996 1998 1997 1995
f 1998 2000 1999 1997
f 2000 2002 2001 1999
f 2002 2004 2003 2001
f 2004 2006 2005 2003
f 2006 2008 2007 2005
f 2008 2010 2009 2007
f 2010 2012 2011 2009
f 2012 2014 2013 2011
f 2014 2016 2015 2013
f 2016 2018 2017 2015
f 2018 2020 2019 2017
f 2020 2022 2021 2019
f 2024 2026 2025 2023
f 2026 2028 2027 2025
f 2030 2032 2031 2029
f 2034 2036 2035 2033
f 2036 2038 2037 2035
f 2038 2040 2039 2037
f 2042 2044 2043 2041
f 2044 2046 2045 2043
f 2048 2050 2049 2047
f 2050 2052 2051 2049
f 2052 2054 2053 2051
f 2056 2058 2057 2055
f 2060 2062 2061 2059
f 2064 2066 2065 2063
f 2068 2070 2069 2067
f 2070 2072 2071 2069
f 2072 2074 2073 2071
f 2076 2078 2077 2075
f 2078 2080 2079 2077
f 2080 2082 2081 2079
f 2084 2086 2085 2083
f 2088 2090 2089 2087
f 2092 2094 2093 2091
f 2096 2098 2097 2095
f 2098 2100 2099 2097
f 2100 2102 2101 2099
o Roads_+1_-12
v -220.68 0.00 -2685.12
v -216.46 0.00 -2690.70
v -244.65 0.00 -2703.22
v -240.31 0.00 -2708.71
v -249.71 0.00 -2707.39
v -245.25 0.00 -2712.79
v -262.23 0.00 -2717.73
v -257.21 0.00 -2722.67
v -268.08 0.00 -2725.04
v -262.40 0.00 -2729.14
v -271.39 0.00 -2730.14
v -265.51 0.00 -2733.94
v -273.12 0.00 -2732.82
v -267.01 0.00 -2736.26
v -277.87 0.00 -2742.67
v -271.36 0.00 -2745.29
v -281.83 0.00 -2754.79
v -275.13 0.00 -2756.84
v -286.02 0.00 -2769.51
v -279.35 0.00 -2771.62
v -291.42 0.00 -2784.97
v -284.98 0.00 -2787.76
v -294.57 0.00 -2791.01
v -288.84 0.00 -2795.15
v -295.77 0.00 -2792.24
v -291.03 0.00 -2797.41
v -309.62 0.00 -2803.51
v -305.51 0.00 -2809.19
v -320.57 0.00 -2810.53
v -316.92 0.00 -2816.51
v -336.84 0.00 -2819.97
v -329.89 0.00 -2824.03
v -337.16 0.00 -2845.46
v -330.16 0.00 -2845.59
v -338.04 0.00 -2880.62
v -331.05 0.00 -2880.86
v -338.48 0.00 -2890.15
v -331.47 0.00 -2890.26
v -338.39 0.00 -2897.19
v -331.40 0.00 -2896.52
v -337.09 0.00 -2904.34
v -330.19 0.00 -2903.21
v -335.74 0.00 -2913.50
v -328.99 0.00 -2911.32
v -329.61 0.00 -2925.38
v -323.58 0.00 -2921.81
v -324.03 0.00 -2933.67
v -318.67 0.00 -2929.09
v -319.74 0.00 -2937.65
v -314.57 0.00 -2932.90
v -311.69 0.00 -2947.95
v -308.67 0.00 -2940.45
v -303.82 0.00 -2946.82
v -305.26 0.00 -2939.96
v -298.32 0.00 -2945.29
v -300.18 0.00 -2938.55
v -293.24 0.00 -2943.90
v -294.21 0.00 -2936.91
v -282.95 0.00 -2943.82
v -283.01 0.00 -2936.82
v -374.79 0.00 -2815.47
v -367.88 0.00 -2816.57
v -377.18 0.00 -2830.42
v -370.22 0.00 -2831.19
v -378.90 0.00 -2857.75
v -371.92 0.00 -2858.19
v -379.81 0.00 -2872.17
v -372.81 0.00 -2872.40
v -379.84 0.00 -2883.68
v -372.84 0.00 -2884.26
v -381.31 0.00 -2892.66
v -374.40 0.00 -2893.79
v -382.29 0.00 -2898.65
v -375.45 0.00 -2900.20
v -386.09 0.00 -2911.63
v -379.17 0.00 -2912.92
v -387.15 0.00 -2924.47
v -380.19 0.00 -2925.14
v -389.77 0.00 -2948.44
v -382.85 0.00 -2949.60
v -392.40 0.00 -2960.12
v -385.59 0.00 -2961.78
v -393.76 0.00 -2965.36
v -387.12 0.00 -2967.64
v -399.21 0.00 -2977.99
v -392.85 0.00 -2980.91
v -402.47 0.00 -2984.64
v -396.36 0.00 -2988.08
v -407.37 0.00 -2992.33
v -404.26 0.00 -3000.47
v -411.74 0.00 -2991.11
v -407.63 0.00 -2999.53
v -416.13 0.00 -3001.79
v -409.79 0.00 -3004.78
v -419.46 0.00 -3008.02
v -413.90 0.00 -3012.47
v -420.38 0.00 -3008.81
v -418.20 0.00 -3016.19
v -434.07 0.00 -3006.88
v -429.84 0.00 -3014.54
v -445.96 0.00 -3033.34
v -440.71 0.00 -3038.72
v -445.81 0.00 -3033.27
v -443.91 0.00 -3040.07
v -448.70 0.00 -3033.70
v -445.64 0.00 -3040.33
v -453.93 0.00 -3038.27
v -447.48 0.00 -3041.93
v -460.27 0.00 -3073.14
v -453.46 0.00 -3074.80
v -471.69 0.00 -3110.48
v -465.00 0.00 -3112.53
v -465.87 0.00 -2910.93
v -459.12 0.00 -2912.79
v -468.69 0.00 -2921.17
v -462.17 0.00 -2923.83
v -472.15 0.00 -2927.42
v -466.86 0.00 -2932.32
v -479.65 0.00 -2932.37
v -475.32 0.00 -2937.90
v -484.49 0.00 -2936.82
v -479.22 0.00 -2941.49
v -488.24 0.00 -2942.03
v -483.11 0.00 -2946.88
v -494.41 0.00 -2947.04
v -490.97 0.00 -2953.26
v -499.67 0.00 -2948.84
v -498.32 0.00 -2955.77
v -508.77 0.00 -2949.36
v -508.22 0.00 -2956.34
v -518.61 0.00 -2950.37
v -517.66 0.00 -2957.31
v -525.57 0.00 -2951.56
v -524.39 0.00 -2958.46
v -528.59 0.00 -2952.08
v -527.40 0.00 -2958.98
v -408.63 0.00 -2993.05
v -410.75 0.00 -2997.58
v -421.17 0.00 -2987.19
v -423.42 0.00 -2991.66
v -433.05 0.00 -2980.80
v -435.39 0.00 -2985.22
v -444.59 0.00 -2974.76
v -447.33 0.00 -2978.97
v -451.14 0.00 -2969.54
v -454.60 0.00 -2973.17
v -454.47 0.00 -2965.76
v -458.80 0.00 -2968.41
v -460.41 0.00 -2950.65
v -465.13 0.00 -2952.32
v -467.12 0.00 -2929.12
v -471.89 0.00 -2930.61
v -413.73 0.00 -2841.26
v -406.75 0.00 -2841.85
v -415.71 0.00 -2864.60
v -409.35 0.00 -2872.53
v -429.29 0.00 -2862.75
v -431.20 0.00 -2869.56
v -457.43 0.00 -2850.43
v -460.62 0.00 -2856.67
v -463.16 0.00 -2847.08
v -466.93 0.00 -2852.98
v -470.31 0.00 -2842.09
v -474.42 0.00 -2847.76
v -472.20 0.00 -2840.68
v -478.70 0.00 -2844.55
v -472.27 0.00 -2840.23
v -479.31 0.00 -2840.47
v -472.11 0.00 -2838.34
v -479.05 0.00 -2837.27
v -471.63 0.00 -2836.23
v -478.60 0.00 -2835.28
v -470.93 0.00 -2820.87
v -477.92 0.00 -2820.55
v -333.05 0.00 -2720.55
v -326.24 0.00 -2722.16
v -344.11 0.00 -2767.35
v -337.32 0.00 -2769.07
v -351.16 0.00 -2793.23
v -344.35 0.00 -2794.85
v -355.19 0.00 -2812.91
v -348.33 0.00 -2814.31
v -331.91 0.00 -2818.82
v -334.82 0.00 -2825.19
v -351.09 0.00 -2810.07
v -352.42 0.00 -2817.16
v -364.69 0.00 -2810.86
v -363.67 0.00 -2817.82
v -372.14 0.00 -2812.61
v -370.54 0.00 -2819.43
v -279.49 0.00 -2940.63
v -286.46 0.00 -2940.00
v -277.62 0.00 -2919.98
v -284.59 0.00 -2919.30
v -275.66 0.00 -2901.73
v -282.74 0.00 -2902.06
v -277.35 0.00 -2893.37
v -284.47 0.00 -2893.50
v -276.06 0.00 -2885.40
v -282.91 0.00 -2883.93
v -268.29 0.00 -2856.17
v -275.11 0.00 -2854.58
v -264.00 0.00 -2834.65
v -270.84 0.00 -2833.18
v -261.38 0.00 -2823.35
v -268.20 0.00 -2821.77
v -260.39 0.00 -2819.07
v -268.09 0.00 -2821.30
v -289.25 0.00 -2790.59
v -294.16 0.00 -2795.57
v -269.30 0.00 -2983.34
v -275.92 0.00 -2985.62
v -271.89 0.00 -2975.84
v -278.67 0.00 -2977.67
v -276.28 0.00 -2953.62
v -283.12 0.00 -2955.10
v -279.57 0.00 -2939.52
v -286.39 0.00 -2941.11
v -452.54 0.00 -2909.46
v -453.33 0.00 -2916.42
v -462.10 0.00 -2908.38
v -462.89 0.00 -2915.33
v -377.41 0.00 -2889.75
v -378.30 0.00 -2896.70
v -394.80 0.00 -2887.51
v -395.35 0.00 -2894.49
v -403.75 0.00 -2887.25
v -402.98 0.00 -2894.27
v -412.14 0.00 -2889.35
v -408.40 0.00 -2895.63
v -417.06 0.00 -2894.70
v -411.48 0.00 -2898.98
v -423.24 0.00 -2904.41
v -420.40 0.00 -2912.98
v -438.13 0.00 -2898.73
v -440.12 0.00 -2905.46
v -448.04 0.00 -2896.61
v -445.00 0.00 -2904.42
v -453.59 0.00 -2904.44
v -447.33 0.00 -2907.71
v -456.23 0.00 -2911.75
v -449.64 0.00 -2914.13
v -483.71 0.00 -2873.87
v -478.72 0.00 -2874.08
v -485.10 0.00 -2906.44
v -480.10 0.00 -2906.65
v -347.21 0.00 -2791.60
v -348.30 0.00 -2796.48
v -387.53 0.00 -2782.63
v -390.54 0.00 -2787.09
v -395.04 0.00 -2771.71
v -399.16 0.00 -2774.55
v -391.42 0.00 -2784.10
v -386.66 0.00 -2785.62
v -394.24 0.00 -2792.95
v -389.55 0.00 -2794.69
v -398.30 0.00 -2802.46
v -393.70 0.00 -2804.42
v -272.00 0.00 -2981.03
v -273.22 0.00 -2987.93
v -286.44 0.00 -2978.48
v -287.26 0.00 -2985.44
v -297.48 0.00 -2977.84
v -297.44 0.00 -2984.86
v -302.26 0.00 -2978.16
v -300.60 0.00 -2985.07
v -306.14 0.00 -2979.82
v -302.93 0.00 -2986.06
v -311.55 0.00 -2983.11
v -307.46 0.00 -2988.81
v -320.75 0.00 -2990.84
v -314.92 0.00 -2995.08
v -328.57 0.00 -3010.18
v -322.40 0.00 -3013.59
v -333.77 0.00 -3017.37
v -327.58 0.00 -3020.76
v -337.87 0.00 -3027.74
v -331.26 0.00 -3030.06
v -348.88 0.00 -3063.56
v -342.19 0.00 -3065.62
v -314.93 0.00 -2991.01
v -320.74 0.00 -2994.92
v -324.19 0.00 -2977.28
v -329.24 0.00 -2982.30
v -327.26 0.00 -2975.18
v -330.35 0.00 -2981.55
v -331.30 0.00 -2973.91
v -331.50 0.00 -2981.19
v -337.21 0.00 -2975.42
v -335.22 0.00 -2982.13
v -349.75 0.00 -2979.66
v -345.94 0.00 -2985.76
v -362.67 0.00 -2992.74
v -357.13 0.00 -2997.10
v -371.35 0.00 -3006.77
v -365.40 0.00 -3010.47
v -380.80 0.00 -3021.85
v -374.87 0.00 -3025.57
f 2104 2106 2105 2103
f 2106 2108 2107 2105
f 2108 2110 2109 2107
f 2110 2112 2111 2109
f 2112 2114 2113 2111
f 2114 2116 2115 2113
f 2116 2118 2117 2115
f 2118 2120 2119 2117
f 2120 2122 2121 2119
f 2122 2124 2123 2121
f 2124 2126 2125 2123
f 2126 2128 2127 2125
f 2128 2130 2129 2127
f 2130 2132 2131 2129
f 2132 2134 2133 2131
f 2134 2136 2135 2133
f 2136 2138 2137 2135
f 2138 2140 2139 2137
f 2140 2142 2141 2139
f 2142 2144 2143 2141
f 2144 2146 2145 2143
f 2146 2148 2147 2145
f 2148 2150 2149 2147
f 2150 2152 2151 2149
f 2152 2154 2153 2151
f 2154 2156 2155 2153
f 2156 2158 2157 2155
f 2158 2160 2159 2157
f 2160 2162 2161 2159
f 2164 2166 2165 2163
f 2166 2168 2167 2165
f 2168 2170 2169 2167
f 2170 2172 2171 2169
f 2172 2174 2173 2171
f 2174 2176 2175 2173
f 2176 2178 2177 2175
f 2178 2180 2179 2177
f 2180 2182 2181 2179
f 2182 2184 2183 2181
f 2184 2186 2185 2183
f 2186 2188 2187 2185
f 2188 2190 2189 2187
f 2190 2192 2191 2189
f 2192 2194 2193 2191
f 2194 2196 2195 2193
f 2196 2198 2197 2195
f 2198 2200 2199 2197
f 2200 2202 2201 2199
f 2202 2204 2203 2201
f 2204 2206 2205 2203
f 2206 2208 2207 2205
f 2208 2210 2209 2207
f 2210 2212 2211 2209
f 2212 2214 2213 2211
f 2216 2218 2217 2215
f 2218 2220 2219 2217
f 2220 2222 2221 2219
f 2222 2224 2223 2221
f 2224 2226 2225 2223
f 2226 2228 2227 2225
f 2228 2230 2229 2227
f 2230 2232 2231 2229
f 2232 2234 2233 2231
f 2234 2236 2235 2233
f 2236 2238 2237 2235
f 2240 2242 2241 2239
f 2242 2244 2243 2241
f 2244 2246 2245 2243
f 2246 2248 2247 2245
f 2248 2250 2249 2247
f 2250 2252 2251 2249
f 2252 2254 2253 2251
f 2256 2258 2257 2255
f 2258 2260 2259 2257
f 2260 2262 2261 2259
f 2262 2264 2263 2261
f 2264 2266 2265 2263
f 2266 2268 2267 2265
f 2268 2270 2269 2267
f 2270 2272 2271 2269
f 2272 2274 2273 2271
f 2274 2276 2275 2273
f 2278 2280 2279 2277
f 2280 2282 2281 2279
f 2282 2284 2283 2281
f 2286 2288 2287 2285
f 2288 2290 2289 2287
f 2290 2292 2291 2289
f 2294 2296 2295 2293
f 2296 2298 2297 2295
f 2298 2300 2299 2297
f 2300 2302 2301 2299
f 2302 2304 2303 2301
f 2304 2306 2305 2303
f 2306 2308 2307 2305
f 2308 2310 2309 2307
f 2310 2312 2311 2309
f 2314 2316 2315 2313
f 2316 2318 2317 2315
f 2318 2320 2319 2317
f 2322 2324 2323 2321
f 2326 2328 2327 2325
f 2328 2330 2329 2327
f 2330 2332 2331 2329
f 2332 2334 2333 2331
f 2334 2336 2335 2333
f 2336 2338 2337 2335
f 2338 2340 2339 2337
f 2340 2342 2341 2339
f 2342 2344 2343 2341
f 2346 2348 2347 2345
f 2350 2352 2351 2349
f 2352 2354 2353 2351
f 2356 2358 2357 2355
f 2358 2360 2359 2357
f 2362 2364 2363 2361
f 2364 2366 2365 2363
f 2366 2368 2367 2365
f 2368 2370 2369 2367
f 2370 2372 2371 2369
f 2372 2374 2373 2371
f 2374 2376 2375 2373
f 2376 2378 2377 2375
f 2378 2380 2379 2377
f 2380 2382 2381 2379
f 2384 2386 2385 2383
f 2386 2388 2387 2385
f 2388 2390 2389 2387
f 2390 2392 2391 2389
f 2392 2394 2393 2391
f 2394 2396 2395 2393
f 2396 2398 2397 2395
f 2398 2400 2399 2397
o Roads_+1_-13
v -551.04 0.00 -3098.29
v -550.51 0.00 -3091.31
v -510.36 0.00 -3101.37
v -508.18 0.00 -3094.51
v -501.18 0.00 -3106.85
v -497.92 0.00 -3100.64
v -480.11 0.00 -3116.49
v -479.00 0.00 -3109.30
v -467.43 0.00 -3114.92
v -469.26 0.00 -3108.09
v -459.96 0.00 -3111.76
v -463.55 0.00 -3105.68
v -451.11 0.00 -3104.80
v -452.93 0.00 -3097.32
v -449.57 0.00 -3105.10
v -446.83 0.00 -3098.50
v -438.66 0.00 -3112.51
v -434.79 0.00 -3106.68
v -424.04 0.00 -3122.03
v -419.37 0.00 -3116.71
v -423.08 0.00 -3123.14
v -417.70 0.00 -3118.67
v -416.53 0.00 -3131.28
v -411.66 0.00 -3126.17
v -407.65 0.00 -3137.77
v -403.98 0.00 -3131.78
v -399.05 0.00 -3142.11
v -397.48 0.00 -3135.06
v -390.67 0.00 -3141.86
v -391.00 0.00 -3134.87
v -373.86 0.00 -3140.77
v -374.50 0.00 -3133.80
v -366.27 0.00 -3139.87
v -367.09 0.00 -3132.92
v -341.25 0.00 -3136.92
v -341.76 0.00 -3129.93
v -327.04 0.00 -3136.52
v -326.69 0.00 -3129.51
v -314.17 0.00 -3138.18
v -312.97 0.00 -3131.28
v -295.64 0.00 -3142.27
v -294.14 0.00 -3135.43
v -279.87 0.00 -3145.72
v -278.37 0.00 -3138.88
v -276.28 0.00 -3144.34
v -281.96 0.00 -3140.26
v -256.16 0.00 -3116.33
v -262.38 0.00 -3112.99
v -253.34 0.00 -3108.87
v -260.20 0.00 -3107.22
v -248.39 0.00 -3064.63
v -255.58 0.00 -3065.92
v -249.87 0.00 -3061.70
v -256.97 0.00 -3063.17
v -246.16 0.00 -3000.44
v -253.20 0.00 -3000.74
v -247.68 0.00 -2990.19
v -254.14 0.00 -2994.34
v -253.86 0.00 -2986.19
v -256.78 0.00 -2992.63
v -271.65 0.00 -2981.11
v -273.57 0.00 -2987.85
v -175.76 0.00 -3067.31
v -176.65 0.00 -3074.26
v -194.93 0.00 -3064.86
v -195.82 0.00 -3071.80
v -215.68 0.00 -3062.15
v -216.49 0.00 -3069.11
v -231.26 0.00 -3060.58
v -231.42 0.00 -3067.60
v -251.90 0.00 -3061.77
v -252.06 0.00 -3068.79
v -266.51 0.00 -3060.27
v -267.11 0.00 -3067.25
v -291.42 0.00 -3058.53
v -286.51 0.00 -3065.89
v -298.31 0.00 -3079.19
v -294.34 0.00 -3088.91
v -312.75 0.00 -3071.78
v -315.55 0.00 -3078.21
v -327.48 0.00 -3066.35
v -329.70 0.00 -3072.99
v -343.88 0.00 -3061.43
v -347.19 0.00 -3067.75
v -348.21 0.00 -3057.96
v -352.59 0.00 -3063.42
v -361.62 0.00 -3047.18
v -365.51 0.00 -3053.03
v -376.69 0.00 -3039.02
v -380.02 0.00 -3045.18
v -278.72 0.00 -3227.64
v -278.77 0.00 -3234.64
v -297.25 0.00 -3227.50
v -297.54 0.00 -3234.49
v -324.92 0.00 -3225.41
v -325.76 0.00 -3232.37
v -336.72 0.00 -3223.47
v -337.32 0.00 -3230.47
v -351.13 0.00 -3223.37
v -350.18 0.00 -3230.37
v -360.36 0.00 -3226.00
v -358.49 0.00 -3232.74
v -366.12 0.00 -3227.55
v -365.64 0.00 -3234.66
v -381.18 0.00 -3225.61
v -382.08 0.00 -3232.55
v -395.48 0.00 -3223.75
v -395.77 0.00 -3230.77
v -412.02 0.00 -3224.52
v -412.16 0.00 -3231.54
v -424.22 0.00 -3223.48
v -424.73 0.00 -3230.46
v -436.73 0.00 -3222.73
v -437.72 0.00 -3229.68
v -460.99 0.00 -3217.24
v -462.85 0.00 -3224.00
v -473.30 0.00 -3213.22
v -476.38 0.00 -3219.58
v -478.46 0.00 -3209.77
v -481.85 0.00 -3215.93
v -484.20 0.00 -3207.22
v -487.80 0.00 -3213.28
v -498.81 0.00 -3196.05
v -503.06 0.00 -3201.61
v -333.52 0.00 -3227.03
v -340.52 0.00 -3226.91
v -332.82 0.00 -3184.38
v -339.82 0.00 -3184.26
v -430.96 0.00 -3007.35
v -432.96 0.00 -3014.06
v -463.03 0.00 -2997.82
v -464.76 0.00 -3004.60
v -473.60 0.00 -2995.56
v -475.06 0.00 -3002.41
v -272.39 0.00 -3267.20
v -279.37 0.00 -3267.76
v -274.50 0.00 -3240.99
v -281.48 0.00 -3241.53
v -275.25 0.00 -3230.88
v -282.23 0.00 -3231.40
v -278.23 0.00 -3190.76
v -285.26 0.00 -3190.62
v -275.28 0.00 -3165.34
v -282.21 0.00 -3164.38
v -272.49 0.00 -3148.02
v -279.75 0.00 -3149.08
v -275.97 0.00 -3140.79
v -282.27 0.00 -3143.82
v -416.83 0.00 -3025.22
v -413.50 0.00 -3019.07
v -380.02 0.00 -3045.18
v -376.69 0.00 -3039.02
v -381.41 0.00 -3040.40
v -375.29 0.00 -3043.80
v -394.51 0.00 -3063.98
v -388.33 0.00 -3067.26
v -404.71 0.00 -3083.99
v -398.52 0.00 -3087.25
v -410.01 0.00 -3093.76
v -403.96 0.00 -3097.28
v -419.78 0.00 -3109.41
v -413.81 0.00 -3113.07
v -424.70 0.00 -3117.56
v -418.71 0.00 -3121.18
v -362.29 0.00 -3096.48
v -357.52 0.00 -3097.97
v -365.36 0.00 -3106.32
v -360.45 0.00 -3107.39
v -369.16 0.00 -3136.08
v -364.20 0.00 -3136.72
f 2402 2404 2403 2401
f 2404 2406 2405 2403
f 2406 2408 2407 2405
f 2408 2410 2409 2407
f 2410 2412 2411 2409
f 2412 2414 2413 2411
f 2414 2416 2415 2413
f 2416 2418 2417 2415
f 2418 2420 2419 2417
f 2420 2422 2421 2419
f 2422 2424 2423 2421
f 2424 2426 2425 2423
f 2426 2428 2427 2425
f 2428 2430 2429 2427
f 2430 2432 2431 2429
f 2432 2434 2433 2431
f 2434 2436 2435 2433
f 2436 2438 2437 2435
f 2438 2440 2439 2437
f 2440 2442 2441 2439
f 2442 2444 2443 2441
f 2446 2448 2447 2445
f 2448 2450 2449 2447
f 2450 2452 2451 2449
f 2452 2454 2453 2451
f 2454 2456 2455 2453
f 2456 2458 2457 2455
f 2458 2460 2459 2457
f 2460 2462 2461 2459
f 2464 2466 2465 2463
f 2466 2468 2467 2465
f 2468 2470 2469 2467
f 2470 2472 2471 2469
f 2472 2474 2473 2471
f 2474 2476 2475 2473
f 2476 2478 2477 2475
f 2478 2480 2479 2477
f 2480 2482 2481 2479
f 2482 2484 2483 2481
f 2484 2486 2485 2483
f 2486 2488 2487 2485
f 2488 2490 2489 2487
f 2492 2494 2493 2491
f 2494 2496 2495 2493
f 2496 2498 2497 2495
f 2498 2500 2499 2497
f 2500 2502 2501 2499
f 2502 2504 2503 2501
f 2504 2506 2505 2503
f 2506 2508 2507 2505
f 2508 2510 2509 2507
f 2510 2512 2511 2509
f 2512 2514 2513 2511
f 2514 2516 2515 2513
f 2516 2518 2517 2515
f 2518 2520 2519 2517
f 2520 2522 2521 2519
f 2522 2524 2523 2521
f 2526 2528 2527 2525
f 2530 2532 2531 2529
f 2532 2534 2533 2531
f 2536 2538 2537 2535
f 2538 2540 2539 2537
f 2540 2542 2541 2539
f 2542 2544 2543 2541
f 2544 2546 2545 2543
f 2546 2548 2547 2545
f 2550 2552 2551 2549
f 2554 2556 2555 2553
f 2556 2558 2557 2555
f 2558 2560 2559 2557
f 2560 2562 2561 2559
f 2562 2564 2563 2561
f 2566 2568 2567 2565
f 2568 2570 2569 2567
o Roads_+1_-14
v -528.83 0.00 -3466.28
v -528.79 0.00 -3459.28
v -466.53 0.00 -3466.65
v -466.88 0.00 -3459.64
v -456.45 0.00 -3465.57
v -458.13 0.00 -3458.71
v -443.67 0.00 -3460.55
v -450.15 0.00 -3455.57
v -442.23 0.00 -3447.80
v -449.16 0.00 -3446.85
v -440.34 0.00 -3436.08
v -447.22 0.00 -3434.81
v -433.14 0.00 -3401.70
v -439.99 0.00 -3400.26
v -640.60 0.00 -3412.61
v -641.81 0.00 -3405.72
v -622.62 0.00 -3409.45
v -623.90 0.00 -3402.57
v -589.16 0.00 -3402.91
v -590.48 0.00 -3396.04
v -566.56 0.00 -3398.65
v -568.06 0.00 -3391.81
v -550.18 0.00 -3394.57
v -551.94 0.00 -3387.80
v -530.89 0.00 -3389.36
v -533.33 0.00 -3382.77
v -518.81 0.00 -3383.61
v -522.73 0.00 -3377.72
v -507.91 0.00 -3373.85
v -512.62 0.00 -3368.67
v -506.52 0.00 -3372.56
v -509.33 0.00 -3365.62
v -502.47 0.00 -3372.48
v -502.54 0.00 -3365.48
v -497.06 0.00 -3372.48
v -496.44 0.00 -3365.48
v -490.87 0.00 -3373.58
v -489.36 0.00 -3366.74
v -484.52 0.00 -3375.25
v -482.04 0.00 -3368.66
v -478.02 0.00 -3378.50
v -474.88 0.00 -3372.24
v -468.74 0.00 -3383.19
v -465.19 0.00 -3377.15
v -448.21 0.00 -3397.05
v -444.24 0.00 -3391.29
v -438.35 0.00 -3404.00
v -434.77 0.00 -3397.96
v -422.45 0.00 -3411.84
v -419.47 0.00 -3405.51
v -408.00 0.00 -3418.36
v -405.96 0.00 -3411.60
v -389.45 0.00 -3421.43
v -388.28 0.00 -3414.52
v -373.05 0.00 -3424.27
v -371.65 0.00 -3417.41
v -362.92 0.00 -3426.65
v -361.24 0.00 -3419.85
v -353.93 0.00 -3428.98
v -352.23 0.00 -3422.19
v -343.26 0.00 -3431.58
v -341.10 0.00 -3424.90
v -334.90 0.00 -3434.98
v -331.60 0.00 -3428.77
v -326.40 0.00 -3440.66
v -322.63 0.00 -3434.76
v -311.79 0.00 -3449.61
v -309.59 0.00 -3442.75
v -296.80 0.00 -3450.69
v -295.90 0.00 -3443.73
v -281.39 0.00 -3453.55
v -280.08 0.00 -3446.67
v -261.04 0.00 -3457.53
v -259.91 0.00 -3450.62
v -239.84 0.00 -3460.30
v -238.80 0.00 -3453.38
v -211.00 0.00 -3465.20
v -210.10 0.00 -3458.26
v -202.91 0.00 -3465.93
v -201.46 0.00 -3459.03
v -199.11 0.00 -3467.21
v -196.31 0.00 -3460.76
v -177.64 0.00 -3478.83
v -174.05 0.00 -3472.81
v -172.61 0.00 -3482.11
v -168.93 0.00 -3476.15
v -136.15 0.00 -3503.29
v -132.38 0.00 -3497.39
v -131.49 0.00 -3506.55
v -127.48 0.00 -3500.81
v -187.62 0.00 -3250.24
v -188.22 0.00 -3257.22
v -194.02 0.00 -3249.69
v -194.46 0.00 -3256.68
v -208.17 0.00 -3249.12
v -207.73 0.00 -3256.15
v -226.30 0.00 -3252.12
v -224.84 0.00 -3258.97
v -256.42 0.00 -3260.02
v -254.65 0.00 -3266.79
v -262.50 0.00 -3261.61
v -261.01 0.00 -3268.45
v -276.48 0.00 -3264.04
v -275.28 0.00 -3270.93
v -282.81 0.00 -3265.14
v -281.62 0.00 -3272.04
v -299.37 0.00 -3267.97
v -298.30 0.00 -3274.89
v -311.57 0.00 -3269.67
v -310.94 0.00 -3276.65
v -325.88 0.00 -3270.25
v -325.74 0.00 -3277.25
v -347.83 0.00 -3270.18
v -348.06 0.00 -3277.18
v -364.10 0.00 -3269.19
v -364.49 0.00 -3276.18
v -379.95 0.00 -3268.39
v -380.49 0.00 -3275.38
v -382.25 0.00 -3268.15
v -382.79 0.00 -3275.13
v -415.05 0.00 -3266.46
v -415.65 0.00 -3273.44
v -431.79 0.00 -3264.48
v -432.90 0.00 -3271.40
v -454.96 0.00 -3259.82
v -456.43 0.00 -3266.66
v -467.69 0.00 -3256.93
v -469.91 0.00 -3263.60
v -481.36 0.00 -3250.80
v -484.34 0.00 -3257.14
v -496.75 0.00 -3243.21
v -499.73 0.00 -3249.54
v -521.12 0.00 -3232.27
v -523.99 0.00 -3238.65
v -205.68 0.00 -3365.25
v -207.43 0.00 -3372.03
v -227.27 0.00 -3359.68
v -229.12 0.00 -3366.43
v -246.71 0.00 -3354.02
v -248.88 0.00 -3360.68
v -258.60 0.00 -3349.74
v -260.78 0.00 -3356.40
v -264.93 0.00 -3347.88
v -265.94 0.00 -3354.88
v -270.43 0.00 -3347.88
v -267.49 0.00 -3354.88
v -272.81 0.00 -3350.31
v -267.81 0.00 -3355.21
v -274.35 0.00 -3351.87
v -268.82 0.00 -3356.23
v -278.68 0.00 -3358.82
v -272.70 0.00 -3362.47
v -284.58 0.00 -3368.68
v -279.26 0.00 -3373.44
v -288.45 0.00 -3371.63
v -285.71 0.00 -3378.34
v -297.49 0.00 -3372.76
v -297.02 0.00 -3379.75
v -312.03 0.00 -3372.89
v -313.15 0.00 -3379.90
v -323.05 0.00 -3369.19
v -324.82 0.00 -3375.98
v -333.69 0.00 -3367.18
v -334.76 0.00 -3374.10
v -349.89 0.00 -3365.23
v -350.59 0.00 -3372.20
v -377.39 0.00 -3363.06
v -378.00 0.00 -3370.03
v -396.74 0.00 -3361.19
v -397.26 0.00 -3368.17
v -413.54 0.00 -3360.35
v -413.70 0.00 -3367.35
v -423.06 0.00 -3360.41
v -422.24 0.00 -3367.40
v -429.61 0.00 -3361.91
v -425.90 0.00 -3368.24
v -432.80 0.00 -3365.43
v -427.27 0.00 -3369.75
v -436.87 0.00 -3371.53
v -430.94 0.00 -3375.26
v -449.24 0.00 -3392.38
v -443.21 0.00 -3395.95
v -285.40 0.00 -3371.41
v -278.44 0.00 -3370.71
v -284.71 0.00 -3378.34
v -277.60 0.00 -3379.12
v -286.91 0.00 -3385.07
v -280.20 0.00 -3387.08
v -291.16 0.00 -3400.80
v -284.35 0.00 -3402.40
v -293.84 0.00 -3414.22
v -286.97 0.00 -3415.54
v -299.79 0.00 -3446.58
v -292.91 0.00 -3447.84
v -365.45 0.00 -3422.28
v -358.72 0.00 -3424.22
v -376.39 0.00 -3460.35
v -369.69 0.00 -3462.40
v -389.26 0.00 -3499.68
v -382.60 0.00 -3501.86
v -268.50 0.00 -3349.77
v -272.13 0.00 -3355.75
v -276.27 0.00 -3345.06
v -281.18 0.00 -3350.27
v -276.77 0.00 -3344.34
v -283.67 0.00 -3346.65
v -277.27 0.00 -3332.45
v -284.27 0.00 -3332.75
v -427.59 0.00 -3367.08
v -432.48 0.00 -3368.09
v -434.14 0.00 -3335.49
v -439.04 0.00 -3336.50
v -411.12 0.00 -3363.87
v -416.12 0.00 -3363.83
v -411.02 0.00 -3351.00
v -416.01 0.00 -3349.61
v -410.65 0.00 -3350.38
v -414.43 0.00 -3346.96
v -410.30 0.00 -3350.12
v -412.21 0.00 -3345.31
v -402.24 0.00 -3349.16
v -405.06 0.00 -3344.46
v -400.35 0.00 -3346.46
v -404.95 0.00 -3344.31
v -399.85 0.00 -3344.63
v -404.84 0.00 -3343.90
v -399.34 0.00 -3320.45
v -404.34 0.00 -3320.34
v -385.01 0.00 -3271.47
v -380.03 0.00 -3271.81
v -387.19 0.00 -3303.39
v -382.20 0.00 -3303.73
v -458.15 0.00 -3262.78
v -453.24 0.00 -3263.69
v -463.78 0.00 -3293.13
v -458.87 0.00 -3294.05
v -454.92 0.00 -3309.68
v -459.91 0.00 -3309.32
v -453.93 0.00 -3295.96
v -459.05 0.00 -3297.39
v -456.55 0.00 -3292.28
v -459.58 0.00 -3296.65
v -460.78 0.00 -3291.15
v -461.88 0.00 -3296.03
v -478.44 0.00 -3287.91
v -479.34 0.00 -3292.83
v -366.79 0.00 -3272.51
v -361.80 0.00 -3272.85
v -368.55 0.00 -3297.75
v -363.56 0.00 -3298.10
v -258.03 0.00 -3263.47
v -253.04 0.00 -3263.34
v -257.03 0.00 -3300.78
v -252.07 0.00 -3299.07
v -255.50 0.00 -3302.84
v -252.43 0.00 -3298.58
v -253.34 0.00 -3303.54
v -252.76 0.00 -3298.48
v -238.08 0.00 -3302.25
v -238.51 0.00 -3297.27
f 2572 2574 2573 2571
f 2574 2576 2575 2573
f 2576 2578 2577 2575
f 2578 2580 2579 2577
f 2580 2582 2581 2579
f 2582 2584 2583 2581
f 2586 2588 2587 2585
f 2588 2590 2589 2587
f 2590 2592 2591 2589
f 2592 2594 2593 2591
f 2594 2596 2595 2593
f 2596 2598 2597 2595
f 2598 2600 2599 2597
f 2600 2602 2601 2599
f 2602 2604 2603 2601
f 2604 2606 2605 2603
f 2606 2608 2607 2605
f 2608 2610 2609 2607
f 2610 2612 2611 2609
f 2612 2614 2613 2611
f 2614 2616 2615 2613
f 2616 2618 2617 2615
f 2618 2620 2619 2617
f 2620 2622 2621 2619
f 2622 2624 2623 2621
f 2624 2626 2625 2623
f 2626 2628 2627 2625
f 2628 2630 2629 2627
f 2630 2632 2631 2629
f 2632 2634 2633 2631
f 2634 2636 2635 2633
f 2636 2638 2637 2635
f 2638 2640 2639 2637
f 2640 2642 2641 2639
f 2642 2644 2643 2641
f 2644 2646 2645 2643
f 2646 2648 2647 2645
f 2648 2650 2649 2647
f 2650 2652 2651 2649
f 2652 2654 2653 2651
f 2654 2656 2655 2653
f 2656 2658 2657 2655
f 2658 2660 2659 2657
f 2662 2664 2663 2661
f 2664 2666 2665 2663
f 2666 2668 2667 2665
f 2668 2670 2669 2667
f 2670 2672 2671 2669
f 2672 2674 2673 2671
f 2674 2676 2675 2673
f 2676 2678 2677 2675
f 2678 2680 2679 2677
f 2680 2682 2681 2679
f 2682 2684 2683 2681
f 2684 2686 2685 2683
f 2686 2688 2687 2685
f 2688 2690 2689 2687
f 2690 2692 2691 2689
f 2692 2694 2693 2691
f 2694 2696 2695 2693
f 2696 2698 2697 2695
f 2698 2700 2699 2697
f 2700 2702 2701 2699
f 2702 2704 2703 2701
f 2706 2708 2707 2705
f 2708 2710 2709 2707
f 2710 2712 2711 2709
f 2712 2714 2713 2711
f 2714 2716 2715 2713
f 2716 2718 2717 2715
f 2718 2720 2719 2717
f 2720 2722 2721 2719
f 2722 2724 2723 2721
f 2724 2726 2725 2723
f 2726 2728 2727 2725
f 2728 2730 2729 2727
f 2730 2732 2731 2729
f 2732 2734 2733 2731
f 2734 2736 2735 2733
f 2736 2738 2737 2735
f 2738 2740 2739 2737
f 2740 2742 2741 2739
f 2742 2744 2743 2741
f 2744 2746 2745 2743
f 2746 2748 2747 2745
f 2748 2750 2749 2747
f 2750 2752 2751 2749
f 2754 2756 2755 2753
f 2756 2758 2757 2755
f 2758 2760 2759 2757
f 2760 2762 2761 2759
f 2762 2764 2763 2761
f 2766 2768 2767 2765
f 2768 2770 2769 2767
f 2772 2774 2773 2771
f 2774 2776 2775 2773
f 2776 2778 2777 2775
f 2780 2782 2781 2779
f 2784 2786 2785 2783
f 2786 2788 2787 2785
f 2788 2790 2789 2787
f 2790 2792 2791 2789
f 2792 2794 2793 2791
f 2794 2796 2795 2793
f 2796 2798 2797 2795
f 2800 2802 2801 2799
f 2804 2806 2805 2803
f 2808 2810 2809 2807
f 2810 2812 2811 2809
f 2812 2814 2813 2811
f 2814 2816 2815 2813
f 2818 2820 2819 2817
f 2822 2824 2823 2821
f 2824 2826 2825 2823
f 2826 2828 2827 2825
f 2828 2830 2829 2827
o Roads_+1_-15
v -555.83 0.00 -3762.25
v -555.01 0.00 -3755.30
v -481.69 0.00 -3770.98
v -480.91 0.00 -3764.02
v -439.86 0.00 -3775.42
v -439.95 0.00 -3768.38
v -417.65 0.00 -3772.48
v -418.79 0.00 -3765.57
v -361.13 0.00 -3761.19
v -368.51 0.00 -3755.52
v -362.80 0.00 -3735.47
v -370.20 0.00 -3729.55
v -357.04 0.00 -3734.57
v -362.91 0.00 -3728.40
v -354.40 0.00 -3721.87
v -361.13 0.00 -3719.87
v -350.70 0.00 -3712.36
v -357.39 0.00 -3710.23
v -348.93 0.00 -3705.24
v -355.93 0.00 -3704.39
v -348.96 0.00 -3675.21
v -355.96 0.00 -3673.87
v -349.01 0.00 -3675.34
v -355.52 0.00 -3672.77
v -344.39 0.00 -3663.49
v -350.77 0.00 -3660.58
v -337.99 0.00 -3651.33
v -343.91 0.00 -3647.55
v -332.69 0.00 -3644.42
v -337.68 0.00 -3639.42
v -323.72 0.00 -3637.58
v -327.73 0.00 -3631.84
v -302.86 0.00 -3624.29
v -306.84 0.00 -3618.53
v -285.51 0.00 -3611.36
v -289.22 0.00 -3605.40
v -276.47 0.00 -3606.73
v -280.75 0.00 -3601.06
v -261.77 0.00 -3590.92
v -267.04 0.00 -3586.31
v -253.89 0.00 -3581.33
v -263.16 0.00 -3581.59
v -264.80 0.00 -3569.46
v -274.62 0.00 -3569.13
v -260.69 0.00 -3565.57
v -265.78 0.00 -3560.75
v -253.99 0.00 -3557.68
v -259.36 0.00 -3553.20
v -241.71 0.00 -3542.72
v -247.36 0.00 -3538.57
v -221.80 0.00 -3512.39
v -227.48 0.00 -3508.30
v -215.53 0.00 -3504.42
v -221.29 0.00 -3500.42
v -210.54 0.00 -3496.20
v -216.44 0.00 -3492.43
v -205.53 0.00 -3488.72
v -211.44 0.00 -3484.96
v -202.40 0.00 -3483.51
v -208.68 0.00 -3480.37
v -199.59 0.00 -3476.60
v -206.02 0.00 -3473.84
v -194.52 0.00 -3465.43
v -200.89 0.00 -3462.54
v -523.91 0.00 -3570.63
v -523.05 0.00 -3563.69
v -489.34 0.00 -3574.92
v -487.69 0.00 -3568.07
v -469.64 0.00 -3582.14
v -474.19 0.00 -3573.02
v -467.16 0.00 -3573.95
v -473.86 0.00 -3571.92
v -466.13 0.00 -3570.54
v -472.45 0.00 -3567.25
v -463.45 0.00 -3567.12
v -468.10 0.00 -3561.72
v -453.53 0.00 -3561.48
v -457.09 0.00 -3555.46
v -416.77 0.00 -3538.88
v -420.43 0.00 -3532.92
v -314.14 0.00 -3445.63
v -307.23 0.00 -3446.73
v -315.11 0.00 -3451.66
v -308.20 0.00 -3452.83
v -318.18 0.00 -3468.78
v -311.20 0.00 -3469.54
v -318.44 0.00 -3475.27
v -311.45 0.00 -3475.52
v -318.61 0.00 -3480.58
v -311.60 0.00 -3480.54
v -318.36 0.00 -3486.53
v -311.53 0.00 -3482.42
v -311.71 0.00 -3490.43
v -307.84 0.00 -3484.58
v -305.83 0.00 -3494.80
v -301.25 0.00 -3489.48
v -302.91 0.00 -3497.69
v -296.28 0.00 -3494.41
v -302.72 0.00 -3499.18
v -295.50 0.00 -3500.40
v -306.11 0.00 -3505.90
v -299.83 0.00 -3509.00
v -311.47 0.00 -3517.02
v -305.12 0.00 -3519.98
v -316.17 0.00 -3527.42
v -309.76 0.00 -3530.23
v -325.03 0.00 -3548.36
v -320.82 0.00 -3556.37
v -333.15 0.00 -3546.69
v -334.62 0.00 -3553.53
v -345.39 0.00 -3543.97
v -342.40 0.00 -3551.81
v -356.75 0.00 -3559.81
v -351.21 0.00 -3564.10
v -370.77 0.00 -3576.63
v -365.39 0.00 -3581.11
v -398.45 0.00 -3609.85
v -393.05 0.00 -3614.30
v -425.95 0.00 -3643.63
v -420.74 0.00 -3648.31
v -440.10 0.00 -3657.93
v -435.31 0.00 -3663.04
v -451.67 0.00 -3667.97
v -446.93 0.00 -3673.13
v -467.83 0.00 -3683.61
v -463.18 0.00 -3688.85
v -480.88 0.00 -3694.20
v -476.47 0.00 -3699.64
f 2832 2834 2833 2831
f 2834 2836 2835 2833
f 2836 2838 2837 2835
f 2838 2840 2839 2837
f 2840 2842 2841 2839
f 2842 2844 2843 2841
f 2844 2846 2845 2843
f 2846 2848 2847 2845
f 2848 2850 2849 2847
f 2850 2852 2851 2849
f 2852 2854 2853 2851
f 2854 2856 2855 2853
f 2856 2858 2857 2855
f 2858 2860 2859 2857
f 2860 2862 2861 2859
f 2862 2864 2863 2861
f 2864 2866 2865 2863
f 2866 2868 2867 2865
f 2868 2870 2869 2867
f 2870 2872 2871 2869
f 2872 2874 2873 2871
f 2874 2876 2875 2873
f 2876 2878 2877 2875
f 2878 2880 2879 2877
f 2880 2882 2881 2879
f 2882 2884 2883 2881
f 2884 2886 2885 2883
f 2886 2888 2887 2885
f 2888 2890 2889 2887
f 2890 2892 2891 2889
f 2892 2894 2893 2891
f 2896 2898 2897 2895
f 2898 2900 2899 2897
f 2900 2902 2901 2899
f 2902 2904 2903 2901
f 2904 2906 2905 2903
f 2906 2908 2907 2905
f 2908 2910 2909 2907
f 2912 2914 2913 2911
f 2914 2916 2915 2913
f 2916 2918 2917 2915
f 2918 2920 2919 2917
f 2920 2922 2921 2919
f 2922 2924 2923 2921
f 2924 2926 2925 2923
f 2926 2928 2927 2925
f 2928 2930 2929 2927
f 2930 2932 2931 2929
f 2932 2934 2933 2931
f 2934 2936 2935 2933
f 2936 2938 2937 2935
f 2938 2940 2939 2937
f 2940 2942 2941 2939
f 2942 2944 2943 2941
f 2944 2946 2945 2943
f 2946 2948 2947 2945
f 2948 2950 2949 2947
f 2950 2952 2951 2949
f 2952 2954 2953 2951
f 2954 2956 2955 2953
f 2956 2958 2957 2955
o Roads_+1_-2
v -225.03 0.00 -153.04
v -213.21 0.00 -155.06
v -270.02 0.00 -417.39
v -258.20 0.00 -419.41
v -253.85 0.00 -358.33
v -255.10 0.00 -365.22
v -365.49 0.00 -337.97
v -366.74 0.00 -344.85
v -370.19 0.00 -383.81
v -377.08 0.00 -382.57
v -362.67 0.00 -342.03
v -369.56 0.00 -340.78
v -356.19 0.00 -306.46
v -363.08 0.00 -305.21
v -348.33 0.00 -263.25
v -355.22 0.00 -262.00
v -338.90 0.00 -211.45
v -345.79 0.00 -210.19
v -332.07 0.00 -173.91
v -338.96 0.00 -172.65
v -325.20 0.00 -136.10
v -332.08 0.00 -134.85
v -615.42 0.00 -259.74
v -614.26 0.00 -252.84
v -464.63 0.00 -285.11
v -463.26 0.00 -278.24
v -360.30 0.00 -309.28
v -358.97 0.00 -302.40
v -248.46 0.00 -326.74
v -247.38 0.00 -319.83
v -240.02 0.00 -276.63
v -241.11 0.00 -283.54
v -351.23 0.00 -259.17
v -352.32 0.00 -266.08
v -457.10 0.00 -242.56
v -458.18 0.00 -249.47
v -365.37 0.00 -337.99
v -366.86 0.00 -344.83
v -440.73 0.00 -321.63
v -442.25 0.00 -328.46
v -469.79 0.00 -315.00
v -471.09 0.00 -321.88
v -620.15 0.00 -292.38
v -621.19 0.00 -299.30
v -260.75 0.00 -398.63
v -261.91 0.00 -405.53
v -295.62 0.00 -392.77
v -296.78 0.00 -399.67
v -354.80 0.00 -382.82
v -355.96 0.00 -389.72
v -373.06 0.00 -379.74
v -374.22 0.00 -386.65
v -415.72 0.00 -372.58
v -416.88 0.00 -379.48
v -478.19 0.00 -362.07
v -479.35 0.00 -368.98
f 2960 2962 2961 2959
f 2964 2966 2965 2963
f 2968 2970 2969 2967
f 2970 2972 2971 2969
f 2972 2974 2973 2971
f 2974 2976 2975 2973
f 2976 2978 2977 2975
f 2978 2980 2979 2977
f 2982 2984 2983 2981
f 2984 2986 2985 2983
f 2986 2988 2987 2985
f 2990 2992 2991 2989
f 2992 2994 2993 2991
f 2996 2998 2997 2995
f 2998 3000 2999 2997
f 3000 3002 3001 2999
f 3004 3006 3005 3003
f 3006 3008 3007 3005
f 3008 3010 3009 3007
f 3010 3012 3011 3009
f 3012 3014 3013 3011
o Roads_+1_-3
v -59.42 0.00 -647.76
v -60.58 0.00 -654.67
v -250.30 0.00 -615.60
v -251.50 0.00 -622.50
v -286.85 0.00 -609.05
v -288.01 0.00 -615.95
v -326.30 0.00 -602.78
v -327.42 0.00 -609.69
v -365.38 0.00 -596.29
v -366.52 0.00 -603.20
v -401.05 0.00 -799.08
v -407.90 0.00 -797.61
v -389.35 0.00 -744.29
v -396.20 0.00 -742.86
v -383.45 0.00 -715.18
v -390.31 0.00 -713.79
v -382.20 0.00 -709.00
v -389.05 0.00 -707.58
v -374.73 0.00 -673.74
v -381.61 0.00 -672.41
v -372.26 0.00 -659.43
v -379.16 0.00 -658.26
v -368.62 0.00 -637.31
v -375.52 0.00 -636.17
v -362.50 0.00 -600.31
v -369.40 0.00 -599.17
v -353.03 0.00 -542.43
v -359.94 0.00 -541.30
v -258.31 0.00 -676.53
v -265.21 0.00 -675.35
v -254.48 0.00 -654.19
v -262.54 0.00 -659.76
v -292.91 0.00 -646.75
v -294.17 0.00 -653.64
v -336.84 0.00 -639.23
v -338.02 0.00 -646.13
v -371.48 0.00 -633.29
v -372.66 0.00 -640.19
v -52.09 0.00 -588.64
v -53.25 0.00 -595.54
v -239.56 0.00 -557.09
v -240.68 0.00 -564.00
v -279.14 0.00 -550.88
v -280.24 0.00 -557.80
v -316.54 0.00 -544.79
v -317.66 0.00 -551.70
v -327.01 0.00 -543.10
v -328.13 0.00 -550.01
v -355.81 0.00 -538.43
v -357.15 0.00 -545.31
v -384.84 0.00 -531.85
v -386.39 0.00 -538.68
v -506.09 0.00 -520.33
v -504.95 0.00 -513.42
v -443.12 0.00 -530.70
v -442.06 0.00 -523.78
v -382.84 0.00 -539.19
v -388.39 0.00 -531.34
v -351.95 0.00 -386.96
v -358.81 0.00 -385.57
v -320.55 0.00 -547.67
v -313.65 0.00 -548.83
v -330.31 0.00 -605.65
v -323.41 0.00 -606.81
v -311.14 0.00 -755.06
v -317.99 0.00 -753.63
v -304.24 0.00 -722.05
v -311.09 0.00 -720.63
v -297.29 0.00 -688.50
v -304.15 0.00 -687.13
v -296.71 0.00 -685.49
v -303.59 0.00 -684.17
v -290.10 0.00 -650.85
v -296.98 0.00 -649.54
v -419.74 0.00 -375.43
v -412.85 0.00 -376.63
v -446.04 0.00 -526.64
v -439.14 0.00 -527.84
v -299.62 0.00 -395.50
v -292.77 0.00 -396.93
v -331.00 0.00 -545.84
v -324.14 0.00 -547.27
v -378.83 0.00 -676.51
v -377.52 0.00 -669.64
v -301.37 0.00 -691.25
v -300.06 0.00 -684.38
v -386.20 0.00 -711.74
v -385.05 0.00 -704.84
v -308.24 0.00 -724.79
v -307.09 0.00 -717.89
v -280.88 0.00 -819.63
v -287.78 0.00 -818.46
v -270.93 0.00 -760.90
v -277.84 0.00 -759.82
v -266.55 0.00 -730.22
v -273.48 0.00 -729.18
v -260.67 0.00 -692.38
v -267.59 0.00 -691.32
v -258.30 0.00 -676.46
v -265.22 0.00 -675.42
v -71.74 0.00 -706.99
v -73.00 0.00 -713.88
v -261.13 0.00 -672.50
v -262.38 0.00 -679.38
v -254.33 0.00 -618.36
v -247.47 0.00 -619.74
v -261.94 0.00 -656.29
v -255.08 0.00 -657.66
v -290.88 0.00 -611.94
v -283.97 0.00 -613.06
v -296.99 0.00 -649.64
v -290.08 0.00 -650.76
v -263.46 0.00 -688.42
v -264.80 0.00 -695.29
v -299.48 0.00 -681.39
v -300.82 0.00 -688.26
v -308.42 0.00 -724.76
v -306.90 0.00 -717.92
v -270.77 0.00 -733.12
v -269.26 0.00 -726.28
v -283.16 0.00 -553.88
v -276.22 0.00 -554.80
v -290.90 0.00 -612.04
v -283.96 0.00 -612.96
f 3016 3018 3017 3015
f 3018 3020 3019 3017
f 3020 3022 3021 3019
f 3022 3024 3023 3021
f 3026 3028 3027 3025
f 3028 3030 3029 3027
f 3030 3032 3031 3029
f 3032 3034 3033 3031
f 3034 3036 3035 3033
f 3036 3038 3037 3035
f 3038 3040 3039 3037
f 3040 3042 3041 3039
f 3044 3046 3045 3043
f 3046 3048 3047 3045
f 3048 3050 3049 3047
f 3050 3052 3051 3049
f 3054 3056 3055 3053
f 3056 3058 3057 3055
f 3058 3060 3059 3057
f 3060 3062 3061 3059
f 3062 3064 3063 3061
f 3064 3066 3065 3063
f 3068 3070 3069 3067
f 3070 3072 3071 3069
f 3072 3074 3073 3071
f 3076 3078 3077 3075
f 3080 3082 3081 3079
f 3082 3084 3083 3081
f 3084 3086 3085 3083
f 3086 3088 3087 3085
f 3090 3092 3091 3089
f 3094 3096 3095 3093
f 3098 3100 3099 3097
f 3102 3104 3103 3101
f 3106 3108 3107 3105
f 3108 3110 3109 3107
f 3110 3112 3111 3109
f 3112 3114 3113 3111
f 3116 3118 3117 3115
f 3120 3122 3121 3119
f 3124 3126 3125 3123
f 3128 3130 3129 3127
f 3132 3134 3133 3131
f 3136 3138 3137 3135
o Roads_+1_-4
v -453.79 0.00 -945.92
v -452.10 0.00 -939.12
v -294.42 0.00 -985.50
v -292.74 0.00 -978.71
v -281.98 0.00 -929.23
v -283.18 0.00 -936.13
v -345.90 0.00 -918.15
v -347.35 0.00 -925.01
v -391.97 0.00 -906.68
v -393.66 0.00 -913.48
v -441.48 0.00 -894.32
v -443.17 0.00 -901.11
v -87.31 0.00 -786.51
v -88.41 0.00 -793.42
v -215.32 0.00 -766.17
v -216.42 0.00 -773.08
v -234.69 0.00 -763.10
v -235.79 0.00 -770.01
v -246.24 0.00 -761.26
v -247.34 0.00 -768.18
v -273.85 0.00 -756.90
v -274.92 0.00 -763.82
v -314.05 0.00 -750.88
v -315.08 0.00 -757.81
v -355.60 0.00 -744.80
v -356.55 0.00 -751.73
v -392.33 0.00 -740.11
v -393.22 0.00 -747.05
v -359.55 0.00 -747.85
v -352.60 0.00 -748.68
v -366.43 0.00 -805.08
v -359.48 0.00 -805.92
v -317.99 0.00 -753.64
v -311.14 0.00 -755.06
v -329.91 0.00 -811.07
v -323.05 0.00 -812.49
v -286.46 0.00 -832.08
v -284.20 0.00 -818.26
v -258.27 0.00 -836.68
v -256.01 0.00 -822.86
v -360.52 0.00 -811.72
v -367.41 0.00 -810.49
v -359.51 0.00 -806.12
v -366.40 0.00 -804.88
v -365.20 0.00 -817.99
v -362.74 0.00 -804.21
v -286.56 0.00 -832.06
v -284.10 0.00 -818.28
v -419.63 0.00 -807.07
v -417.89 0.00 -796.71
v -364.84 0.00 -816.28
v -363.10 0.00 -805.92
v -271.78 0.00 -891.83
v -273.79 0.00 -898.54
v -314.71 0.00 -878.93
v -316.72 0.00 -885.63
v -334.16 0.00 -873.11
v -336.02 0.00 -879.86
v -430.24 0.00 -848.83
v -431.95 0.00 -855.62
v -269.39 0.00 -896.03
v -276.18 0.00 -894.34
v -262.33 0.00 -867.48
v -269.13 0.00 -865.85
v -253.74 0.00 -830.56
v -260.55 0.00 -828.98
v -422.16 0.00 -801.06
v -415.36 0.00 -802.73
v -434.49 0.00 -851.39
v -427.69 0.00 -853.06
v -437.17 0.00 -862.18
v -430.37 0.00 -863.86
v -445.71 0.00 -896.83
v -438.94 0.00 -898.61
v -448.43 0.00 -906.56
v -441.66 0.00 -908.36
v -449.69 0.00 -911.61
v -442.88 0.00 -913.22
v -456.36 0.00 -941.77
v -449.53 0.00 -943.27
v -465.66 0.00 -984.27
v -458.82 0.00 -985.76
f 3140 3142 3141 3139
f 3144 3146 3145 3143
f 3146 3148 3147 3145
f 3148 3150 3149 3147
f 3152 3154 3153 3151
f 3154 3156 3155 3153
f 3156 3158 3157 3155
f 3158 3160 3159 3157
f 3160 3162 3161 3159
f 3162 3164 3163 3161
f 3164 3166 3165 3163
f 3168 3170 3169 3167
f 3172 3174 3173 3171
f 3176 3178 3177 3175
f 3180 3182 3181 3179
f 3184 3186 3185 3183
f 3188 3190 3189 3187
f 3192 3194 3193 3191
f 3194 3196 3195 3193
f 3196 3198 3197 3195
f 3200 3202 3201 3199
f 3202 3204 3203 3201
f 3206 3208 3207 3205
f 3208 3210 3209 3207
f 3210 3212 3211 3209
f 3212 3214 3213 3211
f 3214 3216 3215 3213
f 3216 3218 3217 3215
f 3218 3220 3219 3217
o Roads_+1_-5
v -348.92 0.00 -1242.76
v -355.75 0.00 -1241.20
v -340.88 0.00 -1207.41
v -347.70 0.00 -1205.86
v -339.92 0.00 -1203.19
v -346.75 0.00 -1201.64
v -335.98 0.00 -1185.86
v -342.81 0.00 -1184.31
v -333.64 0.00 -1175.55
v -340.46 0.00 -1174.00
v -330.37 0.00 -1161.22
v -337.15 0.00 -1159.44
v -321.56 0.00 -1131.45
v -328.39 0.00 -1129.85
v -319.92 0.00 -1122.08
v -326.77 0.00 -1120.61
v -308.62 0.00 -1077.79
v -315.43 0.00 -1076.15
v -306.81 0.00 -1069.75
v -313.67 0.00 -1068.35
v -298.42 0.00 -1023.57
v -305.26 0.00 -1022.03
v -295.92 0.00 -1014.24
v -302.75 0.00 -1012.70
v -290.15 0.00 -982.83
v -297.01 0.00 -981.38
v -282.43 0.00 -950.49
v -289.27 0.00 -949.02
v -279.17 0.00 -933.45
v -286.00 0.00 -931.91
v -269.40 0.00 -896.07
v -276.17 0.00 -894.30
v -197.58 0.00 -1217.29
v -199.30 0.00 -1224.08
v -338.54 0.00 -1181.69
v -340.25 0.00 -1188.48
v -183.97 0.00 -1162.56
v -185.35 0.00 -1169.42
v -192.66 0.00 -1160.80
v -194.18 0.00 -1167.64
v -224.85 0.00 -1153.05
v -226.53 0.00 -1159.85
v -255.99 0.00 -1145.18
v -257.73 0.00 -1151.96
v -284.51 0.00 -1137.73
v -286.30 0.00 -1144.50
v -309.32 0.00 -1131.05
v -311.10 0.00 -1137.82
v -324.11 0.00 -1127.26
v -325.84 0.00 -1134.04
v -309.42 0.00 -1065.65
v -311.06 0.00 -1072.45
v -382.05 0.00 -1048.11
v -383.68 0.00 -1054.92
v -471.60 0.00 -1026.81
v -473.22 0.00 -1033.62
v -154.37 0.00 -1045.68
v -156.05 0.00 -1052.48
v -298.49 0.00 -1010.07
v -300.17 0.00 -1016.86
v -463.05 0.00 -988.42
v -461.44 0.00 -981.61
v -383.13 0.00 -1007.24
v -381.52 0.00 -1000.43
v -373.25 0.00 -1009.57
v -371.64 0.00 -1002.76
v -302.64 0.00 -1026.21
v -301.04 0.00 -1019.39
v -502.21 0.00 -1137.28
v -500.61 0.00 -1130.46
v -424.31 0.00 -1155.51
v -422.64 0.00 -1148.72
v -422.03 0.00 -1156.10
v -420.78 0.00 -1149.19
v -419.47 0.00 -1156.37
v -421.50 0.00 -1149.12
v -417.07 0.00 -1154.54
v -422.65 0.00 -1150.00
v -414.37 0.00 -1148.94
v -420.20 0.00 -1144.90
v -415.06 0.00 -1149.66
v -418.00 0.00 -1142.61
v -415.58 0.00 -1149.65
v -414.85 0.00 -1142.66
v -375.39 0.00 -1157.42
v -374.19 0.00 -1150.52
v -334.30 0.00 -1163.79
v -333.23 0.00 -1156.87
v -520.81 0.00 -1231.54
v -527.64 0.00 -1230.01
v -513.78 0.00 -1200.02
v -520.60 0.00 -1198.46
v -506.86 0.00 -1170.73
v -513.67 0.00 -1169.12
v -504.51 0.00 -1160.81
v -511.32 0.00 -1159.16
v -498.02 0.00 -1134.75
v -504.79 0.00 -1132.99
v -494.78 0.00 -1122.87
v -501.58 0.00 -1121.22
v -493.79 0.00 -1118.24
v -500.61 0.00 -1116.64
v -486.70 0.00 -1090.60
v -493.48 0.00 -1088.86
v -483.42 0.00 -1077.79
v -490.19 0.00 -1076.03
v -477.07 0.00 -1053.68
v -483.87 0.00 -1052.00
v -474.40 0.00 -1042.12
v -480.67 0.00 -1038.15
v -471.38 0.00 -1039.74
v -477.52 0.00 -1035.67
v -469.01 0.00 -1031.06
v -475.80 0.00 -1029.37
v -458.83 0.00 -985.78
v -465.66 0.00 -984.25
v -322.39 0.00 -1117.98
v -324.30 0.00 -1124.71
v -391.58 0.00 -1098.25
v -392.23 0.00 -1105.34
v -397.06 0.00 -1098.77
v -392.30 0.00 -1105.35
v -398.99 0.00 -1103.17
v -392.38 0.00 -1105.54
v -400.82 0.00 -1109.68
v -394.40 0.00 -1112.68
v -401.32 0.00 -1110.41
v -395.55 0.00 -1114.36
v -379.45 0.00 -1052.30
v -386.28 0.00 -1050.73
v -369.04 0.00 -1006.95
v -375.86 0.00 -1005.38
v -342.57 0.00 -1199.00
v -344.10 0.00 -1205.83
v -427.00 0.00 -1179.97
v -428.54 0.00 -1186.80
v -438.39 0.00 -1237.35
v -445.16 0.00 -1235.57
v -426.79 0.00 -1193.40
v -433.56 0.00 -1191.62
v -424.39 0.00 -1184.28
v -431.16 0.00 -1182.49
v -422.95 0.00 -1178.83
v -429.85 0.00 -1177.54
v -420.00 0.00 -1152.50
v -426.95 0.00 -1151.72
v -366.50 0.00 -1301.43
v -373.20 0.00 -1299.42
v -348.98 0.00 -1242.98
v -355.69 0.00 -1240.97
v -211.43 0.00 -1272.45
v -214.45 0.00 -1284.07
v -350.83 0.00 -1236.17
v -353.85 0.00 -1247.79
v -397.81 0.00 -1108.94
v -399.06 0.00 -1115.83
v -399.58 0.00 -1108.62
v -401.06 0.00 -1115.47
v -489.25 0.00 -1086.33
v -490.94 0.00 -1093.13
v -386.28 0.00 -1050.73
v -379.46 0.00 -1052.30
v -388.04 0.00 -1058.39
v -381.23 0.00 -1059.99
v -390.52 0.00 -1068.77
v -384.07 0.00 -1071.88
v -390.53 0.00 -1068.78
v -386.83 0.00 -1075.40
v -390.80 0.00 -1068.81
v -391.16 0.00 -1075.90
v -479.73 0.00 -1049.42
v -481.22 0.00 -1056.26
v -311.73 0.00 -1080.46
v -312.31 0.00 -1073.48
v -307.26 0.00 -1080.08
v -307.27 0.00 -1073.06
v -301.17 0.00 -1080.59
v -300.24 0.00 -1073.64
v -291.51 0.00 -1082.39
v -290.23 0.00 -1075.51
v -475.27 0.00 -1041.11
v -473.64 0.00 -1034.30
v -385.46 0.00 -1062.59
v -383.81 0.00 -1055.79
v -312.85 0.00 -1080.37
v -311.19 0.00 -1073.57
f 3222 3224 3223 3221
f 3224 3226 3225 3223
f 3226 3228 3227 3225
f 3228 3230 3229 3227
f 3230 3232 3231 3229
f 3232 3234 3233 3231
f 3234 3236 3235 3233
f 3236 3238 3237 3235
f 3238 3240 3239 3237
f 3240 3242 3241 3239
f 3242 3244 3243 3241
f 3244 3246 3245 3243
f 3246 3248 3247 3245
f 3248 3250 3249 3247
f 3250 3252 3251 3249
f 3254 3256 3255 3253
f 3258 3260 3259 3257
f 3260 3262 3261 3259
f 3262 3264 3263 3261
f 3264 3266 3265 3263
f 3266 3268 3267 3265
f 3268 3270 3269 3267
f 3272 3274 3273 3271
f 3274 3276 3275 3273
f 3278 3280 3279 3277
f 3282 3284 3283 3281
f 3284 3286 3285 3283
f 3286 3288 3287 3285
f 3290 3292 3291 3289
f 3292 3294 3293 3291
f 3294 3296 3295 3293
f 3296 3298 3297 3295
f 3298 3300 3299 3297
f 3300 3302 3301 3299
f 3302 3304 3303 3301
f 3304 3306 3305 3303
f 3306 3308 3307 3305
f 3310 3312 3311 3309
f 3312 3314 3313 3311
f 3314 3316 3315 3313
f 3316 3318 3317 3315
f 3318 3320 3319 3317
f 3320 3322 3321 3319
f 3322 3324 3323 3321
f 3324 3326 3325 3323
f 3326 3328 3327 3325
f 3328 3330 3329 3327
f 3330 3332 3331 3329
f 3332 3334 3333 3331
f 3334 3336 3335 3333
f 3338 3340 3339 3337
f 3340 3342 3341 3339
f 3342 3344 3343 3341
f 3344 3346 3345 3343
f 3346 3348 3347 3345
f 3350 3352 3351 3349
f 3354 3356 3355 3353
f 3358 3360 3359 3357
f 3360 3362 3361 3359
f 3362 3364 3363 3361
f 3364 3366 3365 3363
f 3368 3370 3369 3367
f 3372 3374 3373 3371
f 3376 3378 3377 3375
f 3378 3380 3379 3377
f 3382 3384 3383 3381
f 3384 3386 3385 3383
f 3386 3388 3387 3385
f 3388 3390 3389 3387
f 3390 3392 3391 3389
f 3394 3396 3395 3393
f 3396 3398 3397 3395
f 3398 3400 3399 3397
f 3402 3404 3403 3401
f 3404 3406 3405 3403
o Roads_+1_-6
v -530.06 0.00 -1255.32
v -528.34 0.00 -1248.54
v -456.66 0.00 -1273.95
v -453.81 0.00 -1267.46
v -456.85 0.00 -1273.83
v -450.75 0.00 -1269.46
v -456.96 0.00 -1273.39
v -449.68 0.00 -1273.57
v -458.28 0.00 -1277.62
v -450.95 0.00 -1277.61
v -457.12 0.00 -1281.32
v -451.30 0.00 -1276.50
v -453.84 0.00 -1283.08
v -451.29 0.00 -1276.51
v -370.71 0.00 -1303.82
v -369.00 0.00 -1297.03
v -228.45 0.00 -1339.91
v -226.73 0.00 -1333.13
v -268.12 0.00 -1501.04
v -269.72 0.00 -1507.86
v -407.79 0.00 -1468.30
v -409.39 0.00 -1475.11
v -421.02 0.00 -1465.18
v -422.63 0.00 -1472.00
v -418.40 0.00 -1469.32
v -425.25 0.00 -1467.85
v -408.72 0.00 -1424.16
v -415.56 0.00 -1422.70
v -405.70 0.00 -1410.08
v -412.54 0.00 -1408.61
v -379.84 0.00 -1360.48
v -386.67 0.00 -1358.93
v -376.16 0.00 -1344.25
v -382.99 0.00 -1342.70
v -366.44 0.00 -1301.20
v -373.27 0.00 -1299.66
v -410.01 0.00 -1412.73
v -408.23 0.00 -1405.96
v -256.81 0.00 -1452.93
v -255.03 0.00 -1446.16
v -231.47 0.00 -1335.56
v -223.71 0.00 -1337.48
v -249.86 0.00 -1410.21
v -242.10 0.00 -1412.15
v -259.53 0.00 -1448.39
v -251.77 0.00 -1450.31
v -269.96 0.00 -1491.89
v -262.18 0.00 -1493.77
v -290.58 0.00 -1575.71
v -282.82 0.00 -1577.63
v -395.03 0.00 -1360.56
v -395.20 0.00 -1353.56
v -392.30 0.00 -1360.50
v -391.29 0.00 -1353.47
v -384.20 0.00 -1363.08
v -382.30 0.00 -1356.34
v -242.70 0.00 -1397.88
v -241.02 0.00 -1391.08
v -405.73 0.00 -1410.21
v -412.51 0.00 -1408.48
v -399.10 0.00 -1384.26
v -405.90 0.00 -1382.61
v -393.64 0.00 -1360.76
v -400.08 0.00 -1357.55
v -392.43 0.00 -1359.30
v -397.80 0.00 -1354.82
v -401.67 0.00 -1380.04
v -403.33 0.00 -1386.84
v -458.11 0.00 -1366.23
v -461.59 0.00 -1372.58
v -470.82 0.00 -1354.12
v -475.64 0.00 -1359.19
v -471.38 0.00 -1353.68
v -475.08 0.00 -1359.63
v -484.97 0.00 -1345.24
v -487.71 0.00 -1351.77
v -547.55 0.00 -1330.05
v -549.20 0.00 -1336.86
v -378.63 0.00 -1340.10
v -380.52 0.00 -1346.84
v -457.67 0.00 -1317.87
v -459.57 0.00 -1324.61
v -538.96 0.00 -1292.80
v -537.07 0.00 -1286.06
v -475.82 0.00 -1310.51
v -473.92 0.00 -1303.77
v -456.60 0.00 -1318.38
v -460.63 0.00 -1324.10
v -461.58 0.00 -1314.87
v -466.18 0.00 -1320.19
v -469.19 0.00 -1306.84
v -473.79 0.00 -1312.17
v -472.86 0.00 -1304.27
v -476.88 0.00 -1310.01
v -568.50 0.00 -1418.64
v -566.72 0.00 -1411.87
v -494.60 0.00 -1438.14
v -492.82 0.00 -1431.37
v -558.81 0.00 -1378.01
v -557.28 0.00 -1371.17
v -481.67 0.00 -1395.27
v -479.53 0.00 -1388.58
v -473.63 0.00 -1398.67
v -468.66 0.00 -1393.17
v -470.80 0.00 -1403.83
v -464.66 0.00 -1400.48
v -466.69 0.00 -1411.36
v -461.95 0.00 -1405.44
v -413.11 0.00 -1426.79
v -411.17 0.00 -1420.07
f 3408 3410 3409 3407
f 3410 3412 3411 3409
f 3412 3414 3413 3411
f 3414 3416 3415 3413
f 3416 3418 3417 3415
f 3418 3420 3419 3417
f 3420 3422 3421 3419
f 3422 3424 3423 3421
f 3426 3428 3427 3425
f 3428 3430 3429 3427
f 3432 3434 3433 3431
f 3434 3436 3435 3433
f 3438 3440 3439 3437
f 3440 3442 3441 3439
f 3444 3446 3445 3443
f 3448 3450 3449 3447
f 3450 3452 3451 3449
f 3452 3454 3453 3451
f 3454 3456 3455 3453
f 3458 3460 3459 3457
f 3460 3462 3461 3459
f 3462 3464 3463 3461
f 3466 3468 3467 3465
f 3468 3470 3469 3467
f 3470 3472 3471 3469
f 3474 3476 3475 3473
f 3476 3478 3477 3475
f 3480 3482 3481 3479
f 3482 3484 3483 3481
f 3486 3488 3487 3485
f 3490 3492 3491 3489
f 3494 3496 3495 3493
f 3496 3498 3497 3495
f 3498 3500 3499 3497
f 3502 3504 3503 3501
f 3506 3508 3507 3505
f 3508 3510 3509 3507
f 3510 3512 3511 3509
f 3512 3514 3513 3511
f 3514 3516 3515 3513
o Roads_+1_-7
v -324.98 0.00 -1714.90
v -326.72 0.00 -1721.68
v -467.73 0.00 -1678.26
v -469.47 0.00 -1685.04
v -139.42 0.00 -1719.71
v -140.90 0.00 -1726.55
v -153.49 0.00 -1716.65
v -154.98 0.00 -1723.49
v -262.38 0.00 -1692.92
v -263.87 0.00 -1699.76
v -297.20 0.00 -1685.33
v -298.69 0.00 -1692.17
v -464.33 0.00 -1645.00
v -468.13 0.00 -1639.12
v -464.44 0.00 -1645.06
v -466.32 0.00 -1637.95
v -462.64 0.00 -1645.16
v -462.17 0.00 -1638.18
v -454.04 0.00 -1645.83
v -454.43 0.00 -1638.77
v -425.42 0.00 -1640.41
v -425.59 0.00 -1633.31
v -416.98 0.00 -1641.59
v -415.74 0.00 -1634.70
v -397.74 0.00 -1645.81
v -395.98 0.00 -1639.03
v -377.79 0.00 -1651.79
v -375.91 0.00 -1645.04
v -343.00 0.00 -1660.76
v -341.45 0.00 -1653.93
v -311.99 0.00 -1666.81
v -310.65 0.00 -1659.94
v -420.30 0.00 -1540.27
v -427.14 0.00 -1538.75
v -415.89 0.00 -1520.49
v -422.73 0.00 -1518.97
v -405.17 0.00 -1472.47
v -412.00 0.00 -1470.94
v -290.58 0.00 -1575.71
v -282.82 0.00 -1577.63
v -299.46 0.00 -1611.71
v -291.70 0.00 -1613.69
v -303.50 0.00 -1626.98
v -295.80 0.00 -1629.16
v -306.51 0.00 -1637.04
v -298.87 0.00 -1639.42
v -316.21 0.00 -1667.20
v -308.55 0.00 -1669.50
v -320.44 0.00 -1682.30
v -312.72 0.00 -1684.38
v -324.37 0.00 -1697.42
v -316.59 0.00 -1699.28
v -326.64 0.00 -1707.74
v -318.80 0.00 -1709.30
v -327.58 0.00 -1713.09
v -319.68 0.00 -1714.33
v -330.55 0.00 -1734.40
v -322.65 0.00 -1735.60
v -331.41 0.00 -1739.59
v -323.55 0.00 -1741.05
v -333.54 0.00 -1749.94
v -325.74 0.00 -1751.70
v -353.81 0.00 -1832.64
v -346.03 0.00 -1834.54
v -480.56 0.00 -1742.61
v -487.31 0.00 -1740.74
v -474.12 0.00 -1719.42
v -480.61 0.00 -1716.64
v -468.81 0.00 -1710.51
v -475.25 0.00 -1707.64
v -462.77 0.00 -1691.26
v -470.02 0.00 -1690.98
v -465.19 0.00 -1680.87
v -472.01 0.00 -1682.44
v -467.14 0.00 -1672.30
v -473.87 0.00 -1674.27
v -469.02 0.00 -1667.10
v -476.33 0.00 -1667.48
v -465.83 0.00 -1654.36
v -472.61 0.00 -1652.62
v -462.85 0.00 -1642.94
v -469.62 0.00 -1641.17
v -418.46 0.00 -1516.33
v -420.16 0.00 -1523.13
v -489.70 0.00 -1498.57
v -491.39 0.00 -1505.37
f 3518 3520 3519 3517
f 3522 3524 3523 3521
f 3524 3526 3525 3523
f 3526 3528 3527 3525
f 3530 3532 3531 3529
f 3532 3534 3533 3531
f 3534 3536 3535 3533
f 3536 3538 3537 3535
f 3538 3540 3539 3537
f 3540 3542 3541 3539
f 3542 3544 3543 3541
f 3544 3546 3545 3543
f 3546 3548 3547 3545
f 3550 3552 3551 3549
f 3552 3554 3553 3551
f 3556 3558 3557 3555
f 3558 3560 3559 3557
f 3560 3562 3561 3559
f 3562 3564 3563 3561
f 3564 3566 3565 3563
f 3566 3568 3567 3565
f 3568 3570 3569 3567
f 3570 3572 3571 3569
f 3572 3574 3573 3571
f 3574 3576 3575 3573
f 3576 3578 3577 3575
f 3578 3580 3579 3577
f 3582 3584 3583 3581
f 3584 3586 3585 3583
f 3586 3588 3587 3585
f 3588 3590 3589 3587
f 3590 3592 3591 3589
f 3592 3594 3593 3591
f 3594 3596 3595 3593
f 3596 3598 3597 3595
f 3600 3602 3601 3599
o Roads_+1_-8
v -390.79 0.00 -1993.97
v -392.42 0.00 -2000.78
v -482.49 0.00 -1972.00
v -484.12 0.00 -1978.81
v -547.09 0.00 -1956.53
v -548.72 0.00 -1963.34
v -534.03 0.00 -1908.92
v -532.35 0.00 -1902.12
v -448.59 0.00 -1930.07
v -446.91 0.00 -1923.28
v -410.09 0.00 -1939.61
v -408.33 0.00 -1932.83
v -378.26 0.00 -1948.22
v -376.43 0.00 -1941.46
v -484.74 0.00 -1745.08
v -483.13 0.00 -1738.27
v -336.71 0.00 -1780.04
v -335.10 0.00 -1773.23
v -498.89 0.00 -1799.56
v -497.18 0.00 -1792.77
v -350.78 0.00 -1836.99
v -349.07 0.00 -1830.20
v -365.23 0.00 -1938.58
v -367.89 0.00 -1950.28
v -375.30 0.00 -1936.29
v -377.96 0.00 -1947.99
v -380.49 0.00 -1941.11
v -372.77 0.00 -1943.17
v -381.21 0.00 -1943.81
v -373.49 0.00 -1945.87
v -375.90 0.00 -1922.43
v -368.14 0.00 -1924.35
v -380.51 0.00 -1941.18
v -372.75 0.00 -1943.10
v -362.71 0.00 -1945.50
v -370.41 0.00 -1943.36
v -361.01 0.00 -1939.37
v -368.71 0.00 -1937.23
v -368.01 0.00 -1950.87
v -365.11 0.00 -1937.99
v -313.52 0.00 -1963.15
v -310.72 0.00 -1950.25
v -302.97 0.00 -1965.34
v -300.63 0.00 -1952.34
v -292.61 0.00 -1966.91
v -291.21 0.00 -1953.77
v -283.95 0.00 -1967.45
v -283.69 0.00 -1954.25
v -273.84 0.00 -1967.22
v -274.14 0.00 -1954.02
v -281.96 0.00 -1947.92
v -284.36 0.00 -1959.68
v -328.50 0.00 -1938.44
v -331.06 0.00 -1950.16
v -338.48 0.00 -1936.13
v -341.32 0.00 -1947.79
v -356.47 0.00 -1931.56
v -359.43 0.00 -1943.18
v -356.38 0.00 -1931.58
v -359.52 0.00 -1943.16
v -372.79 0.00 -1927.13
v -375.93 0.00 -1938.71
v -277.39 0.00 -1959.82
v -270.58 0.00 -1961.42
v -285.93 0.00 -1996.13
v -279.11 0.00 -1997.73
v -270.05 0.00 -1955.32
v -277.93 0.00 -1965.92
v -279.22 0.00 -1948.50
v -287.10 0.00 -1959.10
v -353.80 0.00 -1832.63
v -346.04 0.00 -1834.55
v -375.90 0.00 -1922.43
v -368.14 0.00 -1924.35
v -578.42 0.00 -1776.26
v -576.45 0.00 -1769.54
v -499.02 0.00 -1799.52
v -497.05 0.00 -1792.81
v -568.60 0.00 -1737.34
v -564.99 0.00 -1722.78
v -487.70 0.00 -1757.43
v -484.08 0.00 -1742.88
v -495.63 0.00 -1796.84
v -500.44 0.00 -1795.49
v -486.88 0.00 -1765.57
v -491.72 0.00 -1764.33
v -483.45 0.00 -1750.72
v -488.32 0.00 -1749.59
v -481.50 0.00 -1742.23
v -486.37 0.00 -1741.11
f 3604 3606 3605 3603
f 3606 3608 3607 3605
f 3610 3612 3611 3609
f 3612 3614 3613 3611
f 3614 3616 3615 3613
f 3618 3620 3619 3617
f 3622 3624 3623 3621
f 3626 3628 3627 3625
f 3630 3632 3631 3629
f 3634 3636 3635 3633
f 3638 3640 3639 3637
f 3642 3644 3643 3641
f 3644 3646 3645 3643
f 3646 3648 3647 3645
f 3648 3650 3649 3647
f 3650 3652 3651 3649
f 3654 3656 3655 3653
f 3656 3658 3657 3655
f 3658 3660 3659 3657
f 3662 3664 3663 3661
f 3666 3668 3667 3665
f 3670 3672 3671 3669
f 3674 3676 3675 3673
f 3678 3680 3679 3677
f 3682 3684 3683 3681
f 3686 3688 3687 3685
f 3688 3690 3689 3687
f 3690 3692 3691 3689
o Roads_+1_-9
v -366.11 0.00 -2010.93
v -368.11 0.00 -2017.64
v -382.71 0.00 -2005.97
v -384.71 0.00 -2012.68
v -323.08 0.00 -2162.27
v -329.86 0.00 -2160.51
v -315.15 0.00 -2131.76
v -321.93 0.00 -2130.00
v -306.92 0.00 -2100.12
v -313.70 0.00 -2098.36
v -304.49 0.00 -2090.76
v -311.26 0.00 -2089.00
v -293.75 0.00 -2049.42
v -300.52 0.00 -2047.66
v -309.41 0.00 -2095.85
v -311.21 0.00 -2102.62
v -397.08 0.00 -2072.53
v -398.88 0.00 -2079.30
v -211.49 0.00 -2139.46
v -211.09 0.00 -2146.45
v -239.16 0.00 -2141.04
v -239.04 0.00 -2148.04
v -250.93 0.00 -2140.79
v -251.12 0.00 -2147.78
v -260.23 0.00 -2140.50
v -261.03 0.00 -2147.47
v -279.70 0.00 -2136.62
v -281.04 0.00 -2143.50
v -291.14 0.00 -2134.44
v -292.68 0.00 -2141.28
v -317.65 0.00 -2127.50
v -319.43 0.00 -2134.27
v -283.78 0.00 -2139.25
v -276.97 0.00 -2140.88
v -299.12 0.00 -2203.33
v -292.31 0.00 -2204.96
v -285.85 0.00 -1995.87
v -279.19 0.00 -1998.00
v -297.16 0.00 -2031.16
v -290.49 0.00 -2033.30
v -222.45 0.00 -2245.27
v -223.51 0.00 -2250.16
v -254.67 0.00 -2238.33
v -256.75 0.00 -2242.99
v -254.60 0.00 -2238.38
v -258.39 0.00 -2241.81
v -254.78 0.00 -2238.05
v -259.12 0.00 -2240.55
v -415.81 0.00 -2144.59
v -414.26 0.00 -2137.76
v -327.25 0.00 -2164.80
v -325.69 0.00 -2157.98
v -297.25 0.00 -2031.53
v -290.39 0.00 -2032.92
v -300.56 0.00 -2047.84
v -293.70 0.00 -2049.23
v -367.94 0.00 -2017.68
v -366.28 0.00 -2010.88
v -294.66 0.00 -2035.63
v -292.99 0.00 -2028.83
v -452.20 0.00 -2304.05
v -459.96 0.00 -2302.07
v -409.81 0.00 -2137.20
v -417.55 0.00 -2135.22
v -396.78 0.00 -2086.89
v -404.54 0.00 -2084.97
v -391.94 0.00 -2066.53
v -399.74 0.00 -2064.75
v -383.07 0.00 -2025.57
v -390.87 0.00 -2023.81
v -379.53 0.00 -2010.28
v -387.29 0.00 -2008.38
v -362.69 0.00 -1945.44
v -370.43 0.00 -1943.42
v -381.21 0.00 -1943.80
v -373.49 0.00 -1945.88
v -393.93 0.00 -1990.90
v -386.19 0.00 -1992.92
v -410.18 0.00 -2054.96
v -402.44 0.00 -2056.98
v -424.83 0.00 -2109.93
v -417.09 0.00 -2111.93
v -428.61 0.00 -2125.01
v -420.83 0.00 -2126.91
v -438.15 0.00 -2165.11
v -430.39 0.00 -2167.03
v -443.27 0.00 -2185.16
v -435.53 0.00 -2187.18
v -460.69 0.00 -2250.45
v -452.97 0.00 -2252.55
v -473.03 0.00 -2294.62
v -465.33 0.00 -2296.78
v -299.22 0.00 -2204.04
v -292.22 0.00 -2204.26
v -299.38 0.00 -2209.26
v -292.36 0.00 -2208.70
v -298.08 0.00 -2215.95
v -291.97 0.00 -2210.68
v -271.33 0.00 -2225.38
v -269.64 0.00 -2218.55
v -253.23 0.00 -2228.06
v -252.20 0.00 -2221.13
v -294.23 0.00 -2209.91
v -295.82 0.00 -2216.72
v -322.22 0.00 -2203.36
v -330.65 0.00 -2208.58
v -312.15 0.00 -2160.84
v -320.61 0.00 -2166.21
v -325.75 0.00 -2157.97
v -327.20 0.00 -2164.81
f 3694 3696 3695 3693
f 3698 3700 3699 3697
f 3700 3702 3701 3699
f 3702 3704 3703 3701
f 3704 3706 3705 3703
f 3708 3710 3709 3707
f 3712 3714 3713 3711
f 3714 3716 3715 3713
f 3716 3718 3717 3715
f 3718 3720 3719 3717
f 3720 3722 3721 3719
f 3722 3724 3723 3721
f 3726 3728 3727 3725
f 3730 3732 3731 3729
f 3734 3736 3735 3733
f 3736 3738 3737 3735
f 3738 3740 3739 3737
f 3742 3744 3743 3741
f 3746 3748 3747 3745
f 3750 3752 3751 3749
f 3754 3756 3755 3753
f 3756 3758 3757 3755
f 3758 3760 3759 3757
f 3760 3762 3761 3759
f 3762 3764 3763 3761
f 3764 3766 3765 3763
f 3768 3770 3769 3767
f 3770 3772 3771 3769
f 3772 3774 3773 3771
f 3774 3776 3775 3773
f 3776 3778 3777 3775
f 3778 3780 3779 3777
f 3780 3782 3781 3779
f 3782 3784 3783 3781
f 3786 3788 3787 3785
f 3788 3790 3789 3787
f 3790 3792 3791 3789
f 3792 3794 3793 3791
f 3796 3798 3797 3795
f 3798 3800 3799 3797
f 3800 3802 3801 3799
o Roads_+2_+0
v -563.72 0.00 109.22
v -564.75 0.00 104.32
v -667.25 0.00 130.98
v -668.13 0.00 126.06
v -746.50 0.00 142.85
v -747.24 0.00 137.90
v -560.42 0.00 150.49
v -553.52 0.00 149.32
v -563.22 0.00 133.90
v -556.32 0.00 132.74
v -567.69 0.00 107.35
v -560.79 0.00 106.19
v -572.86 0.00 76.66
v -565.96 0.00 75.49
v -574.11 0.00 69.24
v -567.21 0.00 68.07
v -580.27 0.00 32.70
v -573.37 0.00 31.54
v -583.38 0.00 14.27
v -576.48 0.00 13.11
v -587.18 0.00 -8.24
v -580.28 0.00 -9.43
v -593.97 0.00 -46.36
v -587.07 0.00 -47.59
v -394.53 0.00 111.42
v -395.60 0.00 104.51
v -559.23 0.00 136.78
v -560.30 0.00 129.86
v -666.42 0.00 151.77
v -659.57 0.00 150.34
v -671.13 0.00 129.18
v -664.25 0.00 127.86
v -678.09 0.00 89.12
v -671.19 0.00 87.96
v -684.01 0.00 52.70
v -677.11 0.00 51.52
v -692.56 0.00 5.12
v -684.43 0.00 10.80
v -687.80 0.00 4.29
v -679.82 0.00 10.00
v -692.96 0.00 -28.52
v -686.04 0.00 -29.60
v -576.16 0.00 35.56
v -577.49 0.00 28.68
v -679.95 0.00 55.56
v -681.17 0.00 48.67
v -728.31 0.00 63.46
v -729.44 0.00 56.55
v -752.88 0.00 67.48
v -754.00 0.00 60.57
v -583.18 0.00 -5.38
v -584.28 0.00 -12.29
v -683.26 0.00 10.60
v -684.36 0.00 3.69
v -400.23 0.00 78.63
v -401.15 0.00 73.72
v -563.78 0.00 109.23
v -564.70 0.00 104.31
v -415.97 0.00 -10.08
v -417.12 0.00 -16.99
v -579.35 0.00 17.14
v -580.50 0.00 10.24
v -744.40 0.00 140.03
v -749.35 0.00 140.71
v -742.81 0.00 151.60
v -747.76 0.00 152.28
f 3804 3806 3805 3803
f 3806 3808 3807 3805
f 3810 3812 3811 3809
f 3812 3814 3813 3811
f 3814 3816 3815 3813
f 3816 3818 3817 3815
f 3818 3820 3819 3817
f 3820 3822 3821 3819
f 3822 3824 3823 3821
f 3824 3826 3825 3823
f 3828 3830 3829 3827
f 3832 3834 3833 3831
f 3834 3836 3835 3833
f 3836 3838 3837 3835
f 3838 3840 3839 3837
f 3840 3842 3841 3839
f 3842 3844 3843 3841
f 3846 3848 3847 3845
f 3848 3850 3849 3847
f 3850 3852 3851 3849
f 3854 3856 3855 3853
f 3858 3860 3859 3857
f 3862 3864 3863 3861
f 3866 3868 3867 3865
o Roads_+2_-1
v -433.67 0.00 -110.21
v -434.81 0.00 -117.11
v -581.37 0.00 -85.89
v -582.50 0.00 -92.80
v -589.89 0.00 -43.53
v -591.15 0.00 -50.41
v -671.43 0.00 -28.62
v -672.66 0.00 -35.51
v -688.91 0.00 -25.61
v -690.09 0.00 -32.51
v -766.50 0.00 -12.23
v -767.69 0.00 -19.13
v -608.56 0.00 -212.63
v -609.79 0.00 -219.52
v -700.40 0.00 -196.22
v -701.63 0.00 -203.11
v -611.37 0.00 -256.79
v -618.30 0.00 -255.78
v -606.06 0.00 -220.24
v -613.01 0.00 -219.40
v -605.71 0.00 -216.60
v -612.64 0.00 -215.55
v -594.50 0.00 -162.97
v -601.38 0.00 -161.66
v -588.52 0.00 -128.20
v -595.42 0.00 -127.01
v -686.14 0.00 -145.74
v -693.06 0.00 -144.67
v -680.70 0.00 -110.61
v -687.61 0.00 -109.54
v -675.58 0.00 -77.67
v -682.50 0.00 -76.60
v -673.92 0.00 -67.00
v -680.84 0.00 -65.93
v -668.59 0.00 -32.60
v -675.50 0.00 -31.53
v -420.92 0.00 -38.86
v -422.33 0.00 -45.71
v -583.02 0.00 -5.41
v -584.44 0.00 -12.26
v -427.46 0.00 -71.52
v -428.65 0.00 -78.42
v -589.93 0.00 -43.52
v -591.11 0.00 -50.42
v -456.06 0.00 -236.15
v -456.96 0.00 -243.10
v -609.08 0.00 -216.35
v -609.98 0.00 -223.29
f 3870 3872 3871 3869
f 3874 3876 3875 3873
f 3876 3878 3877 3875
f 3878 3880 3879 3877
f 3882 3884 3883 3881
f 3886 3888 3887 3885
f 3888 3890 3889 3887
f 3890 3892 3891 3889
f 3892 3894 3893 3891
f 3896 3898 3897 3895
f 3898 3900 3899 3897
f 3900 3902 3901 3899
f 3902 3904 3903 3901
f 3906 3908 3907 3905
f 3910 3912 3911 3909
f 3914 3916 3915 3913
o Roads_+2_-10
v -533.25 0.00 -2335.53
v -532.95 0.00 -2342.52
v -577.69 0.00 -2337.44
v -577.36 0.00 -2344.44
v -616.14 0.00 -2339.38
v -615.78 0.00 -2346.37
v -640.44 0.00 -2340.65
v -640.07 0.00 -2347.64
v -554.24 0.00 -2409.43
v -554.01 0.00 -2416.42
v -649.83 0.00 -2412.52
v -649.60 0.00 -2419.52
v -539.97 0.00 -2372.23
v -539.73 0.00 -2379.22
v -649.92 0.00 -2375.99
v -649.68 0.00 -2382.98
v -789.50 0.00 -2427.89
v -790.96 0.00 -2421.04
v -725.53 0.00 -2414.25
v -726.99 0.00 -2407.40
v -527.20 0.00 -2450.30
v -527.38 0.00 -2457.30
v -557.72 0.00 -2449.53
v -557.99 0.00 -2456.53
v -565.78 0.00 -2449.12
v -565.77 0.00 -2456.12
v -597.25 0.00 -2450.75
v -596.89 0.00 -2457.74
v -661.30 0.00 -2454.04
v -660.94 0.00 -2461.04
v -729.95 0.00 -2457.55
v -729.92 0.00 -2464.56
v -747.59 0.00 -2456.81
v -749.15 0.00 -2463.75
v -759.00 0.00 -2451.97
v -761.71 0.00 -2458.42
v -768.77 0.00 -2447.88
v -770.59 0.00 -2454.71
v -778.15 0.00 -2446.72
v -778.68 0.00 -2453.70
v -789.35 0.00 -2446.40
v -787.31 0.00 -2453.46
v -794.92 0.00 -2450.15
v -791.02 0.00 -2455.96
v -523.79 0.00 -2286.88
v -524.57 0.00 -2294.84
v -544.24 0.00 -2284.87
v -544.92 0.00 -2292.85
v -559.57 0.00 -2283.73
v -559.99 0.00 -2291.73
v -570.35 0.00 -2283.42
v -570.39 0.00 -2291.42
v -586.81 0.00 -2283.77
v -586.45 0.00 -2291.77
v -597.69 0.00 -2284.54
v -596.95 0.00 -2292.50
v -613.30 0.00 -2286.34
v -612.22 0.00 -2294.26
v -638.43 0.00 -2290.23
v -637.05 0.00 -2298.11
v -653.49 0.00 -2293.17
v -651.83 0.00 -2300.99
v -663.52 0.00 -2295.48
v -661.66 0.00 -2303.26
v -698.45 0.00 -2304.12
v -696.63 0.00 -2311.90
v -708.85 0.00 -2306.43
v -707.19 0.00 -2314.25
v -746.52 0.00 -2314.06
v -744.80 0.00 -2321.88
v -801.12 0.00 -2326.96
v -799.24 0.00 -2334.74
v -842.47 0.00 -2337.27
v -840.51 0.00 -2345.03
v -932.34 0.00 -2360.46
v -930.40 0.00 -2368.22
v -972.62 0.00 -2370.19
v -970.68 0.00 -2377.95
v -1003.01 0.00 -2378.03
v -1000.95 0.00 -2385.77
v -1018.61 0.00 -2382.33
v -1016.31 0.00 -2389.99
v -1034.95 0.00 -2387.66
v -1032.29 0.00 -2395.20
v -1051.19 0.00 -2393.81
v -1048.29 0.00 -2401.27
v -1086.68 0.00 -2408.06
v -1083.70 0.00 -2415.48
v -532.57 0.00 -2302.94
v -525.62 0.00 -2303.72
v -536.56 0.00 -2338.51
v -529.63 0.00 -2339.55
v -540.73 0.00 -2360.71
v -533.84 0.00 -2361.97
v -543.25 0.00 -2374.86
v -536.45 0.00 -2376.59
v -547.33 0.00 -2387.16
v -540.76 0.00 -2389.59
v -557.43 0.00 -2411.76
v -550.82 0.00 -2414.08
v -569.13 0.00 -2451.63
v -562.42 0.00 -2453.61
v -481.32 0.00 -2297.03
v -484.06 0.00 -2307.17
v -522.81 0.00 -2285.79
v -525.55 0.00 -2295.93
v -740.97 0.00 -2316.51
v -731.15 0.00 -2314.67
v -738.53 0.00 -2329.53
v -728.71 0.00 -2327.69
v -599.56 0.00 -2454.02
v -594.58 0.00 -2454.47
v -600.26 0.00 -2461.98
v -595.36 0.00 -2463.25
v -603.32 0.00 -2468.90
v -598.72 0.00 -2470.87
v -608.23 0.00 -2480.72
v -603.50 0.00 -2482.37
v -609.56 0.00 -2485.39
v -606.00 0.00 -2491.13
v -610.26 0.00 -2485.26
v -611.17 0.00 -2490.17
f 3918 3920 3919 3917
f 3920 3922 3921 3919
f 3922 3924 3923 3921
f 3926 3928 3927 3925
f 3930 3932 3931 3929
f 3934 3936 3935 3933
f 3938 3940 3939 3937
f 3940 3942 3941 3939
f 3942 3944 3943 3941
f 3944 3946 3945 3943
f 3946 3948 3947 3945
f 3948 3950 3949 3947
f 3950 3952 3951 3949
f 3952 3954 3953 3951
f 3954 3956 3955 3953
f 3956 3958 3957 3955
f 3958 3960 3959 3957
f 3962 3964 3963 3961
f 3964 3966 3965 3963
f 3966 3968 3967 3965
f 3968 3970 3969 3967
f 3970 3972 3971 3969
f 3972 3974 3973 3971
f 3974 3976 3975 3973
f 3976 3978 3977 3975
f 3978 3980 3979 3977
f 3980 3982 3981 3979
f 3982 3984 3983 3981
f 3984 3986 3985 3983
f 3986 3988 3987 3985
f 3988 3990 3989 3987
f 3990 3992 3991 3989
f 3992 3994 3993 3991
f 3994 3996 3995 3993
f 3996 3998 3997 3995
f 3998 4000 3999 3997
f 4000 4002 4001 3999
f 4002 4004 4003 4001
f 4006 4008 4007 4005
f 4008 4010 4009 4007
f 4010 4012 4011 4009
f 4012 4014 4013 4011
f 4014 4016 4015 4013
f 4016 4018 4017 4015
f 4020 4022 4021 4019
f 4024 4026 4025 4023
f 4028 4030 4029 4027
f 4030 4032 4031 4029
f 4032 4034 4033 4031
f 4034 4036 4035 4033
f 4036 4038 4037 4035
o Roads_+2_-11
v -535.60 0.00 -2778.19
v -542.60 0.00 -2778.13
v -535.45 0.00 -2761.37
v -542.43 0.00 -2759.48
v -527.33 0.00 -2747.25
v -533.61 0.00 -2744.14
v -517.04 0.00 -2722.74
v -523.49 0.00 -2720.03
v -511.17 0.00 -2708.77
v -517.59 0.00 -2705.97
v -505.69 0.00 -2696.72
v -512.18 0.00 -2694.08
v -498.05 0.00 -2675.54
v -504.64 0.00 -2673.17
v -664.19 0.00 -2455.87
v -658.04 0.00 -2459.21
v -674.13 0.00 -2474.13
v -668.24 0.00 -2477.95
v -686.40 0.00 -2490.17
v -680.89 0.00 -2494.50
v -697.51 0.00 -2503.91
v -692.26 0.00 -2508.55
v -719.45 0.00 -2526.67
v -714.28 0.00 -2531.39
v -735.02 0.00 -2544.67
v -729.05 0.00 -2548.48
v -741.07 0.00 -2558.07
v -734.19 0.00 -2559.84
v -744.68 0.00 -2603.22
v -737.86 0.00 -2605.72
v -745.39 0.00 -2604.20
v -739.71 0.00 -2608.30
v -646.49 0.00 -2735.06
v -647.56 0.00 -2741.98
v -652.66 0.00 -2734.10
v -652.33 0.00 -2741.24
v -672.41 0.00 -2739.04
v -673.82 0.00 -2746.61
v -681.62 0.00 -2732.53
v -684.93 0.00 -2738.76
v -695.62 0.00 -2727.23
v -698.03 0.00 -2733.80
v -717.33 0.00 -2719.54
v -719.34 0.00 -2726.25
v -739.07 0.00 -2714.19
v -740.42 0.00 -2721.07
v -762.85 0.00 -2710.65
v -762.38 0.00 -2717.80
v -770.92 0.00 -2712.99
v -768.97 0.00 -2719.71
v -577.38 0.00 -2571.89
v -580.87 0.00 -2577.96
v -584.49 0.00 -2567.81
v -588.05 0.00 -2573.84
v -584.28 0.00 -2567.94
v -590.30 0.00 -2572.47
v -583.99 0.00 -2568.99
v -591.14 0.00 -2569.40
v -582.04 0.00 -2556.29
v -589.08 0.00 -2555.98
v -584.10 0.00 -2524.41
v -591.20 0.00 -2523.13
v -578.39 0.00 -2511.65
v -584.81 0.00 -2508.88
v -554.62 0.00 -2454.37
v -561.09 0.00 -2451.69
v -648.60 0.00 -2601.38
v -641.64 0.00 -2602.15
v -650.16 0.00 -2615.50
v -643.50 0.00 -2618.94
v -650.23 0.00 -2615.56
v -645.58 0.00 -2620.79
v -678.58 0.00 -2694.83
v -678.77 0.00 -2699.83
v -684.76 0.00 -2694.60
v -685.72 0.00 -2699.57
v -691.88 0.00 -2692.04
v -693.72 0.00 -2696.69
v -696.00 0.00 -2690.25
v -698.86 0.00 -2694.46
v -695.66 0.00 -2690.59
v -700.16 0.00 -2693.17
v -695.56 0.00 -2690.98
v -700.61 0.00 -2691.43
v -695.14 0.00 -2684.92
v -700.28 0.00 -2686.76
v -696.61 0.00 -2683.37
v -699.58 0.00 -2687.50
v -698.03 0.00 -2682.70
v -699.30 0.00 -2687.63
v -719.63 0.00 -2681.28
v -719.94 0.00 -2686.27
v -733.37 0.00 -2680.51
v -733.75 0.00 -2685.49
v -746.90 0.00 -2679.21
v -748.69 0.00 -2684.07
v -748.47 0.00 -2678.12
v -750.22 0.00 -2682.99
v -760.84 0.00 -2677.13
v -756.04 0.00 -2682.53
v -761.47 0.00 -2694.25
v -756.59 0.00 -2697.38
v -760.60 0.00 -2693.81
v -759.03 0.00 -2698.62
v -761.62 0.00 -2693.97
v -761.41 0.00 -2699.01
v -764.14 0.00 -2693.78
v -763.41 0.00 -2698.85
v -766.91 0.00 -2694.83
v -762.80 0.00 -2698.62
v -767.66 0.00 -2697.43
v -762.89 0.00 -2698.93
v -770.67 0.00 -2706.19
v -765.83 0.00 -2707.49
v -772.21 0.00 -2714.12
v -767.26 0.00 -2714.89
v -772.43 0.00 -2716.06
v -767.46 0.00 -2716.64
v -645.85 0.00 -2555.27
v -639.16 0.00 -2557.32
v -646.38 0.00 -2556.98
v -639.39 0.00 -2558.07
v -646.45 0.00 -2563.94
v -639.45 0.00 -2564.18
v -648.62 0.00 -2601.56
v -641.63 0.00 -2601.96
v -583.36 0.00 -2629.43
v -580.73 0.00 -2622.94
v -537.81 0.00 -2647.90
v -535.18 0.00 -2641.41
v -519.01 0.00 -2718.12
v -521.53 0.00 -2724.65
v -532.23 0.00 -2713.01
v -534.43 0.00 -2719.67
v -558.30 0.00 -2705.83
v -560.03 0.00 -2712.61
v -570.51 0.00 -2702.96
v -571.02 0.00 -2710.03
v -573.14 0.00 -2703.19
v -570.39 0.00 -2709.98
v -575.94 0.00 -2705.47
v -568.87 0.00 -2708.75
v -575.80 0.00 -2712.11
v -568.75 0.00 -2714.18
v -575.04 0.00 -2710.98
v -570.69 0.00 -2717.05
v -574.27 0.00 -2710.77
v -573.55 0.00 -2717.83
v -618.90 0.00 -2707.90
v -619.35 0.00 -2714.89
v -642.76 0.00 -2561.56
v -643.15 0.00 -2566.55
v -656.31 0.00 -2560.50
v -656.38 0.00 -2565.51
v -666.26 0.00 -2560.98
v -665.78 0.00 -2565.96
v -676.96 0.00 -2562.54
v -677.62 0.00 -2567.69
v -675.26 0.00 -2563.27
v -680.83 0.00 -2566.33
v -675.02 0.00 -2561.81
v -679.99 0.00 -2561.24
v -673.81 0.00 -2543.93
v -678.80 0.00 -2543.60
v -645.40 0.00 -2605.25
v -644.85 0.00 -2598.27
v -593.43 0.00 -2609.33
v -592.88 0.00 -2602.35
v -585.53 0.00 -2552.64
v -585.59 0.00 -2559.64
v -642.44 0.00 -2552.12
v -640.45 0.00 -2559.14
v -644.36 0.00 -2553.33
v -640.65 0.00 -2559.26
v -648.84 0.00 -2614.80
v -646.96 0.00 -2621.54
v -649.65 0.00 -2615.03
v -649.08 0.00 -2622.13
v -677.80 0.00 -2611.87
v -678.58 0.00 -2618.83
v -627.99 0.00 -2685.50
v -628.93 0.00 -2692.44
v -638.17 0.00 -2684.12
v -638.33 0.00 -2691.17
v -660.13 0.00 -2686.12
v -658.22 0.00 -2692.97
v -666.72 0.00 -2689.31
v -664.00 0.00 -2695.77
v -679.86 0.00 -2694.04
v -677.49 0.00 -2700.62
f 4040 4042 4041 4039
f 4042 4044 4043 4041
f 4044 4046 4045 4043
f 4046 4048 4047 4045
f 4048 4050 4049 4047
f 4050 4052 4051 4049
f 4054 4056 4055 4053
f 4056 4058 4057 4055
f 4058 4060 4059 4057
f 4060 4062 4061 4059
f 4062 4064 4063 4061
f 4064 4066 4065 4063
f 4066 4068 4067 4065
f 4068 4070 4069 4067
f 4072 4074 4073 4071
f 4074 4076 4075 4073
f 4076 4078 4077 4075
f 4078 4080 4079 4077
f 4080 4082 4081 4079
f 4082 4084 4083 4081
f 4084 4086 4085 4083
f 4086 4088 4087 4085
f 4090 4092 4091 4089
f 4092 4094 4093 4091
f 4094 4096 4095 4093
f 4096 4098 4097 4095
f 4098 4100 4099 4097
f 4100 4102 4101 4099
f 4102 4104 4103 4101
f 4106 4108 4107 4105
f 4108 4110 4109 4107
f 4112 4114 4113 4111
f 4114 4116 4115 4113
f 4116 4118 4117 4115
f 4118 4120 4119 4117
f 4120 4122 4121 4119
f 4122 4124 4123 4121
f 4124 4126 4125 4123
f 4126 4128 4127 4125
f 4128 4130 4129 4127
f 4130 4132 4131 4129
f 4132 4134 4133 4131
f 4134 4136 4135 4133
f 4136 4138 4137 4135
f 4138 4140 4139 4137
f 4140 4142 4141 4139
f 4142 4144 4143 4141
f 4144 4146 4145 4143
f 4146 4148 4147 4145
f 4148 4150 4149 4147
f 4150 4152 4151 4149
f 4152 4154 4153 4151
f 4154 4156 4155 4153
f 4158 4160 4159 4157
f 4160 4162 4161 4159
f 4162 4164 4163 4161
f 4166 4168 4167 4165
f 4170 4172 4171 4169
f 4172 4174 4173 4171
f 4174 4176 4175 4173
f 4176 4178 4177 4175
f 4178 4180 4179 4177
f 4180 4182 4181 4179
f 4182 4184 4183 4181
f 4184 4186 4185 4183
f 4186 4188 4187 4185
f 4190 4192 4191 4189
f 4192 4194 4193 4191
f 4194 4196 4195 4193
f 4196 4198 4197 4195
f 4198 4200 4199 4197
f 4200 4202 4201 4199
f 4204 4206 4205 4203
f 4208 4210 4209 4207
f 4210 4212 4211 4209
f 4214 4216 4215 4213
f 4216 4218 4217 4215
f 4220 4222 4221 4219
f 4222 4224 4223 4221
f 4224 4226 4225 4223
f 4226 4228 4227 4225
o Roads_+2_-12
v -484.04 0.00 -2323.72
v -473.94 0.00 -2326.58
v -489.93 0.00 -2344.54
v -479.87 0.00 -2347.58
v -494.69 0.00 -2359.38
v -484.75 0.00 -2362.80
v -501.93 0.00 -2379.09
v -492.11 0.00 -2382.81
v -515.26 0.00 -2413.38
v -505.54 0.00 -2417.36
v -529.83 0.00 -2447.21
v -520.13 0.00 -2451.25
v -545.83 0.00 -2486.94
v -536.13 0.00 -2490.96
v -562.17 0.00 -2525.26
v -552.55 0.00 -2529.44
v -570.61 0.00 -2544.27
v -561.05 0.00 -2548.61
v -586.29 0.00 -2578.11
v -576.75 0.00 -2582.49
v -597.63 0.00 -2603.14
v -588.05 0.00 -2607.42
v -612.08 0.00 -2635.84
v -602.46 0.00 -2640.04
v -620.04 0.00 -2654.34
v -610.36 0.00 -2658.38
v -631.47 0.00 -2682.54
v -621.69 0.00 -2686.38
v -646.43 0.00 -2721.81
v -636.63 0.00 -2725.61
v -652.35 0.00 -2736.83
v -642.61 0.00 -2740.75
v -687.19 0.00 -2821.58
v -677.49 0.00 -2825.60
v -712.21 0.00 -2881.68
v -702.53 0.00 -2885.74
v -727.96 0.00 -2918.78
v -718.26 0.00 -2922.82
v -735.82 0.00 -2938.10
v -726.06 0.00 -2941.98
v -772.47 0.00 -3032.97
v -762.65 0.00 -3036.69
v -800.30 0.00 -3107.72
v -790.48 0.00 -3111.42
v -816.38 0.00 -3150.12
v -806.58 0.00 -3153.92
v -825.62 0.00 -3173.48
v -815.86 0.00 -3177.38
v -863.31 0.00 -3267.05
v -853.55 0.00 -3270.93
v -874.61 0.00 -3295.75
v -864.83 0.00 -3299.57
v -910.94 0.00 -3389.37
v -901.12 0.00 -3393.09
v -925.79 0.00 -3429.30
v -915.95 0.00 -3432.98
v -966.34 0.00 -3536.83
v -956.54 0.00 -3540.59
v -999.76 0.00 -3622.65
v -989.98 0.00 -3626.49
v -1028.20 0.00 -3694.12
v -1018.42 0.00 -3697.94
v -1055.61 0.00 -3765.78
v -1045.83 0.00 -3769.62
v -1075.43 0.00 -3815.19
v -1065.65 0.00 -3819.03
v -1082.08 0.00 -3832.42
v -1072.28 0.00 -3836.20
v -653.63 0.00 -2752.55
v -650.40 0.00 -2746.34
v -639.48 0.00 -2759.89
v -634.17 0.00 -2754.76
v -635.53 0.00 -2768.17
v -628.76 0.00 -2766.10
v -630.68 0.00 -2800.60
v -623.74 0.00 -2799.62
v -628.13 0.00 -2819.88
v -621.17 0.00 -2819.13
v -626.87 0.00 -2834.62
v -619.89 0.00 -2834.11
v -625.96 0.00 -2849.70
v -618.95 0.00 -2849.75
v -626.73 0.00 -2860.32
v -619.79 0.00 -2861.30
v -629.46 0.00 -2873.24
v -622.64 0.00 -2874.84
v -632.96 0.00 -2886.74
v -626.33 0.00 -2889.05
v -633.69 0.00 -2888.38
v -627.15 0.00 -2890.90
v -637.53 0.00 -2899.99
v -631.27 0.00 -2903.35
v -640.36 0.00 -2903.61
v -634.47 0.00 -2907.43
v -647.00 0.00 -2916.14
v -641.04 0.00 -2919.85
v -649.87 0.00 -2920.10
v -644.20 0.00 -2924.20
v -654.72 0.00 -2926.81
v -648.64 0.00 -2930.34
v -659.09 0.00 -2936.42
v -652.62 0.00 -2939.10
v -667.28 0.00 -2958.31
v -660.88 0.00 -2961.18
v -675.85 0.00 -2974.62
v -669.65 0.00 -2977.87
v -473.05 0.00 -2817.49
v -475.79 0.00 -2823.93
v -496.15 0.00 -2807.68
v -499.60 0.00 -2813.82
v -513.88 0.00 -2794.98
v -518.22 0.00 -2800.48
v -529.13 0.00 -2781.69
v -533.62 0.00 -2787.06
v -537.36 0.00 -2775.06
v -540.83 0.00 -2781.26
v -541.95 0.00 -2773.43
v -543.84 0.00 -2780.19
v -547.56 0.00 -2772.26
v -548.29 0.00 -2779.26
v -554.19 0.00 -2772.26
v -553.25 0.00 -2779.26
v -561.48 0.00 -2774.25
v -558.64 0.00 -2780.73
v -575.85 0.00 -2783.27
v -572.13 0.00 -2789.20
v -586.04 0.00 -2789.66
v -583.50 0.00 -2796.34
v -627.79 0.00 -2796.66
v -626.63 0.00 -2803.56
v -767.61 0.00 -2873.11
v -773.77 0.00 -2869.77
v -751.88 0.00 -2844.05
v -758.36 0.00 -2841.32
v -747.03 0.00 -2828.42
v -753.74 0.00 -2826.45
v -742.27 0.00 -2811.14
v -749.01 0.00 -2809.29
v -739.77 0.00 -2802.05
v -746.32 0.00 -2799.47
v -736.56 0.00 -2795.90
v -740.79 0.00 -2788.88
v -733.02 0.00 -2795.92
v -732.98 0.00 -2788.92
v -676.72 0.00 -2806.22
v -676.42 0.00 -2813.22
v -694.89 0.00 -2807.00
v -695.25 0.00 -2814.03
v -705.84 0.00 -2805.41
v -707.34 0.00 -2812.26
v -708.47 0.00 -2804.63
v -712.30 0.00 -2810.80
v -709.18 0.00 -2803.86
v -715.91 0.00 -2806.88
v -709.78 0.00 -2797.77
v -716.32 0.00 -2802.72
v -728.10 0.00 -2790.59
v -737.91 0.00 -2794.26
v -711.91 0.00 -2759.56
v -718.11 0.00 -2756.32
v -538.55 0.00 -2986.91
v -540.68 0.00 -2993.58
v -575.51 0.00 -2975.14
v -577.89 0.00 -2981.73
v -587.75 0.00 -2970.20
v -590.99 0.00 -2976.45
v -616.49 0.00 -2951.65
v -621.11 0.00 -2957.00
v -630.55 0.00 -2935.65
v -635.81 0.00 -2940.27
v -644.40 0.00 -2919.84
v -649.67 0.00 -2924.46
v -690.57 0.00 -2897.56
v -691.14 0.00 -2890.59
v -658.56 0.00 -2894.99
v -657.81 0.00 -2887.90
v -655.45 0.00 -2895.92
v -652.98 0.00 -2889.35
v -635.85 0.00 -2904.86
v -632.95 0.00 -2898.49
v -674.08 0.00 -2973.01
v -671.41 0.00 -2979.48
v -678.42 0.00 -2974.80
v -677.95 0.00 -2982.18
v -699.36 0.00 -2969.14
v -700.98 0.00 -2975.96
v -720.36 0.00 -2964.82
v -721.77 0.00 -2971.68
v -653.80 0.00 -2981.36
v -656.81 0.00 -2987.69
v -671.25 0.00 -2973.08
v -674.25 0.00 -2979.40
v -627.44 0.00 -2975.56
v -630.77 0.00 -2981.72
v -662.42 0.00 -2956.67
v -665.75 0.00 -2962.82
v -461.60 0.00 -2908.47
v -463.39 0.00 -2915.24
v -481.77 0.00 -2903.15
v -483.43 0.00 -2909.95
v -493.09 0.00 -2900.62
v -493.99 0.00 -2907.59
v -508.08 0.00 -2900.06
v -508.21 0.00 -2907.06
v -516.59 0.00 -2900.06
v -511.44 0.00 -2907.06
v -518.02 0.00 -2904.63
v -512.82 0.00 -2911.49
v -530.88 0.00 -2904.99
v -537.31 0.00 -2912.17
v -531.56 0.00 -2896.89
v -538.54 0.00 -2897.48
v -536.60 0.00 -2908.57
v -531.60 0.00 -2908.60
v -536.73 0.00 -2928.33
v -531.73 0.00 -2928.73
v -538.63 0.00 -2940.62
v -533.65 0.00 -2941.12
v -539.29 0.00 -2955.51
v -534.09 0.00 -2951.20
v -525.33 0.00 -2957.49
v -524.63 0.00 -2952.54
v -535.05 0.00 -2893.68
v -535.05 0.00 -2900.68
v -574.79 0.00 -2893.68
v -574.79 0.00 -2900.68
v -575.96 0.00 -2902.77
v -576.08 0.00 -2909.77
v -588.79 0.00 -2902.54
v -589.34 0.00 -2909.54
v -607.39 0.00 -2899.90
v -612.14 0.00 -2906.30
v -610.63 0.00 -2892.90
v -615.74 0.00 -2898.52
v -629.25 0.00 -2886.34
v -631.58 0.00 -2892.94
v -578.26 0.00 -2896.71
v -571.32 0.00 -2897.65
v -579.49 0.00 -2905.80
v -572.55 0.00 -2906.74
f 4230 4232 4231 4229
f 4232 4234 4233 4231
f 4234 4236 4235 4233
f 4236 4238 4237 4235
f 4238 4240 4239 4237
f 4240 4242 4241 4239
f 4242 4244 4243 4241
f 4244 4246 4245 4243
f 4246 4248 4247 4245
f 4248 4250 4249 4247
f 4250 4252 4251 4249
f 4252 4254 4253 4251
f 4254 4256 4255 4253
f 4256 4258 4257 4255
f 4258 4260 4259 4257
f 4260 4262 4261 4259
f 4262 4264 4263 4261
f 4264 4266 4265 4263
f 4266 4268 4267 4265
f 4268 4270 4269 4267
f 4270 4272 4271 4269
f 4272 4274 4273 4271
f 4274 4276 4275 4273
f 4276 4278 4277 4275
f 4278 4280 4279 4277
f 4280 4282 4281 4279
f 4282 4284 4283 4281
f 4284 4286 4285 4283
f 4286 4288 4287 4285
f 4288 4290 4289 4287
f 4290 4292 4291 4289
f 4292 4294 4293 4291
f 4294 4296 4295 4293
f 4298 4300 4299 4297
f 4300 4302 4301 4299
f 4302 4304 4303 4301
f 4304 4306 4305 4303
f 4306 4308 4307 4305
f 4308 4310 4309 4307
f 4310 4312 4311 4309
f 4312 4314 4313 4311
f 4314 4316 4315 4313
f 4316 4318 4317 4315
f 4318 4320 4319 4317
f 4320 4322 4321 4319
f 4322 4324 4323 4321
f 4324 4326 4325 4323
f 4326 4328 4327 4325
f 4328 4330 4329 4327
f 4330 4332 4331 4329
f 4332 4334 4333 4331
f 4336 4338 4337 4335
f 4338 4340 4339 4337
f 4340 4342 4341 4339
f 4342 4344 4343 4341
f 4344 4346 4345 4343
f 4346 4348 4347 4345
f 4348 4350 4349 4347
f 4350 4352 4351 4349
f 4352 4354 4353 4351
f 4354 4356 4355 4353
f 4356 4358 4357 4355
f 4360 4362 4361 4359
f 4362 4364 4363 4361
f 4364 4366 4365 4363
f 4366 4368 4367 4365
f 4368 4370 4369 4367
f 4370 4372 4371 4369
f 4374 4376 4375 4373
f 4376 4378 4377 4375
f 4378 4380 4379 4377
f 4380 4382 4381 4379
f 4382 4384 4383 4381
f 4384 4386 4385 4383
f 4386 4388 4387 4385
f 4390 4392 4391 4389
f 4392 4394 4393 4391
f 4394 4396 4395 4393
f 4396 4398 4397 4395
f 4398 4400 4399 4397
f 4402 4404 4403 4401
f 4404 4406 4405 4403
f 4406 4408 4407 4405
f 4410 4412 4411 4409
f 4412 4414 4413 4411
f 4414 4416 4415 4413
f 4418 4420 4419 4417
f 4422 4424 4423 4421
f 4426 4428 4427 4425
f 4428 4430 4429 4427
f 4430 4432 4431 4429
f 4432 4434 4433 4431
f 4434 4436 4435 4433
f 4436 4438 4437 4435
f 4438 4440 4439 4437
f 4442 4444 4443 4441
f 4444 4446 4445 4443
f 4446 4448 4447 4445
f 4448 4450 4449 4447
f 4452 4454 4453 4451
f 4456 4458 4457 4455
f 4458 4460 4459 4457
f 4460 4462 4461 4459
f 4462 4464 4463 4461
f 4466 4468 4467 4465
o Roads_+2_-13
v -587.71 0.00 -3288.18
v -586.95 0.00 -3281.22
v -568.46 0.00 -3290.28
v -570.70 0.00 -3282.99
v -564.21 0.00 -3286.65
v -569.38 0.00 -3281.86
v -559.17 0.00 -3279.74
v -564.72 0.00 -3275.48
v -549.84 0.00 -3268.16
v -554.97 0.00 -3263.38
v -539.71 0.00 -3258.73
v -544.67 0.00 -3253.79
v -527.27 0.00 -3245.28
v -532.34 0.00 -3240.46
v -519.74 0.00 -3237.59
v -525.38 0.00 -3233.34
v -506.41 0.00 -3214.16
v -512.42 0.00 -3210.57
v -497.97 0.00 -3200.68
v -503.91 0.00 -3196.98
v -487.53 0.00 -3183.87
v -493.47 0.00 -3180.17
v -476.24 0.00 -3165.69
v -483.56 0.00 -3164.21
v -479.63 0.00 -3144.27
v -486.56 0.00 -3145.27
v -480.59 0.00 -3136.85
v -487.65 0.00 -3136.81
v -478.71 0.00 -3123.46
v -485.59 0.00 -3122.09
v -476.17 0.00 -3113.78
v -482.94 0.00 -3112.00
v -702.51 0.00 -3160.01
v -708.43 0.00 -3163.76
v -711.12 0.00 -3146.40
v -717.10 0.00 -3150.04
v -718.04 0.00 -3134.57
v -724.42 0.00 -3137.52
v -723.32 0.00 -3119.40
v -730.06 0.00 -3121.33
v -727.58 0.00 -3100.81
v -734.39 0.00 -3102.44
v -728.67 0.00 -3096.46
v -735.46 0.00 -3098.16
v -732.07 0.00 -3082.86
v -738.86 0.00 -3084.58
v -739.92 0.00 -3052.13
v -746.04 0.00 -3056.44
v -751.77 0.00 -3044.14
v -755.68 0.00 -3049.95
v -668.79 0.00 -3076.07
v -675.65 0.00 -3074.68
v -667.22 0.00 -3068.31
v -673.90 0.00 -3066.00
v -660.84 0.00 -3055.70
v -667.08 0.00 -3052.54
v -656.17 0.00 -3046.50
v -662.67 0.00 -3043.83
v -648.32 0.00 -3021.95
v -654.86 0.00 -3019.41
v -639.82 0.00 -3003.43
v -646.07 0.00 -3000.27
v -634.73 0.00 -2994.25
v -640.77 0.00 -2990.70
v -626.14 0.00 -2980.50
v -632.07 0.00 -2976.79
v -670.80 0.00 -3090.32
v -670.81 0.00 -3097.32
v -704.66 0.00 -3090.29
v -704.22 0.00 -3097.29
v -732.51 0.00 -3093.84
v -731.62 0.00 -3100.78
v -505.81 0.00 -3098.49
v -512.73 0.00 -3097.39
v -500.78 0.00 -3066.69
v -507.66 0.00 -3065.41
v -488.82 0.00 -3010.39
v -495.67 0.00 -3008.93
v -507.37 0.00 -3209.52
v -511.45 0.00 -3215.21
v -571.33 0.00 -3163.58
v -575.41 0.00 -3169.26
v -530.99 0.00 -2953.73
v -525.00 0.00 -2957.34
v -532.52 0.00 -2956.26
v -526.16 0.00 -2959.27
v -538.21 0.00 -2972.33
v -531.53 0.00 -2974.45
v -543.01 0.00 -2989.39
v -536.22 0.00 -2991.10
v -547.04 0.00 -3007.44
v -540.28 0.00 -3009.31
v -552.35 0.00 -3023.55
v -545.60 0.00 -3025.43
v -556.20 0.00 -3040.47
v -549.32 0.00 -3041.81
v -559.18 0.00 -3058.99
v -552.09 0.00 -3058.98
v -557.15 0.00 -3071.20
v -550.22 0.00 -3070.21
v -554.25 0.00 -3095.22
v -547.30 0.00 -3094.38
v -550.24 0.00 -3091.34
v -551.31 0.00 -3098.26
v -599.58 0.00 -3083.76
v -600.83 0.00 -3090.65
v -629.06 0.00 -3077.64
v -630.07 0.00 -3084.58
v -659.99 0.00 -3074.99
v -659.82 0.00 -3082.03
v -667.38 0.00 -3075.98
v -670.50 0.00 -3083.46
v -669.43 0.00 -3073.26
v -675.01 0.00 -3077.48
v -672.41 0.00 -3079.26
v -665.47 0.00 -3080.18
v -674.27 0.00 -3093.36
v -667.33 0.00 -3094.27
v -559.63 0.00 -3274.98
v -564.26 0.00 -3280.24
v -584.79 0.00 -3252.87
v -589.33 0.00 -3258.19
v -598.65 0.00 -3241.39
v -603.33 0.00 -3246.60
v -605.28 0.00 -3234.93
v -610.34 0.00 -3239.77
v -616.91 0.00 -3221.91
v -622.21 0.00 -3226.48
v -620.82 0.00 -3217.20
v -626.21 0.00 -3221.68
v -527.69 0.00 -3240.09
v -531.93 0.00 -3245.65
v -582.30 0.00 -3198.51
v -586.62 0.00 -3204.01
v -591.10 0.00 -3191.38
v -596.95 0.00 -3195.66
v -592.93 0.00 -3186.70
v -598.93 0.00 -3190.59
v -610.36 0.00 -3168.95
v -615.36 0.00 -3173.86
v -590.92 0.00 -3140.76
v -585.64 0.00 -3145.35
v -615.50 0.00 -3169.11
v -610.22 0.00 -3173.70
v -630.84 0.00 -3186.68
v -625.21 0.00 -3190.87
v -636.30 0.00 -3195.36
v -629.30 0.00 -3197.38
v -636.30 0.00 -3202.48
v -629.30 0.00 -3202.48
v -488.50 0.00 -3179.15
v -492.50 0.00 -3184.89
v -524.06 0.00 -3154.39
v -527.96 0.00 -3160.21
v -543.10 0.00 -3142.15
v -546.88 0.00 -3148.03
v -577.28 0.00 -3009.86
v -577.98 0.00 -3016.82
v -594.20 0.00 -3008.16
v -596.03 0.00 -3015.01
v -618.81 0.00 -2997.12
v -621.68 0.00 -3003.51
v -636.32 0.00 -2989.28
v -639.18 0.00 -2995.67
v -662.56 0.00 -3050.91
v -665.36 0.00 -3057.33
v -683.79 0.00 -3041.63
v -686.09 0.00 -3048.26
v -705.86 0.00 -3035.86
v -701.45 0.00 -3044.25
v -708.44 0.00 -3042.99
v -703.78 0.00 -3050.68
v -750.66 0.00 -3037.31
v -751.60 0.00 -3044.24
f 4470 4472 4471 4469
f 4472 4474 4473 4471
f 4474 4476 4475 4473
f 4476 4478 4477 4475
f 4478 4480 4479 4477
f 4480 4482 4481 4479
f 4482 4484 4483 4481
f 4484 4486 4485 4483
f 4486 4488 4487 4485
f 4488 4490 4489 4487
f 4490 4492 4491 4489
f 4492 4494 4493 4491
f 4494 4496 4495 4493
f 4496 4498 4497 4495
f 4498 4500 4499 4497
f 4502 4504 4503 4501
f 4504 4506 4505 4503
f 4506 4508 4507 4505
f 4508 4510 4509 4507
f 4510 4512 4511 4509
f 4512 4514 4513 4511
f 4514 4516 4515 4513
f 4516 4518 4517 4515
f 4520 4522 4521 4519
f 4522 4524 4523 4521
f 4524 4526 4525 4523
f 4526 4528 4527 4525
f 4528 4530 4529 4527
f 4530 4532 4531 4529
f 4532 4534 4533 4531
f 4536 4538 4537 4535
f 4538 4540 4539 4537
f 4542 4544 4543 4541
f 4544 4546 4545 4543
f 4548 4550 4549 4547
f 4552 4554 4553 4551
f 4554 4556 4555 4553
f 4556 4558 4557 4555
f 4558 4560 4559 4557
f 4560 4562 4561 4559
f 4562 4564 4563 4561
f 4564 4566 4565 4563
f 4566 4568 4567 4565
f 4568 4570 4569 4567
f 4572 4574 4573 4571
f 4574 4576 4575 4573
f 4576 4578 4577 4575
f 4578 4580 4579 4577
f 4580 4582 4581 4579
f 4584 4586 4585 4583
f 4588 4590 4589 4587
f 4590 4592 4591 4589
f 4592 4594 4593 4591
f 4594 4596 4595 4593
f 4596 4598 4597 4595
f 4600 4602 4601 4599
f 4602 4604 4603 4601
f 4604 4606 4605 4603
f 4606 4608 4607 4605
f 4610 4612 4611 4609
f 4612 4614 4613 4611
f 4614 4616 4615 4613
f 4616 4618 4617 4615
f 4620 4622 4621 4619
f 4622 4624 4623 4621
f 4626 4628 4627 4625
f 4628 4630 4629 4627
f 4630 4632 4631 4629
f 4634 4636 4635 4633
f 4636 4638 4637 4635
f 4638 4640 4639 4637
f 4640 4642 4641 4639
o Roads_+2_-14
v -896.52 0.00 -3407.87
v -895.49 0.00 -3400.95
v -849.97 0.00 -3414.82
v -848.82 0.00 -3407.91
v -832.95 0.00 -3417.97
v -831.97 0.00 -3411.03
v -797.40 0.00 -3421.49
v -796.71 0.00 -3414.53
v -789.55 0.00 -3422.29
v -789.75 0.00 -3415.23
v -777.12 0.00 -3420.31
v -777.58 0.00 -3413.29
v -762.54 0.00 -3420.74
v -762.14 0.00 -3413.75
v -739.95 0.00 -3422.72
v -739.72 0.00 -3415.71
v -719.26 0.00 -3422.27
v -718.82 0.00 -3415.25
v -706.45 0.00 -3424.15
v -705.05 0.00 -3417.28
v -694.98 0.00 -3427.14
v -692.58 0.00 -3420.53
v -687.78 0.00 -3430.54
v -684.69 0.00 -3424.25
v -676.20 0.00 -3436.47
v -673.64 0.00 -3429.91
v -665.06 0.00 -3439.55
v -663.62 0.00 -3432.69
v -652.30 0.00 -3441.40
v -651.77 0.00 -3434.40
v -639.10 0.00 -3441.50
v -639.05 0.00 -3434.50
v -684.90 0.00 -3329.69
v -691.90 0.00 -3329.50
v -684.43 0.00 -3312.19
v -691.42 0.00 -3311.66
v -681.88 0.00 -3292.10
v -688.85 0.00 -3291.45
v -681.10 0.00 -3279.29
v -688.12 0.00 -3279.41
v -682.49 0.00 -3264.34
v -689.34 0.00 -3266.36
v -688.10 0.00 -3253.63
v -693.93 0.00 -3257.59
v -694.94 0.00 -3245.70
v -700.11 0.00 -3250.42
v -699.69 0.00 -3240.77
v -705.58 0.00 -3244.75
v -704.77 0.00 -3229.36
v -711.27 0.00 -3231.98
v -711.37 0.00 -3211.14
v -717.90 0.00 -3213.67
v -726.07 0.00 -3175.62
v -732.54 0.00 -3178.30
v -642.43 0.00 -3438.98
v -635.71 0.00 -3437.02
v -640.56 0.00 -3445.38
v -633.65 0.00 -3444.07
v -638.12 0.00 -3472.13
v -631.13 0.00 -3471.72
v -637.80 0.00 -3483.44
v -630.80 0.00 -3483.38
v -637.96 0.00 -3498.87
v -630.96 0.00 -3498.94
v -577.68 0.00 -3506.63
v -584.68 0.00 -3506.70
v -577.97 0.00 -3478.89
v -584.97 0.00 -3478.96
v -578.16 0.00 -3454.26
v -585.16 0.00 -3454.45
v -578.42 0.00 -3448.70
v -585.39 0.00 -3449.42
v -581.27 0.00 -3430.98
v -588.18 0.00 -3432.08
v -586.36 0.00 -3398.93
v -593.27 0.00 -3400.03
v -741.23 0.00 -3408.50
v -741.50 0.00 -3401.51
v -690.68 0.00 -3406.56
v -697.18 0.00 -3399.80
v -688.87 0.00 -3383.21
v -695.28 0.00 -3375.29
v -664.15 0.00 -3386.51
v -663.40 0.00 -3379.55
v -647.48 0.00 -3387.90
v -646.90 0.00 -3380.93
v -688.38 0.00 -3326.09
v -688.42 0.00 -3333.09
v -722.98 0.00 -3325.94
v -729.74 0.00 -3332.91
v -723.12 0.00 -3321.88
v -729.89 0.00 -3328.73
v -739.26 0.00 -3321.52
v -744.40 0.00 -3328.40
v -740.49 0.00 -3317.71
v -745.82 0.00 -3323.98
v -756.17 0.00 -3315.33
v -757.22 0.00 -3322.25
v -563.93 0.00 -3394.33
v -570.69 0.00 -3396.13
v -579.94 0.00 -3334.26
v -586.68 0.00 -3336.14
v -586.21 0.00 -3312.60
v -593.08 0.00 -3314.03
v -589.16 0.00 -3289.43
v -596.75 0.00 -3285.26
v -585.84 0.00 -3287.87
v -588.82 0.00 -3281.53
v -619.82 0.00 -3405.34
v -626.69 0.00 -3406.68
v -621.76 0.00 -3395.40
v -628.68 0.00 -3396.49
v -624.86 0.00 -3369.66
v -631.80 0.00 -3370.56
v -627.30 0.00 -3351.95
v -634.19 0.00 -3353.24
v -633.83 0.00 -3324.52
v -640.63 0.00 -3326.14
v -687.98 0.00 -3155.89
v -681.41 0.00 -3153.48
v -681.25 0.00 -3174.23
v -674.68 0.00 -3171.81
v -666.61 0.00 -3213.52
v -660.08 0.00 -3211.00
v -657.72 0.00 -3235.75
v -651.34 0.00 -3232.85
v -649.36 0.00 -3252.14
v -642.59 0.00 -3250.01
v -647.38 0.00 -3266.47
v -640.45 0.00 -3265.49
v -642.96 0.00 -3296.58
v -636.04 0.00 -3295.57
v -639.77 0.00 -3318.45
v -632.70 0.00 -3318.45
v -640.69 0.00 -3324.82
v -633.77 0.00 -3325.83
v -644.70 0.00 -3409.08
v -637.70 0.00 -3409.25
v -644.98 0.00 -3420.60
v -637.97 0.00 -3420.21
v -642.54 0.00 -3438.47
v -635.61 0.00 -3437.53
v -506.94 0.00 -3436.55
v -513.94 0.00 -3436.24
v -505.45 0.00 -3403.01
v -512.44 0.00 -3402.75
v -504.40 0.00 -3368.29
v -511.45 0.00 -3369.89
v -522.95 0.00 -3332.40
v -528.73 0.00 -3336.45
v -526.22 0.00 -3328.85
v -529.34 0.00 -3335.79
v -558.50 0.00 -3328.21
v -551.16 0.00 -3335.36
v -557.77 0.00 -3343.62
v -550.78 0.00 -3343.29
v -509.93 0.00 -3300.11
v -503.03 0.00 -3301.32
v -514.39 0.00 -3325.54
v -508.14 0.00 -3330.44
v -527.25 0.00 -3331.22
v -524.42 0.00 -3337.63
v -637.52 0.00 -3321.84
v -636.94 0.00 -3328.81
v -688.69 0.00 -3326.11
v -688.11 0.00 -3333.08
f 4644 4646 4645 4643
f 4646 4648 4647 4645
f 4648 4650 4649 4647
f 4650 4652 4651 4649
f 4652 4654 4653 4651
f 4654 4656 4655 4653
f 4656 4658 4657 4655
f 4658 4660 4659 4657
f 4660 4662 4661 4659
f 4662 4664 4663 4661
f 4664 4666 4665 4663
f 4666 4668 4667 4665
f 4668 4670 4669 4667
f 4670 4672 4671 4669
f 4672 4674 4673 4671
f 4676 4678 4677 4675
f 4678 4680 4679 4677
f 4680 4682 4681 4679
f 4682 4684 4683 4681
f 4684 4686 4685 4683
f 4686 4688 4687 4685
f 4688 4690 4689 4687
f 4690 4692 4691 4689
f 4692 4694 4693 4691
f 4694 4696 4695 4693
f 4698 4700 4699 4697
f 4700 4702 4701 4699
f 4702 4704 4703 4701
f 4704 4706 4705 4703
f 4708 4710 4709 4707
f 4710 4712 4711 4709
f 4712 4714 4713 4711
f 4714 4716 4715 4713
f 4716 4718 4717 4715
f 4720 4722 4721 4719
f 4722 4724 4723 4721
f 4724 4726 4725 4723
f 4726 4728 4727 4725
f 4730 4732 4731 4729
f 4732 4734 4733 4731
f 4734 4736 4735 4733
f 4736 4738 4737 4735
f 4738 4740 4739 4737
f 4742 4744 4743 4741
f 4744 4746 4745 4743
f 4746 4748 4747 4745
f 4748 4750 4749 4747
f 4752 4754 4753 4751
f 4754 4756 4755 4753
f 4756 4758 4757 4755
f 4758 4760 4759 4757
f 4762 4764 4763 4761
f 4764 4766 4765 4763
f 4766 4768 4767 4765
f 4768 4770 4769 4767
f 4770 4772 4771 4769
f 4772 4774 4773 4771
f 4774 4776 4775 4773
f 4776 4778 4777 4775
f 4780 4782 4781 4779
f 4782 4784 4783 4781
f 4786 4788 4787 4785
f 4788 4790 4789 4787
f 4790 4792 4791 4789
f 4792 4794 4793 4791
f 4794 4796 4795 4793
f 4796 4798 4797 4795
f 4800 4802 4801 4799
f 4802 4804 4803 4801
f 4806 4808 4807 4805
o Roads_+2_-15
v -602.69 0.00 -3503.32
v -595.78 0.00 -3504.42
v -608.20 0.00 -3537.98
v -601.29 0.00 -3539.08
v -634.95 0.00 -3502.37
v -633.97 0.00 -3495.44
v -599.75 0.00 -3507.33
v -598.72 0.00 -3500.41
v -581.57 0.00 -3510.15
v -580.80 0.00 -3503.18
v -559.48 0.00 -3511.61
v -559.16 0.00 -3504.62
v -525.74 0.00 -3512.48
v -525.56 0.00 -3505.48
v -539.63 0.00 -3613.11
v -545.79 0.00 -3609.78
v -527.24 0.00 -3590.25
v -533.70 0.00 -3587.49
v -519.98 0.00 -3567.71
v -526.98 0.00 -3566.61
v -519.98 0.00 -3532.26
v -526.98 0.00 -3532.58
v -522.17 0.00 -3508.58
v -529.13 0.00 -3509.37
v -524.39 0.00 -3492.01
v -531.36 0.00 -3492.75
v -525.53 0.00 -3477.16
v -532.54 0.00 -3477.37
v -525.31 0.00 -3462.82
v -532.31 0.00 -3462.74
v -525.23 0.00 -3448.21
v -532.23 0.00 -3448.18
f 4810 4812 4811 4809
f 4814 4816 4815 4813
f 4816 4818 4817 4815
f 4818 4820 4819 4817
f 4820 4822 4821 4819
f 4824 4826 4825 4823
f 4826 4828 4827 4825
f 4828 4830 4829 4827
f 4830 4832 4831 4829
f 4832 4834 4833 4831
f 4834 4836 4835 4833
f 4836 4838 4837 4835
f 4838 4840 4839 4837
o Roads_+2_-2
v -693.03 0.00 -144.49
v -686.18 0.00 -145.92
v -704.44 0.00 -198.95
v -697.59 0.00 -200.38
v -713.42 0.00 -241.79
v -706.57 0.00 -243.23
v -717.55 0.00 -261.49
v -710.70 0.00 -262.92
v -720.49 0.00 -275.51
v -713.64 0.00 -276.94
v -729.31 0.00 -317.63
v -722.46 0.00 -319.06
v -714.70 0.00 -265.66
v -713.54 0.00 -258.75
v -618.68 0.00 -281.84
v -617.51 0.00 -274.94
v -477.39 0.00 -357.64
v -478.58 0.00 -364.54
v -497.80 0.00 -354.11
v -498.99 0.00 -361.01
v -528.09 0.00 -348.89
v -529.28 0.00 -355.79
v -555.53 0.00 -344.16
v -556.72 0.00 -351.06
v -625.92 0.00 -332.02
v -627.11 0.00 -338.92
v -643.99 0.00 -328.91
v -645.18 0.00 -335.81
v -672.01 0.00 -324.08
v -673.20 0.00 -330.98
v -725.29 0.00 -314.89
v -726.48 0.00 -321.79
v -825.24 0.00 -297.65
v -826.43 0.00 -304.55
v -659.63 0.00 -423.48
v -658.29 0.00 -416.61
v -573.49 0.00 -440.33
v -573.72 0.00 -433.16
v -568.51 0.00 -439.02
v -573.41 0.00 -433.07
v -566.27 0.00 -434.38
v -573.02 0.00 -432.27
v -562.01 0.00 -407.35
v -568.93 0.00 -406.26
v -552.66 0.00 -348.16
v -559.58 0.00 -347.07
v -540.26 0.00 -414.00
v -538.97 0.00 -407.12
v -511.19 0.00 -419.47
v -510.48 0.00 -412.49
v -487.82 0.00 -419.89
v -487.70 0.00 -412.89
v -874.87 0.00 -472.29
v -873.72 0.00 -465.38
v -743.51 0.00 -494.17
v -742.36 0.00 -487.26
v -582.56 0.00 -507.31
v -589.46 0.00 -506.17
v -578.28 0.00 -481.47
v -585.25 0.00 -480.68
v -577.68 0.00 -471.46
v -584.66 0.00 -470.99
v -576.90 0.00 -461.14
v -584.36 0.00 -467.02
v -591.40 0.00 -458.77
v -592.57 0.00 -465.67
v -605.63 0.00 -456.30
v -606.88 0.00 -463.19
v -612.50 0.00 -455.00
v -613.80 0.00 -461.88
v -574.70 0.00 -464.16
v -580.71 0.00 -460.57
v -571.14 0.00 -458.20
v -577.43 0.00 -455.08
v -570.03 0.00 -455.45
v -576.28 0.00 -452.23
v -570.60 0.00 -456.34
v -574.72 0.00 -449.77
v -571.72 0.00 -456.47
v -571.46 0.00 -449.40
v -546.96 0.00 -461.15
v -545.84 0.00 -454.24
v -519.56 0.00 -464.88
v -519.20 0.00 -457.86
v -495.48 0.00 -464.15
v -495.69 0.00 -457.15
v -579.48 0.00 -459.35
v -575.94 0.00 -465.38
v -582.40 0.00 -461.06
v -578.86 0.00 -467.10
v -501.83 0.00 -356.92
v -494.95 0.00 -358.21
v -507.42 0.00 -386.77
v -500.55 0.00 -388.09
v -510.46 0.00 -402.33
v -503.66 0.00 -404.00
v -514.24 0.00 -415.16
v -507.43 0.00 -416.80
v -522.82 0.00 -460.75
v -515.94 0.00 -461.99
v -532.46 0.00 -516.30
v -525.59 0.00 -517.68
v -538.92 0.00 -544.83
v -532.06 0.00 -546.19
v -571.37 0.00 -735.91
v -564.46 0.00 -737.03
v -576.45 0.00 -768.84
v -569.54 0.00 -769.91
v -623.05 0.00 -335.98
v -629.98 0.00 -334.96
v -617.21 0.00 -296.35
v -624.13 0.00 -295.33
v -614.63 0.00 -278.90
v -621.56 0.00 -277.88
v -611.37 0.00 -256.80
v -618.30 0.00 -255.78
f 4842 4844 4843 4841
f 4844 4846 4845 4843
f 4846 4848 4847 4845
f 4848 4850 4849 4847
f 4850 4852 4851 4849
f 4854 4856 4855 4853
f 4858 4860 4859 4857
f 4860 4862 4861 4859
f 4862 4864 4863 4861
f 4864 4866 4865 4863
f 4866 4868 4867 4865
f 4868 4870 4869 4867
f 4870 4872 4871 4869
f 4872 4874 4873 4871
f 4876 4878 4877 4875
f 4878 4880 4879 4877
f 4880 4882 4881 4879
f 4882 4884 4883 4881
f 4884 4886 4885 4883
f 4888 4890 4889 4887
f 4890 4892 4891 4889
f 4894 4896 4895 4893
f 4898 4900 4899 4897
f 4900 4902 4901 4899
f 4902 4904 4903 4901
f 4904 4906 4905 4903
f 4906 4908 4907 4905
f 4908 4910 4909 4907
f 4912 4914 4913 4911
f 4914 4916 4915 4913
f 4916 4918 4917 4915
f 4918 4920 4919 4917
f 4920 4922 4921 4919
f 4922 4924 4923 4921
f 4924 4926 4925 4923
f 4928 4930 4929 4927
f 4932 4934 4933 4931
f 4934 4936 4935 4933
f 4936 4938 4937 4935
f 4938 4940 4939 4937
f 4940 4942 4941 4939
f 4942 4944 4943 4941
f 4944 4946 4945 4943
f 4946 4948 4947 4945
f 4950 4952 4951 4949
f 4952 4954 4953 4951
f 4954 4956 4955 4953
o Roads_+2_-3
v -532.13 0.00 -351.70
v -525.25 0.00 -352.99
v -543.07 0.00 -409.99
v -536.16 0.00 -411.13
v -549.85 0.00 -457.11
v -542.95 0.00 -458.29
v -560.76 0.00 -511.73
v -553.87 0.00 -512.98
v -565.47 0.00 -540.61
v -558.56 0.00 -541.73
v -565.71 0.00 -542.13
v -558.81 0.00 -543.28
v -576.92 0.00 -606.24
v -570.03 0.00 -607.44
v -581.07 0.00 -629.99
v -574.17 0.00 -631.19
v -599.14 0.00 -733.39
v -591.08 0.00 -727.95
v -568.36 0.00 -739.95
v -567.47 0.00 -732.98
v -544.25 0.00 -741.00
v -543.94 0.00 -734.01
v -676.04 0.00 -326.88
v -669.17 0.00 -328.18
v -716.30 0.00 -538.77
v -709.40 0.00 -539.90
v -721.90 0.00 -579.20
v -715.14 0.00 -581.38
v -722.15 0.00 -579.66
v -717.22 0.00 -585.33
v -722.75 0.00 -579.88
v -721.65 0.00 -586.92
v -730.78 0.00 -579.58
v -731.02 0.00 -586.58
v -738.60 0.00 -579.33
v -738.54 0.00 -586.34
v -743.74 0.00 -579.58
v -741.11 0.00 -586.46
v -747.84 0.00 -582.91
v -742.08 0.00 -587.25
v -749.90 0.00 -587.75
v -744.31 0.00 -592.47
v -754.25 0.00 -590.54
v -751.53 0.00 -597.11
v -755.42 0.00 -590.79
v -753.94 0.00 -597.63
v -561.53 0.00 -539.29
v -562.99 0.00 -546.13
v -609.32 0.00 -529.09
v -610.62 0.00 -535.96
v -633.20 0.00 -525.10
v -632.75 0.00 -532.27
v -638.18 0.00 -526.59
v -634.65 0.00 -532.84
v -641.20 0.00 -529.34
v -634.79 0.00 -532.97
v -642.51 0.00 -535.87
v -635.84 0.00 -538.20
v -642.38 0.00 -535.62
v -637.43 0.00 -541.32
v -640.77 0.00 -535.07
v -640.26 0.00 -542.30
v -676.57 0.00 -528.17
v -677.89 0.00 -535.04
v -613.42 0.00 -531.94
v -606.52 0.00 -533.11
v -625.44 0.00 -603.29
v -618.55 0.00 -604.53
v -629.59 0.00 -624.98
v -622.71 0.00 -626.30
v -594.47 0.00 -727.23
v -595.76 0.00 -734.11
v -631.95 0.00 -720.22
v -633.24 0.00 -727.10
v -562.58 0.00 -544.63
v -561.45 0.00 -537.72
v -535.78 0.00 -549.00
v -535.20 0.00 -542.01
v -510.57 0.00 -549.14
v -510.53 0.00 -542.14
v -557.88 0.00 -515.81
v -556.75 0.00 -508.90
v -529.30 0.00 -520.49
v -528.75 0.00 -513.49
v -505.50 0.00 -520.38
v -505.54 0.00 -513.38
v -556.53 0.00 -508.95
v -558.10 0.00 -515.77
v -564.75 0.00 -507.05
v -566.17 0.00 -513.90
v -575.06 0.00 -505.15
v -576.31 0.00 -512.04
v -585.40 0.00 -503.29
v -586.62 0.00 -510.18
v -592.33 0.00 -502.07
v -593.52 0.00 -508.97
v -625.75 0.00 -496.40
v -626.94 0.00 -503.30
v -635.72 0.00 -494.63
v -636.94 0.00 -501.53
v -621.35 0.00 -600.47
v -622.65 0.00 -607.35
v -688.76 0.00 -587.73
v -690.06 0.00 -594.61
v -391.95 0.00 -740.18
v -393.60 0.00 -746.98
v -538.13 0.00 -704.66
v -539.78 0.00 -711.46
v -386.16 0.00 -711.06
v -387.60 0.00 -717.91
v -533.90 0.00 -679.93
v -535.35 0.00 -686.78
v -375.04 0.00 -655.41
v -376.38 0.00 -662.28
v -524.56 0.00 -626.20
v -525.91 0.00 -633.07
v -365.32 0.00 -596.30
v -366.58 0.00 -603.18
v -514.58 0.00 -568.89
v -515.85 0.00 -575.77
v -712.64 0.00 -745.68
v -719.54 0.00 -744.48
v -706.26 0.00 -708.90
v -713.16 0.00 -707.71
v -700.99 0.00 -678.46
v -707.89 0.00 -677.27
v -695.37 0.00 -646.05
v -702.27 0.00 -644.86
v -685.97 0.00 -591.82
v -692.85 0.00 -590.52
v -673.79 0.00 -532.24
v -680.67 0.00 -530.97
v -655.51 0.00 -420.61
v -662.41 0.00 -419.48
v -641.13 0.00 -332.93
v -648.04 0.00 -331.80
v -711.86 0.00 -535.98
v -713.84 0.00 -542.69
v -740.89 0.00 -527.37
v -743.22 0.00 -533.98
v -741.27 0.00 -527.22
v -743.92 0.00 -533.70
v -741.28 0.00 -527.21
v -743.91 0.00 -533.70
v -747.38 0.00 -524.75
v -750.01 0.00 -531.24
v -786.70 0.00 -635.33
v -785.62 0.00 -628.42
v -699.36 0.00 -648.91
v -698.28 0.00 -642.00
v -546.80 0.00 -787.82
v -558.62 0.00 -785.76
v -499.61 0.00 -517.91
v -511.43 0.00 -515.85
f 4958 4960 4959 4957
f 4960 4962 4961 4959
f 4962 4964 4963 4961
f 4964 4966 4965 4963
f 4966 4968 4967 4965
f 4968 4970 4969 4967
f 4970 4972 4971 4969
f 4972 4974 4973 4971
f 4974 4976 4975 4973
f 4976 4978 4977 4975
f 4980 4982 4981 4979
f 4982 4984 4983 4981
f 4984 4986 4985 4983
f 4986 4988 4987 4985
f 4988 4990 4989 4987
f 4990 4992 4991 4989
f 4992 4994 4993 4991
f 4994 4996 4995 4993
f 4996 4998 4997 4995
f 4998 5000 4999 4997
f 5000 5002 5001 4999
f 5004 5006 5005 5003
f 5006 5008 5007 5005
f 5008 5010 5009 5007
f 5010 5012 5011 5009
f 5012 5014 5013 5011
f 5014 5016 5015 5013
f 5016 5018 5017 5015
f 5018 5020 5019 5017
f 5022 5024 5023 5021
f 5024 5026 5025 5023
f 5028 5030 5029 5027
f 5032 5034 5033 5031
f 5034 5036 5035 5033
f 5038 5040 5039 5037
f 5040 5042 5041 5039
f 5044 5046 5045 5043
f 5046 5048 5047 5045
f 5048 5050 5049 5047
f 5050 5052 5051 5049
f 5052 5054 5053 5051
f 5054 5056 5055 5053
f 5058 5060 5059 5057
f 5062 5064 5063 5061
f 5066 5068 5067 5065
f 5070 5072 5071 5069
f 5074 5076 5075 5073
f 5078 5080 5079 5077
f 5080 5082 5081 5079
f 5082 5084 5083 5081
f 5084 5086 5085 5083
f 5086 5088 5087 5085
f 5088 5090 5089 5087
f 5090 5092 5091 5089
f 5094 5096 5095 5093
f 5096 5098 5097 5095
f 5100 5102 5101 5099
f 5104 5106 5105 5103
f 5108 5110 5109 5107
o Roads_+2_-4
v -433.09 0.00 -859.59
v -434.45 0.00 -866.45
v -524.35 0.00 -841.50
v -525.71 0.00 -848.36
v -655.60 0.00 -815.49
v -656.94 0.00 -822.36
v -730.42 0.00 -801.13
v -731.74 0.00 -808.01
v -647.86 0.00 -769.12
v -641.06 0.00 -770.76
v -659.69 0.00 -818.16
v -652.85 0.00 -819.68
v -669.33 0.00 -865.83
v -662.46 0.00 -867.22
v -654.43 0.00 -868.97
v -647.65 0.00 -870.69
v -665.32 0.00 -911.96
v -658.50 0.00 -913.55
v -674.30 0.00 -954.25
v -667.45 0.00 -955.69
v -678.79 0.00 -975.73
v -671.94 0.00 -977.16
v -682.05 0.00 -991.22
v -676.70 0.00 -999.78
v -700.38 0.00 -986.62
v -702.02 0.00 -993.43
v -771.02 0.00 -970.24
v -772.60 0.00 -977.06
v -762.58 0.00 -937.71
v -761.02 0.00 -930.88
v -671.63 0.00 -958.39
v -670.12 0.00 -951.55
v -571.89 0.00 -979.66
v -570.43 0.00 -972.81
v -567.75 0.00 -977.00
v -574.58 0.00 -975.48
v -558.18 0.00 -934.03
v -565.02 0.00 -932.51
v -547.58 0.00 -886.22
v -554.42 0.00 -884.71
v -752.30 0.00 -897.18
v -750.85 0.00 -890.33
v -662.63 0.00 -916.18
v -661.20 0.00 -909.33
v -562.30 0.00 -936.70
v -560.90 0.00 -929.84
v -102.94 0.00 -845.03
v -104.12 0.00 -852.95
v -123.02 0.00 -842.05
v -124.24 0.00 -849.95
v -174.90 0.00 -833.80
v -176.20 0.00 -841.70
v -393.33 0.00 -796.16
v -394.75 0.00 -804.04
v -418.71 0.00 -791.41
v -420.23 0.00 -799.27
v -534.05 0.00 -768.56
v -535.43 0.00 -776.44
v -544.59 0.00 -766.96
v -545.63 0.00 -774.90
v -550.05 0.00 -766.35
v -550.83 0.00 -774.31
v -577.01 0.00 -764.10
v -577.85 0.00 -772.06
v -587.12 0.00 -762.80
v -588.26 0.00 -770.72
v -597.01 0.00 -761.23
v -598.31 0.00 -769.13
v -710.47 0.00 -741.93
v -711.87 0.00 -749.81
v -784.86 0.00 -728.22
v -786.28 0.00 -736.10
v -805.08 0.00 -724.67
v -806.42 0.00 -732.55
v -892.21 0.00 -710.23
v -893.53 0.00 -718.13
v -1229.67 0.00 -653.49
v -1230.97 0.00 -661.39
v -1355.54 0.00 -633.37
v -1356.80 0.00 -641.27
v -1249.52 0.00 -674.14
v -1247.66 0.00 -663.80
v -1182.32 0.00 -686.18
v -1180.54 0.00 -675.84
v -1048.65 0.00 -708.35
v -1046.95 0.00 -697.99
v -976.62 0.00 -719.96
v -975.00 0.00 -709.58
v -901.07 0.00 -731.44
v -899.45 0.00 -721.06
v -855.53 0.00 -738.72
v -853.77 0.00 -728.36
v -840.31 0.00 -741.46
v -838.37 0.00 -731.14
v -814.70 0.00 -746.43
v -812.66 0.00 -736.13
v -778.67 0.00 -753.66
v -776.57 0.00 -743.38
v -737.28 0.00 -762.30
v -735.20 0.00 -752.00
v -726.86 0.00 -764.33
v -724.98 0.00 -753.99
v -716.46 0.00 -766.08
v -714.86 0.00 -755.70
v -701.05 0.00 -768.23
v -699.67 0.00 -757.83
v -660.39 0.00 -773.30
v -659.01 0.00 -762.90
v -645.24 0.00 -775.43
v -643.64 0.00 -765.05
v -624.98 0.00 -778.86
v -623.16 0.00 -768.52
v -568.88 0.00 -789.12
v -567.12 0.00 -778.76
v -548.26 0.00 -792.37
v -546.80 0.00 -781.97
v -527.56 0.00 -794.90
v -526.34 0.00 -784.48
v -419.35 0.00 -807.11
v -418.17 0.00 -796.67
v -444.31 0.00 -904.04
v -445.78 0.00 -910.88
v -532.86 0.00 -885.07
v -534.21 0.00 -891.94
v -535.00 0.00 -884.69
v -536.21 0.00 -891.59
v -550.50 0.00 -882.00
v -551.50 0.00 -888.93
v -607.02 0.00 -875.49
v -608.14 0.00 -882.41
v -650.30 0.00 -866.41
v -651.78 0.00 -873.25
v -665.14 0.00 -863.11
v -666.66 0.00 -869.94
v -742.37 0.00 -854.05
v -740.93 0.00 -847.20
v -666.61 0.00 -869.95
v -665.18 0.00 -863.10
v -532.18 0.00 -888.88
v -539.02 0.00 -887.40
v -528.08 0.00 -869.99
v -534.82 0.00 -868.04
v -523.87 0.00 -858.41
v -530.66 0.00 -856.59
v -521.59 0.00 -845.55
v -528.48 0.00 -844.30
v -518.24 0.00 -827.48
v -525.13 0.00 -826.22
v -515.44 0.00 -811.88
v -522.32 0.00 -810.61
v -511.19 0.00 -789.47
v -518.06 0.00 -788.16
f 5112 5114 5113 5111
f 5114 5116 5115 5113
f 5116 5118 5117 5115
f 5120 5122 5121 5119
f 5122 5124 5123 5121
f 5126 5128 5127 5125
f 5128 5130 5129 5127
f 5130 5132 5131 5129
f 5132 5134 5133 5131
f 5134 5136 5135 5133
f 5136 5138 5137 5135
f 5140 5142 5141 5139
f 5142 5144 5143 5141
f 5146 5148 5147 5145
f 5148 5150 5149 5147
f 5152 5154 5153 5151
f 5154 5156 5155 5153
f 5158 5160 5159 5157
f 5160 5162 5161 5159
f 5162 5164 5163 5161
f 5164 5166 5165 5163
f 5166 5168 5167 5165
f 5168 5170 5169 5167
f 5170 5172 5171 5169
f 5172 5174 5173 5171
f 5174 5176 5175 5173
f 5176 5178 5177 5175
f 5178 5180 5179 5177
f 5180 5182 5181 5179
f 5182 5184 5183 5181
f 5184 5186 5185 5183
f 5186 5188 5187 5185
f 5188 5190 5189 5187
f 5192 5194 5193 5191
f 5194 5196 5195 5193
f 5196 5198 5197 5195
f 5198 5200 5199 5197
f 5200 5202 5201 5199
f 5202 5204 5203 5201
f 5204 5206 5205 5203
f 5206 5208 5207 5205
f 5208 5210 5209 5207
f 5210 5212 5211 5209
f 5212 5214 5213 5211
f 5214 5216 5215 5213
f 5216 5218 5217 5215
f 5218 5220 5219 5217
f 5220 5222 5221 5219
f 5222 5224 5223 5221
f 5224 5226 5225 5223
f 5226 5228 5227 5225
f 5228 5230 5229 5227
f 5232 5234 5233 5231
f 5234 5236 5235 5233
f 5236 5238 5237 5235
f 5238 5240 5239 5237
f 5240 5242 5241 5239
f 5242 5244 5243 5241
f 5246 5248 5247 5245
f 5250 5252 5251 5249
f 5252 5254 5253 5251
f 5254 5256 5255 5253
f 5256 5258 5257 5255
f 5258 5260 5259 5257
f 5260 5262 5261 5259
o Roads_+2_-5
v -704.61 0.00 -989.25
v -697.79 0.00 -990.80
v -723.28 0.00 -1071.24
v -716.47 0.00 -1072.86
v -735.74 0.00 -1121.41
v -728.96 0.00 -1123.16
v -750.00 0.00 -1174.72
v -743.24 0.00 -1176.53
v -680.13 0.00 -998.92
v -678.63 0.00 -992.08
v -619.72 0.00 -1012.14
v -618.29 0.00 -1005.28
v -581.11 0.00 -1019.78
v -579.67 0.00 -1012.93
v -536.49 0.00 -1029.73
v -534.92 0.00 -1022.90
v -492.84 0.00 -1040.10
v -491.22 0.00 -1033.29
v -478.35 0.00 -1043.54
v -476.73 0.00 -1036.73
v -574.57 0.00 -975.45
v -567.75 0.00 -977.02
v -583.80 0.00 -1015.57
v -576.98 0.00 -1017.14
v -684.69 0.00 -1190.68
v -691.60 0.00 -1189.56
v -667.74 0.00 -1085.39
v -674.65 0.00 -1084.27
v -486.01 0.00 -1073.51
v -487.60 0.00 -1080.32
v -562.51 0.00 -1055.56
v -564.11 0.00 -1062.37
v -531.15 0.00 -1260.76
v -532.84 0.00 -1267.56
v -622.59 0.00 -1237.96
v -624.28 0.00 -1244.76
v -611.16 0.00 -1203.03
v -614.04 0.00 -1214.67
v -686.71 0.00 -1184.30
v -689.59 0.00 -1195.94
v -352.06 0.00 -1235.99
v -352.62 0.00 -1247.97
v -373.82 0.00 -1234.98
v -374.48 0.00 -1246.96
v -399.78 0.00 -1233.33
v -400.58 0.00 -1245.31
v -498.02 0.00 -1226.57
v -498.90 0.00 -1238.53
v -508.19 0.00 -1225.77
v -509.29 0.00 -1237.71
v -518.16 0.00 -1224.70
v -519.72 0.00 -1236.60
v -527.93 0.00 -1223.17
v -530.07 0.00 -1234.99
v -537.60 0.00 -1221.17
v -540.26 0.00 -1232.87
v -611.16 0.00 -1203.02
v -614.04 0.00 -1214.68
v -497.23 0.00 -1118.68
v -499.13 0.00 -1125.42
v -577.18 0.00 -1096.04
v -579.09 0.00 -1102.77
v -507.20 0.00 -1156.56
v -508.63 0.00 -1163.41
v -573.14 0.00 -1142.87
v -574.56 0.00 -1149.73
v -516.50 0.00 -1195.81
v -517.88 0.00 -1202.67
v -592.81 0.00 -1180.41
v -594.20 0.00 -1187.27
v -429.23 0.00 -1189.14
v -431.13 0.00 -1195.88
v -509.32 0.00 -1166.56
v -511.22 0.00 -1173.30
f 5264 5266 5265 5263
f 5266 5268 5267 5265
f 5268 5270 5269 5267
f 5272 5274 5273 5271
f 5274 5276 5275 5273
f 5276 5278 5277 5275
f 5278 5280 5279 5277
f 5280 5282 5281 5279
f 5284 5286 5285 5283
f 5288 5290 5289 5287
f 5292 5294 5293 5291
f 5296 5298 5297 5295
f 5300 5302 5301 5299
f 5304 5306 5305 5303
f 5306 5308 5307 5305
f 5308 5310 5309 5307
f 5310 5312 5311 5309
f 5312 5314 5313 5311
f 5314 5316 5315 5313
f 5316 5318 5317 5315
f 5318 5320 5319 5317
f 5322 5324 5323 5321
f 5326 5328 5327 5325
f 5330 5332 5331 5329
f 5334 5336 5335 5333
o Roads_+2_-6
v -620.10 0.00 -1611.30
v -626.85 0.00 -1609.46
v -598.17 0.00 -1530.66
v -604.91 0.00 -1528.76
v -579.75 0.00 -1467.67
v -586.45 0.00 -1465.64
v -569.86 0.00 -1435.97
v -576.49 0.00 -1433.72
v -567.15 0.00 -1428.60
v -573.87 0.00 -1426.58
v -564.20 0.00 -1416.06
v -571.01 0.00 -1414.46
v -554.64 0.00 -1375.39
v -561.45 0.00 -1373.79
v -544.96 0.00 -1334.26
v -551.78 0.00 -1332.65
v -534.61 0.00 -1290.23
v -541.42 0.00 -1288.63
v -533.13 0.00 -1283.94
v -539.94 0.00 -1282.33
v -528.59 0.00 -1264.96
v -535.41 0.00 -1263.36
v -525.79 0.00 -1252.72
v -532.61 0.00 -1251.14
v -520.82 0.00 -1231.58
v -527.64 0.00 -1229.98
v -749.76 0.00 -1442.96
v -748.08 0.00 -1436.16
v -676.18 0.00 -1461.11
v -676.12 0.00 -1453.91
v -655.17 0.00 -1456.35
v -655.28 0.00 -1449.20
v -583.76 0.00 -1470.09
v -582.44 0.00 -1463.22
v -812.61 0.00 -1381.53
v -811.74 0.00 -1374.59
v -736.91 0.00 -1391.05
v -736.04 0.00 -1384.11
v -691.55 0.00 -1189.29
v -684.75 0.00 -1190.95
v -698.73 0.00 -1218.68
v -691.94 0.00 -1220.34
v -706.12 0.00 -1248.82
v -699.32 0.00 -1250.48
v -708.56 0.00 -1258.82
v -701.76 0.00 -1260.48
v -716.27 0.00 -1290.31
v -709.47 0.00 -1291.97
v -718.95 0.00 -1301.26
v -712.17 0.00 -1303.01
v -727.35 0.00 -1332.16
v -720.59 0.00 -1334.00
v -739.77 0.00 -1377.90
v -733.02 0.00 -1379.73
v -760.65 0.00 -1484.33
v -758.85 0.00 -1477.57
v -698.54 0.00 -1500.89
v -696.74 0.00 -1494.12
v -744.80 0.00 -1422.77
v -743.40 0.00 -1415.91
v -688.70 0.00 -1434.22
v -688.06 0.00 -1427.21
v -681.00 0.00 -1434.06
v -681.65 0.00 -1427.07
v -671.34 0.00 -1432.46
v -672.49 0.00 -1425.55
v -668.58 0.00 -1430.07
v -675.25 0.00 -1427.94
v -664.08 0.00 -1415.95
v -670.75 0.00 -1413.82
v -663.73 0.00 -1414.86
v -668.84 0.00 -1407.86
v -637.99 0.00 -1414.86
v -637.16 0.00 -1407.86
v -571.33 0.00 -1430.99
v -569.69 0.00 -1424.19
v -739.74 0.00 -1401.20
v -738.12 0.00 -1394.39
v -668.23 0.00 -1418.29
v -666.60 0.00 -1411.48
v -713.69 0.00 -1294.54
v -712.05 0.00 -1287.74
v -647.02 0.00 -1310.69
v -645.38 0.00 -1303.88
v -641.47 0.00 -1312.02
v -639.83 0.00 -1305.22
v -703.55 0.00 -1253.05
v -701.88 0.00 -1246.25
v -641.97 0.00 -1268.22
v -640.29 0.00 -1261.42
v -739.89 0.00 -1378.78
v -732.89 0.00 -1378.85
v -739.97 0.00 -1387.15
v -732.98 0.00 -1388.01
v -742.33 0.00 -1396.98
v -735.53 0.00 -1398.62
v -747.51 0.00 -1418.52
v -740.70 0.00 -1420.16
v -749.41 0.00 -1426.48
v -742.60 0.00 -1428.10
v -752.31 0.00 -1438.72
v -745.52 0.00 -1440.41
v -759.42 0.00 -1465.84
v -752.65 0.00 -1467.62
v -763.14 0.00 -1480.07
v -756.37 0.00 -1481.84
v -765.41 0.00 -1488.75
v -758.64 0.00 -1490.53
v -768.58 0.00 -1500.78
v -761.81 0.00 -1502.56
v -770.86 0.00 -1509.47
v -764.09 0.00 -1511.25
v -421.06 0.00 -1465.17
v -422.59 0.00 -1472.00
v -572.42 0.00 -1431.43
v -573.94 0.00 -1438.26
f 5338 5340 5339 5337
f 5340 5342 5341 5339
f 5342 5344 5343 5341
f 5344 5346 5345 5343
f 5346 5348 5347 5345
f 5348 5350 5349 5347
f 5350 5352 5351 5349
f 5352 5354 5353 5351
f 5354 5356 5355 5353
f 5356 5358 5357 5355
f 5358 5360 5359 5357
f 5360 5362 5361 5359
f 5364 5366 5365 5363
f 5366 5368 5367 5365
f 5368 5370 5369 5367
f 5372 5374 5373 5371
f 5376 5378 5377 5375
f 5378 5380 5379 5377
f 5380 5382 5381 5379
f 5382 5384 5383 5381
f 5384 5386 5385 5383
f 5386 5388 5387 5385
f 5388 5390 5389 5387
f 5392 5394 5393 5391
f 5396 5398 5397 5395
f 5398 5400 5399 5397
f 5400 5402 5401 5399
f 5404 5406 5405 5403
f 5406 5408 5407 5405
f 5408 5410 5409 5407
f 5410 5412 5411 5409
f 5414 5416 5415 5413
f 5418 5420 5419 5417
f 5420 5422 5421 5419
f 5424 5426 5425 5423
f 5428 5430 5429 5427
f 5430 5432 5431 5429
f 5432 5434 5433 5431
f 5434 5436 5435 5433
f 5436 5438 5437 5435
f 5438 5440 5439 5437
f 5440 5442 5441 5439
f 5442 5444 5443 5441
f 5444 5446 5445 5443
f 5446 5448 5447 5445
f 5450 5452 5451 5449
o Roads_+2_-7
v -604.87 0.00 -1910.50
v -619.38 0.00 -1906.71
v -599.26 0.00 -1889.02
v -613.76 0.00 -1885.18
v -595.22 0.00 -1874.01
v -609.69 0.00 -1870.07
v -591.81 0.00 -1861.59
v -606.25 0.00 -1857.54
v -587.57 0.00 -1846.80
v -602.26 0.00 -1843.61
v -583.40 0.00 -1818.87
v -598.09 0.00 -1815.65
v -580.72 0.00 -1809.65
v -595.10 0.00 -1805.39
v -577.40 0.00 -1798.69
v -591.76 0.00 -1794.35
v -570.23 0.00 -1774.99
v -584.64 0.00 -1770.81
v -565.63 0.00 -1758.46
v -580.17 0.00 -1754.76
v -559.38 0.00 -1731.31
v -574.20 0.00 -1728.81
v -557.66 0.00 -1715.39
v -572.42 0.00 -1712.42
v -550.19 0.00 -1690.32
v -564.50 0.00 -1685.80
v -545.43 0.00 -1676.08
v -559.77 0.00 -1671.66
v -543.48 0.00 -1669.17
v -557.92 0.00 -1665.10
v -541.67 0.00 -1662.72
v -555.97 0.00 -1658.15
v -540.03 0.00 -1658.16
v -554.01 0.00 -1652.69
v -538.81 0.00 -1655.26
v -553.42 0.00 -1651.30
v -538.13 0.00 -1650.09
v -553.01 0.00 -1648.23
v -536.10 0.00 -1633.07
v -551.21 0.00 -1633.07
v -536.65 0.00 -1628.50
v -551.22 0.00 -1633.01
v -538.31 0.00 -1625.31
v -551.61 0.00 -1632.26
v -1052.18 0.00 -1542.86
v -1051.02 0.00 -1535.96
v -949.97 0.00 -1559.99
v -948.90 0.00 -1553.07
v -839.54 0.00 -1575.60
v -838.56 0.00 -1568.66
v -805.95 0.00 -1580.37
v -804.92 0.00 -1573.45
v -688.83 0.00 -1598.67
v -687.67 0.00 -1591.77
v -686.65 0.00 -1599.06
v -685.39 0.00 -1592.17
v -657.92 0.00 -1604.41
v -656.34 0.00 -1597.59
v -627.26 0.00 -1612.89
v -625.31 0.00 -1606.16
v -624.47 0.00 -1613.73
v -622.47 0.00 -1607.02
v -616.87 0.00 -1615.96
v -615.01 0.00 -1609.21
v -601.40 0.00 -1619.94
v -599.76 0.00 -1613.13
v -574.57 0.00 -1625.96
v -573.07 0.00 -1619.12
v -545.70 0.00 -1632.21
v -544.22 0.00 -1625.37
v -629.66 0.00 -1608.61
v -622.90 0.00 -1610.44
v -640.85 0.00 -1650.02
v -634.08 0.00 -1651.79
v -650.50 0.00 -1688.06
v -645.42 0.00 -1696.50
v -703.72 0.00 -1675.09
v -705.52 0.00 -1681.85
v -715.33 0.00 -1671.75
v -712.51 0.00 -1679.84
v -717.22 0.00 -1674.39
v -714.45 0.00 -1682.55
v -772.74 0.00 -1657.56
v -774.77 0.00 -1664.26
v -648.82 0.00 -1695.67
v -647.11 0.00 -1688.89
v -634.44 0.00 -1699.29
v -632.69 0.00 -1692.51
v -565.93 0.00 -1717.29
v -564.15 0.00 -1710.52
v -719.24 0.00 -1677.65
v -712.43 0.00 -1679.29
v -727.01 0.00 -1709.86
v -718.95 0.00 -1706.32
v -720.08 0.00 -1713.70
v -716.86 0.00 -1707.48
v -712.00 0.00 -1717.58
v -708.55 0.00 -1711.47
v -708.95 0.00 -1719.59
v -704.77 0.00 -1713.96
v -705.19 0.00 -1722.74
v -701.08 0.00 -1717.04
v -701.39 0.00 -1725.08
v -698.06 0.00 -1718.91
v -696.95 0.00 -1727.15
v -694.63 0.00 -1720.51
v -666.45 0.00 -1734.47
v -664.75 0.00 -1727.67
v -645.88 0.00 -1739.79
v -644.06 0.00 -1733.03
v -573.85 0.00 -1759.98
v -571.96 0.00 -1753.24
v -691.60 0.00 -1594.21
v -684.89 0.00 -1596.22
v -706.82 0.00 -1645.10
v -700.16 0.00 -1647.26
v -717.22 0.00 -1674.63
v -710.62 0.00 -1676.96
v -638.38 0.00 -1654.28
v -636.55 0.00 -1647.52
v -553.51 0.00 -1677.25
v -551.68 0.00 -1670.49
v -471.83 0.00 -1663.89
v -473.52 0.00 -1670.69
v -544.73 0.00 -1645.76
v -546.42 0.00 -1652.55
v -469.04 0.00 -1696.94
v -475.02 0.00 -1721.21
v -554.35 0.00 -1675.92
v -560.33 0.00 -1700.19
v -766.02 0.00 -1505.07
v -764.37 0.00 -1498.27
v -726.59 0.00 -1514.64
v -724.94 0.00 -1507.84
v -702.79 0.00 -1642.75
v -704.19 0.00 -1649.61
v -748.31 0.00 -1633.44
v -749.71 0.00 -1640.30
v -641.60 0.00 -1737.36
v -648.34 0.00 -1735.46
v -630.20 0.00 -1696.84
v -636.93 0.00 -1694.95
f 5454 5456 5455 5453
f 5456 5458 5457 5455
f 5458 5460 5459 5457
f 5460 5462 5461 5459
f 5462 5464 5463 5461
f 5464 5466 5465 5463
f 5466 5468 5467 5465
f 5468 5470 5469 5467
f 5470 5472 5471 5469
f 5472 5474 5473 5471
f 5474 5476 5475 5473
f 5476 5478 5477 5475
f 5478 5480 5479 5477
f 5480 5482 5481 5479
f 5482 5484 5483 5481
f 5484 5486 5485 5483
f 5486 5488 5487 5485
f 5488 5490 5489 5487
f 5490 5492 5491 5489
f 5492 5494 5493 5491
f 5494 5496 5495 5493
f 5498 5500 5499 5497
f 5500 5502 5501 5499
f 5502 5504 5503 5501
f 5504 5506 5505 5503
f 5506 5508 5507 5505
f 5508 5510 5509 5507
f 5510 5512 5511 5509
f 5512 5514 5513 5511
f 5514 5516 5515 5513
f 5516 5518 5517 5515
f 5518 5520 5519 5517
f 5520 5522 5521 5519
f 5524 5526 5525 5523
f 5526 5528 5527 5525
f 5528 5530 5529 5527
f 5530 5532 5531 5529
f 5532 5534 5533 5531
f 5534 5536 5535 5533
f 5538 5540 5539 5537
f 5540 5542 5541 5539
f 5544 5546 5545 5543
f 5546 5548 5547 5545
f 5548 5550 5549 5547
f 5550 5552 5551 5549
f 5552 5554 5553 5551
f 5554 5556 5555 5553
f 5556 5558 5557 5555
f 5558 5560 5559 5557
f 5560 5562 5561 5559
f 5562 5564 5563 5561
f 5566 5568 5567 5565
f 5568 5570 5569 5567
f 5572 5574 5573 5571
f 5576 5578 5577 5575
f 5580 5582 5581 5579
f 5584 5586 5585 5583
f 5588 5590 5589 5587
f 5592 5594 5593 5591
o Roads_+2_-8
v -682.89 0.00 -1782.86
v -676.11 0.00 -1784.57
v -684.54 0.00 -1789.36
v -677.76 0.00 -1791.12
v -688.49 0.00 -1804.17
v -681.71 0.00 -1805.94
v -692.49 0.00 -1819.79
v -685.70 0.00 -1821.52
v -698.98 0.00 -1845.55
v -692.06 0.00 -1846.74
v -700.28 0.00 -1859.14
v -693.37 0.00 -1860.38
v -703.49 0.00 -1871.22
v -696.71 0.00 -1872.99
v -707.48 0.00 -1886.83
v -700.64 0.00 -1888.34
v -710.64 0.00 -1903.59
v -703.80 0.00 -1905.13
v -717.07 0.00 -1928.30
v -710.32 0.00 -1930.14
v -730.63 0.00 -1975.83
v -723.90 0.00 -1977.75
v -594.04 0.00 -1841.82
v -595.80 0.00 -1848.59
v -688.21 0.00 -1817.27
v -689.98 0.00 -1824.04
v -605.49 0.00 -1883.75
v -607.52 0.00 -1890.45
v -695.81 0.00 -1856.41
v -697.84 0.00 -1863.10
v -615.71 0.00 -1923.10
v -617.37 0.00 -1929.90
v -706.39 0.00 -1900.96
v -708.05 0.00 -1907.76
v -557.02 0.00 -2019.21
v -571.49 0.00 -2015.25
v -545.31 0.00 -1976.43
v -559.70 0.00 -1972.16
v -540.67 0.00 -1961.93
v -555.14 0.00 -1957.94
v -533.62 0.00 -1931.51
v -548.09 0.00 -1927.53
v -526.01 0.00 -1907.69
v -540.37 0.00 -1903.35
v -522.20 0.00 -1894.37
v -536.62 0.00 -1890.25
v -518.38 0.00 -1880.99
v -532.64 0.00 -1876.27
v -507.97 0.00 -1853.44
v -521.87 0.00 -1847.76
v -503.19 0.00 -1842.53
v -516.72 0.00 -1836.04
v -500.42 0.00 -1837.24
v -514.55 0.00 -1831.89
v -495.49 0.00 -1817.40
v -510.05 0.00 -1813.81
v -490.75 0.00 -1797.94
v -505.32 0.00 -1794.39
v -551.53 0.00 -1970.94
v -553.48 0.00 -1977.66
v -623.58 0.00 -1949.97
v -625.54 0.00 -1956.69
v -539.83 0.00 -1926.17
v -541.89 0.00 -1932.86
v -551.83 0.00 -1922.47
v -553.84 0.00 -1929.18
v -611.15 0.00 -1905.25
v -613.10 0.00 -1911.97
v -362.11 0.00 -1883.00
v -363.72 0.00 -1889.81
v -514.12 0.00 -1847.19
v -515.72 0.00 -1854.01
v -524.63 0.00 -1875.24
v -526.39 0.00 -1882.02
v -598.15 0.00 -1856.18
v -599.91 0.00 -1862.96
v -509.03 0.00 -1835.91
v -510.87 0.00 -1842.66
v -589.82 0.00 -1813.88
v -591.66 0.00 -1820.64
v -587.03 0.00 -1804.13
v -588.79 0.00 -1810.91
v -678.62 0.00 -1780.33
v -680.38 0.00 -1787.10
v -631.45 0.00 -2000.36
v -638.28 0.00 -1998.84
v -621.17 0.00 -1954.22
v -627.95 0.00 -1952.45
v -613.16 0.00 -1927.42
v -619.92 0.00 -1925.58
v -608.73 0.00 -1909.44
v -615.53 0.00 -1907.77
v -676.11 0.00 -1784.59
v -682.89 0.00 -1782.84
v -672.47 0.00 -1770.49
v -679.24 0.00 -1768.72
v -662.22 0.00 -1731.97
v -668.98 0.00 -1730.17
v -583.59 0.00 -1793.16
v -585.58 0.00 -1799.87
v -657.78 0.00 -1771.20
v -659.87 0.00 -1777.88
v -663.79 0.00 -1769.21
v -665.80 0.00 -1775.92
v -674.95 0.00 -1766.22
v -676.76 0.00 -1772.98
f 5596 5598 5597 5595
f 5598 5600 5599 5597
f 5600 5602 5601 5599
f 5602 5604 5603 5601
f 5604 5606 5605 5603
f 5606 5608 5607 5605
f 5608 5610 5609 5607
f 5610 5612 5611 5609
f 5612 5614 5613 5611
f 5614 5616 5615 5613
f 5618 5620 5619 5617
f 5622 5624 5623 5621
f 5626 5628 5627 5625
f 5630 5632 5631 5629
f 5632 5634 5633 5631
f 5634 5636 5635 5633
f 5636 5638 5637 5635
f 5638 5640 5639 5637
f 5640 5642 5641 5639
f 5642 5644 5643 5641
f 5644 5646 5645 5643
f 5646 5648 5647 5645
f 5648 5650 5649 5647
f 5650 5652 5651 5649
f 5654 5656 5655 5653
f 5658 5660 5659 5657
f 5660 5662 5661 5659
f 5664 5666 5665 5663
f 5668 5670 5669 5667
f 5672 5674 5673 5671
f 5676 5678 5677 5675
f 5680 5682 5681 5679
f 5682 5684 5683 5681
f 5684 5686 5685 5683
f 5688 5690 5689 5687
f 5690 5692 5691 5689
f 5694 5696 5695 5693
f 5696 5698 5697 5695
f 5698 5700 5699 5697
o Roads_+2_-9
v -801.52 0.00 -2332.83
v -808.29 0.00 -2331.03
v -788.34 0.00 -2283.20
v -795.10 0.00 -2281.40
v -781.45 0.00 -2257.30
v -788.22 0.00 -2255.51
v -775.37 0.00 -2234.40
v -782.14 0.00 -2232.61
v -762.11 0.00 -2184.52
v -768.88 0.00 -2182.73
v -757.60 0.00 -2167.52
v -764.37 0.00 -2165.72
v -749.43 0.00 -2136.75
v -756.19 0.00 -2134.95
v -747.52 0.00 -2129.60
v -754.29 0.00 -2127.81
v -745.63 0.00 -2122.45
v -752.39 0.00 -2120.65
v -739.22 0.00 -2098.35
v -745.99 0.00 -2096.56
v -735.45 0.00 -2084.17
v -742.22 0.00 -2082.37
v -731.39 0.00 -2068.88
v -738.16 0.00 -2067.08
v -727.85 0.00 -2055.54
v -734.61 0.00 -2053.74
v -720.75 0.00 -2028.86
v -727.52 0.00 -2027.06
v -716.81 0.00 -2014.02
v -723.57 0.00 -2012.22
v -708.13 0.00 -1981.36
v -714.90 0.00 -1979.56
v -644.55 0.00 -2297.05
v -650.87 0.00 -2294.05
v -628.70 0.00 -2263.57
v -635.05 0.00 -2260.63
v -609.13 0.00 -2220.51
v -615.48 0.00 -2217.56
v -589.56 0.00 -2179.28
v -595.94 0.00 -2176.38
v -577.98 0.00 -2152.75
v -584.60 0.00 -2150.42
v -574.20 0.00 -2138.78
v -580.95 0.00 -2136.93
v -567.16 0.00 -2113.40
v -573.92 0.00 -2111.57
v -558.29 0.00 -2079.70
v -565.10 0.00 -2078.06
v -556.02 0.00 -2069.26
v -562.86 0.00 -2067.76
v -545.47 0.00 -2021.83
v -552.31 0.00 -2020.31
v -434.56 0.00 -2167.67
v -436.16 0.00 -2174.48
v -576.78 0.00 -2134.45
v -578.37 0.00 -2141.27
v -421.52 0.00 -2112.55
v -423.32 0.00 -2119.32
v -560.79 0.00 -2075.50
v -562.59 0.00 -2082.26
v -611.52 0.00 -2215.62
v -613.08 0.00 -2222.44
v -664.18 0.00 -2203.59
v -665.70 0.00 -2210.42
v -694.23 0.00 -2197.04
v -695.69 0.00 -2203.89
v -704.54 0.00 -2194.90
v -706.09 0.00 -2201.73
v -764.67 0.00 -2180.23
v -766.33 0.00 -2187.03
v -657.15 0.00 -2130.49
v -661.04 0.00 -2136.31
v -659.90 0.00 -2128.65
v -665.06 0.00 -2133.62
v -661.54 0.00 -2125.99
v -668.31 0.00 -2128.35
v -661.80 0.00 -2123.79
v -668.89 0.00 -2123.49
v -660.75 0.00 -2118.72
v -667.58 0.00 -2117.14
v -653.60 0.00 -2090.79
v -660.40 0.00 -2089.13
v -650.03 0.00 -2075.43
v -656.83 0.00 -2073.80
v -643.09 0.00 -2047.40
v -649.88 0.00 -2045.72
v -639.11 0.00 -2031.33
v -645.90 0.00 -2029.65
v -631.47 0.00 -2000.44
v -638.27 0.00 -1998.76
v -641.74 0.00 -2027.08
v -643.27 0.00 -2033.91
v -719.43 0.00 -2009.71
v -720.96 0.00 -2016.54
v -652.56 0.00 -2071.22
v -654.30 0.00 -2078.00
v -730.36 0.00 -2051.25
v -732.10 0.00 -2058.03
v -580.51 0.00 -2148.17
v -582.07 0.00 -2154.99
v -655.01 0.00 -2131.13
v -656.96 0.00 -2137.87
v -657.93 0.00 -2130.10
v -660.26 0.00 -2136.70
v -558.59 0.00 -2065.11
v -560.30 0.00 -2071.90
v -645.63 0.00 -2043.17
v -647.34 0.00 -2049.95
v -569.66 0.00 -2109.10
v -571.42 0.00 -2115.87
v -656.11 0.00 -2086.57
v -657.88 0.00 -2093.35
v -663.28 0.00 -2114.55
v -665.05 0.00 -2121.32
v -741.72 0.00 -2094.07
v -743.49 0.00 -2100.84
v -662.56 0.00 -2132.89
v -655.63 0.00 -2133.92
v -664.18 0.00 -2143.79
v -658.31 0.00 -2151.92
v -682.77 0.00 -2140.57
v -677.18 0.00 -2148.64
v -684.48 0.00 -2149.56
v -677.61 0.00 -2150.91
v -689.74 0.00 -2175.48
v -683.56 0.00 -2180.21
v -693.87 0.00 -2177.56
v -687.69 0.00 -2182.29
v -698.39 0.00 -2199.77
v -691.53 0.00 -2201.16
v -753.81 0.00 -2139.20
v -751.81 0.00 -2132.49
v -718.70 0.00 -2149.71
v -716.69 0.00 -2143.00
f 5702 5704 5703 5701
f 5704 5706 5705 5703
f 5706 5708 5707 5705
f 5708 5710 5709 5707
f 5710 5712 5711 5709
f 5712 5714 5713 5711
f 5714 5716 5715 5713
f 5716 5718 5717 5715
f 5718 5720 5719 5717
f 5720 5722 5721 5719
f 5722 5724 5723 5721
f 5724 5726 5725 5723
f 5726 5728 5727 5725
f 5728 5730 5729 5727
f 5730 5732 5731 5729
f 5734 5736 5735 5733
f 5736 5738 5737 5735
f 5738 5740 5739 5737
f 5740 5742 5741 5739
f 5742 5744 5743 5741
f 5744 5746 5745 5743
f 5746 5748 5747 5745
f 5748 5750 5749 5747
f 5750 5752 5751 5749
f 5754 5756 5755 5753
f 5758 5760 5759 5757
f 5762 5764 5763 5761
f 5764 5766 5765 5763
f 5766 5768 5767 5765
f 5768 5770 5769 5767
f 5772 5774 5773 5771
f 5774 5776 5775 5773
f 5776 5778 5777 5775
f 5778 5780 5779 5777
f 5780 5782 5781 5779
f 5782 5784 5783 5781
f 5784 5786 5785 5783
f 5786 5788 5787 5785
f 5788 5790 5789 5787
f 5792 5794 5793 5791
f 5796 5798 5797 5795
f 5800 5802 5801 5799
f 5802 5804 5803 5801
f 5806 5808 5807 5805
f 5810 5812 5811 5809
f 5814 5816 5815 5813
f 5818 5820 5819 5817
f 5820 5822 5821 5819
f 5822 5824 5823 5821
f 5824 5826 5825 5823
f 5826 5828 5827 5825
f 5828 5830 5829 5827
f 5832 5834 5833 5831
o Roads_+3_+0
v -570.19 0.00 71.11
v -571.13 0.00 66.20
v -674.20 0.00 91.00
v -675.09 0.00 86.08
v -749.63 0.00 103.85
v -755.28 0.00 99.74
v -744.40 0.00 140.02
v -749.35 0.00 140.73
v -838.21 0.00 -3.09
v -843.17 0.00 -2.49
v -834.93 0.00 23.99
v -839.87 0.00 24.84
v -832.79 0.00 33.39
v -837.72 0.00 34.26
v -830.94 0.00 48.51
v -835.88 0.00 49.28
v -826.19 0.00 73.81
v -831.10 0.00 74.76
v -821.18 0.00 98.89
v -826.11 0.00 99.74
v -819.08 0.00 113.31
v -824.01 0.00 114.14
v -817.60 0.00 121.09
v -822.54 0.00 121.91
v -813.64 0.00 149.44
v -818.59 0.00 150.13
v -813.09 0.00 153.35
v -818.04 0.00 154.05
v -753.10 0.00 66.50
v -753.78 0.00 61.55
v -828.27 0.00 76.76
v -829.01 0.00 71.81
v -955.28 0.00 97.35
v -956.10 0.00 92.42
v -1069.86 0.00 117.02
v -1070.70 0.00 112.09
v -945.68 0.00 169.65
v -940.75 0.00 168.84
v -949.78 0.00 144.88
v -944.85 0.00 144.07
v -953.50 0.00 122.48
v -948.57 0.00 121.66
v -954.97 0.00 113.60
v -950.05 0.00 112.76
v -958.13 0.00 95.41
v -953.24 0.00 94.35
v -963.27 0.00 75.72
v -958.37 0.00 74.70
v -964.16 0.00 70.08
v -958.46 0.00 74.11
v -914.82 0.00 60.99
v -913.91 0.00 65.91
v -866.35 0.00 52.12
v -865.47 0.00 57.04
v -833.84 0.00 46.43
v -832.98 0.00 51.36
v -873.00 0.00 4.26
v -873.90 0.00 -0.66
v -970.71 0.00 22.25
v -971.62 0.00 17.33
v -752.03 0.00 104.26
v -752.88 0.00 99.33
v -821.12 0.00 116.19
v -821.97 0.00 111.26
v -974.88 0.00 -21.38
v -979.81 0.00 -20.53
v -971.53 0.00 -1.89
v -976.48 0.00 -1.14
v -968.70 0.00 19.40
v -973.63 0.00 20.19
v -958.85 0.00 71.63
v -963.77 0.00 72.56
v -687.83 0.00 11.40
v -689.15 0.00 4.52
v -758.64 0.00 24.98
v -759.85 0.00 18.08
v -834.69 0.00 37.28
v -835.81 0.00 30.37
v -763.67 0.00 -16.40
v -770.52 0.00 -14.96
v -755.79 0.00 20.93
v -762.70 0.00 22.13
v -749.97 0.00 63.55
v -756.91 0.00 64.50
v 5.02 0.00 155.35
v 4.84 0.00 147.35
v -71.93 0.00 157.01
v -72.07 0.00 149.01
v -223.45 0.00 158.77
v -223.53 0.00 150.77
v -268.89 0.00 159.20
v -268.95 0.00 151.20
v -482.26 0.00 160.46
v -482.32 0.00 152.46
v -555.72 0.00 161.28
v -555.82 0.00 153.28
v -709.79 0.00 163.47
v -709.93 0.00 155.47
v -746.99 0.00 164.27
v -747.19 0.00 156.27
v -855.36 0.00 167.49
v -855.62 0.00 159.49
v -865.44 0.00 167.85
v -865.82 0.00 159.85
v -875.43 0.00 168.44
v -876.13 0.00 160.46
v -885.31 0.00 169.60
v -886.53 0.00 161.68
v -895.22 0.00 171.49
v -896.94 0.00 163.67
v -905.23 0.00 173.98
v -907.25 0.00 166.24
v -946.30 0.00 185.22
v -948.32 0.00 177.48
v -957.33 0.00 187.95
v -959.15 0.00 180.17
v -974.00 0.00 191.65
v -975.66 0.00 183.83
v -1118.26 0.00 220.77
v -1119.86 0.00 212.93
v -1249.83 0.00 248.09
v -1251.57 0.00 240.27
v -1254.86 0.00 249.27
v -1256.88 0.00 241.53
v -1265.06 0.00 252.21
v -1267.58 0.00 244.61
v -1273.97 0.00 255.56
v -1277.05 0.00 248.18
v -1285.72 0.00 260.95
v -1289.06 0.00 253.67
v -819.64 0.00 123.96
v -820.49 0.00 119.04
v -887.53 0.00 135.66
v -887.96 0.00 130.66
v -889.65 0.00 135.66
v -890.14 0.00 130.66
v -946.83 0.00 146.93
v -947.80 0.00 142.02
v -823.20 0.00 101.78
v -824.08 0.00 96.86
v -892.09 0.00 114.09
v -892.97 0.00 109.16
v -950.59 0.00 124.53
v -951.47 0.00 119.61
v -890.05 0.00 111.32
v -895.01 0.00 111.93
v -887.41 0.00 132.85
v -892.37 0.00 133.48
v -885.89 0.00 144.19
v -890.82 0.00 145.03
v -883.23 0.00 156.87
v -888.12 0.00 157.89
f 5836 5838 5837 5835
f 5838 5840 5839 5837
f 5840 5842 5841 5839
f 5844 5846 5845 5843
f 5846 5848 5847 5845
f 5848 5850 5849 5847
f 5850 5852 5851 5849
f 5852 5854 5853 5851
f 5854 5856 5855 5853
f 5856 5858 5857 5855
f 5858 5860 5859 5857
f 5860 5862 5861 5859
f 5864 5866 5865 5863
f 5866 5868 5867 5865
f 5868 5870 5869 5867
f 5872 5874 5873 5871
f 5874 5876 5875 5873
f 5876 5878 5877 5875
f 5878 5880 5879 5877
f 5880 5882 5881 5879
f 5882 5884 5883 5881
f 5884 5886 5885 5883
f 5886 5888 5887 5885
f 5888 5890 5889 5887
f 5892 5894 5893 5891
f 5896 5898 5897 5895
f 5900 5902 5901 5899
f 5902 5904 5903 5901
f 5904 5906 5905 5903
f 5908 5910 5909 5907
f 5910 5912 5911 5909
f 5914 5916 5915 5913
f 5916 5918 5917 5915
f 5920 5922 5921 5919
f 5922 5924 5923 5921
f 5924 5926 5925 5923
f 5926 5928 5927 5925
f 5928 5930 5929 5927
f 5930 5932 5931 5929
f 5932 5934 5933 5931
f 5934 5936 5935 5933
f 5936 5938 5937 5935
f 5938 5940 5939 5937
f 5940 5942 5941 5939
f 5942 5944 5943 5941
f 5944 5946 5945 5943
f 5946 5948 5947 5945
f 5948 5950 5949 5947
f 5950 5952 5951 5949
f 5952 5954 5953 5951
f 5954 5956 5955 5953
f 5956 5958 5957 5955
f 5958 5960 5959 5957
f 5960 5962 5961 5959
f 5962 5964 5963 5961
f 5966 5968 5967 5965
f 5968 5970 5969 5967
f 5970 5972 5971 5969
f 5974 5976 5975 5973
f 5976 5978 5977 5975
f 5980 5982 5981 5979
f 5982 5984 5983 5981
f 5984 5986 5985 5983
o Roads_+3_+1
v -968.86 0.00 418.09
v -975.86 0.00 418.29
v -967.57 0.00 463.67
v -974.56 0.00 463.87
v -966.23 0.00 511.09
v -973.23 0.00 511.28
v -901.79 0.00 419.81
v -901.97 0.00 412.81
v -972.26 0.00 421.69
v -972.45 0.00 414.69
v -1054.18 0.00 423.87
v -1054.36 0.00 416.87
f 5988 5990 5989 5987
f 5990 5992 5991 5989
f 5994 5996 5995 5993
f 5996 5998 5997 5995
o Roads_+3_+2
v -731.92 0.00 630.01
v -726.14 0.00 626.06
v -737.09 0.00 622.45
v -731.50 0.00 618.21
v -743.88 0.00 614.35
v -737.64 0.00 610.89
v -748.51 0.00 600.17
v -741.65 0.00 598.61
v -750.67 0.00 583.86
v -743.83 0.00 582.23
v -753.65 0.00 575.39
v -747.02 0.00 573.14
v -758.49 0.00 560.61
v -751.67 0.00 558.93
v -761.93 0.00 540.53
v -754.99 0.00 539.58
v -764.30 0.00 517.10
v -757.31 0.00 516.68
v -764.71 0.00 496.33
v -757.71 0.00 496.43
v -763.91 0.00 479.41
v -757.01 0.00 481.72
v -757.57 0.00 470.08
v -751.53 0.00 473.66
v -749.51 0.00 454.41
v -742.64 0.00 456.35
v -748.38 0.00 439.27
v -741.37 0.00 439.37
v -750.22 0.00 398.66
v -743.24 0.00 398.16
v -763.54 0.00 262.71
v -756.57 0.00 262.05
v -772.78 0.00 161.24
v -765.81 0.00 160.60
f 6000 6002 6001 5999
f 6002 6004 6003 6001
f 6004 6006 6005 6003
f 6006 6008 6007 6005
f 6008 6010 6009 6007
f 6010 6012 6011 6009
f 6012 6014 6013 6011
f 6014 6016 6015 6013
f 6016 6018 6017 6015
f 6018 6020 6019 6017
f 6020 6022 6021 6019
f 6022 6024 6023 6021
f 6024 6026 6025 6023
f 6026 6028 6027 6025
f 6028 6030 6029 6027
f 6030 6032 6031 6029
o Roads_+3_-1
v -231.44 0.00 -226.56
v -232.64 0.00 -233.45
v -341.75 0.00 -207.37
v -342.94 0.00 -214.27
v -447.58 0.00 -189.31
v -448.86 0.00 -196.19
v -597.14 0.00 -158.90
v -598.75 0.00 -165.72
v -609.34 0.00 -155.60
v -610.86 0.00 -162.44
v -689.04 0.00 -141.75
v -690.17 0.00 -148.66
v -772.66 0.00 -128.93
v -773.83 0.00 -135.83
v -809.44 0.00 -122.10
v -810.58 0.00 -129.01
v -888.75 0.00 -110.60
v -889.75 0.00 -117.53
v -916.28 0.00 -106.61
v -917.25 0.00 -113.54
v -951.72 0.00 -101.85
v -952.80 0.00 -108.77
v -1039.61 0.00 -86.22
v -1040.84 0.00 -93.11
v -955.67 0.00 -104.56
v -948.84 0.00 -106.06
v -967.74 0.00 -159.70
v -960.90 0.00 -161.19
v -975.89 0.00 -197.04
v -969.01 0.00 -198.37
v -982.45 0.00 -236.01
v -975.56 0.00 -237.23
v -989.51 0.00 -273.90
v -982.58 0.00 -274.95
v -993.60 0.00 -308.70
v -986.67 0.00 -309.71
v -996.02 0.00 -322.60
v -989.12 0.00 -323.80
v -782.68 0.00 -93.37
v -789.57 0.00 -92.11
v -776.63 0.00 -60.28
v -783.53 0.00 -59.07
v -775.79 0.00 -55.32
v -782.70 0.00 -54.15
v -973.11 0.00 -201.14
v -971.79 0.00 -194.27
v -843.43 0.00 -225.99
v -842.53 0.00 -219.03
v -830.15 0.00 -226.86
v -829.58 0.00 -219.88
v -814.24 0.00 -228.43
v -813.31 0.00 -221.49
v -710.58 0.00 -245.96
v -709.42 0.00 -239.06
v -700.55 0.00 -196.19
v -701.48 0.00 -203.13
v -823.55 0.00 -179.63
v -824.57 0.00 -186.55
v -963.76 0.00 -156.99
v -964.88 0.00 -163.90
v -813.41 0.00 -124.73
v -806.61 0.00 -126.39
v -827.46 0.00 -182.26
v -820.66 0.00 -183.92
v -591.31 0.00 -124.16
v -592.62 0.00 -131.04
v -683.56 0.00 -106.63
v -684.75 0.00 -113.53
v -718.26 0.00 -101.30
v -719.51 0.00 -108.19
v -739.55 0.00 -96.84
v -740.84 0.00 -103.72
v -771.05 0.00 -91.65
v -772.18 0.00 -98.56
v -785.59 0.00 -89.28
v -786.67 0.00 -96.20
v -885.74 0.00 -74.34
v -886.78 0.00 -81.26
v -944.21 0.00 -65.50
v -945.25 0.00 -72.43
v -778.67 0.00 -51.28
v -779.82 0.00 -58.19
v -885.41 0.00 -33.47
v -879.18 0.00 -41.61
v -889.74 0.00 -77.46
v -882.78 0.00 -78.14
v -878.88 0.00 -38.31
v -885.71 0.00 -36.77
v -872.42 0.00 -9.57
v -879.25 0.00 -8.03
v -870.74 0.00 -2.11
v -876.16 0.00 5.72
v -841.29 0.00 -6.24
v -840.09 0.00 0.66
v -820.32 0.00 -10.65
v -819.04 0.00 -3.77
v -767.65 0.00 -19.13
v -766.54 0.00 -12.22
v -881.70 0.00 -34.09
v -882.90 0.00 -40.99
v -968.97 0.00 -18.85
v -970.17 0.00 -25.75
v -976.73 0.00 -17.51
v -977.96 0.00 -24.40
v -1032.49 0.00 -7.34
v -1033.75 0.00 -14.22
v -827.52 0.00 -182.59
v -820.60 0.00 -183.59
v -833.33 0.00 -222.87
v -826.40 0.00 -223.87
v -885.76 0.00 -114.36
v -892.74 0.00 -113.78
v -882.77 0.00 -78.09
v -889.75 0.00 -77.51
v -847.58 0.00 -261.80
v -854.43 0.00 -260.37
v -839.55 0.00 -223.22
v -846.41 0.00 -221.80
v -775.11 0.00 -94.95
v -768.12 0.00 -95.26
v -776.74 0.00 -132.23
v -769.75 0.00 -132.53
v -678.31 0.00 -73.71
v -679.78 0.00 -80.56
v -773.98 0.00 -53.17
v -776.10 0.00 -59.88
v -777.87 0.00 -51.51
v -780.62 0.00 -57.95
v -771.60 0.00 -57.19
v -778.47 0.00 -55.86
v -763.66 0.00 -16.35
v -770.53 0.00 -15.01
v -979.81 0.00 -20.50
v -974.89 0.00 -21.40
v -985.17 0.00 -49.83
v -980.27 0.00 -50.81
v -985.94 0.00 -53.32
v -981.10 0.00 -54.57
v -986.63 0.00 -55.63
v -982.65 0.00 -59.79
v -990.42 0.00 -56.57
v -990.10 0.00 -61.64
v -1004.43 0.00 -54.97
v -1005.29 0.00 -59.90
v -1037.68 0.00 -47.05
v -1038.84 0.00 -51.91
f 6034 6036 6035 6033
f 6036 6038 6037 6035
f 6038 6040 6039 6037
f 6040 6042 6041 6039
f 6042 6044 6043 6041
f 6044 6046 6045 6043
f 6046 6048 6047 6045
f 6048 6050 6049 6047
f 6050 6052 6051 6049
f 6052 6054 6053 6051
f 6054 6056 6055 6053
f 6058 6060 6059 6057
f 6060 6062 6061 6059
f 6062 6064 6063 6061
f 6064 6066 6065 6063
f 6066 6068 6067 6065
f 6068 6070 6069 6067
f 6072 6074 6073 6071
f 6074 6076 6075 6073
f 6078 6080 6079 6077
f 6080 6082 6081 6079
f 6082 6084 6083 6081
f 6084 6086 6085 6083
f 6088 6090 6089 6087
f 6090 6092 6091 6089
f 6094 6096 6095 6093
f 6098 6100 6099 6097
f 6100 6102 6101 6099
f 6102 6104 6103 6101
f 6104 6106 6105 6103
f 6106 6108 6107 6105
f 6108 6110 6109 6107
f 6110 6112 6111 6109
f 6114 6116 6115 6113
f 6116 6118 6117 6115
f 6120 6122 6121 6119
f 6122 6124 6123 6121
f 6124 6126 6125 6123
f 6126 6128 6127 6125
f 6128 6130 6129 6127
f 6132 6134 6133 6131
f 6134 6136 6135 6133
f 6136 6138 6137 6135
f 6140 6142 6141 6139
f 6144 6146 6145 6143
f 6148 6150 6149 6147
f 6152 6154 6153 6151
f 6156 6158 6157 6155
f 6158 6160 6159 6157
f 6162 6164 6163 6161
f 6166 6168 6167 6165
f 6168 6170 6169 6167
f 6170 6172 6171 6169
f 6172 6174 6173 6171
f 6174 6176 6175 6173
f 6176 6178 6177 6175
o Roads_+3_-10
v -804.55 0.00 -2328.45
v -805.26 0.00 -2335.41
v -841.34 0.00 -2324.68
v -842.40 0.00 -2331.61
v -944.76 0.00 -2303.74
v -946.15 0.00 -2310.60
v -937.32 0.00 -2425.89
v -930.72 0.00 -2423.55
v -926.83 0.00 -2455.46
v -920.25 0.00 -2453.09
v -922.71 0.00 -2466.79
v -916.16 0.00 -2464.30
v -907.20 0.00 -2505.74
v -900.69 0.00 -2503.15
v -1034.65 0.00 -2510.22
v -1036.99 0.00 -2503.62
v -918.26 0.00 -2468.84
v -920.61 0.00 -2462.25
v -1055.50 0.00 -2470.54
v -1057.79 0.00 -2463.93
v -932.87 0.00 -2428.03
v -935.16 0.00 -2421.42
v -922.80 0.00 -2457.70
v -924.28 0.00 -2450.86
v -902.11 0.00 -2453.21
v -903.68 0.00 -2446.39
v -864.37 0.00 -2444.03
v -866.18 0.00 -2437.26
v -853.72 0.00 -2440.92
v -855.68 0.00 -2434.20
v -820.31 0.00 -2431.17
v -822.31 0.00 -2424.46
v -809.53 0.00 -2427.88
v -811.57 0.00 -2421.19
v -784.85 0.00 -2449.55
v -791.81 0.00 -2450.32
v -785.96 0.00 -2439.58
v -792.94 0.00 -2440.14
v -786.74 0.00 -2424.29
v -793.73 0.00 -2424.65
v -787.21 0.00 -2415.07
v -794.19 0.00 -2415.56
v -787.99 0.00 -2406.35
v -794.99 0.00 -2406.67
v -787.99 0.00 -2381.58
v -794.99 0.00 -2381.58
v -930.59 0.00 -2424.01
v -937.44 0.00 -2425.43
v -931.94 0.00 -2417.47
v -938.80 0.00 -2418.89
v -865.67 0.00 -2401.18
v -858.81 0.00 -2399.79
v -858.13 0.00 -2438.26
v -851.27 0.00 -2436.86
v -883.91 0.00 -2538.37
v -890.65 0.00 -2536.49
v -872.54 0.00 -2497.54
v -879.28 0.00 -2495.67
v -795.01 0.00 -2450.21
v -790.93 0.00 -2455.89
v -802.82 0.00 -2455.82
v -795.40 0.00 -2459.11
v -801.10 0.00 -2470.95
v -794.15 0.00 -2470.16
v -812.96 0.00 -2427.07
v -808.14 0.00 -2422.00
v -810.39 0.00 -2429.51
v -804.37 0.00 -2425.57
v -809.05 0.00 -2433.16
v -802.53 0.00 -2430.61
v -805.63 0.00 -2441.36
v -798.88 0.00 -2439.36
v -802.55 0.00 -2458.10
v -795.67 0.00 -2456.83
v -932.01 0.00 -2417.21
v -938.74 0.00 -2419.14
v -943.23 0.00 -2378.15
v -949.96 0.00 -2380.09
v -829.95 0.00 -2392.84
v -836.82 0.00 -2394.20
v -837.60 0.00 -2354.23
v -844.47 0.00 -2355.59
v -740.85 0.00 -2368.44
v -739.55 0.00 -2375.32
v -792.52 0.00 -2378.21
v -790.47 0.00 -2384.94
v -802.42 0.00 -2382.42
v -800.21 0.00 -2389.09
v -831.21 0.00 -2389.39
v -829.56 0.00 -2396.19
v -834.21 0.00 -2390.12
v -832.56 0.00 -2396.92
v -863.06 0.00 -2397.08
v -861.41 0.00 -2403.89
v -936.19 0.00 -2414.77
v -934.55 0.00 -2421.58
f 6180 6182 6181 6179
f 6182 6184 6183 6181
f 6186 6188 6187 6185
f 6188 6190 6189 6187
f 6190 6192 6191 6189
f 6194 6196 6195 6193
f 6198 6200 6199 6197
f 6202 6204 6203 6201
f 6204 6206 6205 6203
f 6206 6208 6207 6205
f 6208 6210 6209 6207
f 6210 6212 6211 6209
f 6214 6216 6215 6213
f 6216 6218 6217 6215
f 6218 6220 6219 6217
f 6220 6222 6221 6219
f 6222 6224 6223 6221
f 6226 6228 6227 6225
f 6230 6232 6231 6229
f 6234 6236 6235 6233
f 6238 6240 6239 6237
f 6240 6242 6241 6239
f 6244 6246 6245 6243
f 6246 6248 6247 6245
f 6248 6250 6249 6247
f 6250 6252 6251 6249
f 6254 6256 6255 6253
f 6258 6260 6259 6257
f 6262 6264 6263 6261
f 6264 6266 6265 6263
f 6266 6268 6267 6265
f 6268 6270 6269 6267
f 6270 6272 6271 6269
f 6272 6274 6273 6271
o Roads_+3_-11
v -875.66 0.00 -2634.84
v -870.68 0.00 -2629.92
v -872.22 0.00 -2638.33
v -868.10 0.00 -2632.53
v -858.46 0.00 -2644.86
v -850.64 0.00 -2640.82
v -860.42 0.00 -2656.01
v -853.57 0.00 -2657.47
v -863.89 0.00 -2669.91
v -857.12 0.00 -2671.69
v -868.14 0.00 -2685.31
v -861.39 0.00 -2687.17
v -869.34 0.00 -2689.67
v -862.63 0.00 -2691.66
v -876.12 0.00 -2711.03
v -869.39 0.00 -2712.96
v -877.68 0.00 -2717.08
v -870.80 0.00 -2718.43
v -878.88 0.00 -2725.89
v -871.91 0.00 -2726.62
v -879.43 0.00 -2733.26
v -872.48 0.00 -2734.21
v -881.13 0.00 -2741.77
v -874.22 0.00 -2742.88
v -882.06 0.00 -2749.30
v -875.14 0.00 -2750.38
v -887.58 0.00 -2778.35
v -880.79 0.00 -2780.12
v -896.85 0.00 -2805.98
v -890.11 0.00 -2807.91
v -898.35 0.00 -2812.23
v -891.54 0.00 -2813.86
v -801.09 0.00 -2470.05
v -794.16 0.00 -2471.06
v -804.26 0.00 -2492.03
v -797.30 0.00 -2492.80
v -805.90 0.00 -2512.73
v -798.90 0.00 -2512.90
v -804.97 0.00 -2544.28
v -797.98 0.00 -2544.07
v -854.23 0.00 -2646.33
v -854.86 0.00 -2639.35
v -851.51 0.00 -2646.08
v -850.50 0.00 -2638.96
v -839.32 0.00 -2650.80
v -837.15 0.00 -2644.14
v -824.78 0.00 -2654.70
v -823.22 0.00 -2647.87
v -810.15 0.00 -2657.50
v -807.46 0.00 -2650.89
v -808.48 0.00 -2658.61
v -805.28 0.00 -2652.33
v -807.96 0.00 -2658.80
v -801.04 0.00 -2653.93
v -807.87 0.00 -2664.56
v -800.86 0.00 -2664.73
v -808.19 0.00 -2669.65
v -801.23 0.00 -2670.48
v -809.12 0.00 -2674.98
v -802.20 0.00 -2676.01
v -809.75 0.00 -2680.15
v -802.81 0.00 -2681.00
v -875.55 0.00 -2730.26
v -876.36 0.00 -2737.21
v -915.24 0.00 -2725.63
v -916.32 0.00 -2732.55
v -923.10 0.00 -2724.10
v -924.14 0.00 -2731.03
v -933.66 0.00 -2722.98
v -934.88 0.00 -2729.89
v -938.97 0.00 -2721.65
v -940.28 0.00 -2728.54
v -946.05 0.00 -2720.73
v -944.69 0.00 -2727.96
v -949.31 0.00 -2722.51
v -943.49 0.00 -2727.30
v -949.11 0.00 -2721.86
v -944.37 0.00 -2730.08
v -951.49 0.00 -2721.34
v -953.00 0.00 -2728.17
v -774.75 0.00 -2548.70
v -781.56 0.00 -2547.06
v -769.84 0.00 -2528.30
v -776.35 0.00 -2525.44
v -760.18 0.00 -2513.88
v -766.46 0.00 -2510.67
v -756.83 0.00 -2504.80
v -763.86 0.00 -2503.63
v -757.42 0.00 -2479.82
v -764.43 0.00 -2479.82
v -756.86 0.00 -2455.28
v -763.85 0.00 -2455.12
v -783.12 0.00 -2621.11
v -790.11 0.00 -2620.87
v -782.97 0.00 -2616.83
v -789.98 0.00 -2616.86
v -783.23 0.00 -2610.63
v -790.06 0.00 -2614.86
v -787.83 0.00 -2608.09
v -791.04 0.00 -2614.32
v -812.13 0.00 -2596.42
v -814.95 0.00 -2602.83
v -821.90 0.00 -2592.48
v -825.90 0.00 -2598.42
v -828.53 0.00 -2585.61
v -831.65 0.00 -2592.46
v -871.56 0.00 -2583.44
v -871.91 0.00 -2590.43
v -872.31 0.00 -2708.52
v -873.20 0.00 -2715.46
v -916.18 0.00 -2702.85
v -919.66 0.00 -2709.46
v -915.43 0.00 -2703.69
v -921.95 0.00 -2706.90
v -915.39 0.00 -2703.90
v -922.50 0.00 -2703.94
v -912.49 0.00 -2687.30
v -919.39 0.00 -2686.09
v -890.76 0.00 -2537.06
v -883.80 0.00 -2537.80
v -892.19 0.00 -2550.49
v -884.91 0.00 -2548.28
v -881.35 0.00 -2563.43
v -875.73 0.00 -2559.24
v -874.97 0.00 -2573.12
v -867.93 0.00 -2571.09
v -875.24 0.00 -2586.78
v -868.24 0.00 -2587.09
v -876.00 0.00 -2597.83
v -869.00 0.00 -2598.14
v -876.27 0.00 -2611.32
v -869.27 0.00 -2611.46
v -876.67 0.00 -2632.31
v -869.67 0.00 -2632.45
v -962.51 0.00 -2619.21
v -957.89 0.00 -2617.29
v -962.08 0.00 -2620.22
v -957.13 0.00 -2619.11
v -961.33 0.00 -2635.69
v -956.34 0.00 -2635.42
v -960.58 0.00 -2647.84
v -955.59 0.00 -2647.53
v -959.82 0.00 -2659.96
v -954.83 0.00 -2659.65
v -777.07 0.00 -2544.55
v -779.24 0.00 -2551.21
v -788.60 0.00 -2540.78
v -789.74 0.00 -2547.77
v -801.28 0.00 -2540.68
v -801.67 0.00 -2547.67
v -846.53 0.00 -2536.00
v -846.72 0.00 -2543.02
v -855.89 0.00 -2536.47
v -856.00 0.00 -2543.48
v -886.99 0.00 -2533.94
v -887.56 0.00 -2540.92
v -771.21 0.00 -2600.65
v -778.12 0.00 -2601.77
v -771.57 0.00 -2598.40
v -778.56 0.00 -2599.02
v -771.87 0.00 -2578.81
v -778.87 0.00 -2578.92
v -772.20 0.00 -2559.42
v -779.18 0.00 -2560.87
v -774.38 0.00 -2554.17
v -781.32 0.00 -2555.72
v -774.66 0.00 -2547.73
v -781.65 0.00 -2548.03
v -742.90 0.00 -2602.77
v -742.21 0.00 -2609.73
v -745.05 0.00 -2602.98
v -745.15 0.00 -2610.03
v -771.35 0.00 -2599.67
v -774.84 0.00 -2606.29
v -772.04 0.00 -2598.89
v -777.28 0.00 -2603.53
v -998.83 0.00 -2626.32
v -1003.83 0.00 -2626.55
v -998.83 0.00 -2626.34
v -1004.01 0.00 -2622.52
v -994.33 0.00 -2625.18
v -995.65 0.00 -2620.36
v -987.74 0.00 -2623.27
v -989.35 0.00 -2618.53
v -981.82 0.00 -2620.96
v -982.83 0.00 -2615.98
v -962.66 0.00 -2620.41
v -962.36 0.00 -2615.40
v -960.57 0.00 -2620.72
v -959.83 0.00 -2615.78
v -772.29 0.00 -2713.75
v -767.61 0.00 -2718.95
v -775.15 0.00 -2716.32
v -770.90 0.00 -2721.91
v -775.21 0.00 -2716.36
v -774.13 0.00 -2723.97
v -776.42 0.00 -2716.01
v -778.22 0.00 -2722.77
v -806.53 0.00 -2708.75
v -808.19 0.00 -2715.55
v -817.10 0.00 -2706.14
v -819.29 0.00 -2712.81
v -851.36 0.00 -2692.03
v -853.84 0.00 -2698.58
v -864.84 0.00 -2687.36
v -867.13 0.00 -2693.97
v -863.72 0.00 -2682.90
v -865.81 0.00 -2689.58
v -873.98 0.00 -2679.69
v -876.09 0.00 -2686.36
v -883.94 0.00 -2676.50
v -886.07 0.00 -2683.17
v -872.79 0.00 -2607.89
v -872.74 0.00 -2614.89
v -881.05 0.00 -2607.96
v -881.04 0.00 -2614.96
v -891.39 0.00 -2607.90
v -892.15 0.00 -2614.89
v -897.55 0.00 -2606.59
v -898.82 0.00 -2613.48
v -904.58 0.00 -2605.47
v -905.45 0.00 -2612.42
v -921.84 0.00 -2603.90
v -922.47 0.00 -2610.88
v -873.32 0.00 -2633.93
v -867.00 0.00 -2636.94
v -875.85 0.00 -2639.23
v -869.03 0.00 -2641.21
v -876.50 0.00 -2644.61
v -870.03 0.00 -2649.41
v -875.98 0.00 -2644.38
v -874.50 0.00 -2651.38
v -881.39 0.00 -2644.38
v -881.39 0.00 -2651.38
f 6276 6278 6277 6275
f 6278 6280 6279 6277
f 6280 6282 6281 6279
f 6282 6284 6283 6281
f 6284 6286 6285 6283
f 6286 6288 6287 6285
f 6288 6290 6289 6287
f 6290 6292 6291 6289
f 6292 6294 6293 6291
f 6294 6296 6295 6293
f 6296 6298 6297 6295
f 6298 6300 6299 6297
f 6300 6302 6301 6299
f 6302 6304 6303 6301
f 6304 6306 6305 6303
f 6308 6310 6309 6307
f 6310 6312 6311 6309
f 6312 6314 6313 6311
f 6316 6318 6317 6315
f 6318 6320 6319 6317
f 6320 6322 6321 6319
f 6322 6324 6323 6321
f 6324 6326 6325 6323
f 6326 6328 6327 6325
f 6328 6330 6329 6327
f 6330 6332 6331 6329
f 6332 6334 6333 6331
f 6334 6336 6335 6333
f 6338 6340 6339 6337
f 6340 6342 6341 6339
f 6342 6344 6343 6341
f 6344 6346 6345 6343
f 6346 6348 6347 6345
f 6348 6350 6349 6347
f 6350 6352 6351 6349
f 6352 6354 6353 6351
f 6356 6358 6357 6355
f 6358 6360 6359 6357
f 6360 6362 6361 6359
f 6362 6364 6363 6361
f 6364 6366 6365 6363
f 6368 6370 6369 6367
f 6370 6372 6371 6369
f 6372 6374 6373 6371
f 6374 6376 6375 6373
f 6376 6378 6377 6375
f 6378 6380 6379 6377
f 6380 6382 6381 6379
f 6384 6386 6385 6383
f 6386 6388 6387 6385
f 6388 6390 6389 6387
f 6390 6392 6391 6389
f 6394 6396 6395 6393
f 6396 6398 6397 6395
f 6398 6400 6399 6397
f 6400 6402 6401 6399
f 6402 6404 6403 6401
f 6404 6406 6405 6403
f 6406 6408 6407 6405
f 6410 6412 6411 6409
f 6412 6414 6413 6411
f 6414 6416 6415 6413
f 6416 6418 6417 6415
f 6420 6422 6421 6419
f 6422 6424 6423 6421
f 6424 6426 6425 6423
f 6426 6428 6427 6425
f 6428 6430 6429 6427
f 6432 6434 6433 6431
f 6434 6436 6435 6433
f 6436 6438 6437 6435
f 6438 6440 6439 6437
f 6440 6442 6441 6439
f 6444 6446 6445 6443
f 6446 6448 6447 6445
f 6448 6450 6449 6447
f 6452 6454 6453 6451
f 6454 6456 6455 6453
f 6456 6458 6457 6455
f 6458 6460 6459 6457
f 6460 6462 6461 6459
f 6462 6464 6463 6461
f 6466 6468 6467 6465
f 6468 6470 6469 6467
f 6470 6472 6471 6469
f 6472 6474 6473 6471
f 6474 6476 6475 6473
f 6476 6478 6477 6475
f 6478 6480 6479 6477
f 6482 6484 6483 6481
f 6484 6486 6485 6483
f 6488 6490 6489 6487
f 6490 6492 6491 6489
f 6492 6494 6493 6491
f 6494 6496 6495 6493
f 6496 6498 6497 6495
f 6500 6502 6501 6499
f 6502 6504 6503 6501
f 6504 6506 6505 6503
f 6506 6508 6507 6505
o Roads_+3_-12
v -976.56 0.00 -2996.23
v -975.56 0.00 -2989.30
v -952.95 0.00 -2999.63
v -951.56 0.00 -2992.75
v -927.11 0.00 -3006.33
v -930.45 0.00 -2998.23
v -919.79 0.00 -2993.96
v -925.49 0.00 -2989.84
v -898.04 0.00 -2968.94
v -903.18 0.00 -2964.18
v -885.35 0.00 -2956.06
v -889.96 0.00 -2950.76
v -861.32 0.00 -2938.16
v -865.50 0.00 -2932.55
v -898.11 0.00 -2814.55
v -891.78 0.00 -2811.55
v -895.09 0.00 -2820.90
v -889.73 0.00 -2815.88
v -891.78 0.00 -2822.75
v -889.00 0.00 -2816.28
v -880.57 0.00 -2826.23
v -876.77 0.00 -2820.08
v -875.82 0.00 -2831.17
v -870.24 0.00 -2826.88
v -870.01 0.00 -2840.75
v -863.79 0.00 -2837.52
v -862.58 0.00 -2857.76
v -856.17 0.00 -2854.96
v -862.35 0.00 -2858.20
v -856.40 0.00 -2854.51
v -855.17 0.00 -2869.78
v -851.36 0.00 -2862.64
v -816.73 0.00 -2868.41
v -816.77 0.00 -2861.40
v -789.96 0.00 -2869.01
v -788.80 0.00 -2862.04
v -771.63 0.00 -2874.81
v -769.75 0.00 -2868.07
v -727.55 0.00 -2885.50
v -725.54 0.00 -2878.79
v -710.44 0.00 -2891.63
v -708.08 0.00 -2885.04
v -894.90 0.00 -2810.55
v -894.99 0.00 -2815.55
v -923.13 0.00 -2810.06
v -923.07 0.00 -2815.06
v -955.11 0.00 -2811.35
v -957.32 0.00 -2816.44
v -961.58 0.00 -2803.86
v -965.33 0.00 -2807.17
v -969.59 0.00 -2794.94
v -972.93 0.00 -2798.71
v -986.60 0.00 -2783.02
v -989.77 0.00 -2786.90
v -995.36 0.00 -2774.72
v -998.80 0.00 -2778.35
v -1010.44 0.00 -2760.40
v -1014.01 0.00 -2763.90
v -1021.04 0.00 -2748.72
v -1024.55 0.00 -2752.29
v -1026.07 0.00 -2744.33
v -1029.93 0.00 -2747.60
v -1028.64 0.00 -2740.17
v -1032.20 0.00 -2743.92
v -1036.56 0.00 -2735.82
v -1040.14 0.00 -2739.56
v -1037.98 0.00 -2733.49
v -1042.25 0.00 -2736.09
v -856.72 0.00 -2865.68
v -849.81 0.00 -2866.75
v -858.43 0.00 -2876.67
v -851.73 0.00 -2879.17
v -861.01 0.00 -2880.78
v -855.09 0.00 -2884.51
v -813.26 0.00 -2864.68
v -820.24 0.00 -2865.13
v -814.47 0.00 -2846.04
v -821.49 0.00 -2845.97
v -813.66 0.00 -2836.57
v -820.55 0.00 -2834.90
v -810.77 0.00 -2829.53
v -817.48 0.00 -2827.44
v -809.05 0.00 -2821.65
v -815.89 0.00 -2820.16
v -752.12 0.00 -2992.44
v -752.30 0.00 -2997.44
v -782.02 0.00 -2991.36
v -782.22 0.00 -2996.36
v -799.22 0.00 -2990.60
v -799.47 0.00 -2995.59
v -810.85 0.00 -2989.92
v -811.14 0.00 -2994.92
v -824.56 0.00 -2913.33
v -829.56 0.00 -2913.35
v -824.64 0.00 -2894.55
v -829.63 0.00 -2896.43
v -826.28 0.00 -2892.66
v -829.01 0.00 -2897.15
v -828.18 0.00 -2892.21
v -828.68 0.00 -2897.23
v -838.14 0.00 -2892.55
v -838.67 0.00 -2897.57
v -837.93 0.00 -2892.60
v -840.57 0.00 -2897.10
v -853.25 0.00 -2876.21
v -856.90 0.00 -2879.63
v -885.49 0.00 -2950.66
v -889.81 0.00 -2956.16
v -910.76 0.00 -2930.82
v -913.45 0.00 -2937.61
v -940.32 0.00 -2928.23
v -940.93 0.00 -2935.20
v -963.27 0.00 -2874.62
v -968.26 0.00 -2874.30
v -961.70 0.00 -2849.59
v -966.68 0.00 -2849.20
v -959.16 0.00 -2822.27
v -964.15 0.00 -2821.85
v -958.79 0.00 -2817.37
v -963.52 0.00 -2813.66
v -955.44 0.00 -2816.27
v -956.99 0.00 -2811.52
v -974.81 0.00 -2989.49
v -977.32 0.00 -2996.03
v -983.54 0.00 -2986.15
v -991.26 0.00 -2990.69
v -977.62 0.00 -2944.65
v -984.55 0.00 -2943.66
v -902.86 0.00 -2969.23
v -898.35 0.00 -2963.88
v -889.72 0.00 -2980.32
v -885.20 0.00 -2974.97
v -726.58 0.00 -2926.47
v -727.59 0.00 -2933.40
v -768.39 0.00 -2920.37
v -767.25 0.00 -2927.61
v -772.81 0.00 -2922.54
v -766.96 0.00 -2927.47
v -773.67 0.00 -2925.45
v -767.47 0.00 -2929.18
v -773.29 0.00 -2925.08
v -770.15 0.00 -2931.80
v -810.83 0.00 -2928.85
v -810.13 0.00 -2935.82
v -818.35 0.00 -2757.98
v -813.54 0.00 -2759.35
v -827.91 0.00 -2791.37
v -823.09 0.00 -2792.70
v -836.04 0.00 -2822.09
v -831.21 0.00 -2823.37
v -979.24 0.00 -3023.75
v -986.08 0.00 -3022.26
v -972.64 0.00 -2993.51
v -979.48 0.00 -2992.02
v -860.16 0.00 -2934.05
v -866.65 0.00 -2936.66
v -867.20 0.00 -2916.57
v -873.69 0.00 -2919.19
v -867.06 0.00 -2918.77
v -873.83 0.00 -2916.99
v -863.59 0.00 -2905.60
v -870.13 0.00 -2902.94
v -859.28 0.00 -2898.03
v -865.72 0.00 -2895.21
v -854.72 0.00 -2883.70
v -861.39 0.00 -2881.58
v -878.42 0.00 -2744.71
v -876.92 0.00 -2739.94
v -844.57 0.00 -2755.36
v -843.31 0.00 -2750.52
v -829.35 0.00 -2758.53
v -828.35 0.00 -2753.63
v -816.44 0.00 -2761.12
v -815.45 0.00 -2756.22
v -971.58 0.00 -2873.09
v -966.80 0.00 -2874.55
v -978.92 0.00 -2897.05
v -974.12 0.00 -2898.44
v -983.84 0.00 -2914.93
v -979.05 0.00 -2916.37
v -986.82 0.00 -2924.10
v -982.07 0.00 -2925.64
v -986.91 0.00 -2925.30
v -981.98 0.00 -2924.44
v -983.55 0.00 -2944.58
v -978.62 0.00 -2943.73
f 6510 6512 6511 6509
f 6512 6514 6513 6511
f 6514 6516 6515 6513
f 6516 6518 6517 6515
f 6518 6520 6519 6517
f 6520 6522 6521 6519
f 6524 6526 6525 6523
f 6526 6528 6527 6525
f 6528 6530 6529 6527
f 6530 6532 6531 6529
f 6532 6534 6533 6531
f 6534 6536 6535 6533
f 6538 6540 6539 6537
f 6540 6542 6541 6539
f 6542 6544 6543 6541
f 6544 6546 6545 6543
f 6546 6548 6547 6545
f 6548 6550 6549 6547
f 6552 6554 6553 6551
f 6554 6556 6555 6553
f 6556 6558 6557 6555
f 6558 6560 6559 6557
f 6560 6562 6561 6559
f 6562 6564 6563 6561
f 6564 6566 6565 6563
f 6566 6568 6567 6565
f 6568 6570 6569 6567
f 6570 6572 6571 6569
f 6572 6574 6573 6571
f 6574 6576 6575 6573
f 6578 6580 6579 6577
f 6580 6582 6581 6579
f 6584 6586 6585 6583
f 6586 6588 6587 6585
f 6588 6590 6589 6587
f 6590 6592 6591 6589
f 6594 6596 6595 6593
f 6596 6598 6597 6595
f 6598 6600 6599 6597
f 6602 6604 6603 6601
f 6604 6606 6605 6603
f 6606 6608 6607 6605
f 6608 6610 6609 6607
f 6610 6612 6611 6609
f 6612 6614 6613 6611
f 6616 6618 6617 6615
f 6618 6620 6619 6617
f 6622 6624 6623 6621
f 6624 6626 6625 6623
f 6626 6628 6627 6625
f 6628 6630 6629 6627
f 6632 6634 6633 6631
f 6634 6636 6635 6633
f 6638 6640 6639 6637
f 6642 6644 6643 6641
f 6644 6646 6645 6643
f 6646 6648 6647 6645
f 6648 6650 6649 6647
f 6650 6652 6651 6649
f 6654 6656 6655 6653
f 6656 6658 6657 6655
f 6660 6662 6661 6659
f 6664 6666 6665 6663
f 6668 6670 6669 6667
f 6670 6672 6671 6669
f 6672 6674 6673 6671
f 6676 6678 6677 6675
f 6678 6680 6679 6677
f 6680 6682 6681 6679
f 6684 6686 6685 6683
f 6686 6688 6687 6685
f 6688 6690 6689 6687
f 6692 6694 6693 6691
o Roads_+3_-13
v -793.44 0.00 -3101.56
v -793.88 0.00 -3108.54
v -822.17 0.00 -3099.74
v -822.81 0.00 -3106.71
v -833.21 0.00 -3098.41
v -833.77 0.00 -3105.39
v -839.27 0.00 -3098.17
v -839.46 0.00 -3105.17
v -845.66 0.00 -3098.06
v -846.11 0.00 -3105.05
v -854.46 0.00 -3097.08
v -856.18 0.00 -3103.93
v -865.67 0.00 -3092.58
v -868.09 0.00 -3099.15
v -881.54 0.00 -3087.27
v -883.95 0.00 -3093.84
v -926.75 0.00 -3069.10
v -928.96 0.00 -3075.76
v -940.72 0.00 -3065.38
v -942.53 0.00 -3072.14
v -1042.31 0.00 -3187.28
v -1039.69 0.00 -3180.79
v -1026.16 0.00 -3193.79
v -1023.72 0.00 -3187.23
v -1009.53 0.00 -3199.48
v -1008.22 0.00 -3192.53
v -1006.30 0.00 -3199.62
v -1009.33 0.00 -3192.49
v -1004.04 0.00 -3197.08
v -1010.39 0.00 -3193.68
v -1002.09 0.00 -3189.65
v -1008.73 0.00 -3187.39
v -998.08 0.00 -3180.14
v -1004.52 0.00 -3177.38
v -994.89 0.00 -3172.79
v -1000.86 0.00 -3168.98
v -990.35 0.00 -3167.68
v -995.67 0.00 -3163.12
v -985.40 0.00 -3161.69
v -990.64 0.00 -3157.04
v -978.26 0.00 -3154.17
v -983.40 0.00 -3149.43
v -974.43 0.00 -3149.90
v -979.65 0.00 -3145.23
v -970.59 0.00 -3145.59
v -976.45 0.00 -3141.64
v -966.84 0.00 -3137.99
v -973.13 0.00 -3134.90
v -962.69 0.00 -3129.50
v -968.58 0.00 -3125.62
v -957.51 0.00 -3123.47
v -962.84 0.00 -3118.94
v -952.04 0.00 -3116.98
v -958.12 0.00 -3113.33
v -948.59 0.00 -3108.33
v -955.19 0.00 -3105.99
v -946.74 0.00 -3102.41
v -953.43 0.00 -3100.33
v -945.80 0.00 -3099.37
v -952.64 0.00 -3097.82
v -944.05 0.00 -3087.38
v -950.91 0.00 -3085.88
v -941.24 0.00 -3077.86
v -947.89 0.00 -3075.65
v -938.27 0.00 -3069.78
v -944.98 0.00 -3067.74
v -937.32 0.00 -3065.87
v -944.28 0.00 -3064.89
v -937.16 0.00 -3061.98
v -944.19 0.00 -3062.67
v -938.03 0.00 -3058.38
v -944.94 0.00 -3059.59
v -938.55 0.00 -3053.77
v -945.29 0.00 -3056.42
v -942.52 0.00 -3048.41
v -947.62 0.00 -3053.29
v -953.09 0.00 -3039.82
v -957.39 0.00 -3045.34
v -963.58 0.00 -3031.97
v -967.99 0.00 -3037.41
v -968.16 0.00 -3027.95
v -972.36 0.00 -3033.58
v -981.09 0.00 -3019.86
v -984.24 0.00 -3026.15
v -995.13 0.00 -3014.41
v -997.02 0.00 -3021.18
v -1011.57 0.00 -3011.54
v -1012.92 0.00 -3018.41
v -1022.55 0.00 -3009.16
v -1024.00 0.00 -3016.01
v -1040.06 0.00 -3005.53
v -1041.13 0.00 -3012.46
v -1050.81 0.00 -3004.42
v -1053.31 0.00 -3011.20
v -1058.27 0.00 -2999.26
v -1061.42 0.00 -3005.59
v -1064.90 0.00 -2997.08
v -1066.82 0.00 -3003.82
v -1080.81 0.00 -2993.24
v -1082.27 0.00 -3000.09
v -1095.53 0.00 -2990.50
v -1096.81 0.00 -2997.39
v -821.84 0.00 -3232.11
v -824.59 0.00 -3225.67
v -819.97 0.00 -3231.31
v -822.73 0.00 -3224.88
v -809.40 0.00 -3226.78
v -812.17 0.00 -3220.35
v -787.23 0.00 -3217.19
v -790.24 0.00 -3210.87
v -773.22 0.00 -3209.86
v -776.76 0.00 -3203.81
v -761.81 0.00 -3202.42
v -765.74 0.00 -3196.63
v -748.57 0.00 -3193.12
v -752.44 0.00 -3187.29
v -727.43 0.00 -3179.91
v -731.19 0.00 -3174.00
v -707.93 0.00 -3167.26
v -711.54 0.00 -3161.26
v -703.77 0.00 -3164.94
v -707.17 0.00 -3158.83
v -699.64 0.00 -3162.66
v -702.68 0.00 -3156.34
v -692.64 0.00 -3159.79
v -694.65 0.00 -3153.05
v -684.03 0.00 -3158.12
v -685.36 0.00 -3151.25
v -858.62 0.00 -3152.55
v -851.68 0.00 -3153.49
v -861.80 0.00 -3175.91
v -854.83 0.00 -3176.65
v -862.84 0.00 -3189.59
v -855.95 0.00 -3191.33
v -862.35 0.00 -3188.48
v -857.10 0.00 -3193.89
v -861.72 0.00 -3188.23
v -859.06 0.00 -3194.70
v -889.39 0.00 -3190.13
v -890.99 0.00 -3196.94
v -893.33 0.00 -3189.20
v -894.93 0.00 -3196.01
v -937.92 0.00 -3178.66
v -940.58 0.00 -3185.23
v -960.65 0.00 -3165.08
v -964.24 0.00 -3171.09
v -925.17 0.00 -3113.33
v -918.65 0.00 -3110.79
v -925.28 0.00 -3113.06
v -917.93 0.00 -3112.64
v -928.73 0.00 -3126.18
v -921.87 0.00 -3127.65
v -932.22 0.00 -3147.04
v -925.31 0.00 -3148.20
v -879.53 0.00 -3091.93
v -885.96 0.00 -3089.18
v -861.30 0.00 -3049.37
v -867.73 0.00 -3046.62
v -890.30 0.00 -2975.60
v -884.62 0.00 -2979.70
v -901.24 0.00 -2990.73
v -895.55 0.00 -2994.82
v -911.67 0.00 -3005.34
v -905.78 0.00 -3009.14
v -921.91 0.00 -3022.92
v -915.86 0.00 -3026.45
v -895.74 0.00 -3262.20
v -902.68 0.00 -3261.29
v -886.72 0.00 -3193.99
v -893.66 0.00 -3193.07
v -860.54 0.00 -3187.97
v -860.24 0.00 -3194.96
v -877.68 0.00 -3188.70
v -877.16 0.00 -3195.69
v -890.55 0.00 -3190.05
v -889.82 0.00 -3197.01
v -893.08 0.00 -3155.45
v -886.59 0.00 -3152.82
v -892.98 0.00 -3155.68
v -885.81 0.00 -3154.75
v -897.60 0.00 -3192.16
v -890.66 0.00 -3193.04
v -932.07 0.00 -3146.49
v -925.45 0.00 -3148.75
v -933.25 0.00 -3149.93
v -925.60 0.00 -3149.18
v -930.79 0.00 -3154.18
v -926.63 0.00 -3147.39
v -895.73 0.00 -3156.08
v -894.90 0.00 -3149.11
v -892.22 0.00 -3156.73
v -889.40 0.00 -3150.13
v -891.89 0.00 -3156.97
v -887.78 0.00 -3151.30
v -951.33 0.00 -3104.64
v -948.84 0.00 -3098.10
v -923.15 0.00 -3115.33
v -920.67 0.00 -3108.79
v -771.61 0.00 -3044.33
v -767.43 0.00 -3035.25
v -755.82 0.00 -3051.58
v -751.64 0.00 -3042.50
f 6696 6698 6697 6695
f 6698 6700 6699 6697
f 6700 6702 6701 6699
f 6702 6704 6703 6701
f 6704 6706 6705 6703
f 6706 6708 6707 6705
f 6708 6710 6709 6707
f 6710 6712 6711 6709
f 6712 6714 6713 6711
f 6716 6718 6717 6715
f 6718 6720 6719 6717
f 6720 6722 6721 6719
f 6722 6724 6723 6721
f 6724 6726 6725 6723
f 6726 6728 6727 6725
f 6728 6730 6729 6727
f 6730 6732 6731 6729
f 6732 6734 6733 6731
f 6734 6736 6735 6733
f 6736 6738 6737 6735
f 6738 6740 6739 6737
f 6740 6742 6741 6739
f 6742 6744 6743 6741
f 6744 6746 6745 6743
f 6746 6748 6747 6745
f 6748 6750 6749 6747
f 6750 6752 6751 6749
f 6752 6754 6753 6751
f 6754 6756 6755 6753
f 6756 6758 6757 6755
f 6758 6760 6759 6757
f 6760 6762 6761 6759
f 6762 6764 6763 6761
f 6764 6766 6765 6763
f 6766 6768 6767 6765
f 6768 6770 6769 6767
f 6770 6772 6771 6769
f 6772 6774 6773 6771
f 6774 6776 6775 6773
f 6776 6778 6777 6775
f 6778 6780 6779 6777
f 6780 6782 6781 6779
f 6782 6784 6783 6781
f 6784 6786 6785 6783
f 6786 6788 6787 6785
f 6788 6790 6789 6787
f 6790 6792 6791 6789
f 6792 6794 6793 6791
f 6794 6796 6795 6793
f 6798 6800 6799 6797
f 6800 6802 6801 6799
f 6802 6804 6803 6801
f 6804 6806 6805 6803
f 6806 6808 6807 6805
f 6808 6810 6809 6807
f 6810 6812 6811 6809
f 6812 6814 6813 6811
f 6814 6816 6815 6813
f 6816 6818 6817 6815
f 6818 6820 6819 6817
f 6820 6822 6821 6819
f 6824 6826 6825 6823
f 6826 6828 6827 6825
f 6828 6830 6829 6827
f 6830 6832 6831 6829
f 6834 6836 6835 6833
f 6836 6838 6837 6835
f 6838 6840 6839 6837
f 6842 6844 6843 6841
f 6844 6846 6845 6843
f 6846 6848 6847 6845
f 6850 6852 6851 6849
f 6854 6856 6855 6853
f 6856 6858 6857 6855
f 6858 6860 6859 6857
f 6862 6864 6863 6861
f 6866 6868 6867 6865
f 6868 6870 6869 6867
f 6872 6874 6873 6871
f 6874 6876 6875 6873
f 6878 6880 6879 6877
f 6880 6882 6881 6879
f 6882 6884 6883 6881
f 6884 6886 6885 6883
f 6886 6888 6887 6885
f 6890 6892 6891 6889
f 6894 6896 6895 6893
o Roads_+3_-14
v -988.15 0.00 -3512.37
v -994.77 0.00 -3510.09
v -983.05 0.00 -3497.56
v -989.81 0.00 -3495.69
v -979.87 0.00 -3482.44
v -986.94 0.00 -3482.01
v -980.72 0.00 -3472.55
v -987.70 0.00 -3473.15
v -981.55 0.00 -3463.05
v -988.54 0.00 -3463.42
v -981.82 0.00 -3448.68
v -988.82 0.00 -3449.02
v -983.36 0.00 -3429.11
v -990.44 0.00 -3428.45
v -980.18 0.00 -3417.34
v -986.79 0.00 -3414.98
v -977.42 0.00 -3411.19
v -983.81 0.00 -3408.33
v -799.55 0.00 -3417.92
v -794.56 0.00 -3418.10
v -800.86 0.00 -3454.08
v -795.84 0.00 -3453.65
v -798.48 0.00 -3465.44
v -793.59 0.00 -3464.41
v -685.54 0.00 -3288.28
v -685.19 0.00 -3295.27
v -712.43 0.00 -3289.62
v -712.07 0.00 -3296.61
v -724.63 0.00 -3290.27
v -731.46 0.00 -3297.64
v -725.46 0.00 -3253.39
v -732.29 0.00 -3260.85
v -762.63 0.00 -3255.83
v -755.20 0.00 -3262.36
v -759.95 0.00 -3294.20
v -752.94 0.00 -3302.01
v -786.43 0.00 -3289.39
v -780.39 0.00 -3297.53
v -787.97 0.00 -3301.73
v -781.96 0.00 -3310.02
v -803.38 0.00 -3298.77
v -805.12 0.00 -3305.57
v -846.71 0.00 -3284.82
v -848.86 0.00 -3291.48
v -759.94 0.00 -3298.32
v -752.95 0.00 -3297.88
v -759.17 0.00 -3310.55
v -752.15 0.00 -3310.78
v -760.17 0.00 -3318.34
v -753.23 0.00 -3319.24
v -761.39 0.00 -3327.78
v -754.47 0.00 -3328.91
v -764.12 0.00 -3341.56
v -756.85 0.00 -3340.89
v -761.57 0.00 -3347.95
v -755.64 0.00 -3343.92
v -756.63 0.00 -3352.62
v -750.27 0.00 -3348.99
v -753.37 0.00 -3366.91
v -746.50 0.00 -3365.57
v -749.76 0.00 -3389.26
v -742.92 0.00 -3387.69
v -744.81 0.00 -3405.70
v -737.92 0.00 -3404.31
v -743.32 0.00 -3419.59
v -736.36 0.00 -3418.84
v -789.17 0.00 -3365.59
v -784.17 0.00 -3365.75
v -790.00 0.00 -3391.59
v -784.98 0.00 -3391.17
v -788.61 0.00 -3398.53
v -783.52 0.00 -3398.47
v -792.11 0.00 -3418.32
v -787.19 0.00 -3419.20
v -830.65 0.00 -3494.84
v -835.35 0.00 -3493.13
v -821.72 0.00 -3470.19
v -828.17 0.00 -3473.32
v -834.93 0.00 -3465.82
v -840.72 0.00 -3469.16
v -833.35 0.00 -3458.10
v -838.37 0.00 -3457.68
v -833.71 0.00 -3447.74
v -838.72 0.00 -3447.54
v -829.98 0.00 -3414.78
v -834.95 0.00 -3414.22
v -947.77 0.00 -3239.13
v -940.83 0.00 -3240.06
v -951.85 0.00 -3269.66
v -945.02 0.00 -3271.37
v -956.48 0.00 -3282.10
v -949.68 0.00 -3283.89
v -959.31 0.00 -3299.74
v -952.33 0.00 -3300.45
v -959.86 0.00 -3312.28
v -952.86 0.00 -3312.32
v -959.32 0.00 -3329.70
v -952.32 0.00 -3329.64
v -959.58 0.00 -3347.37
v -952.59 0.00 -3348.33
v -963.81 0.00 -3363.47
v -957.10 0.00 -3365.47
v -966.72 0.00 -3372.16
v -960.07 0.00 -3374.36
v -979.01 0.00 -3409.43
v -972.36 0.00 -3411.62
v -821.70 0.00 -3496.71
v -823.89 0.00 -3501.21
v -832.06 0.00 -3491.66
v -833.95 0.00 -3496.30
v -844.03 0.00 -3487.70
v -845.60 0.00 -3492.44
v -786.20 0.00 -3308.05
v -783.73 0.00 -3303.70
v -780.24 0.00 -3311.44
v -774.52 0.00 -3308.94
v -788.16 0.00 -3345.11
v -783.30 0.00 -3346.25
v -841.01 0.00 -3339.08
v -836.07 0.00 -3339.87
v -842.61 0.00 -3349.07
v -837.71 0.00 -3350.14
v -846.51 0.00 -3363.10
v -841.33 0.00 -3363.13
v -844.86 0.00 -3369.29
v -839.75 0.00 -3369.05
v -851.86 0.00 -3410.95
v -846.93 0.00 -3411.78
f 6898 6900 6899 6897
f 6900 6902 6901 6899
f 6902 6904 6903 6901
f 6904 6906 6905 6903
f 6906 6908 6907 6905
f 6908 6910 6909 6907
f 6910 6912 6911 6909
f 6912 6914 6913 6911
f 6916 6918 6917 6915
f 6918 6920 6919 6917
f 6922 6924 6923 6921
f 6924 6926 6925 6923
f 6926 6928 6927 6925
f 6928 6930 6929 6927
f 6930 6932 6931 6929
f 6932 6934 6933 6931
f 6934 6936 6935 6933
f 6936 6938 6937 6935
f 6938 6940 6939 6937
f 6942 6944 6943 6941
f 6944 6946 6945 6943
f 6946 6948 6947 6945
f 6948 6950 6949 6947
f 6950 6952 6951 6949
f 6952 6954 6953 6951
f 6954 6956 6955 6953
f 6956 6958 6957 6955
f 6958 6960 6959 6957
f 6960 6962 6961 6959
f 6964 6966 6965 6963
f 6966 6968 6967 6965
f 6968 6970 6969 6967
f 6972 6974 6973 6971
f 6974 6976 6975 6973
f 6976 6978 6977 6975
f 6978 6980 6979 6977
f 6980 6982 6981 6979
f 6984 6986 6985 6983
f 6986 6988 6987 6985
f 6988 6990 6989 6987
f 6990 6992 6991 6989
f 6992 6994 6993 6991
f 6994 6996 6995 6993
f 6996 6998 6997 6995
f 6998 7000 6999 6997
f 7000 7002 7001 6999
f 7004 7006 7005 7003
f 7006 7008 7007 7005
f 7010 7012 7011 7009
f 7012 7014 7013 7011
f 7016 7018 7017 7015
f 7018 7020 7019 7017
f 7020 7022 7021 7019
f 7022 7024 7023 7021
o Roads_+3_-15
v -954.73 0.00 -3521.35
v -957.20 0.00 -3527.90
v -993.76 0.00 -3506.62
v -989.16 0.00 -3515.84
v -1005.70 0.00 -3547.46
v -998.98 0.00 -3549.42
v -888.37 0.00 -3605.51
v -893.25 0.00 -3604.42
v -881.17 0.00 -3573.44
v -885.97 0.00 -3571.97
v -878.23 0.00 -3565.94
v -882.66 0.00 -3563.56
v -875.09 0.00 -3561.45
v -880.08 0.00 -3559.86
v -874.90 0.00 -3534.22
v -879.90 0.00 -3533.75
v -869.57 0.00 -3505.10
v -874.49 0.00 -3504.20
f 7026 7028 7027 7025
f 7028 7030 7029 7027
f 7032 7034 7033 7031
f 7034 7036 7035 7033
f 7036 7038 7037 7035
f 7038 7040 7039 7037
f 7040 7042 7041 7039
o Roads_+3_-2
v -877.87 0.00 -505.40
v -884.74 0.00 -504.05
v -870.85 0.00 -469.48
v -877.73 0.00 -468.19
v -870.06 0.00 -465.03
v -876.92 0.00 -463.66
v -863.57 0.00 -435.86
v -870.41 0.00 -434.38
v -861.70 0.00 -426.90
v -868.58 0.00 -425.63
v -855.81 0.00 -390.07
v -862.72 0.00 -388.94
v -855.04 0.00 -385.45
v -861.94 0.00 -384.30
v -848.67 0.00 -347.58
v -855.58 0.00 -346.42
v -829.27 0.00 -300.45
v -822.39 0.00 -301.76
v -833.70 0.00 -323.67
v -826.84 0.00 -325.05
v -836.04 0.00 -334.76
v -829.86 0.00 -339.43
v -841.07 0.00 -337.41
v -839.67 0.00 -344.59
v -846.40 0.00 -336.88
v -843.94 0.00 -344.16
v -853.28 0.00 -343.29
v -850.97 0.00 -350.71
v -893.55 0.00 -337.28
v -894.63 0.00 -344.19
v -924.27 0.00 -332.24
v -925.47 0.00 -339.14
v -991.96 0.00 -319.75
v -993.18 0.00 -326.64
v -1022.05 0.00 -314.59
v -1023.19 0.00 -321.50
v -1080.63 0.00 -305.33
v -1081.82 0.00 -312.23
v -1106.63 0.00 -300.49
v -1107.89 0.00 -307.38
v -1174.97 0.00 -288.22
v -1176.18 0.00 -295.12
v -1258.89 0.00 -273.78
v -1260.07 0.00 -280.68
v -825.18 0.00 -297.67
v -826.49 0.00 -304.54
v -882.54 0.00 -286.71
v -883.73 0.00 -293.61
v -985.51 0.00 -270.96
v -986.57 0.00 -277.88
v -1279.98 0.00 -398.08
v -1278.78 0.00 -391.18
v -1196.68 0.00 -412.58
v -1195.46 0.00 -405.69
v -1127.09 0.00 -425.03
v -1125.90 0.00 -418.14
v -1044.68 0.00 -438.76
v -1043.54 0.00 -431.85
v -945.37 0.00 -455.11
v -944.20 0.00 -448.21
v -908.09 0.00 -461.61
v -906.85 0.00 -454.72
v -889.19 0.00 -465.07
v -887.93 0.00 -458.18
v -874.11 0.00 -467.79
v -872.87 0.00 -460.90
v -947.49 0.00 -490.78
v -954.40 0.00 -489.68
v -941.33 0.00 -452.25
v -948.23 0.00 -451.08
v -934.37 0.00 -413.58
v -941.27 0.00 -412.40
v -928.36 0.00 -376.34
v -935.26 0.00 -375.19
v -921.42 0.00 -336.29
v -928.32 0.00 -335.09
v -716.72 0.00 -272.74
v -717.41 0.00 -279.71
v -818.33 0.00 -262.68
v -819.22 0.00 -269.62
v -850.37 0.00 -257.64
v -851.64 0.00 -264.53
v -879.43 0.00 -251.46
v -880.79 0.00 -258.33
v -978.37 0.00 -233.18
v -979.64 0.00 -240.06
v -1257.91 0.00 -267.87
v -1256.73 0.00 -260.97
v -1174.35 0.00 -282.14
v -1173.13 0.00 -275.24
v -1079.65 0.00 -299.65
v -1078.50 0.00 -292.74
v -990.76 0.00 -312.66
v -989.51 0.00 -305.76
v -889.51 0.00 -334.52
v -888.03 0.00 -327.68
v -845.91 0.00 -343.94
v -844.43 0.00 -337.10
v -817.25 0.00 -224.54
v -810.30 0.00 -225.38
v -822.23 0.00 -265.59
v -815.32 0.00 -266.71
v -829.26 0.00 -300.41
v -822.40 0.00 -301.80
v -765.92 0.00 -397.42
v -767.12 0.00 -404.31
v -794.95 0.00 -392.36
v -796.16 0.00 -399.26
v -831.19 0.00 -385.94
v -832.39 0.00 -392.84
v -857.91 0.00 -381.42
v -859.07 0.00 -388.33
v -883.60 0.00 -254.60
v -876.62 0.00 -255.19
v -886.61 0.00 -289.77
v -879.65 0.00 -290.55
v -892.24 0.00 -330.63
v -885.31 0.00 -331.58
v -764.54 0.00 -451.01
v -771.46 0.00 -449.97
v -757.62 0.00 -404.84
v -764.86 0.00 -405.94
v -760.28 0.00 -399.33
v -765.32 0.00 -404.99
v -765.36 0.00 -397.56
v -767.67 0.00 -404.17
v -836.44 0.00 -440.29
v -843.35 0.00 -439.17
v -828.33 0.00 -389.94
v -835.24 0.00 -388.83
v -798.43 0.00 -446.14
v -805.37 0.00 -445.26
v -792.09 0.00 -396.25
v -799.03 0.00 -395.37
v -733.89 0.00 -453.18
v -735.15 0.00 -460.07
v -767.44 0.00 -447.03
v -768.56 0.00 -453.95
v -801.36 0.00 -442.24
v -802.44 0.00 -449.16
v -821.10 0.00 -438.90
v -822.19 0.00 -445.82
v -839.40 0.00 -436.27
v -840.39 0.00 -443.19
v -742.76 0.00 -344.75
v -743.62 0.00 -351.69
v -832.52 0.00 -333.62
v -833.38 0.00 -340.57
f 7044 7046 7045 7043
f 7046 7048 7047 7045
f 7048 7050 7049 7047
f 7050 7052 7051 7049
f 7052 7054 7053 7051
f 7054 7056 7055 7053
f 7056 7058 7057 7055
f 7060 7062 7061 7059
f 7062 7064 7063 7061
f 7064 7066 7065 7063
f 7066 7068 7067 7065
f 7068 7070 7069 7067
f 7070 7072 7071 7069
f 7072 7074 7073 7071
f 7074 7076 7075 7073
f 7076 7078 7077 7075
f 7078 7080 7079 7077
f 7080 7082 7081 7079
f 7082 7084 7083 7081
f 7084 7086 7085 7083
f 7088 7090 7089 7087
f 7090 7092 7091 7089
f 7094 7096 7095 7093
f 7096 7098 7097 7095
f 7098 7100 7099 7097
f 7100 7102 7101 7099
f 7102 7104 7103 7101
f 7104 7106 7105 7103
f 7106 7108 7107 7105
f 7110 7112 7111 7109
f 7112 7114 7113 7111
f 7114 7116 7115 7113
f 7116 7118 7117 7115
f 7120 7122 7121 7119
f 7122 7124 7123 7121
f 7124 7126 7125 7123
f 7126 7128 7127 7125
f 7130 7132 7131 7129
f 7132 7134 7133 7131
f 7134 7136 7135 7133
f 7136 7138 7137 7135
f 7138 7140 7139 7137
f 7142 7144 7143 7141
f 7144 7146 7145 7143
f 7148 7150 7149 7147
f 7150 7152 7151 7149
f 7152 7154 7153 7151
f 7156 7158 7157 7155
f 7158 7160 7159 7157
f 7162 7164 7163 7161
f 7164 7166 7165 7163
f 7166 7168 7167 7165
f 7170 7172 7171 7169
f 7174 7176 7175 7173
f 7178 7180 7179 7177
f 7180 7182 7181 7179
f 7182 7184 7183 7181
f 7184 7186 7185 7183
f 7188 7190 7189 7187
o Roads_+3_-3
v -904.70 0.00 -645.85
v -905.91 0.00 -652.75
v -948.89 0.00 -638.11
v -950.06 0.00 -645.01
v -989.53 0.00 -631.43
v -990.63 0.00 -638.34
v -1051.12 0.00 -621.96
v -1052.18 0.00 -628.88
v -898.57 0.00 -577.88
v -891.64 0.00 -578.88
v -903.45 0.00 -611.87
v -896.52 0.00 -612.87
v -903.77 0.00 -614.09
v -896.85 0.00 -615.10
v -908.77 0.00 -648.85
v -901.83 0.00 -649.75
v -912.84 0.00 -683.49
v -905.89 0.00 -684.31
v -783.26 0.00 -598.08
v -776.39 0.00 -599.39
v -789.62 0.00 -631.36
v -782.69 0.00 -632.39
v -792.96 0.00 -663.17
v -785.79 0.00 -661.88
v -790.46 0.00 -668.23
v -783.32 0.00 -666.88
v -792.74 0.00 -694.49
v -785.79 0.00 -695.40
v -798.89 0.00 -729.68
v -792.00 0.00 -730.89
v -909.98 0.00 -687.35
v -908.75 0.00 -680.45
v -834.80 0.00 -700.78
v -833.57 0.00 -693.89
v -900.84 0.00 -618.05
v -899.79 0.00 -611.13
v -786.68 0.00 -635.34
v -785.63 0.00 -628.41
v -897.10 0.00 -654.07
v -896.03 0.00 -647.15
v -787.43 0.00 -671.02
v -786.36 0.00 -664.10
v -746.99 0.00 -524.94
v -750.40 0.00 -531.05
v -753.30 0.00 -521.41
v -755.64 0.00 -528.12
v -780.24 0.00 -517.03
v -781.34 0.00 -523.94
v -880.77 0.00 -501.27
v -881.85 0.00 -508.18
v -912.82 0.00 -683.37
v -905.90 0.00 -684.43
v -916.94 0.00 -710.14
v -910.02 0.00 -711.20
v -891.67 0.00 -579.05
v -898.54 0.00 -577.71
v -884.00 0.00 -539.64
v -890.88 0.00 -538.35
v -877.86 0.00 -505.34
v -884.75 0.00 -504.11
v -709.13 0.00 -704.85
v -710.29 0.00 -711.76
v -788.68 0.00 -691.49
v -789.84 0.00 -698.40
v -761.99 0.00 -592.19
v -760.53 0.00 -599.04
v -765.28 0.00 -592.89
v -762.86 0.00 -599.54
v -767.71 0.00 -594.19
v -764.41 0.00 -600.36
v -771.46 0.00 -596.20
v -770.10 0.00 -603.41
v -779.31 0.00 -595.27
v -780.34 0.00 -602.20
v -894.50 0.00 -574.93
v -895.72 0.00 -581.83
v -755.41 0.00 -590.79
v -753.95 0.00 -597.64
v -761.99 0.00 -592.20
v -760.53 0.00 -599.04
v -903.53 0.00 -653.11
v -902.49 0.00 -646.18
v -897.08 0.00 -654.07
v -896.05 0.00 -647.14
v -905.82 0.00 -652.76
v -904.78 0.00 -645.84
v -903.53 0.00 -653.11
v -902.49 0.00 -646.18
v -703.82 0.00 -674.42
v -705.06 0.00 -681.31
v -788.75 0.00 -659.08
v -790.00 0.00 -665.97
f 7192 7194 7193 7191
f 7194 7196 7195 7193
f 7196 7198 7197 7195
f 7200 7202 7201 7199
f 7202 7204 7203 7201
f 7204 7206 7205 7203
f 7206 7208 7207 7205
f 7210 7212 7211 7209
f 7212 7214 7213 7211
f 7214 7216 7215 7213
f 7216 7218 7217 7215
f 7218 7220 7219 7217
f 7222 7224 7223 7221
f 7226 7228 7227 7225
f 7230 7232 7231 7229
f 7234 7236 7235 7233
f 7236 7238 7237 7235
f 7238 7240 7239 7237
f 7242 7244 7243 7241
f 7246 7248 7247 7245
f 7248 7250 7249 7247
f 7252 7254 7253 7251
f 7256 7258 7257 7255
f 7258 7260 7259 7257
f 7260 7262 7261 7259
f 7262 7264 7263 7261
f 7264 7266 7265 7263
f 7268 7270 7269 7267
f 7272 7274 7273 7271
f 7276 7278 7277 7275
f 7280 7282 7281 7279
o Roads_+3_-4
v -815.34 0.00 -1159.61
v -822.15 0.00 -1157.96
v -807.13 0.00 -1125.72
v -813.93 0.00 -1124.06
v -798.38 0.00 -1090.03
v -805.18 0.00 -1088.39
v -790.64 0.00 -1057.69
v -797.47 0.00 -1056.15
v -788.85 0.00 -1049.21
v -795.68 0.00 -1047.67
v -779.51 0.00 -1010.80
v -786.27 0.00 -1008.95
v -768.44 0.00 -974.59
v -775.18 0.00 -972.70
v -758.41 0.00 -935.15
v -765.19 0.00 -933.44
v -748.17 0.00 -894.58
v -754.98 0.00 -892.94
v -738.24 0.00 -851.41
v -745.06 0.00 -849.84
v -727.67 0.00 -805.36
v -734.49 0.00 -803.78
v -717.30 0.00 -761.44
v -724.06 0.00 -759.64
v -712.73 0.00 -746.08
v -719.44 0.00 -744.08
v -993.91 0.00 -1116.74
v -1000.64 0.00 -1114.80
v -990.05 0.00 -1103.39
v -996.78 0.00 -1101.46
v -977.70 0.00 -1060.17
v -984.41 0.00 -1058.19
v -966.27 0.00 -1022.51
v -973.09 0.00 -1020.88
v -964.90 0.00 -1014.67
v -971.71 0.00 -1012.99
v -957.99 0.00 -993.03
v -964.66 0.00 -990.91
v -954.22 0.00 -981.22
v -960.98 0.00 -979.39
v -939.93 0.00 -916.58
v -946.74 0.00 -914.99
v -930.55 0.00 -878.42
v -937.36 0.00 -876.83
v -922.28 0.00 -841.03
v -929.12 0.00 -839.56
v -914.75 0.00 -804.89
v -921.59 0.00 -803.41
v -906.70 0.00 -768.89
v -913.52 0.00 -767.33
v -896.88 0.00 -726.92
v -903.74 0.00 -725.49
v -894.54 0.00 -713.98
v -901.42 0.00 -712.73
v -917.32 0.00 -800.76
v -919.03 0.00 -807.54
v -987.50 0.00 -783.09
v -989.23 0.00 -789.87
v -1054.64 0.00 -765.91
v -1056.38 0.00 -772.69
v -909.25 0.00 -764.72
v -910.97 0.00 -771.51
v -977.91 0.00 -747.28
v -979.51 0.00 -754.09
v -1018.03 0.00 -738.61
v -1019.51 0.00 -745.45
v -924.88 0.00 -836.89
v -926.51 0.00 -843.70
v -996.23 0.00 -819.82
v -997.90 0.00 -826.62
v -1069.74 0.00 -801.24
v -1071.45 0.00 -808.03
v -982.09 0.00 -749.78
v -975.33 0.00 -751.60
v -991.76 0.00 -785.62
v -984.97 0.00 -787.34
v -1000.48 0.00 -822.46
v -993.65 0.00 -823.99
v -1008.41 0.00 -859.92
v -1001.58 0.00 -861.49
v -1018.14 0.00 -899.13
v -1011.34 0.00 -900.82
v -974.02 0.00 -714.85
v -967.20 0.00 -716.42
v -982.12 0.00 -749.90
v -975.30 0.00 -751.48
f 7284 7286 7285 7283
f 7286 7288 7287 7285
f 7288 7290 7289 7287
f 7290 7292 7291 7289
f 7292 7294 7293 7291
f 7294 7296 7295 7293
f 7296 7298 7297 7295
f 7298 7300 7299 7297
f 7300 7302 7301 7299
f 7302 7304 7303 7301
f 7304 7306 7305 7303
f 7306 7308 7307 7305
f 7310 7312 7311 7309
f 7312 7314 7313 7311
f 7314 7316 7315 7313
f 7316 7318 7317 7315
f 7318 7320 7319 7317
f 7320 7322 7321 7319
f 7322 7324 7323 7321
f 7324 7326 7325 7323
f 7326 7328 7327 7325
f 7328 7330 7329 7327
f 7330 7332 7331 7329
f 7332 7334 7333 7331
f 7334 7336 7335 7333
f 7338 7340 7339 7337
f 7340 7342 7341 7339
f 7344 7346 7345 7343
f 7346 7348 7347 7345
f 7350 7352 7351 7349
f 7352 7354 7353 7351
f 7356 7358 7357 7355
f 7358 7360 7359 7357
f 7360 7362 7361 7359
f 7362 7364 7363 7361
f 7366 7368 7367 7365
o Roads_+3_-5
v -782.13 0.00 -1006.46
v -783.65 0.00 -1013.29
v -842.58 0.00 -992.99
v -844.26 0.00 -999.79
v -852.39 0.00 -990.33
v -853.53 0.00 -997.28
v -858.72 0.00 -989.94
v -853.25 0.00 -997.29
v -860.54 0.00 -997.73
v -854.05 0.00 -1000.70
v -865.18 0.00 -1004.11
v -858.48 0.00 -1006.79
v -868.42 0.00 -1028.39
v -861.54 0.00 -1029.77
v -873.89 0.00 -1048.83
v -867.08 0.00 -1050.46
v -878.93 0.00 -1072.42
v -872.14 0.00 -1074.13
v -882.82 0.00 -1085.93
v -876.03 0.00 -1087.66
v -887.74 0.00 -1108.11
v -880.91 0.00 -1109.63
v -892.17 0.00 -1128.19
v -885.36 0.00 -1129.84
v -895.48 0.00 -1140.62
v -888.71 0.00 -1142.42
v -958.49 0.00 -983.69
v -956.71 0.00 -976.92
v -862.72 0.00 -1008.83
v -860.94 0.00 -1002.06
v -1007.05 0.00 -1187.09
v -1005.61 0.00 -1180.24
v -959.77 0.00 -1197.05
v -958.33 0.00 -1190.20
v -972.24 0.00 -1275.22
v -977.39 0.00 -1270.48
v -970.49 0.00 -1273.32
v -976.79 0.00 -1269.84
v -962.54 0.00 -1243.99
v -969.34 0.00 -1242.31
v -961.91 0.00 -1241.18
v -968.97 0.00 -1240.68
v -962.28 0.00 -1236.59
v -969.15 0.00 -1238.47
v -963.98 0.00 -1233.12
v -969.78 0.00 -1237.19
v -965.04 0.00 -1232.02
v -972.77 0.00 -1234.09
v -957.70 0.00 -1202.50
v -964.49 0.00 -1200.79
v -955.58 0.00 -1194.17
v -962.52 0.00 -1193.08
v -954.02 0.00 -1169.72
v -960.90 0.00 -1167.63
v -945.76 0.00 -1155.50
v -951.81 0.00 -1151.98
v -961.92 0.00 -1205.04
v -960.27 0.00 -1198.24
v -866.03 0.00 -1228.24
v -864.39 0.00 -1221.44
v -934.87 0.00 -1128.59
v -929.20 0.00 -1132.70
v -951.62 0.00 -1151.69
v -945.95 0.00 -1155.79
v -863.36 0.00 -1215.70
v -861.64 0.00 -1208.92
v -799.17 0.00 -1231.95
v -796.95 0.00 -1225.29
v -790.50 0.00 -1235.56
v -783.28 0.00 -1230.99
v -790.88 0.00 -1243.54
v -783.61 0.00 -1238.03
v -705.95 0.00 -1263.06
v -704.38 0.00 -1256.24
v -858.09 0.00 -1192.94
v -857.24 0.00 -1185.99
v -775.48 0.00 -1203.13
v -774.20 0.00 -1196.24
v -696.18 0.00 -1222.91
v -694.49 0.00 -1216.11
v -949.83 0.00 -1157.08
v -947.73 0.00 -1150.40
v -857.15 0.00 -1186.23
v -855.05 0.00 -1179.55
v -878.51 0.00 -1083.42
v -880.34 0.00 -1090.18
v -980.14 0.00 -1055.80
v -981.97 0.00 -1062.55
v -869.54 0.00 -1046.28
v -871.43 0.00 -1053.01
v -968.73 0.00 -1018.32
v -970.63 0.00 -1025.06
v -809.78 0.00 -1121.47
v -811.27 0.00 -1128.31
v -883.58 0.00 -1105.45
v -885.07 0.00 -1112.29
v -791.37 0.00 -1045.06
v -793.17 0.00 -1051.82
v -864.08 0.00 -1025.70
v -865.88 0.00 -1032.46
v -801.04 0.00 -1085.79
v -802.52 0.00 -1092.63
v -874.80 0.00 -1069.85
v -876.27 0.00 -1076.70
v -887.90 0.00 -1125.62
v -889.63 0.00 -1132.41
v -992.55 0.00 -1099.03
v -994.28 0.00 -1105.81
f 7370 7372 7371 7369
f 7372 7374 7373 7371
f 7374 7376 7375 7373
f 7376 7378 7377 7375
f 7378 7380 7379 7377
f 7380 7382 7381 7379
f 7382 7384 7383 7381
f 7384 7386 7385 7383
f 7386 7388 7387 7385
f 7388 7390 7389 7387
f 7390 7392 7391 7389
f 7392 7394 7393 7391
f 7396 7398 7397 7395
f 7400 7402 7401 7399
f 7404 7406 7405 7403
f 7406 7408 7407 7405
f 7408 7410 7409 7407
f 7410 7412 7411 7409
f 7412 7414 7413 7411
f 7414 7416 7415 7413
f 7416 7418 7417 7415
f 7418 7420 7419 7417
f 7420 7422 7421 7419
f 7422 7424 7423 7421
f 7426 7428 7427 7425
f 7430 7432 7431 7429
f 7434 7436 7435 7433
f 7436 7438 7437 7435
f 7438 7440 7439 7437
f 7440 7442 7441 7439
f 7444 7446 7445 7443
f 7446 7448 7447 7445
f 7450 7452 7451 7449
f 7454 7456 7455 7453
f 7458 7460 7459 7457
f 7462 7464 7463 7461
f 7466 7468 7467 7465
f 7470 7472 7471 7469
f 7474 7476 7475 7473
o Roads_+3_-6
v -852.16 0.00 -1151.30
v -845.35 0.00 -1152.93
v -859.50 0.00 -1182.08
v -852.69 0.00 -1183.70
v -861.08 0.00 -1188.70
v -854.25 0.00 -1190.24
v -865.92 0.00 -1211.58
v -859.08 0.00 -1213.04
v -868.62 0.00 -1224.07
v -861.80 0.00 -1225.61
v -878.04 0.00 -1263.82
v -871.24 0.00 -1265.50
v -879.25 0.00 -1268.50
v -872.47 0.00 -1270.26
v -884.94 0.00 -1290.31
v -878.17 0.00 -1292.06
v -900.09 0.00 -1349.55
v -893.32 0.00 -1351.31
v -902.32 0.00 -1357.98
v -895.53 0.00 -1359.71
v -909.57 0.00 -1387.44
v -902.78 0.00 -1389.14
v -912.87 0.00 -1400.48
v -906.08 0.00 -1402.18
v -920.39 0.00 -1430.73
v -913.59 0.00 -1432.41
v -922.97 0.00 -1441.19
v -916.18 0.00 -1442.89
v -928.53 0.00 -1463.16
v -921.72 0.00 -1464.77
v -930.23 0.00 -1470.88
v -923.38 0.00 -1472.34
v -932.76 0.00 -1483.17
v -925.95 0.00 -1484.79
v -941.02 0.00 -1513.88
v -934.27 0.00 -1515.74
v -952.80 0.00 -1555.58
v -946.07 0.00 -1557.48
v -1016.64 0.00 -1307.74
v -1014.93 0.00 -1300.95
v -992.14 0.00 -1313.92
v -990.43 0.00 -1307.13
v -1031.77 0.00 -1264.12
v -1030.15 0.00 -1257.32
v -977.10 0.00 -1277.17
v -977.29 0.00 -1269.93
v -974.71 0.00 -1276.46
v -976.67 0.00 -1269.75
v -973.84 0.00 -1276.21
v -975.79 0.00 -1269.49
v -843.53 0.00 -1455.64
v -845.06 0.00 -1462.47
v -860.61 0.00 -1451.82
v -862.15 0.00 -1458.65
v -918.80 0.00 -1438.63
v -920.35 0.00 -1445.45
v -832.32 0.00 -1461.72
v -825.56 0.00 -1463.53
v -832.98 0.00 -1464.20
v -826.16 0.00 -1465.77
v -834.36 0.00 -1471.44
v -827.49 0.00 -1472.75
v -838.00 0.00 -1490.49
v -831.12 0.00 -1491.80
v -838.54 0.00 -1493.35
v -832.08 0.00 -1496.86
v -843.02 0.00 -1497.61
v -840.70 0.00 -1505.07
v -859.16 0.00 -1495.06
v -860.47 0.00 -1501.94
v -872.82 0.00 -1492.02
v -874.28 0.00 -1498.87
v -928.65 0.00 -1480.55
v -930.06 0.00 -1487.41
v -845.09 0.00 -1462.47
v -843.50 0.00 -1455.65
v -829.73 0.00 -1466.04
v -828.14 0.00 -1459.22
v -761.16 0.00 -1486.25
v -762.89 0.00 -1493.03
v -830.06 0.00 -1468.70
v -831.79 0.00 -1475.49
v -766.51 0.00 -1507.00
v -768.44 0.00 -1513.73
v -833.59 0.00 -1487.78
v -835.52 0.00 -1494.51
v -962.98 0.00 -1337.48
v -961.28 0.00 -1330.69
v -897.55 0.00 -1353.82
v -895.86 0.00 -1347.03
v -975.06 0.00 -1376.83
v -973.57 0.00 -1369.99
v -906.92 0.00 -1391.71
v -905.43 0.00 -1384.87
v -988.43 0.00 -1418.51
v -988.72 0.00 -1411.52
v -983.09 0.00 -1418.29
v -982.36 0.00 -1411.25
v -917.86 0.00 -1434.96
v -916.12 0.00 -1428.18
v -974.68 0.00 -1369.93
v -973.95 0.00 -1376.89
v -977.74 0.00 -1370.25
v -975.96 0.00 -1377.10
v -981.01 0.00 -1371.65
v -977.74 0.00 -1377.86
v -990.29 0.00 -1377.50
v -987.18 0.00 -1383.82
v -991.43 0.00 -1377.92
v -990.42 0.00 -1385.01
v -992.78 0.00 -1377.83
v -993.81 0.00 -1384.77
v -1072.70 0.00 -1359.47
v -1074.27 0.00 -1366.29
v -814.31 0.00 -1446.30
v -821.10 0.00 -1444.62
v -807.46 0.00 -1418.60
v -812.65 0.00 -1410.43
v -746.69 0.00 -1430.72
v -745.32 0.00 -1423.86
v -899.77 0.00 -1362.24
v -898.09 0.00 -1355.45
v -831.92 0.00 -1379.02
v -830.62 0.00 -1372.13
v -812.63 0.00 -1381.53
v -811.72 0.00 -1374.59
v -882.37 0.00 -1294.59
v -880.74 0.00 -1287.78
v -864.10 0.00 -1298.95
v -862.51 0.00 -1292.13
v -835.29 0.00 -1305.56
v -834.26 0.00 -1298.61
v -817.00 0.00 -1306.83
v -816.25 0.00 -1299.86
v -791.45 0.00 -1310.24
v -798.87 0.00 -1302.80
v -791.79 0.00 -1305.40
v -798.98 0.00 -1304.57
v -786.56 0.00 -1292.10
v -790.95 0.00 -1284.14
v -716.22 0.00 -1305.57
v -714.90 0.00 -1298.69
v -925.94 0.00 -1467.37
v -924.31 0.00 -1460.56
v -871.91 0.00 -1480.34
v -862.71 0.00 -1475.35
v -876.85 0.00 -1494.28
v -870.25 0.00 -1496.62
v -863.92 0.00 -1478.73
v -870.69 0.00 -1476.96
v -858.00 0.00 -1456.12
v -864.77 0.00 -1454.34
v -910.35 0.00 -1404.72
v -908.61 0.00 -1397.94
v -834.94 0.00 -1424.05
v -833.60 0.00 -1417.17
v -829.11 0.00 -1424.83
v -829.33 0.00 -1417.74
v -823.43 0.00 -1423.71
v -826.14 0.00 -1417.11
v -816.89 0.00 -1419.38
v -819.58 0.00 -1412.77
v -809.40 0.00 -1417.96
v -810.71 0.00 -1411.08
v -825.55 0.00 -1463.50
v -832.33 0.00 -1461.76
v -823.63 0.00 -1456.00
v -828.75 0.00 -1447.76
v -756.76 0.00 -1470.16
v -755.31 0.00 -1463.31
v -873.81 0.00 -1261.26
v -875.47 0.00 -1268.06
v -922.42 0.00 -1249.45
v -924.02 0.00 -1256.27
v -965.17 0.00 -1239.74
v -966.72 0.00 -1246.56
f 7478 7480 7479 7477
f 7480 7482 7481 7479
f 7482 7484 7483 7481
f 7484 7486 7485 7483
f 7486 7488 7487 7485
f 7488 7490 7489 7487
f 7490 7492 7491 7489
f 7492 7494 7493 7491
f 7494 7496 7495 7493
f 7496 7498 7497 7495
f 7498 7500 7499 7497
f 7500 7502 7501 7499
f 7502 7504 7503 7501
f 7504 7506 7505 7503
f 7506 7508 7507 7505
f 7508 7510 7509 7507
f 7510 7512 7511 7509
f 7512 7514 7513 7511
f 7516 7518 7517 7515
f 7520 7522 7521 7519
f 7522 7524 7523 7521
f 7524 7526 7525 7523
f 7528 7530 7529 7527
f 7530 7532 7531 7529
f 7534 7536 7535 7533
f 7536 7538 7537 7535
f 7538 7540 7539 7537
f 7540 7542 7541 7539
f 7542 7544 7543 7541
f 7544 7546 7545 7543
f 7546 7548 7547 7545
f 7548 7550 7549 7547
f 7552 7554 7553 7551
f 7556 7558 7557 7555
f 7560 7562 7561 7559
f 7564 7566 7565 7563
f 7568 7570 7569 7567
f 7572 7574 7573 7571
f 7574 7576 7575 7573
f 7578 7580 7579 7577
f 7580 7582 7581 7579
f 7582 7584 7583 7581
f 7584 7586 7585 7583
f 7586 7588 7587 7585
f 7588 7590 7589 7587
f 7592 7594 7593 7591
f 7594 7596 7595 7593
f 7598 7600 7599 7597
f 7600 7602 7601 7599
f 7604 7606 7605 7603
f 7606 7608 7607 7605
f 7608 7610 7609 7607
f 7610 7612 7611 7609
f 7612 7614 7613 7611
f 7614 7616 7615 7613
f 7616 7618 7617 7615
f 7620 7622 7621 7619
f 7622 7624 7623 7621
f 7626 7628 7627 7625
f 7630 7632 7631 7629
f 7632 7634 7633 7631
f 7634 7636 7635 7633
f 7636 7638 7637 7635
f 7638 7640 7639 7637
f 7642 7644 7643 7641
f 7644 7646 7645 7643
f 7648 7650 7649 7647
f 7650 7652 7651 7649
o Roads_+3_-7
v -952.82 0.00 -1555.63
v -946.05 0.00 -1557.43
v -962.20 0.00 -1590.98
v -955.43 0.00 -1592.78
v -964.85 0.00 -1601.01
v -958.09 0.00 -1602.83
v -968.32 0.00 -1613.65
v -961.57 0.00 -1615.50
v -973.13 0.00 -1631.20
v -966.37 0.00 -1633.03
v -979.73 0.00 -1655.77
v -972.97 0.00 -1657.60
v -981.77 0.00 -1663.30
v -975.02 0.00 -1665.13
v -986.10 0.00 -1679.23
v -979.35 0.00 -1681.07
v -990.10 0.00 -1694.00
v -983.35 0.00 -1695.83
v -990.45 0.00 -1695.28
v -983.69 0.00 -1697.11
v -995.11 0.00 -1712.44
v -988.36 0.00 -1714.27
v -998.95 0.00 -1726.57
v -992.20 0.00 -1728.40
v -992.17 0.00 -1716.83
v -991.31 0.00 -1709.88
v -921.45 0.00 -1725.58
v -920.59 0.00 -1718.63
v -910.38 0.00 -1726.95
v -909.52 0.00 -1720.00
v -886.70 0.00 -1729.88
v -885.84 0.00 -1722.93
v -895.36 0.00 -1615.64
v -894.49 0.00 -1608.70
v -891.69 0.00 -1616.11
v -890.81 0.00 -1609.16
v -846.55 0.00 -1621.78
v -845.60 0.00 -1614.85
v -777.26 0.00 -1632.08
v -776.23 0.00 -1625.16
v -970.55 0.00 -1635.52
v -968.95 0.00 -1628.71
v -901.32 0.00 -1651.72
v -900.04 0.00 -1644.83
v -865.05 0.00 -1656.79
v -864.08 0.00 -1649.86
v -847.83 0.00 -1659.19
v -846.93 0.00 -1652.25
v -807.18 0.00 -1664.11
v -806.34 0.00 -1657.16
v -983.14 0.00 -1683.62
v -982.31 0.00 -1676.67
v -906.75 0.00 -1692.82
v -905.78 0.00 -1685.88
v -904.81 0.00 -1693.13
v -903.71 0.00 -1686.21
v -853.68 0.00 -1701.29
v -852.58 0.00 -1694.37
v -777.23 0.00 -1512.81
v -773.92 0.00 -1518.98
v -788.25 0.00 -1518.73
v -782.54 0.00 -1523.61
v -796.55 0.00 -1542.49
v -790.04 0.00 -1545.07
v -798.69 0.00 -1547.31
v -792.18 0.00 -1549.89
v -808.74 0.00 -1575.74
v -802.13 0.00 -1578.07
v -938.45 0.00 -1518.21
v -936.83 0.00 -1511.40
v -796.24 0.00 -1552.01
v -794.63 0.00 -1545.19
v -722.27 0.00 -1704.67
v -723.70 0.00 -1711.52
v -797.65 0.00 -1688.96
v -799.08 0.00 -1695.82
v -842.62 0.00 -1618.84
v -849.54 0.00 -1617.79
v -835.59 0.00 -1572.66
v -842.51 0.00 -1571.60
v -894.63 0.00 -1611.74
v -887.86 0.00 -1613.53
v -904.06 0.00 -1647.38
v -897.29 0.00 -1649.17
v -769.44 0.00 -1507.47
v -765.50 0.00 -1513.25
v -777.55 0.00 -1513.00
v -773.61 0.00 -1518.78
v -904.16 0.00 -1647.97
v -897.19 0.00 -1648.57
v -907.75 0.00 -1689.37
v -900.78 0.00 -1689.97
v -962.00 0.00 -1605.38
v -960.94 0.00 -1598.46
v -895.46 0.00 -1615.63
v -894.39 0.00 -1608.71
f 7654 7656 7655 7653
f 7656 7658 7657 7655
f 7658 7660 7659 7657
f 7660 7662 7661 7659
f 7662 7664 7663 7661
f 7664 7666 7665 7663
f 7666 7668 7667 7665
f 7668 7670 7669 7667
f 7670 7672 7671 7669
f 7672 7674 7673 7671
f 7674 7676 7675 7673
f 7678 7680 7679 7677
f 7680 7682 7681 7679
f 7682 7684 7683 7681
f 7686 7688 7687 7685
f 7688 7690 7689 7687
f 7690 7692 7691 7689
f 7694 7696 7695 7693
f 7696 7698 7697 7695
f 7698 7700 7699 7697
f 7700 7702 7701 7699
f 7704 7706 7705 7703
f 7706 7708 7707 7705
f 7708 7710 7709 7707
f 7712 7714 7713 7711
f 7714 7716 7715 7713
f 7716 7718 7717 7715
f 7718 7720 7719 7717
f 7722 7724 7723 7721
f 7726 7728 7727 7725
f 7730 7732 7731 7729
f 7734 7736 7735 7733
f 7738 7740 7739 7737
f 7742 7744 7743 7741
f 7746 7748 7747 7745
o Roads_+3_-8
v -405.31 0.00 -2052.44
v -407.03 0.00 -2059.23
v -453.85 0.00 -2040.14
v -455.52 0.00 -2046.94
v -548.06 0.00 -2017.67
v -549.72 0.00 -2024.47
v -563.41 0.00 -2013.84
v -565.11 0.00 -2020.63
v -634.02 0.00 -1996.20
v -635.72 0.00 -2002.99
v -710.69 0.00 -1977.06
v -712.34 0.00 -1983.86
v -726.47 0.00 -1973.38
v -728.07 0.00 -1980.19
v -737.87 0.00 -1970.69
v -739.63 0.00 -1977.47
v -796.56 0.00 -1954.06
v -798.43 0.00 -1960.81
v -811.34 0.00 -1950.05
v -813.12 0.00 -1956.82
v -857.04 0.00 -1938.46
v -858.72 0.00 -1945.25
v -875.69 0.00 -1934.00
v -877.32 0.00 -1940.80
v -945.55 0.00 -1917.28
v -947.21 0.00 -1924.08
v -974.94 0.00 -1909.91
v -976.66 0.00 -1916.70
v -1039.41 0.00 -1893.35
v -1041.01 0.00 -1900.16
v -1059.72 0.00 -1889.03
v -1061.06 0.00 -1895.90
v -1135.82 0.00 -1875.35
v -1137.06 0.00 -1882.24
v -808.84 0.00 -1954.33
v -815.61 0.00 -1952.54
v -797.29 0.00 -1910.53
v -804.05 0.00 -1908.74
v -785.59 0.00 -1866.84
v -792.36 0.00 -1865.07
v -775.03 0.00 -1825.57
v -781.81 0.00 -1823.85
v -766.38 0.00 -1791.05
v -773.17 0.00 -1789.35
v -694.64 0.00 -1842.75
v -696.39 0.00 -1849.53
v -777.54 0.00 -1821.33
v -779.30 0.00 -1828.10
v -703.20 0.00 -1884.19
v -704.93 0.00 -1890.98
v -788.12 0.00 -1862.57
v -789.84 0.00 -1869.35
v -712.93 0.00 -1925.80
v -714.46 0.00 -1932.63
v -799.90 0.00 -1906.22
v -801.44 0.00 -1913.05
v -805.24 0.00 -1985.61
v -806.94 0.00 -1992.40
v -883.59 0.00 -1965.95
v -885.30 0.00 -1972.74
v -796.79 0.00 -1966.54
v -803.45 0.00 -1964.36
v -794.17 0.00 -1958.53
v -800.82 0.00 -1956.35
v -888.40 0.00 -1981.67
v -889.90 0.00 -1988.51
v -982.81 0.00 -1961.02
v -984.31 0.00 -1967.85
v -767.98 0.00 -1793.21
v -771.57 0.00 -1787.20
v -765.98 0.00 -1792.01
v -768.19 0.00 -1785.19
v -762.45 0.00 -1791.70
v -762.91 0.00 -1784.71
v -759.15 0.00 -1791.56
v -759.17 0.00 -1784.56
v -755.68 0.00 -1791.69
v -754.72 0.00 -1784.72
v -685.92 0.00 -1808.46
v -684.28 0.00 -1801.65
f 7750 7752 7751 7749
f 7752 7754 7753 7751
f 7754 7756 7755 7753
f 7756 7758 7757 7755
f 7758 7760 7759 7757
f 7760 7762 7761 7759
f 7762 7764 7763 7761
f 7764 7766 7765 7763
f 7766 7768 7767 7765
f 7768 7770 7769 7767
f 7770 7772 7771 7769
f 7772 7774 7773 7771
f 7774 7776 7775 7773
f 7776 7778 7777 7775
f 7778 7780 7779 7777
f 7780 7782 7781 7779
f 7784 7786 7785 7783
f 7786 7788 7787 7785
f 7788 7790 7789 7787
f 7790 7792 7791 7789
f 7794 7796 7795 7793
f 7798 7800 7799 7797
f 7802 7804 7803 7801
f 7806 7808 7807 7805
f 7810 7812 7811 7809
f 7814 7816 7815 7813
f 7818 7820 7819 7817
f 7820 7822 7821 7819
f 7822 7824 7823 7821
f 7824 7826 7825 7823
f 7826 7828 7827 7825
o Roads_+3_-9
v -932.87 0.00 -2365.11
v -939.79 0.00 -2366.19
v -941.97 0.00 -2306.80
v -948.94 0.00 -2307.54
v -944.83 0.00 -2256.28
v -951.82 0.00 -2256.49
v -944.85 0.00 -2248.95
v -951.86 0.00 -2248.67
v -943.59 0.00 -2234.01
v -950.55 0.00 -2233.27
v -941.57 0.00 -2218.09
v -948.48 0.00 -2216.96
v -938.99 0.00 -2205.25
v -945.89 0.00 -2204.09
v -936.95 0.00 -2190.03
v -943.86 0.00 -2188.87
v -931.44 0.00 -2162.79
v -938.28 0.00 -2161.28
v -927.96 0.00 -2148.21
v -934.76 0.00 -2146.55
v -921.89 0.00 -2123.98
v -928.69 0.00 -2122.28
v -918.09 0.00 -2108.66
v -924.84 0.00 -2106.80
v -914.06 0.00 -2095.44
v -920.75 0.00 -2093.37
v -909.87 0.00 -2082.07
v -916.62 0.00 -2080.22
v -906.31 0.00 -2067.06
v -913.13 0.00 -2065.45
v -903.29 0.00 -2054.28
v -910.08 0.00 -2052.60
v -896.34 0.00 -2027.21
v -903.12 0.00 -2025.48
v -892.84 0.00 -2013.37
v -899.62 0.00 -2011.64
v -885.78 0.00 -1986.03
v -892.52 0.00 -1984.15
v -881.07 0.00 -1970.27
v -887.82 0.00 -1968.42
v -873.11 0.00 -1938.24
v -879.90 0.00 -1936.56
v -777.85 0.00 -2230.13
v -779.66 0.00 -2236.89
v -861.22 0.00 -2207.77
v -863.07 0.00 -2214.53
v -939.47 0.00 -2186.08
v -941.34 0.00 -2192.83
v -790.99 0.00 -2278.88
v -792.45 0.00 -2285.73
v -947.62 0.00 -2245.39
v -949.09 0.00 -2252.23
v -858.75 0.00 -2211.99
v -865.54 0.00 -2210.31
v -848.08 0.00 -2168.91
v -854.87 0.00 -2167.21
v -842.34 0.00 -2146.27
v -849.12 0.00 -2144.55
v -837.97 0.00 -2129.03
v -844.75 0.00 -2127.30
v -834.44 0.00 -2115.26
v -841.23 0.00 -2113.54
v -831.46 0.00 -2103.34
v -838.25 0.00 -2101.63
v -823.73 0.00 -2072.84
v -830.52 0.00 -2071.12
v -820.73 0.00 -2061.01
v -827.52 0.00 -2059.31
v -817.20 0.00 -2046.79
v -823.99 0.00 -2045.07
v -813.12 0.00 -2031.00
v -819.90 0.00 -2029.26
v -807.72 0.00 -2009.70
v -814.51 0.00 -2007.98
v -802.69 0.00 -1989.86
v -809.48 0.00 -1988.15
v -800.36 0.00 -1980.65
v -807.15 0.00 -1978.93
v -796.73 0.00 -1966.31
v -803.51 0.00 -1964.59
v -748.25 0.00 -2118.13
v -749.77 0.00 -2124.97
v -834.10 0.00 -2099.07
v -835.61 0.00 -2105.90
v -723.38 0.00 -2024.54
v -724.88 0.00 -2031.38
v -810.37 0.00 -2005.42
v -811.87 0.00 -2012.26
v -733.90 0.00 -2064.59
v -735.65 0.00 -2071.37
v -819.73 0.00 -2042.54
v -821.47 0.00 -2049.32
v -737.92 0.00 -2079.89
v -739.75 0.00 -2086.65
v -823.21 0.00 -2056.78
v -825.04 0.00 -2063.54
v -836.98 0.00 -2111.00
v -838.69 0.00 -2117.79
v -916.56 0.00 -2091.01
v -918.26 0.00 -2097.80
v -840.50 0.00 -2124.77
v -842.23 0.00 -2131.55
v -920.60 0.00 -2104.34
v -922.33 0.00 -2111.12
v -850.60 0.00 -2164.67
v -852.35 0.00 -2171.45
v -930.48 0.00 -2143.99
v -932.24 0.00 -2150.77
v -826.33 0.00 -2068.57
v -827.92 0.00 -2075.39
v -840.37 0.00 -2065.30
v -841.96 0.00 -2072.12
v -905.89 0.00 -2050.03
v -907.48 0.00 -2056.85
v -815.76 0.00 -2026.71
v -817.27 0.00 -2033.55
v -895.47 0.00 -2009.08
v -896.98 0.00 -2015.92
v -899.11 0.00 -2022.90
v -900.35 0.00 -2029.79
v -981.01 0.00 -2008.06
v -982.26 0.00 -2014.95
v -908.95 0.00 -2062.84
v -910.49 0.00 -2069.67
v -986.90 0.00 -2045.26
v -988.44 0.00 -2052.09
v -912.46 0.00 -2077.74
v -914.03 0.00 -2084.56
v -990.47 0.00 -2059.73
v -992.04 0.00 -2066.56
v -941.58 0.00 -2201.27
v -943.29 0.00 -2208.06
v -976.08 0.00 -2192.59
v -977.69 0.00 -2199.41
v -1036.98 0.00 -2179.10
v -1038.49 0.00 -2185.94
v -997.81 0.00 -2104.14
v -1004.60 0.00 -2102.45
v -997.43 0.00 -2102.61
v -1004.21 0.00 -2100.86
v -989.63 0.00 -2073.83
v -996.47 0.00 -2072.29
v -987.83 0.00 -2063.88
v -994.68 0.00 -2062.41
v -984.28 0.00 -2049.51
v -991.07 0.00 -2047.83
v -981.20 0.00 -2037.10
v -988.10 0.00 -2035.83
v -978.05 0.00 -2011.06
v -985.21 0.00 -2011.95
v -980.17 0.00 -2005.56
v -986.64 0.00 -2008.23
v -986.01 0.00 -1992.24
v -992.31 0.00 -1995.30
v -987.32 0.00 -1989.78
v -994.79 0.00 -1990.64
v -982.92 0.00 -1973.26
v -989.62 0.00 -1971.21
v -980.15 0.00 -1965.28
v -986.97 0.00 -1963.59
v -977.27 0.00 -1946.10
v -984.19 0.00 -1945.05
v -972.34 0.00 -1913.83
v -979.26 0.00 -1912.78
v -985.83 0.00 -2239.35
v -992.55 0.00 -2237.40
v -973.53 0.00 -2196.98
v -980.25 0.00 -2195.02
v -760.14 0.00 -2163.22
v -761.84 0.00 -2170.02
v -844.88 0.00 -2142.02
v -846.58 0.00 -2148.81
f 7830 7832 7831 7829
f 7832 7834 7833 7831
f 7834 7836 7835 7833
f 7836 7838 7837 7835
f 7838 7840 7839 7837
f 7840 7842 7841 7839
f 7842 7844 7843 7841
f 7844 7846 7845 7843
f 7846 7848 7847 7845
f 7848 7850 7849 7847
f 7850 7852 7851 7849
f 7852 7854 7853 7851
f 7854 7856 7855 7853
f 7856 7858 7857 7855
f 7858 7860 7859 7857
f 7860 7862 7861 7859
f 7862 7864 7863 7861
f 7864 7866 7865 7863
f 7866 7868 7867 7865
f 7868 7870 7869 7867
f 7872 7874 7873 7871
f 7874 7876 7875 7873
f 7878 7880 7879 7877
f 7882 7884 7883 7881
f 7884 7886 7885 7883
f 7886 7888 7887 7885
f 7888 7890 7889 7887
f 7890 7892 7891 7889
f 7892 7894 7893 7891
f 7894 7896 7895 7893
f 7896 7898 7897 7895
f 7898 7900 7899 7897
f 7900 7902 7901 7899
f 7902 7904 7903 7901
f 7904 7906 7905 7903
f 7906 7908 7907 7905
f 7910 7912 7911 7909
f 7914 7916 7915 7913
f 7918 7920 7919 7917
f 7922 7924 7923 7921
f 7926 7928 7927 7925
f 7930 7932 7931 7929
f 7934 7936 7935 7933
f 7938 7940 7939 7937
f 7940 7942 7941 7939
f 7944 7946 7945 7943
f 7948 7950 7949 7947
f 7952 7954 7953 7951
f 7956 7958 7957 7955
f 7960 7962 7961 7959
f 7962 7964 7963 7961
f 7966 7968 7967 7965
f 7968 7970 7969 7967
f 7970 7972 7971 7969
f 7972 7974 7973 7971
f 7974 7976 7975 7973
f 7976 7978 7977 7975
f 7978 7980 7979 7977
f 7980 7982 7981 7979
f 7982 7984 7983 7981
f 7984 7986 7985 7983
f 7986 7988 7987 7985
f 7988 7990 7989 7987
f 7990 7992 7991 7989
f 7994 7996 7995 7993
f 7998 8000 7999 7997
o Roads_+4_+0
v -1292.59 0.00 230.99
v -1292.55 0.00 238.99
v -1279.44 0.00 230.93
v -1279.16 0.00 238.93
v -1269.53 0.00 230.26
v -1268.71 0.00 238.22
v -1258.37 0.00 228.73
v -1257.07 0.00 236.63
v -1216.43 0.00 220.58
v -1214.97 0.00 228.44
v -1156.22 0.00 209.80
v -1154.70 0.00 217.66
v -1063.98 0.00 190.67
v -1062.46 0.00 198.53
v -1048.72 0.00 187.91
v -1047.36 0.00 195.79
v -1018.70 0.00 182.97
v -1017.30 0.00 190.85
v -1008.83 0.00 181.08
v -1007.21 0.00 188.92
v -993.97 0.00 177.77
v -992.13 0.00 185.55
v -954.01 0.00 167.88
v -952.13 0.00 175.66
v -938.52 0.00 164.26
v -936.76 0.00 172.06
v -911.90 0.00 158.50
v -910.30 0.00 166.34
v -895.89 0.00 155.45
v -894.59 0.00 163.35
v -885.04 0.00 153.95
v -884.16 0.00 161.91
v -868.43 0.00 152.59
v -867.89 0.00 160.57
v -815.38 0.00 149.78
v -815.02 0.00 157.78
v -777.35 0.00 148.28
v -777.03 0.00 156.28
v -1318.10 0.00 74.76
v -1317.21 0.00 79.69
v -1185.51 0.00 50.87
v -1184.69 0.00 55.81
v -1083.45 0.00 35.36
v -1082.46 0.00 40.27
v -1036.67 0.00 23.45
v -1035.44 0.00 28.30
v -1312.95 0.00 112.70
v -1311.88 0.00 119.62
v -1179.42 0.00 92.11
v -1178.30 0.00 99.02
v -1076.68 0.00 74.42
v -1075.49 0.00 81.32
v -1307.56 0.00 154.11
v -1306.18 0.00 160.98
v -1169.98 0.00 126.47
v -1168.76 0.00 133.36
v -1070.81 0.00 111.10
v -1069.74 0.00 118.01
v -1299.98 0.00 198.00
v -1298.51 0.00 204.84
v -1167.71 0.00 169.70
v -1166.24 0.00 176.55
v -1079.51 0.00 37.22
v -1086.41 0.00 38.41
v -1072.63 0.00 77.30
v -1079.54 0.00 78.44
v -1066.82 0.00 114.01
v -1073.74 0.00 115.10
v -1060.22 0.00 156.29
v -1067.14 0.00 157.37
v -1054.55 0.00 192.81
v -1061.47 0.00 193.89
v -1036.58 0.00 -6.36
v -1037.69 0.00 -13.27
v -1190.97 0.00 18.49
v -1192.12 0.00 11.59
v -1318.99 0.00 40.47
v -1320.17 0.00 33.57
v -1172.74 0.00 130.85
v -1166.00 0.00 128.98
v -1182.29 0.00 96.29
v -1175.43 0.00 94.84
v -1188.56 0.00 53.89
v -1181.65 0.00 52.79
v -1195.00 0.00 15.64
v -1188.10 0.00 14.43
v -1201.92 0.00 -22.07
v -1195.03 0.00 -23.33
v -1167.81 0.00 169.73
v -1166.14 0.00 176.53
v -1162.83 0.00 168.51
v -1161.47 0.00 175.38
v -1064.21 0.00 153.37
v -1063.15 0.00 160.29
v -1159.05 0.00 214.48
v -1152.13 0.00 213.40
v -1165.61 0.00 172.48
v -1158.69 0.00 171.40
v -1165.60 0.00 172.54
v -1158.70 0.00 171.35
v -1172.82 0.00 130.51
v -1165.92 0.00 129.32
f 8002 8004 8003 8001
f 8004 8006 8005 8003
f 8006 8008 8007 8005
f 8008 8010 8009 8007
f 8010 8012 8011 8009
f 8012 8014 8013 8011
f 8014 8016 8015 8013
f 8016 8018 8017 8015
f 8018 8020 8019 8017
f 8020 8022 8021 8019
f 8022 8024 8023 8021
f 8024 8026 8025 8023
f 8026 8028 8027 8025
f 8028 8030 8029 8027
f 8030 8032 8031 8029
f 8032 8034 8033 8031
f 8034 8036 8035 8033
f 8036 8038 8037 8035
f 8040 8042 8041 8039
f 8042 8044 8043 8041
f 8044 8046 8045 8043
f 8048 8050 8049 8047
f 8050 8052 8051 8049
f 8054 8056 8055 8053
f 8056 8058 8057 8055
f 8060 8062 8061 8059
f 8064 8066 8065 8063
f 8066 8068 8067 8065
f 8068 8070 8069 8067
f 8070 8072 8071 8069
f 8074 8076 8075 8073
f 8076 8078 8077 8075
f 8080 8082 8081 8079
f 8082 8084 8083 8081
f 8084 8086 8085 8083
f 8086 8088 8087 8085
f 8090 8092 8091 8089
f 8092 8094 8093 8091
f 8096 8098 8097 8095
f 8100 8102 8101 8099
o Roads_+4_+1
v -1055.19 0.00 523.01
v -1048.19 0.00 522.84
v -1055.35 0.00 516.82
v -1048.35 0.00 516.64
v -1055.44 0.00 513.40
v -1048.44 0.00 513.22
v -1056.02 0.00 490.30
v -1049.02 0.00 490.12
v -1056.63 0.00 465.75
v -1049.63 0.00 465.57
v -1057.32 0.00 438.17
v -1050.32 0.00 437.99
v -1057.77 0.00 420.46
v -1050.77 0.00 420.28
v -1060.34 0.00 318.42
v -1053.34 0.00 318.24
v -1061.83 0.00 259.04
v -1054.84 0.00 258.71
v -1063.38 0.00 236.53
v -1056.42 0.00 235.64
v -1068.93 0.00 206.67
v -1062.05 0.00 205.39
v -1285.46 0.00 315.28
v -1285.68 0.00 322.27
v -1267.48 0.00 315.84
v -1267.70 0.00 322.84
v -1193.83 0.00 318.13
v -1194.16 0.00 325.12
v -1190.94 0.00 318.32
v -1190.89 0.00 325.33
v -1185.84 0.00 317.91
v -1185.90 0.00 324.94
v -1179.44 0.00 318.53
v -1179.60 0.00 325.54
v -1138.62 0.00 316.52
v -1138.27 0.00 323.51
v -1133.38 0.00 580.37
v -1126.38 0.00 580.21
v -1134.33 0.00 538.15
v -1127.33 0.00 537.97
v -1135.54 0.00 496.30
v -1128.54 0.00 496.10
v -1135.67 0.00 491.65
v -1128.67 0.00 491.45
v -1135.76 0.00 488.44
v -1128.76 0.00 488.24
v -1137.13 0.00 440.97
v -1130.13 0.00 440.77
v -1187.42 0.00 321.84
v -1194.42 0.00 321.82
v -1187.77 0.00 442.37
v -1194.77 0.00 442.35
v -1138.52 0.00 316.51
v -1138.37 0.00 323.51
v -1056.91 0.00 314.83
v -1056.76 0.00 321.83
v -1134.95 0.00 319.87
v -1141.94 0.00 320.15
v -1131.79 0.00 399.02
v -1138.78 0.00 399.30
v -1130.13 0.00 440.73
v -1137.12 0.00 441.01
v -1133.54 0.00 444.37
v -1133.72 0.00 437.37
v -1149.45 0.00 444.78
v -1149.63 0.00 437.78
v -1191.18 0.00 445.86
v -1191.36 0.00 438.86
v -1201.43 0.00 446.13
v -1201.61 0.00 439.13
v -1263.45 0.00 447.73
v -1263.63 0.00 440.73
v -1133.75 0.00 437.37
v -1133.51 0.00 444.37
v -1053.94 0.00 434.59
v -1053.70 0.00 441.58
v -1135.30 0.00 395.66
v -1135.27 0.00 402.66
v -1079.51 0.00 395.42
v -1079.48 0.00 402.42
f 8104 8106 8105 8103
f 8106 8108 8107 8105
f 8108 8110 8109 8107
f 8110 8112 8111 8109
f 8112 8114 8113 8111
f 8114 8116 8115 8113
f 8116 8118 8117 8115
f 8118 8120 8119 8117
f 8120 8122 8121 8119
f 8122 8124 8123 8121
f 8126 8128 8127 8125
f 8128 8130 8129 8127
f 8130 8132 8131 8129
f 8132 8134 8133 8131
f 8134 8136 8135 8133
f 8136 8138 8137 8135
f 8140 8142 8141 8139
f 8142 8144 8143 8141
f 8144 8146 8145 8143
f 8146 8148 8147 8145
f 8148 8150 8149 8147
f 8152 8154 8153 8151
f 8156 8158 8157 8155
f 8160 8162 8161 8159
f 8162 8164 8163 8161
f 8166 8168 8167 8165
f 8168 8170 8169 8167
f 8170 8172 8171 8169
f 8172 8174 8173 8171
f 8176 8178 8177 8175
f 8180 8182 8181 8179
o Roads_+4_-1
v -1038.45 0.00 25.18
v -1033.65 0.00 26.57
v -1036.56 0.00 18.64
v -1031.49 0.00 19.08
v -1038.46 0.00 1.20
v -1033.49 0.00 0.66
v -1039.85 0.00 -11.74
v -1034.41 0.00 -7.90
v -1035.89 0.00 -12.69
v -1030.34 0.00 -8.88
v -1040.75 0.00 -49.26
v -1035.77 0.00 -49.71
v -1042.72 0.00 -89.54
v -1037.73 0.00 -89.79
v -963.72 0.00 -157.00
v -964.93 0.00 -163.89
v -1052.55 0.00 -141.37
v -1053.85 0.00 -148.25
v -1099.37 0.00 -131.86
v -1100.76 0.00 -138.72
v -971.78 0.00 -194.27
v -973.11 0.00 -201.14
v -1058.70 0.00 -177.44
v -1060.02 0.00 -184.31
v -1150.09 0.00 -159.90
v -1151.40 0.00 -166.78
v -1154.19 0.00 -162.71
v -1147.30 0.00 -163.97
v -1161.16 0.00 -200.85
v -1154.30 0.00 -202.24
v -1165.70 0.00 -221.36
v -1158.85 0.00 -222.79
v -1169.47 0.00 -240.64
v -1162.61 0.00 -242.02
v -1177.19 0.00 -278.09
v -1170.29 0.00 -279.29
v -1179.04 0.00 -291.18
v -1172.11 0.00 -292.16
v -978.33 0.00 -233.18
v -979.69 0.00 -240.05
v -1024.07 0.00 -224.14
v -1025.51 0.00 -230.99
v -1065.10 0.00 -215.05
v -1066.49 0.00 -221.91
v -1157.10 0.00 -198.10
v -1158.36 0.00 -204.99
v -1043.63 0.00 -88.86
v -1036.82 0.00 -90.47
v -1056.63 0.00 -144.11
v -1049.77 0.00 -145.50
v -1062.81 0.00 -180.29
v -1055.91 0.00 -181.47
v -1069.25 0.00 -217.89
v -1062.35 0.00 -219.07
v -1076.28 0.00 -259.08
v -1069.38 0.00 -260.26
v -1082.53 0.00 -295.61
v -1075.63 0.00 -296.78
v -1084.67 0.00 -308.19
v -1077.77 0.00 -309.37
v -1037.69 0.00 -46.03
v -1038.84 0.00 -52.93
v -1197.86 0.00 -19.26
v -1199.09 0.00 -26.15
v -1222.43 0.00 -14.59
v -1223.74 0.00 -21.46
v -1264.73 0.00 -6.56
v -1266.05 0.00 -13.43
v -1319.73 0.00 4.12
v -1321.06 0.00 -2.75
v -1165.42 0.00 -237.88
v -1166.66 0.00 -244.77
v -1214.08 0.00 -229.17
v -1215.33 0.00 -236.06
v -1235.94 0.00 -225.12
v -1237.12 0.00 -232.02
v -1250.44 0.00 -222.85
v -1251.52 0.00 -229.77
v -1157.10 0.00 -198.10
v -1158.36 0.00 -204.99
v -1243.46 0.00 -182.33
v -1244.71 0.00 -189.22
v -1150.02 0.00 -159.92
v -1151.47 0.00 -166.76
v -1236.48 0.00 -141.50
v -1237.94 0.00 -148.34
v -1324.03 0.00 -61.77
v -1323.18 0.00 -54.82
v -1284.80 0.00 -66.56
v -1283.94 0.00 -59.61
v -1280.85 0.00 -67.05
v -1279.93 0.00 -60.11
v -1236.97 0.00 -73.22
v -1235.96 0.00 -66.30
v -1232.30 0.00 -73.92
v -1231.29 0.00 -66.99
v -1183.17 0.00 -80.86
v -1188.95 0.00 -72.97
v -1181.45 0.00 -70.54
v -1187.21 0.00 -62.46
v -1134.62 0.00 -78.54
v -1133.43 0.00 -71.64
v -1092.40 0.00 -85.85
v -1091.31 0.00 -78.93
v -1040.72 0.00 -93.13
v -1039.74 0.00 -86.20
v -1189.45 0.00 -76.06
v -1182.67 0.00 -77.77
v -1192.95 0.00 -89.95
v -1186.22 0.00 -91.88
v -1195.42 0.00 -97.59
v -1188.67 0.00 -99.46
v -1199.13 0.00 -113.67
v -1192.31 0.00 -115.24
v -1226.54 0.00 -17.45
v -1219.63 0.00 -18.60
v -1235.25 0.00 -69.88
v -1228.34 0.00 -71.03
f 8184 8186 8185 8183
f 8186 8188 8187 8185
f 8188 8190 8189 8187
f 8190 8192 8191 8189
f 8192 8194 8193 8191
f 8194 8196 8195 8193
f 8198 8200 8199 8197
f 8200 8202 8201 8199
f 8204 8206 8205 8203
f 8206 8208 8207 8205
f 8210 8212 8211 8209
f 8212 8214 8213 8211
f 8214 8216 8215 8213
f 8216 8218 8217 8215
f 8218 8220 8219 8217
f 8222 8224 8223 8221
f 8224 8226 8225 8223
f 8226 8228 8227 8225
f 8230 8232 8231 8229
f 8232 8234 8233 8231
f 8234 8236 8235 8233
f 8236 8238 8237 8235
f 8238 8240 8239 8237
f 8240 8242 8241 8239
f 8244 8246 8245 8243
f 8246 8248 8247 8245
f 8248 8250 8249 8247
f 8250 8252 8251 8249
f 8254 8256 8255 8253
f 8256 8258 8257 8255
f 8258 8260 8259 8257
f 8262 8264 8263 8261
f 8266 8268 8267 8265
f 8270 8272 8271 8269
f 8272 8274 8273 8271
f 8274 8276 8275 8273
f 8276 8278 8277 8275
f 8278 8280 8279 8277
f 8280 8282 8281 8279
f 8282 8284 8283 8281
f 8284 8286 8285 8283
f 8286 8288 8287 8285
f 8290 8292 8291 8289
f 8292 8294 8293 8291
f 8294 8296 8295 8293
f 8298 8300 8299 8297
o Roads_+4_-10
v -1087.20 0.00 -2408.31
v -1083.18 0.00 -2415.23
v -1115.86 0.00 -2424.91
v -1111.76 0.00 -2431.79
v -1125.29 0.00 -2430.67
v -1121.03 0.00 -2437.45
v -1134.51 0.00 -2436.62
v -1130.11 0.00 -2443.30
v -1148.04 0.00 -2445.75
v -1143.52 0.00 -2452.35
v -1161.35 0.00 -2455.04
v -1156.67 0.00 -2461.54
v -1169.93 0.00 -2461.40
v -1165.07 0.00 -2467.76
v -1178.17 0.00 -2467.92
v -1173.09 0.00 -2474.10
v -1220.81 0.00 -2504.22
v -1215.67 0.00 -2510.36
v -1261.68 0.00 -2537.82
v -1256.54 0.00 -2543.94
v -1279.04 0.00 -2552.67
v -1273.74 0.00 -2558.67
v -1296.00 0.00 -2568.13
v -1290.58 0.00 -2574.01
v -1349.90 0.00 -2618.58
v -1344.40 0.00 -2624.40
v -1365.66 0.00 -2633.64
v -1360.14 0.00 -2639.42
v -1343.21 0.00 -2450.53
v -1347.99 0.00 -2441.75
v -1291.52 0.00 -2422.41
v -1296.40 0.00 -2413.68
v -1243.91 0.00 -2395.16
v -1248.86 0.00 -2386.48
v -1187.64 0.00 -2363.25
v -1192.56 0.00 -2354.55
v -1128.84 0.00 -2330.08
v -1133.75 0.00 -2321.37
v -1270.43 0.00 -2346.88
v -1273.89 0.00 -2340.79
v -1220.82 0.00 -2318.70
v -1224.27 0.00 -2312.61
v -1155.94 0.00 -2282.01
v -1159.38 0.00 -2275.92
v -1237.89 0.00 -2295.81
v -1231.81 0.00 -2292.35
v -1225.59 0.00 -2317.39
v -1219.51 0.00 -2313.92
f 8302 8304 8303 8301
f 8304 8306 8305 8303
f 8306 8308 8307 8305
f 8308 8310 8309 8307
f 8310 8312 8311 8309
f 8312 8314 8313 8311
f 8314 8316 8315 8313
f 8316 8318 8317 8315
f 8318 8320 8319 8317
f 8320 8322 8321 8319
f 8322 8324 8323 8321
f 8324 8326 8325 8323
f 8326 8328 8327 8325
f 8330 8332 8331 8329
f 8332 8334 8333 8331
f 8334 8336 8335 8333
f 8336 8338 8337 8335
f 8340 8342 8341 8339
f 8342 8344 8343 8341
f 8346 8348 8347 8345
o Roads_+4_-11
v -798.73 0.00 -2467.23
v -796.52 0.00 -2473.88
v -876.94 0.00 -2493.26
v -874.89 0.00 -2499.95
v -905.04 0.00 -2501.12
v -902.86 0.00 -2507.78
v -1016.27 0.00 -2543.06
v -1012.97 0.00 -2549.29
v -1080.02 0.00 -2587.93
v -1076.14 0.00 -2593.76
v -1089.15 0.00 -2593.66
v -1085.17 0.00 -2599.42
v -1134.56 0.00 -2628.20
v -1130.32 0.00 -2633.77
v -1197.68 0.00 -2676.26
v -1193.40 0.00 -2681.80
v -1214.77 0.00 -2689.59
v -1210.47 0.00 -2695.12
v -1268.99 0.00 -2731.66
v -1264.65 0.00 -2737.15
v -1341.53 0.00 -2790.09
v -1336.86 0.00 -2795.32
v -1417.13 0.00 -2864.60
v -1412.21 0.00 -2869.59
v -1453.69 0.00 -2900.63
v -1448.77 0.00 -2905.61
v -1133.41 0.00 -2633.29
v -1131.46 0.00 -2628.68
v -1068.19 0.00 -2660.91
v -1066.17 0.00 -2656.33
v -1051.33 0.00 -2668.66
v -1049.39 0.00 -2664.05
v -1015.61 0.00 -2682.39
v -1013.81 0.00 -2677.73
v -1011.47 0.00 -2681.38
v -1017.95 0.00 -2678.74
v -1003.81 0.00 -2662.58
v -1010.70 0.00 -2660.94
v -1002.40 0.00 -2645.58
v -1009.29 0.00 -2643.97
v -1000.69 0.00 -2641.23
v -1007.44 0.00 -2639.25
v -998.92 0.00 -2632.28
v -1005.79 0.00 -2630.91
v -997.90 0.00 -2627.11
v -1004.76 0.00 -2625.75
v -1073.06 0.00 -2732.43
v -1074.71 0.00 -2737.15
v -1121.79 0.00 -2715.45
v -1123.24 0.00 -2720.24
v -1175.69 0.00 -2701.42
v -1177.08 0.00 -2706.22
v -1211.86 0.00 -2689.97
v -1213.37 0.00 -2694.74
v -1113.13 0.00 -2779.97
v -1116.77 0.00 -2776.53
v -1072.07 0.00 -2736.51
v -1075.70 0.00 -2733.08
v -1042.63 0.00 -2732.27
v -1037.63 0.00 -2732.25
v -1042.62 0.00 -2734.80
v -1037.62 0.00 -2734.78
v -1086.05 0.00 -2425.28
v -1080.06 0.00 -2421.66
v -1059.69 0.00 -2468.96
v -1053.59 0.00 -2465.52
v -1038.91 0.00 -2508.57
v -1032.73 0.00 -2505.28
v -1017.70 0.00 -2547.84
v -1011.54 0.00 -2544.51
v -1080.42 0.00 -2593.45
v -1075.73 0.00 -2588.25
v -1063.86 0.00 -2608.38
v -1059.18 0.00 -2603.18
v -1062.51 0.00 -2609.13
v -1060.53 0.00 -2602.42
v -1018.37 0.00 -2622.19
v -1016.38 0.00 -2615.48
v -1037.93 0.00 -2733.45
v -1042.32 0.00 -2731.07
v -1028.00 0.00 -2715.16
v -1032.52 0.00 -2713.01
v -1020.70 0.00 -2697.37
v -1025.06 0.00 -2694.82
v -1015.50 0.00 -2690.78
v -1019.99 0.00 -2688.40
v -1012.33 0.00 -2680.82
v -1017.09 0.00 -2679.30
v -1236.79 0.00 -2541.76
v -1230.28 0.00 -2539.18
v -1233.46 0.00 -2550.17
v -1226.88 0.00 -2547.77
v -1231.78 0.00 -2555.20
v -1225.02 0.00 -2553.32
v -1228.39 0.00 -2570.50
v -1221.61 0.00 -2568.72
v -1222.49 0.00 -2589.94
v -1215.74 0.00 -2588.06
v -1218.25 0.00 -2606.66
v -1211.51 0.00 -2604.74
v -1211.26 0.00 -2628.60
v -1204.59 0.00 -2626.47
f 8350 8352 8351 8349
f 8352 8354 8353 8351
f 8354 8356 8355 8353
f 8356 8358 8357 8355
f 8358 8360 8359 8357
f 8360 8362 8361 8359
f 8362 8364 8363 8361
f 8364 8366 8365 8363
f 8366 8368 8367 8365
f 8368 8370 8369 8367
f 8370 8372 8371 8369
f 8372 8374 8373 8371
f 8376 8378 8377 8375
f 8378 8380 8379 8377
f 8380 8382 8381 8379
f 8384 8386 8385 8383
f 8386 8388 8387 8385
f 8388 8390 8389 8387
f 8390 8392 8391 8389
f 8392 8394 8393 8391
f 8396 8398 8397 8395
f 8398 8400 8399 8397
f 8400 8402 8401 8399
f 8404 8406 8405 8403
f 8408 8410 8409 8407
f 8412 8414 8413 8411
f 8414 8416 8415 8413
f 8416 8418 8417 8415
f 8420 8422 8421 8419
f 8424 8426 8425 8423
f 8428 8430 8429 8427
f 8430 8432 8431 8429
f 8432 8434 8433 8431
f 8434 8436 8435 8433
f 8438 8440 8439 8437
f 8440 8442 8441 8439
f 8442 8444 8443 8441
f 8444 8446 8445 8443
f 8446 8448 8447 8445
f 8448 8450 8449 8447
o Roads_+4_-12
v -1112.63 0.00 -2908.40
v -1110.73 0.00 -2915.14
v -1116.30 0.00 -2909.43
v -1114.27 0.00 -2916.13
v -1127.53 0.00 -2913.07
v -1125.83 0.00 -2919.88
v -1147.53 0.00 -2916.66
v -1145.53 0.00 -2923.42
v -1154.53 0.00 -2919.60
v -1152.46 0.00 -2926.32
v -1163.33 0.00 -2921.40
v -1162.01 0.00 -2928.27
v -1175.98 0.00 -2923.69
v -1175.02 0.00 -2930.63
v -1187.02 0.00 -2924.76
v -1186.73 0.00 -2931.77
v -1202.63 0.00 -2924.51
v -1203.67 0.00 -2931.49
v -1213.13 0.00 -2921.48
v -1215.10 0.00 -2928.20
v -1220.83 0.00 -2919.20
v -1222.57 0.00 -2925.99
v -1238.31 0.00 -2915.42
v -1239.47 0.00 -2922.33
v -1266.66 0.00 -2912.06
v -1266.03 0.00 -2919.19
v -1273.16 0.00 -2914.04
v -1272.46 0.00 -2921.15
v -1282.40 0.00 -2913.12
v -1283.44 0.00 -2920.05
v -1294.19 0.00 -2910.74
v -1295.32 0.00 -2917.66
v -1310.66 0.00 -2908.72
v -1311.62 0.00 -2915.65
v -1328.50 0.00 -2905.97
v -1329.95 0.00 -2912.83
v -1362.43 0.00 -2896.71
v -1364.28 0.00 -2903.47
v -1364.94 0.00 -2896.03
v -1367.18 0.00 -2902.67
v -1390.18 0.00 -2885.91
v -1392.62 0.00 -2892.47
v -1409.19 0.00 -2879.37
v -1415.45 0.00 -2884.61
v -1411.21 0.00 -2866.55
v -1418.13 0.00 -2867.64
v -1159.37 0.00 -3043.33
v -1163.77 0.00 -3037.89
v -1157.75 0.00 -3042.02
v -1163.86 0.00 -3037.96
v -1157.02 0.00 -3039.49
v -1164.04 0.00 -3038.59
v -1157.38 0.00 -3026.24
v -1164.37 0.00 -3026.51
v -1158.00 0.00 -3013.59
v -1164.99 0.00 -3014.02
v -1158.91 0.00 -3001.34
v -1165.99 0.00 -3000.51
v -1159.44 0.00 -3003.03
v -1165.06 0.00 -2997.60
v -1160.76 0.00 -3003.50
v -1162.56 0.00 -2996.71
v -1154.45 0.00 -3002.37
v -1162.34 0.00 -2996.67
v -1156.49 0.00 -2988.17
v -1163.39 0.00 -2989.37
v -1158.85 0.00 -2976.60
v -1165.57 0.00 -2978.68
v -1162.39 0.00 -2968.21
v -1168.61 0.00 -2971.48
v -1168.19 0.00 -2959.13
v -1173.82 0.00 -2963.32
v -1179.11 0.00 -2946.45
v -1184.43 0.00 -2950.99
v -1187.10 0.00 -2937.02
v -1192.31 0.00 -2941.71
v -1193.29 0.00 -2930.54
v -1197.85 0.00 -2935.90
v -1201.16 0.00 -2925.12
v -1205.13 0.00 -2930.88
v -1037.15 0.00 -3009.60
v -1044.04 0.00 -3008.39
v -1026.02 0.00 -2945.77
v -1032.91 0.00 -2944.57
v -1056.59 0.00 -2930.69
v -1055.14 0.00 -2937.54
v -1092.73 0.00 -2938.35
v -1091.28 0.00 -2945.20
v -857.58 0.00 -2880.19
v -858.52 0.00 -2885.10
v -884.50 0.00 -2875.06
v -885.07 0.00 -2880.05
v -947.75 0.00 -2872.64
v -947.94 0.00 -2877.63
v -965.49 0.00 -2871.97
v -966.05 0.00 -2876.95
v -968.73 0.00 -2871.36
v -969.65 0.00 -2876.28
v -986.32 0.00 -2868.10
v -987.58 0.00 -2872.95
v -999.06 0.00 -2863.79
v -1001.19 0.00 -2868.35
v -1017.09 0.00 -2852.76
v -1019.70 0.00 -2857.02
v -1018.76 0.00 -2851.73
v -1021.45 0.00 -2855.95
v -1037.05 0.00 -2839.66
v -1039.80 0.00 -2843.84
v -1083.54 0.00 -2809.00
v -1087.70 0.00 -2812.25
v -1087.88 0.00 -2796.64
v -1092.16 0.00 -2799.55
v -1097.13 0.00 -2788.65
v -1100.57 0.00 -2792.29
v -1103.11 0.00 -2782.46
v -1106.35 0.00 -2786.31
v -1108.72 0.00 -2778.66
v -1111.53 0.00 -2782.80
v -989.15 0.00 -2869.34
v -984.75 0.00 -2871.70
v -1010.23 0.00 -2908.68
v -1006.20 0.00 -2911.75
v -1012.62 0.00 -2910.96
v -1009.18 0.00 -2914.59
v -1100.86 0.00 -2788.97
v -1096.85 0.00 -2791.96
v -1123.32 0.00 -2819.09
v -1119.25 0.00 -2822.00
v -1151.75 0.00 -2860.37
v -1147.63 0.00 -2863.21
v -1258.68 0.00 -2885.43
v -1258.23 0.00 -2880.45
v -1127.24 0.00 -2897.38
v -1126.79 0.00 -2892.40
v -1165.65 0.00 -2765.95
v -1162.23 0.00 -2762.31
v -1154.31 0.00 -2776.60
v -1150.85 0.00 -2772.99
v -1147.27 0.00 -2783.49
v -1144.42 0.00 -2779.28
v -1144.20 0.00 -2784.84
v -1144.83 0.00 -2779.11
v -1126.73 0.00 -2772.02
v -1128.31 0.00 -2766.98
v -1127.52 0.00 -2772.00
v -1125.80 0.00 -2767.05
v -1116.28 0.00 -2780.38
v -1113.62 0.00 -2776.12
v -1111.27 0.00 -2782.95
v -1108.98 0.00 -2778.50
v -1090.88 0.00 -2938.46
v -1093.14 0.00 -2945.09
v -1090.84 0.00 -2938.48
v -1094.92 0.00 -2944.48
v -1093.10 0.00 -2935.83
v -1099.23 0.00 -2939.43
v -1100.46 0.00 -2916.18
v -1106.43 0.00 -2920.18
v -1107.15 0.00 -2909.97
v -1111.07 0.00 -2915.88
v -1110.24 0.00 -2908.58
v -1113.12 0.00 -2914.96
f 8452 8454 8453 8451
f 8454 8456 8455 8453
f 8456 8458 8457 8455
f 8458 8460 8459 8457
f 8460 8462 8461 8459
f 8462 8464 8463 8461
f 8464 8466 8465 8463
f 8466 8468 8467 8465
f 8468 8470 8469 8467
f 8470 8472 8471 8469
f 8472 8474 8473 8471
f 8474 8476 8475 8473
f 8476 8478 8477 8475
f 8478 8480 8479 8477
f 8480 8482 8481 8479
f 8482 8484 8483 8481
f 8484 8486 8485 8483
f 8486 8488 8487 8485
f 8488 8490 8489 8487
f 8490 8492 8491 8489
f 8492 8494 8493 8491
f 8494 8496 8495 8493
f 8498 8500 8499 8497
f 8500 8502 8501 8499
f 8502 8504 8503 8501
f 8504 8506 8505 8503
f 8506 8508 8507 8505
f 8508 8510 8509 8507
f 8510 8512 8511 8509
f 8512 8514 8513 8511
f 8514 8516 8515 8513
f 8516 8518 8517 8515
f 8518 8520 8519 8517
f 8520 8522 8521 8519
f 8522 8524 8523 8521
f 8524 8526 8525 8523
f 8526 8528 8527 8525
f 8528 8530 8529 8527
f 8532 8534 8533 8531
f 8536 8538 8537 8535
f 8540 8542 8541 8539
f 8542 8544 8543 8541
f 8544 8546 8545 8543
f 8546 8548 8547 8545
f 8548 8550 8549 8547
f 8550 8552 8551 8549
f 8552 8554 8553 8551
f 8554 8556 8555 8553
f 8556 8558 8557 8555
f 8558 8560 8559 8557
f 8560 8562 8561 8559
f 8562 8564 8563 8561
f 8564 8566 8565 8563
f 8566 8568 8567 8565
f 8570 8572 8571 8569
f 8572 8574 8573 8571
f 8576 8578 8577 8575
f 8578 8580 8579 8577
f 8582 8584 8583 8581
f 8586 8588 8587 8585
f 8588 8590 8589 8587
f 8590 8592 8591 8589
f 8592 8594 8593 8591
f 8594 8596 8595 8593
f 8596 8598 8597 8595
f 8598 8600 8599 8597
f 8602 8604 8603 8601
f 8604 8606 8605 8603
f 8606 8608 8607 8605
f 8608 8610 8609 8607
f 8610 8612 8611 8609
o Roads_+4_-13
v -860.86 0.00 -3275.06
v -863.53 0.00 -3281.53
v -874.84 0.00 -3269.28
v -877.36 0.00 -3275.81
v -888.69 0.00 -3264.31
v -891.79 0.00 -3270.63
v -897.25 0.00 -3258.84
v -901.17 0.00 -3264.65
v -904.24 0.00 -3253.86
v -908.42 0.00 -3259.48
v -912.65 0.00 -3247.30
v -916.59 0.00 -3253.10
v -918.68 0.00 -3243.75
v -922.11 0.00 -3249.86
v -925.01 0.00 -3240.36
v -927.48 0.00 -3246.98
v -943.43 0.00 -3236.21
v -945.18 0.00 -3242.99
v -958.19 0.00 -3231.89
v -959.90 0.00 -3238.68
v -972.09 0.00 -3228.93
v -973.82 0.00 -3235.72
v -990.76 0.00 -3223.37
v -992.35 0.00 -3230.20
v -1007.47 0.00 -3220.53
v -1007.85 0.00 -3227.57
v -1022.73 0.00 -3221.47
v -1022.66 0.00 -3228.48
v -1037.27 0.00 -3220.85
v -1044.23 0.00 -3227.56
v -1037.50 0.00 -3183.95
v -1044.50 0.00 -3184.11
v -1038.31 0.00 -3163.82
v -1045.28 0.00 -3164.57
v -1038.86 0.00 -3160.67
v -1045.87 0.00 -3161.27
v -1038.81 0.00 -3148.48
v -1045.84 0.00 -3154.72
v -1075.43 0.00 -3144.31
v -1075.84 0.00 -3151.31
v -1085.56 0.00 -3144.27
v -1087.05 0.00 -3151.26
v -1101.47 0.00 -3137.22
v -1104.38 0.00 -3143.59
v -1105.79 0.00 -3135.20
v -1108.76 0.00 -3141.54
v -1112.11 0.00 -3132.24
v -1115.00 0.00 -3138.62
v -1124.82 0.00 -3126.70
v -1127.81 0.00 -3133.03
v -1131.99 0.00 -3123.03
v -1134.17 0.00 -3129.78
v -1140.08 0.00 -3121.79
v -1141.10 0.00 -3128.72
v -1149.38 0.00 -3120.48
v -1149.99 0.00 -3127.46
v -1156.61 0.00 -3120.23
v -1156.96 0.00 -3127.22
v -1166.25 0.00 -3119.62
v -1165.69 0.00 -3126.67
v -1177.87 0.00 -3122.23
v -1175.60 0.00 -3128.89
v -1185.67 0.00 -3125.85
v -1182.86 0.00 -3132.26
v -1195.35 0.00 -3129.84
v -1193.17 0.00 -3136.52
v -1205.81 0.00 -3132.42
v -1204.72 0.00 -3139.36
v -1209.29 0.00 -3132.66
v -1208.79 0.00 -3139.65
v -1215.94 0.00 -3133.14
v -1215.59 0.00 -3140.14
v -1243.37 0.00 -3133.87
v -1244.43 0.00 -3140.90
v -1242.25 0.00 -3134.25
v -1247.38 0.00 -3139.90
v -1241.68 0.00 -3135.52
v -1248.77 0.00 -3136.81
v -1241.33 0.00 -3129.93
v -1248.32 0.00 -3129.62
v -1240.54 0.00 -3101.14
v -1247.57 0.00 -3102.02
v -1241.41 0.00 -3098.08
v -1247.11 0.00 -3103.64
v -1244.50 0.00 -3097.12
v -1245.36 0.00 -3104.18
v -1282.49 0.00 -3099.39
v -1282.07 0.00 -3106.38
v -1091.88 0.00 -3367.56
v -1098.65 0.00 -3369.34
v -1100.97 0.00 -3333.07
v -1107.88 0.00 -3334.32
v -1102.98 0.00 -3313.31
v -1109.92 0.00 -3314.23
v -1105.31 0.00 -3299.11
v -1112.27 0.00 -3299.92
v -1108.20 0.00 -3257.24
v -1115.23 0.00 -3256.98
v -1102.17 0.00 -3215.31
v -1109.02 0.00 -3213.81
v -1092.29 0.00 -3181.99
v -1099.06 0.00 -3180.22
v -1089.63 0.00 -3170.22
v -1096.49 0.00 -3168.83
v -1087.32 0.00 -3157.34
v -1094.03 0.00 -3155.06
v -1083.20 0.00 -3149.37
v -1089.41 0.00 -3146.16
v -1122.85 0.00 -3130.33
v -1129.78 0.00 -3129.39
v -1119.12 0.00 -3102.87
v -1126.10 0.00 -3102.21
v -1117.73 0.00 -3076.71
v -1124.78 0.00 -3077.55
v -1120.78 0.00 -3066.49
v -1127.55 0.00 -3068.29
v -1121.93 0.00 -3061.63
v -1128.95 0.00 -3062.33
v -1121.57 0.00 -3050.17
v -1128.54 0.00 -3049.00
v -1119.49 0.00 -3043.48
v -1126.14 0.00 -3041.30
v -1115.82 0.00 -3032.84
v -1121.99 0.00 -3029.27
v -1109.28 0.00 -3025.34
v -1114.68 0.00 -3020.89
v -1102.52 0.00 -3016.68
v -1108.73 0.00 -3013.25
v -1098.02 0.00 -3004.22
v -1104.51 0.00 -3001.56
v -1094.45 0.00 -2996.49
v -1100.45 0.00 -2992.79
v -1095.15 0.00 -2997.38
v -1098.72 0.00 -2990.62
v -1095.92 0.00 -2997.44
v -1096.43 0.00 -2990.45
v -1104.49 0.00 -3011.66
v -1106.76 0.00 -3018.28
v -1114.66 0.00 -3008.16
v -1116.49 0.00 -3014.94
v -1128.77 0.00 -3005.36
v -1129.91 0.00 -3012.27
v -1145.56 0.00 -3003.18
v -1146.97 0.00 -3010.06
v -1143.96 0.00 -3003.63
v -1149.42 0.00 -3009.36
v -1143.34 0.00 -3005.50
v -1150.35 0.00 -3006.59
v -1143.23 0.00 -2998.75
v -1150.26 0.00 -3000.51
v -1144.46 0.00 -2996.53
v -1149.33 0.00 -3002.18
v -1146.67 0.00 -2995.70
v -1147.84 0.00 -3002.74
v -1158.49 0.00 -2996.02
v -1158.30 0.00 -3003.02
v -1190.28 0.00 -3292.75
v -1195.81 0.00 -3288.46
v -1179.01 0.00 -3278.27
v -1184.69 0.00 -3274.17
v -1173.99 0.00 -3270.74
v -1180.46 0.00 -3267.83
v -1170.21 0.00 -3256.43
v -1177.02 0.00 -3254.81
v -1167.33 0.00 -3242.76
v -1175.67 0.00 -3248.38
v -1180.14 0.00 -3240.46
v -1181.37 0.00 -3247.35
v -1196.37 0.00 -3237.58
v -1198.20 0.00 -3244.36
v -1219.22 0.00 -3229.19
v -1221.63 0.00 -3235.76
v -1038.84 0.00 -3151.89
v -1045.81 0.00 -3151.32
v -1034.88 0.00 -3103.09
v -1041.85 0.00 -3102.52
v -1011.27 0.00 -3106.71
v -1015.54 0.00 -3112.26
v -1017.41 0.00 -3101.99
v -1020.18 0.00 -3108.69
v -1035.86 0.00 -3099.60
v -1040.87 0.00 -3106.01
v -1036.78 0.00 -3097.25
v -1041.84 0.00 -3103.52
v -1055.87 0.00 -3094.13
v -1063.98 0.00 -3099.90
v -1054.00 0.00 -3083.39
v -1060.90 0.00 -3082.19
v -969.03 0.00 -3033.38
v -962.54 0.00 -3036.00
v -984.24 0.00 -3071.07
v -975.42 0.00 -3067.93
v -979.16 0.00 -3073.87
v -969.22 0.00 -3071.35
v -980.51 0.00 -3075.96
v -975.32 0.00 -3080.84
v -1011.50 0.00 -3098.68
v -1006.10 0.00 -3103.40
v -1016.33 0.00 -3107.54
v -1010.48 0.00 -3111.43
v -1019.05 0.00 -3110.95
v -1013.00 0.00 -3114.59
v -1021.35 0.00 -3116.26
v -1012.81 0.00 -3114.16
v -1004.77 0.00 -3129.64
v -1000.37 0.00 -3124.20
v -979.24 0.00 -3150.29
v -974.84 0.00 -3144.84
v -1178.36 0.00 -3217.33
v -1179.53 0.00 -3224.23
v -1230.69 0.00 -3208.48
v -1231.86 0.00 -3215.38
v -1178.13 0.00 -3200.53
v -1178.96 0.00 -3207.48
v -1194.57 0.00 -3198.94
v -1203.70 0.00 -3204.12
v -1190.15 0.00 -3189.96
v -1196.47 0.00 -3186.95
v -1179.06 0.00 -3168.21
v -1185.30 0.00 -3165.03
v -1177.27 0.00 -3244.18
v -1184.24 0.00 -3243.64
v -1175.45 0.00 -3220.96
v -1182.44 0.00 -3220.60
v -1175.06 0.00 -3204.74
v -1182.03 0.00 -3203.27
v -1171.95 0.00 -3197.23
v -1177.85 0.00 -3193.19
v -1163.49 0.00 -3189.12
v -1165.70 0.00 -3181.54
v -1153.93 0.00 -3191.02
v -1158.25 0.00 -3183.02
v -1151.32 0.00 -3184.55
v -1155.79 0.00 -3176.92
v -1141.68 0.00 -3185.78
v -1139.62 0.00 -3178.99
v -1121.88 0.00 -3195.63
v -1125.58 0.00 -3185.97
v -1116.39 0.00 -3181.78
v -1123.00 0.00 -3179.47
v -1108.69 0.00 -3156.47
v -1115.41 0.00 -3154.51
v -1103.90 0.00 -3139.31
v -1110.64 0.00 -3137.43
v -1205.24 0.00 -3068.65
v -1203.09 0.00 -3075.31
v -1225.87 0.00 -3075.30
v -1223.72 0.00 -3081.97
v -1205.74 0.00 -3135.01
v -1212.35 0.00 -3137.30
v -1215.72 0.00 -3106.30
v -1222.49 0.00 -3108.14
v -1221.36 0.00 -3077.97
v -1228.23 0.00 -3079.30
v -1227.05 0.00 -3048.05
v -1233.93 0.00 -3049.36
v -1026.72 0.00 -3012.00
v -1019.82 0.00 -3013.17
v -1029.30 0.00 -3027.21
v -1022.44 0.00 -3028.66
v -1032.35 0.00 -3039.23
v -1026.21 0.00 -3043.52
v -1038.49 0.00 -3043.42
v -1032.90 0.00 -3048.08
v -1041.74 0.00 -3050.73
v -1035.11 0.00 -3053.04
v -1044.57 0.00 -3061.81
v -1037.90 0.00 -3063.97
v -1051.39 0.00 -3079.11
v -1044.87 0.00 -3081.68
v -1040.84 0.00 -3221.71
v -1040.66 0.00 -3226.70
v -1047.12 0.00 -3222.73
v -1053.68 0.00 -3226.37
v -815.23 0.00 -2881.00
v -819.37 0.00 -2878.20
v -1060.41 0.00 -2982.46
v -1053.46 0.00 -2983.32
v -1062.50 0.00 -2999.28
v -1055.63 0.00 -3000.80
v -1063.17 0.00 -3001.35
v -1056.51 0.00 -3003.51
v -1123.71 0.00 -3045.77
v -1121.91 0.00 -3039.01
v -1101.69 0.00 -3051.62
v -1100.15 0.00 -3044.79
v -1090.43 0.00 -3053.71
v -1082.88 0.00 -3047.99
v -1091.84 0.00 -3069.19
v -1084.87 0.00 -3069.83
f 8614 8616 8615 8613
f 8616 8618 8617 8615
f 8618 8620 8619 8617
f 8620 8622 8621 8619
f 8622 8624 8623 8621
f 8624 8626 8625 8623
f 8626 8628 8627 8625
f 8628 8630 8629 8627
f 8630 8632 8631 8629
f 8632 8634 8633 8631
f 8634 8636 8635 8633
f 8636 8638 8637 8635
f 8638 8640 8639 8637
f 8640 8642 8641 8639
f 8642 8644 8643 8641
f 8644 8646 8645 8643
f 8646 8648 8647 8645
f 8648 8650 8649 8647
f 8650 8652 8651 8649
f 8652 8654 8653 8651
f 8654 8656 8655 8653
f 8656 8658 8657 8655
f 8658 8660 8659 8657
f 8660 8662 8661 8659
f 8662 8664 8663 8661
f 8664 8666 8665 8663
f 8666 8668 8667 8665
f 8668 8670 8669 8667
f 8670 8672 8671 8669
f 8672 8674 8673 8671
f 8674 8676 8675 8673
f 8676 8678 8677 8675
f 8678 8680 8679 8677
f 8680 8682 8681 8679
f 8682 8684 8683 8681
f 8684 8686 8685 8683
f 8686 8688 8687 8685
f 8688 8690 8689 8687
f 8690 8692 8691 8689
f 8692 8694 8693 8691
f 8694 8696 8695 8693
f 8696 8698 8697 8695
f 8698 8700 8699 8697
f 8702 8704 8703 8701
f 8704 8706 8705 8703
f 8706 8708 8707 8705
f 8708 8710 8709 8707
f 8710 8712 8711 8709
f 8712 8714 8713 8711
f 8714 8716 8715 8713
f 8716 8718 8717 8715
f 8718 8720 8719 8717
f 8722 8724 8723 8721
f 8724 8726 8725 8723
f 8726 8728 8727 8725
f 8728 8730 8729 8727
f 8730 8732 8731 8729
f 8732 8734 8733 8731
f 8734 8736 8735 8733
f 8736 8738 8737 8735
f 8738 8740 8739 8737
f 8740 8742 8741 8739
f 8742 8744 8743 8741
f 8744 8746 8745 8743
f 8746 8748 8747 8745
f 8750 8752 8751 8749
f 8752 8754 8753 8751
f 8754 8756 8755 8753
f 8756 8758 8757 8755
f 8758 8760 8759 8757
f 8760 8762 8761 8759
f 8762 8764 8763 8761
f 8764 8766 8765 8763
f 8766 8768 8767 8765
f 8770 8772 8771 8769
f 8772 8774 8773 8771
f 8774 8776 8775 8773
f 8776 8778 8777 8775
f 8778 8780 8779 8777
f 8780 8782 8781 8779
f 8782 8784 8783 8781
f 8786 8788 8787 8785
f 8790 8792 8791 8789
f 8792 8794 8793 8791
f 8794 8796 8795 8793
f 8796 8798 8797 8795
f 8798 8800 8799 8797
f 8802 8804 8803 8801
f 8804 8806 8805 8803
f 8806 8808 8807 8805
f 8808 8810 8809 8807
f 8810 8812 8811 8809
f 8812 8814 8813 8811
f 8814 8816 8815 8813
f 8816 8818 8817 8815
f 8818 8820 8819 8817
f 8822 8824 8823 8821
f 8826 8828 8827 8825
f 8828 8830 8829 8827
f 8830 8832 8831 8829
f 8834 8836 8835 8833
f 8836 8838 8837 8835
f 8838 8840 8839 8837
f 8840 8842 8841 8839
f 8842 8844 8843 8841
f 8844 8846 8845 8843
f 8846 8848 8847 8845
f 8848 8850 8849 8847
f 8850 8852 8851 8849
f 8852 8854 8853 8851
f 8854 8856 8855 8853
f 8858 8860 8859 8857
f 8862 8864 8863 8861
f 8864 8866 8865 8863
f 8866 8868 8867 8865
f 8870 8872 8871 8869
f 8872 8874 8873 8871
f 8874 8876 8875 8873
f 8876 8878 8877 8875
f 8878 8880 8879 8877
f 8880 8882 8881 8879
f 8884 8886 8885 8883
f 8886 8888 8887 8885
f 8890 8892 8891 8889
f 8892 8894 8893 8891
f 8896 8898 8897 8895
f 8898 8900 8899 8897
f 8900 8902 8901 8899
o Roads_+4_-14
v -916.50 0.00 -3417.25
v -917.05 0.00 -3424.23
v -944.97 0.00 -3415.00
v -945.67 0.00 -3421.97
v -953.95 0.00 -3413.91
v -955.47 0.00 -3420.78
v -974.87 0.00 -3407.11
v -976.50 0.00 -3413.94
v -979.79 0.00 -3406.35
v -981.45 0.00 -3413.17
v -1009.83 0.00 -3396.28
v -1011.87 0.00 -3402.98
v -1026.57 0.00 -3391.66
v -1029.31 0.00 -3398.16
v -1030.85 0.00 -3389.16
v -1034.84 0.00 -3394.93
v -1048.38 0.00 -3374.88
v -1052.64 0.00 -3380.44
v -1054.72 0.00 -3370.29
v -1057.77 0.00 -3376.73
v -1062.96 0.00 -3368.14
v -1064.30 0.00 -3375.02
v -1079.92 0.00 -3365.96
v -1080.81 0.00 -3372.90
v -1089.78 0.00 -3364.70
v -1090.07 0.00 -3371.72
v -1096.01 0.00 -3364.98
v -1094.52 0.00 -3371.92
v -1106.22 0.00 -3369.04
v -1102.84 0.00 -3375.23
v -1118.63 0.00 -3377.92
v -1115.34 0.00 -3384.17
v -1135.45 0.00 -3384.00
v -1131.90 0.00 -3390.16
v -1139.79 0.00 -3387.65
v -1136.16 0.00 -3393.74
v -1185.62 0.00 -3405.85
v -1182.84 0.00 -3412.28
v -1211.29 0.00 -3417.92
v -1207.90 0.00 -3424.06
v -1223.71 0.00 -3425.88
v -1220.33 0.00 -3432.03
v -1242.65 0.00 -3434.66
v -1239.06 0.00 -3440.72
v -1243.73 0.00 -3435.46
v -1239.57 0.00 -3441.09
v -1251.64 0.00 -3441.32
v -1247.57 0.00 -3447.02
v -1257.35 0.00 -3445.25
v -1255.20 0.00 -3452.27
v -1291.31 0.00 -3445.04
v -1291.69 0.00 -3452.04
v -1320.88 0.00 -3442.02
v -1321.28 0.00 -3449.02
v -1345.31 0.00 -3441.71
v -1345.40 0.00 -3448.71
v -1141.26 0.00 -3391.90
v -1134.69 0.00 -3389.50
v -1130.54 0.00 -3421.29
v -1123.88 0.00 -3419.13
v -1128.55 0.00 -3428.34
v -1120.03 0.00 -3432.76
v -1147.97 0.00 -3435.17
v -1139.57 0.00 -3439.64
v -1146.20 0.00 -3441.96
v -1137.80 0.00 -3446.47
v -1158.80 0.00 -3446.31
v -1156.31 0.00 -3452.86
v -1164.86 0.00 -3448.84
v -1156.42 0.00 -3452.91
v -1162.33 0.00 -3457.69
v -1155.57 0.00 -3455.88
v -1159.17 0.00 -3470.31
v -1153.54 0.00 -3463.99
v -1152.79 0.00 -3471.14
v -1146.75 0.00 -3464.88
v -1152.09 0.00 -3475.30
v -1145.14 0.00 -3474.41
v -1150.13 0.00 -3497.90
v -1143.78 0.00 -3490.13
v -1126.18 0.00 -3495.19
v -1126.52 0.00 -3488.18
v -1098.77 0.00 -3495.61
v -1092.73 0.00 -3488.71
v -1098.27 0.00 -3498.88
v -1092.02 0.00 -3493.42
v -1069.45 0.00 -3507.36
v -1069.74 0.00 -3499.98
v -1054.20 0.00 -3501.52
v -1056.83 0.00 -3495.03
v -1034.34 0.00 -3493.00
v -1037.09 0.00 -3486.56
v -1007.50 0.00 -3481.57
v -1010.39 0.00 -3475.19
v -999.67 0.00 -3477.78
v -1001.58 0.00 -3470.93
v -983.89 0.00 -3476.34
v -984.53 0.00 -3469.37
v -1076.87 0.00 -3369.31
v -1083.87 0.00 -3369.55
v -1077.42 0.00 -3353.35
v -1084.40 0.00 -3354.25
v -1080.57 0.00 -3339.30
v -1087.48 0.00 -3340.52
v -1081.42 0.00 -3332.71
v -1088.44 0.00 -3333.04
v -1081.03 0.00 -3321.13
v -1088.00 0.00 -3320.21
v -1079.02 0.00 -3312.47
v -1085.59 0.00 -3309.83
v -1076.85 0.00 -3308.81
v -1082.30 0.00 -3304.29
v -1074.70 0.00 -3306.92
v -1078.22 0.00 -3300.69
v -1067.98 0.00 -3304.81
v -1069.26 0.00 -3297.87
v -1058.65 0.00 -3304.26
v -1058.69 0.00 -3297.25
v -1037.94 0.00 -3305.22
v -1043.74 0.00 -3297.95
v -1031.57 0.00 -3269.92
v -1038.38 0.00 -3268.25
v -1027.32 0.00 -3256.29
v -1034.05 0.00 -3254.35
v -1019.31 0.00 -3225.87
v -1026.08 0.00 -3224.09
v -1142.44 0.00 -3297.48
v -1142.98 0.00 -3304.46
v -1161.91 0.00 -3295.96
v -1163.05 0.00 -3302.89
v -1186.49 0.00 -3289.74
v -1188.81 0.00 -3296.38
v -1191.60 0.00 -3287.42
v -1194.49 0.00 -3293.79
v -1209.88 0.00 -3279.11
v -1212.87 0.00 -3285.44
v -1250.73 0.00 -3259.13
v -1253.81 0.00 -3265.42
v -1130.34 0.00 -3386.02
v -1137.01 0.00 -3388.15
v -1134.44 0.00 -3373.18
v -1141.44 0.00 -3374.27
v -1134.44 0.00 -3357.85
v -1141.44 0.00 -3358.26
v -1138.15 0.00 -3326.16
v -1145.13 0.00 -3326.72
v -1139.21 0.00 -3300.89
v -1146.21 0.00 -3301.04
v -1139.29 0.00 -3274.06
v -1146.29 0.00 -3274.08
v -1030.45 0.00 -3392.75
v -1035.24 0.00 -3391.34
v -1022.62 0.00 -3366.24
v -1027.53 0.00 -3365.19
v -1018.75 0.00 -3338.04
v -1023.70 0.00 -3337.36
f 8904 8906 8905 8903
f 8906 8908 8907 8905
f 8908 8910 8909 8907
f 8910 8912 8911 8909
f 8912 8914 8913 8911
f 8914 8916 8915 8913
f 8916 8918 8917 8915
f 8918 8920 8919 8917
f 8920 8922 8921 8919
f 8922 8924 8923 8921
f 8924 8926 8925 8923
f 8926 8928 8927 8925
f 8928 8930 8929 8927
f 8930 8932 8931 8929
f 8932 8934 8933 8931
f 8934 8936 8935 8933
f 8936 8938 8937 8935
f 8938 8940 8939 8937
f 8940 8942 8941 8939
f 8942 8944 8943 8941
f 8944 8946 8945 8943
f 8946 8948 8947 8945
f 8948 8950 8949 8947
f 8950 8952 8951 8949
f 8952 8954 8953 8951
f 8954 8956 8955 8953
f 8956 8958 8957 8955
f 8960 8962 8961 8959
f 8962 8964 8963 8961
f 8964 8966 8965 8963
f 8966 8968 8967 8965
f 8968 8970 8969 8967
f 8970 8972 8971 8969
f 8972 8974 8973 8971
f 8974 8976 8975 8973
f 8976 8978 8977 8975
f 8978 8980 8979 8977
f 8980 8982 8981 8979
f 8982 8984 8983 8981
f 8984 8986 8985 8983
f 8986 8988 8987 8985
f 8988 8990 8989 8987
f 8990 8992 8991 8989
f 8992 8994 8993 8991
f 8994 8996 8995 8993
f 8996 8998 8997 8995
f 8998 9000 8999 8997
f 9002 9004 9003 9001
f 9004 9006 9005 9003
f 9006 9008 9007 9005
f 9008 9010 9009 9007
f 9010 9012 9011 9009
f 9012 9014 9013 9011
f 9014 9016 9015 9013
f 9016 9018 9017 9015
f 9018 9020 9019 9017
f 9020 9022 9021 9019
f 9022 9024 9023 9021
f 9024 9026 9025 9023
f 9026 9028 9027 9025
f 9030 9032 9031 9029
f 9032 9034 9033 9031
f 9034 9036 9035 9033
f 9036 9038 9037 9035
f 9038 9040 9039 9037
f 9042 9044 9043 9041
f 9044 9046 9045 9043
f 9046 9048 9047 9045
f 9048 9050 9049 9047
f 9050 9052 9051 9049
f 9054 9056 9055 9053
f 9056 9058 9057 9055
o Roads_+4_-15
v -1123.08 0.00 -3588.36
v -1130.08 0.00 -3588.23
v -1122.49 0.00 -3556.85
v -1129.49 0.00 -3557.04
v -1124.75 0.00 -3525.10
v -1131.73 0.00 -3525.60
v -1124.95 0.00 -3522.38
v -1131.96 0.00 -3522.40
v -1122.85 0.00 -3491.92
v -1129.84 0.00 -3491.44
v -1150.43 0.00 -3494.43
v -1143.48 0.00 -3493.61
v -1146.47 0.00 -3528.14
v -1139.52 0.00 -3527.32
v -1244.89 0.00 -3439.61
v -1238.41 0.00 -3436.95
v -1238.70 0.00 -3454.68
v -1231.58 0.00 -3453.59
v -1240.01 0.00 -3469.85
v -1233.07 0.00 -3470.92
v -1242.15 0.00 -3479.45
v -1235.21 0.00 -3480.49
v -1243.37 0.00 -3495.22
v -1235.79 0.00 -3488.00
v -1212.15 0.00 -3494.33
v -1206.88 0.00 -3487.18
v -1211.59 0.00 -3496.32
v -1204.70 0.00 -3494.95
v -1210.39 0.00 -3506.33
v -1203.46 0.00 -3505.28
v -1207.41 0.00 -3522.43
v -1201.83 0.00 -3514.11
v -1193.91 0.00 -3519.60
v -1188.19 0.00 -3511.25
v -1192.66 0.00 -3527.24
v -1185.96 0.00 -3524.82
v -1189.80 0.00 -3532.10
v -1184.48 0.00 -3527.35
v -1183.14 0.00 -3537.11
v -1179.85 0.00 -3530.82
v -1177.62 0.00 -3538.93
v -1177.27 0.00 -3531.68
v -1170.08 0.00 -3537.23
v -1171.63 0.00 -3530.40
f 9060 9062 9061 9059
f 9062 9064 9063 9061
f 9064 9066 9065 9063
f 9066 9068 9067 9065
f 9070 9072 9071 9069
f 9074 9076 9075 9073
f 9076 9078 9077 9075
f 9078 9080 9079 9077
f 9080 9082 9081 9079
f 9082 9084 9083 9081
f 9084 9086 9085 9083
f 9086 9088 9087 9085
f 9088 9090 9089 9087
f 9090 9092 9091 9089
f 9092 9094 9093 9091
f 9094 9096 9095 9093
f 9096 9098 9097 9095
f 9098 9100 9099 9097
f 9100 9102 9101 9099
o Roads_+4_-17
v -1950.73 0.00 -6952.90
v -1961.17 0.00 -6951.86
v -1946.30 0.00 -6908.10
v -1956.74 0.00 -6906.94
v -1943.79 0.00 -6887.78
v -1954.19 0.00 -6886.40
v -1877.88 0.00 -6425.69
v -1888.26 0.00 -6424.15
v -1875.55 0.00 -6410.72
v -1885.91 0.00 -6408.98
v -1872.76 0.00 -6395.43
v -1883.06 0.00 -6393.41
v -1867.29 0.00 -6369.23
v -1877.55 0.00 -6367.01
v -1862.54 0.00 -6347.96
v -1872.76 0.00 -6345.54
v -1857.36 0.00 -6327.14
v -1867.52 0.00 -6324.52
v -1848.22 0.00 -6292.69
v -1858.36 0.00 -6289.97
v -1785.12 0.00 -6061.49
v -1795.26 0.00 -6058.77
v -1768.47 0.00 -5998.55
v -1778.61 0.00 -5995.85
v -1693.81 0.00 -5721.67
v -1703.95 0.00 -5718.97
v -1683.05 0.00 -5680.77
v -1693.17 0.00 -5677.99
v -1666.35 0.00 -5622.20
v -1676.47 0.00 -5619.40
v -1648.53 0.00 -5555.34
v -1658.67 0.00 -5552.60
v -1633.90 0.00 -5501.92
v -1644.02 0.00 -5499.08
v -1604.65 0.00 -5399.64
v -1614.79 0.00 -5396.90
v -1598.12 0.00 -5374.05
v -1608.32 0.00 -5371.53
v -1573.09 0.00 -5270.20
v -1583.27 0.00 -5267.64
v -1565.43 0.00 -5241.02
v -1575.57 0.00 -5238.30
v -1523.23 0.00 -5087.15
v -1533.33 0.00 -5084.29
v -1494.05 0.00 -4987.70
v -1504.11 0.00 -4984.70
v -1471.07 0.00 -4911.87
v -1481.11 0.00 -4908.77
v -1463.08 0.00 -4886.38
v -1473.08 0.00 -4883.18
v -1432.05 0.00 -4791.79
v -1442.01 0.00 -4788.45
v -1427.10 0.00 -4777.43
v -1436.98 0.00 -4773.87
v -1423.58 0.00 -4768.01
v -1433.36 0.00 -4764.19
v -1417.87 0.00 -4753.93
v -1427.57 0.00 -4749.91
v -1370.32 0.00 -4641.12
v -1380.02 0.00 -4637.08
v -1362.33 0.00 -4621.67
v -1372.09 0.00 -4617.79
v -1352.51 0.00 -4596.15
v -1362.33 0.00 -4592.43
v -1318.42 0.00 -4504.82
v -1328.24 0.00 -4501.08
v -1261.07 0.00 -4356.71
v -1270.85 0.00 -4352.87
v -1205.89 0.00 -4218.45
v -1215.63 0.00 -4214.53
v -1188.14 0.00 -4174.46
v -1197.86 0.00 -4170.50
v -1131.75 0.00 -4037.56
v -1141.49 0.00 -4033.64
v -1125.83 0.00 -4022.54
v -1135.63 0.00 -4018.74
v -1101.36 0.00 -3958.39
v -1111.14 0.00 -3954.57
v -1028.76 0.00 -3776.03
v -1038.54 0.00 -3772.21
v -1012.08 0.00 -3732.24
v -1021.92 0.00 -3728.54
v -951.71 0.00 -3569.15
v -961.55 0.00 -3565.49
v -900.01 0.00 -3430.22
v -909.83 0.00 -3426.52
v -890.97 0.00 -3406.47
v -900.75 0.00 -3402.63
v -883.42 0.00 -3387.80
v -893.14 0.00 -3383.82
v -812.57 0.00 -3216.64
v -822.33 0.00 -3212.76
v -805.29 0.00 -3197.65
v -815.13 0.00 -3193.97
v -776.02 0.00 -3117.69
v -785.86 0.00 -3114.01
v -768.64 0.00 -3098.46
v -778.42 0.00 -3094.62
v -748.60 0.00 -3048.53
v -758.32 0.00 -3044.57
v -716.32 0.00 -2970.43
v -726.04 0.00 -2966.45
v -691.66 0.00 -2909.89
v -701.42 0.00 -2906.01
v -686.12 0.00 -2895.66
v -695.96 0.00 -2891.98
v -673.90 0.00 -2861.77
v -683.74 0.00 -2858.11
v -668.46 0.00 -2847.62
v -678.22 0.00 -2843.74
v -633.85 0.00 -2763.68
v -643.59 0.00 -2759.76
v -614.17 0.00 -2713.74
v -623.89 0.00 -2709.78
v -606.06 0.00 -2694.55
v -615.70 0.00 -2690.41
v -585.46 0.00 -2647.22
v -595.06 0.00 -2642.98
v -579.00 0.00 -2632.76
v -588.56 0.00 -2628.42
v -564.74 0.00 -2601.86
v -574.32 0.00 -2597.56
v -543.53 0.00 -2553.42
v -553.19 0.00 -2549.28
v -535.13 0.00 -2533.40
v -544.85 0.00 -2529.42
v -518.76 0.00 -2492.29
v -528.44 0.00 -2488.23
v -501.47 0.00 -2453.06
v -511.13 0.00 -2448.94
v -493.51 0.00 -2433.85
v -503.25 0.00 -2429.93
v -480.55 0.00 -2400.58
v -490.37 0.00 -2396.88
v -475.20 0.00 -2385.84
v -485.12 0.00 -2382.38
v -471.80 0.00 -2375.70
v -481.78 0.00 -2372.46
v -468.56 0.00 -2365.35
v -478.62 0.00 -2362.33
v -465.56 0.00 -2354.91
v -475.70 0.00 -2352.17
v -458.85 0.00 -2328.25
v -469.03 0.00 -2325.69
f 9104 9106 9105 9103
f 9106 9108 9107 9105
f 9108 9110 9109 9107
f 9110 9112 9111 9109
f 9112 9114 9113 9111
f 9114 9116 9115 9113
f 9116 9118 9117 9115
f 9118 9120 9119 9117
f 9120 9122 9121 9119
f 9122 9124 9123 9121
f 9124 9126 9125 9123
f 9126 9128 9127 9125
f 9128 9130 9129 9127
f 9130 9132 9131 9129
f 9132 9134 9133 9131
f 9134 9136 9135 9133
f 9136 9138 9137 9135
f 9138 9140 9139 9137
f 9140 9142 9141 9139
f 9142 9144 9143 9141
f 9144 9146 9145 9143
f 9146 9148 9147 9145
f 9148 9150 9149 9147
f 9150 9152 9151 9149
f 9152 9154 9153 9151
f 9154 9156 9155 9153
f 9156 9158 9157 9155
f 9158 9160 9159 9157
f 9160 9162 9161 9159
f 9162 9164 9163 9161
f 9164 9166 9165 9163
f 9166 9168 9167 9165
f 9168 9170 9169 9167
f 9170 9172 9171 9169
f 9172 9174 9173 9171
f 9174 9176 9175 9173
f 9176 9178 9177 9175
f 9178 9180 9179 9177
f 9180 9182 9181 9179
f 9182 9184 9183 9181
f 9184 9186 9185 9183
f 9186 9188 9187 9185
f 9188 9190 9189 9187
f 9190 9192 9191 9189
f 9192 9194 9193 9191
f 9194 9196 9195 9193
f 9196 9198 9197 9195
f 9198 9200 9199 9197
f 9200 9202 9201 9199
f 9202 9204 9203 9201
f 9204 9206 9205 9203
f 9206 9208 9207 9205
f 9208 9210 9209 9207
f 9210 9212 9211 9209
f 9212 9214 9213 9211
f 9214 9216 9215 9213
f 9216 9218 9217 9215
f 9218 9220 9219 9217
f 9220 9222 9221 9219
f 9222 9224 9223 9221
f 9224 9226 9225 9223
f 9226 9228 9227 9225
f 9228 9230 9229 9227
f 9230 9232 9231 9229
f 9232 9234 9233 9231
f 9234 9236 9235 9233
f 9236 9238 9237 9235
f 9238 9240 9239 9237
f 9240 9242 9241 9239
f 9242 9244 9243 9241
f 9244 9246 9245 9243
o Roads_+4_-2
v -880.60 0.00 -501.30
v -882.02 0.00 -508.15
v -950.30 0.00 -486.79
v -951.58 0.00 -493.67
v -1049.55 0.00 -470.45
v -1050.73 0.00 -477.35
v -1130.62 0.00 -456.09
v -1131.81 0.00 -462.98
v -1201.43 0.00 -444.15
v -1202.60 0.00 -451.05
v -1287.26 0.00 -429.49
v -1288.44 0.00 -436.39
v -985.46 0.00 -270.97
v -986.63 0.00 -277.87
v -1072.20 0.00 -256.23
v -1073.47 0.00 -263.11
v -1165.36 0.00 -237.89
v -1166.72 0.00 -244.76
v -1026.05 0.00 -317.36
v -1019.19 0.00 -318.73
v -1034.11 0.00 -357.64
v -1027.22 0.00 -358.85
v -1039.90 0.00 -395.94
v -1033.00 0.00 -397.14
v -1047.55 0.00 -434.70
v -1040.66 0.00 -435.92
v -1053.59 0.00 -473.36
v -1046.68 0.00 -474.44
v -1272.70 0.00 -357.34
v -1271.37 0.00 -350.47
v -1190.40 0.00 -373.29
v -1189.09 0.00 -366.41
v -1121.06 0.00 -386.20
v -1119.86 0.00 -379.30
v -1037.02 0.00 -399.99
v -1035.88 0.00 -393.09
v -938.42 0.00 -416.44
v -937.21 0.00 -409.55
v -865.77 0.00 -429.71
v -864.51 0.00 -422.82
v -1267.15 0.00 -319.58
v -1265.94 0.00 -312.68
v -1182.93 0.00 -334.40
v -1181.63 0.00 -327.52
v -1114.44 0.00 -348.35
v -1113.18 0.00 -341.46
v -1031.25 0.00 -361.70
v -1030.08 0.00 -354.80
v -932.44 0.00 -379.21
v -931.18 0.00 -372.32
v -859.91 0.00 -392.95
v -858.61 0.00 -386.07
v -1110.72 0.00 -303.38
v -1103.81 0.00 -304.49
v -1117.26 0.00 -344.32
v -1110.36 0.00 -345.48
v -1123.91 0.00 -382.18
v -1117.01 0.00 -383.32
v -1129.97 0.00 -421.10
v -1123.03 0.00 -422.07
v -1134.67 0.00 -458.98
v -1127.76 0.00 -460.08
v -1141.53 0.00 -494.25
v -1134.66 0.00 -495.61
v -1149.30 0.00 -533.18
v -1142.41 0.00 -534.41
v -1156.16 0.00 -576.16
v -1149.26 0.00 -577.31
v -1163.76 0.00 -619.96
v -1156.86 0.00 -621.13
v -1171.13 0.00 -664.40
v -1164.23 0.00 -665.59
v -1171.63 0.00 -667.22
v -1164.74 0.00 -668.45
v -1237.26 0.00 -656.20
v -1244.18 0.00 -655.16
v -1236.72 0.00 -652.61
v -1243.62 0.00 -651.41
v -1228.00 0.00 -608.60
v -1234.87 0.00 -607.27
v -1219.75 0.00 -564.69
v -1226.64 0.00 -563.43
v -1212.12 0.00 -521.62
v -1219.01 0.00 -520.39
v -1205.18 0.00 -483.18
v -1212.07 0.00 -481.91
v -1198.57 0.00 -448.20
v -1205.47 0.00 -447.01
v -1192.61 0.00 -409.68
v -1199.53 0.00 -408.59
v -1186.30 0.00 -370.46
v -1193.19 0.00 -369.24
v -1178.84 0.00 -331.58
v -1185.73 0.00 -330.33
v -1172.12 0.00 -292.26
v -1179.02 0.00 -291.08
f 9248 9250 9249 9247
f 9250 9252 9251 9249
f 9252 9254 9253 9251
f 9254 9256 9255 9253
f 9256 9258 9257 9255
f 9260 9262 9261 9259
f 9262 9264 9263 9261
f 9266 9268 9267 9265
f 9268 9270 9269 9267
f 9270 9272 9271 9269
f 9272 9274 9273 9271
f 9276 9278 9277 9275
f 9278 9280 9279 9277
f 9280 9282 9281 9279
f 9282 9284 9283 9281
f 9284 9286 9285 9283
f 9288 9290 9289 9287
f 9290 9292 9291 9289
f 9292 9294 9293 9291
f 9294 9296 9295 9293
f 9296 9298 9297 9295
f 9300 9302 9301 9299
f 9302 9304 9303 9301
f 9304 9306 9305 9303
f 9306 9308 9307 9305
f 9308 9310 9309 9307
f 9310 9312 9311 9309
f 9312 9314 9313 9311
f 9314 9316 9315 9313
f 9316 9318 9317 9315
f 9318 9320 9319 9317
f 9322 9324 9323 9321
f 9324 9326 9325 9323
f 9326 9328 9327 9325
f 9328 9330 9329 9327
f 9330 9332 9331 9329
f 9332 9334 9333 9331
f 9334 9336 9335 9333
f 9336 9338 9337 9335
f 9338 9340 9339 9337
f 9340 9342 9341 9339
o Roads_+4_-3
v -886.83 0.00 -535.55
v -888.05 0.00 -542.44
v -990.34 0.00 -517.16
v -991.60 0.00 -524.05
v -1024.40 0.00 -510.79
v -1025.42 0.00 -517.72
v -1057.47 0.00 -507.22
v -1058.52 0.00 -514.15
v -1137.46 0.00 -491.49
v -1138.74 0.00 -498.37
v -1207.99 0.00 -479.10
v -1209.27 0.00 -485.99
v -1293.25 0.00 -462.33
v -1294.61 0.00 -469.19
v -1378.09 0.00 -546.55
v -1377.65 0.00 -539.57
v -1309.15 0.00 -550.97
v -1308.26 0.00 -544.02
v -1223.84 0.00 -567.50
v -1222.56 0.00 -560.62
v -1153.28 0.00 -580.19
v -1152.14 0.00 -573.28
v -1069.35 0.00 -592.95
v -1068.36 0.00 -586.02
v -1047.06 0.00 -595.91
v -1046.13 0.00 -588.98
v -900.46 0.00 -615.84
v -899.51 0.00 -608.90
v -1232.05 0.00 -611.38
v -1230.83 0.00 -604.49
v -1160.92 0.00 -623.99
v -1159.70 0.00 -617.09
v -1300.98 0.00 -507.84
v -1299.63 0.00 -500.97
v -1279.56 0.00 -512.03
v -1278.22 0.00 -505.16
v -1216.21 0.00 -524.44
v -1214.91 0.00 -517.56
v -1146.48 0.00 -537.24
v -1145.23 0.00 -530.35
v -1064.43 0.00 -551.87
v -1062.93 0.00 -545.03
v -1042.49 0.00 -557.56
v -1041.04 0.00 -550.70
v -895.68 0.00 -581.83
v -894.54 0.00 -574.93
v -1048.19 0.00 -625.94
v -1055.11 0.00 -624.89
v -1043.35 0.00 -594.11
v -1050.25 0.00 -592.93
v -1043.13 0.00 -592.99
v -1050.05 0.00 -591.90
v -1038.29 0.00 -554.57
v -1045.24 0.00 -553.69
v -1055.10 0.00 -624.79
v -1048.21 0.00 -626.05
v -1058.04 0.00 -640.87
v -1051.13 0.00 -642.03
v -1064.92 0.00 -685.26
v -1058.00 0.00 -686.37
v -1067.34 0.00 -699.95
v -1060.43 0.00 -701.09
v -1160.99 0.00 -623.97
v -1159.63 0.00 -617.11
v -1055.26 0.00 -644.88
v -1053.91 0.00 -638.02
v -1060.22 0.00 -548.97
v -1067.14 0.00 -547.93
v -1054.55 0.00 -511.31
v -1061.44 0.00 -510.06
v -1046.71 0.00 -474.63
v -1053.56 0.00 -473.17
v -1092.43 0.00 -695.69
v -1085.56 0.00 -697.03
v -1099.51 0.00 -731.92
v -1092.65 0.00 -733.34
v -1101.77 0.00 -742.26
v -1094.93 0.00 -743.76
v -1102.22 0.00 -744.31
v -1095.38 0.00 -745.81
v -1106.67 0.00 -764.64
v -1099.82 0.00 -766.08
v -1111.03 0.00 -786.18
v -1104.17 0.00 -787.56
v -1111.16 0.00 -786.85
v -1104.30 0.00 -788.22
v -1167.81 0.00 -680.31
v -1166.37 0.00 -672.45
v -1116.20 0.00 -689.81
v -1114.68 0.00 -681.95
v -1100.24 0.00 -693.03
v -1098.44 0.00 -685.23
v -1089.37 0.00 -695.85
v -1087.09 0.00 -688.17
v -1080.00 0.00 -698.98
v -1077.24 0.00 -691.46
v -1067.99 0.00 -703.80
v -1065.01 0.00 -696.38
f 9344 9346 9345 9343
f 9346 9348 9347 9345
f 9348 9350 9349 9347
f 9350 9352 9351 9349
f 9352 9354 9353 9351
f 9354 9356 9355 9353
f 9358 9360 9359 9357
f 9360 9362 9361 9359
f 9362 9364 9363 9361
f 9364 9366 9365 9363
f 9366 9368 9367 9365
f 9368 9370 9369 9367
f 9372 9374 9373 9371
f 9376 9378 9377 9375
f 9378 9380 9379 9377
f 9380 9382 9381 9379
f 9382 9384 9383 9381
f 9384 9386 9385 9383
f 9386 9388 9387 9385
f 9390 9392 9391 9389
f 9392 9394 9393 9391
f 9394 9396 9395 9393
f 9398 9400 9399 9397
f 9400 9402 9401 9399
f 9402 9404 9403 9401
f 9406 9408 9407 9405
f 9410 9412 9411 9409
f 9412 9414 9413 9411
f 9416 9418 9417 9415
f 9418 9420 9419 9417
f 9420 9422 9421 9419
f 9422 9424 9423 9421
f 9424 9426 9425 9423
f 9426 9428 9427 9425
f 9430 9432 9431 9429
f 9432 9434 9433 9431
f 9434 9436 9435 9433
f 9436 9438 9437 9435
f 9438 9440 9439 9437
o Roads_+4_-4
v -1234.65 0.00 -1062.64
v -1241.34 0.00 -1060.60
v -1218.99 0.00 -1011.05
v -1225.82 0.00 -1009.47
v -1217.34 0.00 -1000.83
v -1224.23 0.00 -999.52
v -1212.13 0.00 -976.90
v -1218.99 0.00 -975.51
v -1207.77 0.00 -953.72
v -1214.65 0.00 -952.42
v -1203.17 0.00 -929.20
v -1210.05 0.00 -927.91
v -1198.87 0.00 -906.03
v -1206.59 0.00 -909.28
v -1200.85 0.00 -904.71
v -1208.71 0.00 -907.87
v -1195.73 0.00 -881.33
v -1202.56 0.00 -879.83
v -1192.47 0.00 -866.44
v -1199.31 0.00 -864.95
v -1191.70 0.00 -862.92
v -1198.54 0.00 -861.43
v -1186.79 0.00 -840.40
v -1193.62 0.00 -838.91
v -1182.34 0.00 -820.05
v -1189.17 0.00 -818.55
v -1188.79 0.00 -821.04
v -1182.72 0.00 -817.55
v -1187.24 0.00 -823.73
v -1182.37 0.00 -818.16
v -1183.51 0.00 -825.25
v -1181.26 0.00 -818.61
v -1169.49 0.00 -829.12
v -1167.68 0.00 -822.35
v -1159.87 0.00 -831.60
v -1158.12 0.00 -824.82
v -1151.03 0.00 -833.87
v -1149.28 0.00 -827.09
v -1137.72 0.00 -837.35
v -1135.95 0.00 -830.57
v -1115.15 0.00 -843.25
v -1113.18 0.00 -836.53
v -1104.66 0.00 -846.66
v -1102.49 0.00 -840.01
v -933.15 0.00 -874.22
v -934.77 0.00 -881.03
v -1004.19 0.00 -857.30
v -1005.80 0.00 -864.11
v -1086.61 0.00 -838.14
v -1088.20 0.00 -844.95
v -942.67 0.00 -912.35
v -944.00 0.00 -919.22
v -984.21 0.00 -904.32
v -985.74 0.00 -911.15
v -1003.48 0.00 -899.40
v -1005.26 0.00 -906.17
v -1013.88 0.00 -896.58
v -1015.60 0.00 -903.37
v -1066.78 0.00 -884.01
v -1068.50 0.00 -890.79
v -1101.51 0.00 -874.58
v -1103.34 0.00 -881.34
v -1045.74 0.00 -702.57
v -1039.39 0.00 -705.52
v -1051.71 0.00 -715.42
v -1045.33 0.00 -718.30
v -1057.66 0.00 -728.94
v -1051.27 0.00 -731.81
v -1064.52 0.00 -743.85
v -1058.09 0.00 -746.62
v -1068.19 0.00 -752.91
v -1061.70 0.00 -755.54
v -1072.63 0.00 -763.91
v -1066.17 0.00 -766.62
v -1084.82 0.00 -791.89
v -1078.40 0.00 -794.69
v -1092.61 0.00 -809.81
v -1086.19 0.00 -812.60
v -1104.34 0.00 -836.75
v -1097.92 0.00 -839.55
v -1135.71 0.00 -922.09
v -1137.53 0.00 -928.85
v -1154.21 0.00 -917.10
v -1156.03 0.00 -923.86
v -1175.96 0.00 -911.24
v -1177.79 0.00 -918.00
v -1179.15 0.00 -910.38
v -1180.97 0.00 -917.14
v -1201.82 0.00 -904.28
v -1203.64 0.00 -911.04
v -1104.30 0.00 -836.66
v -1097.97 0.00 -839.64
v -1106.78 0.00 -841.92
v -1100.38 0.00 -844.76
v -1113.15 0.00 -857.26
v -1106.69 0.00 -859.95
v -1114.96 0.00 -861.60
v -1108.47 0.00 -864.22
v -1119.47 0.00 -873.19
v -1112.96 0.00 -875.76
v -1123.20 0.00 -882.52
v -1116.70 0.00 -885.12
v -1130.87 0.00 -901.67
v -1124.37 0.00 -904.27
v -1139.81 0.00 -924.01
v -1133.44 0.00 -926.94
v -1149.30 0.00 -942.18
v -1143.00 0.00 -945.25
v -1160.57 0.00 -967.05
v -1154.14 0.00 -969.83
v -1168.88 0.00 -987.30
v -1162.43 0.00 -990.03
v -1178.50 0.00 -1009.47
v -1172.10 0.00 -1012.31
v -1204.82 0.00 -1067.77
v -1198.44 0.00 -1070.65
v -1182.35 0.00 -820.09
v -1189.16 0.00 -818.50
v -1177.17 0.00 -797.85
v -1183.99 0.00 -796.27
v -1171.97 0.00 -775.45
v -1178.79 0.00 -773.85
v -1171.65 0.00 -774.10
v -1178.41 0.00 -772.28
v -1165.61 0.00 -754.06
v -1172.37 0.00 -752.23
v -1160.22 0.00 -731.76
v -1167.03 0.00 -730.12
v -1149.20 0.00 -686.22
v -1156.00 0.00 -684.57
v -1099.19 0.00 -879.29
v -1105.66 0.00 -876.62
v -1084.19 0.00 -842.94
v -1090.62 0.00 -840.15
v -1067.39 0.00 -806.05
v -1073.80 0.00 -803.22
v -1052.28 0.00 -770.65
v -1058.74 0.00 -767.94
v -1045.31 0.00 -753.68
v -1051.78 0.00 -751.02
v -1108.69 0.00 -899.14
v -1115.00 0.00 -896.12
v -1099.27 0.00 -879.47
v -1105.58 0.00 -876.45
v -1109.51 0.00 -789.80
v -1105.69 0.00 -783.94
v -1107.11 0.00 -791.37
v -1104.36 0.00 -784.80
v -1082.35 0.00 -796.71
v -1080.87 0.00 -789.87
v -1071.06 0.00 -886.66
v -1064.22 0.00 -888.14
v -1077.39 0.00 -915.85
v -1070.50 0.00 -917.13
v -1078.88 0.00 -925.47
v -1072.29 0.00 -928.68
v -1080.59 0.00 -927.30
v -1077.69 0.00 -934.44
v -1084.59 0.00 -927.11
v -1085.15 0.00 -934.09
v -1092.81 0.00 -926.17
v -1091.15 0.00 -933.40
v -1097.80 0.00 -929.32
v -1092.17 0.00 -934.05
v -1100.83 0.00 -936.70
v -1094.04 0.00 -938.61
v -1105.76 0.00 -967.56
v -1098.85 0.00 -968.66
v -1156.43 0.00 -965.06
v -1158.28 0.00 -971.82
v -1191.55 0.00 -955.48
v -1193.40 0.00 -962.23
v -1145.45 0.00 -941.32
v -1146.86 0.00 -946.11
v -1177.53 0.00 -931.91
v -1178.81 0.00 -936.75
v -1181.55 0.00 -930.97
v -1182.61 0.00 -935.85
v -1183.37 0.00 -930.60
v -1184.35 0.00 -935.51
v -1206.12 0.00 -926.10
v -1207.09 0.00 -931.01
v -1216.17 0.00 -978.63
v -1214.95 0.00 -973.78
v -1199.39 0.00 -982.82
v -1198.18 0.00 -977.97
v -1166.26 0.00 -991.09
v -1165.05 0.00 -986.24
v -1200.15 0.00 -883.93
v -1198.14 0.00 -877.23
v -1174.58 0.00 -891.58
v -1172.51 0.00 -884.90
v -1150.16 0.00 -899.41
v -1148.03 0.00 -892.75
v -1128.69 0.00 -906.30
v -1126.55 0.00 -899.64
v -1258.64 0.00 -948.88
v -1257.51 0.00 -941.98
v -1211.78 0.00 -956.52
v -1210.65 0.00 -949.62
v -1212.24 0.00 -956.41
v -1210.18 0.00 -949.73
v -1193.51 0.00 -962.20
v -1191.44 0.00 -955.51
v -960.74 0.00 -988.52
v -961.91 0.00 -995.42
v -1101.72 0.00 -964.66
v -1102.89 0.00 -971.56
v -1138.11 0.00 -958.85
v -1147.45 0.00 -963.66
v -1108.70 0.00 -899.16
v -1114.99 0.00 -896.10
v -1109.12 0.00 -855.20
v -1110.72 0.00 -862.01
v -1126.17 0.00 -851.18
v -1127.78 0.00 -857.99
v -1189.40 0.00 -836.25
v -1191.01 0.00 -843.06
v -1118.98 0.00 -880.45
v -1120.92 0.00 -887.18
v -1131.10 0.00 -876.96
v -1133.04 0.00 -883.69
v -1194.16 0.00 -858.82
v -1196.09 0.00 -865.54
f 9442 9444 9443 9441
f 9444 9446 9445 9443
f 9446 9448 9447 9445
f 9448 9450 9449 9447
f 9450 9452 9451 9449
f 9452 9454 9453 9451
f 9454 9456 9455 9453
f 9456 9458 9457 9455
f 9458 9460 9459 9457
f 9460 9462 9461 9459
f 9462 9464 9463 9461
f 9464 9466 9465 9463
f 9468 9470 9469 9467
f 9470 9472 9471 9469
f 9472 9474 9473 9471
f 9474 9476 9475 9473
f 9476 9478 9477 9475
f 9478 9480 9479 9477
f 9480 9482 9481 9479
f 9482 9484 9483 9481
f 9486 9488 9487 9485
f 9488 9490 9489 9487
f 9492 9494 9493 9491
f 9494 9496 9495 9493
f 9496 9498 9497 9495
f 9498 9500 9499 9497
f 9500 9502 9501 9499
f 9504 9506 9505 9503
f 9506 9508 9507 9505
f 9508 9510 9509 9507
f 9510 9512 9511 9509
f 9512 9514 9513 9511
f 9514 9516 9515 9513
f 9516 9518 9517 9515
f 9518 9520 9519 9517
f 9522 9524 9523 9521
f 9524 9526 9525 9523
f 9526 9528 9527 9525
f 9528 9530 9529 9527
f 9532 9534 9533 9531
f 9534 9536 9535 9533
f 9536 9538 9537 9535
f 9538 9540 9539 9537
f 9540 9542 9541 9539
f 9542 9544 9543 9541
f 9544 9546 9545 9543
f 9546 9548 9547 9545
f 9548 9550 9549 9547
f 9550 9552 9551 9549
f 9552 9554 9553 9551
f 9554 9556 9555 9553
f 9558 9560 9559 9557
f 9560 9562 9561 9559
f 9562 9564 9563 9561
f 9564 9566 9565 9563
f 9566 9568 9567 9565
f 9568 9570 9569 9567
f 9572 9574 9573 9571
f 9574 9576 9575 9573
f 9576 9578 9577 9575
f 9578 9580 9579 9577
f 9582 9584 9583 9581
f 9586 9588 9587 9585
f 9588 9590 9589 9587
f 9592 9594 9593 9591
f 9594 9596 9595 9593
f 9596 9598 9597 9595
f 9598 9600 9599 9597
f 9600 9602 9601 9599
f 9602 9604 9603 9601
f 9604 9606 9605 9603
f 9606 9608 9607 9605
f 9610 9612 9611 9609
f 9614 9616 9615 9613
f 9616 9618 9617 9615
f 9618 9620 9619 9617
f 9620 9622 9621 9619
f 9624 9626 9625 9623
f 9626 9628 9627 9625
f 9630 9632 9631 9629
f 9632 9634 9633 9631
f 9634 9636 9635 9633
f 9638 9640 9639 9637
f 9642 9644 9643 9641
f 9646 9648 9647 9645
f 9648 9650 9649 9647
f 9650 9652 9651 9649
f 9654 9656 9655 9653
f 9656 9658 9657 9655
f 9660 9662 9661 9659
f 9662 9664 9663 9661
o Roads_+4_-5
v -686.72 0.00 -1184.29
v -689.58 0.00 -1195.95
v -750.53 0.00 -1168.58
v -753.33 0.00 -1180.26
v -863.65 0.00 -1142.29
v -866.45 0.00 -1153.95
v -890.19 0.00 -1135.68
v -893.17 0.00 -1147.30
v -925.57 0.00 -1126.30
v -928.53 0.00 -1137.94
v -945.70 0.00 -1121.40
v -948.48 0.00 -1133.08
v -1039.48 0.00 -1099.62
v -1042.16 0.00 -1111.32
v -1166.37 0.00 -1070.94
v -1168.99 0.00 -1082.66
v -1231.89 0.00 -1056.53
v -1234.67 0.00 -1068.21
v -1255.01 0.00 -1050.63
v -1258.13 0.00 -1062.21
v -1304.09 0.00 -1036.67
v -1307.21 0.00 -1048.25
v -1319.17 0.00 -1032.82
v -1321.93 0.00 -1044.50
v -1373.46 0.00 -1021.06
v -1375.96 0.00 -1032.80
v -1408.22 0.00 -1013.84
v -1410.78 0.00 -1025.56
v -1425.86 0.00 -1009.78
v -1428.54 0.00 -1021.48
v -968.16 0.00 -1229.64
v -969.65 0.00 -1236.47
v -1004.43 0.00 -1221.69
v -1005.93 0.00 -1228.52
v -1005.50 0.00 -1180.26
v -1007.15 0.00 -1187.06
v -1029.90 0.00 -1174.34
v -1031.55 0.00 -1181.15
v -1004.34 0.00 -1221.71
v -1006.02 0.00 -1228.50
v -1038.53 0.00 -1213.27
v -1040.21 0.00 -1220.07
v -1052.30 0.00 -1273.98
v -1053.67 0.00 -1280.85
v -1118.62 0.00 -1260.77
v -1120.20 0.00 -1267.59
v -1195.65 0.00 -1240.40
v -1197.08 0.00 -1247.27
v -1222.96 0.00 -1236.19
v -1224.21 0.00 -1243.08
v -1239.99 0.00 -1232.60
v -1241.77 0.00 -1239.37
v -1263.88 0.00 -1225.06
v -1265.98 0.00 -1231.74
v -1039.24 0.00 -1218.16
v -1040.91 0.00 -1224.95
v -1136.83 0.00 -1194.16
v -1138.51 0.00 -1200.96
v -1027.26 0.00 -1161.65
v -1029.16 0.00 -1168.39
v -1087.11 0.00 -1144.71
v -1089.03 0.00 -1151.44
v -1122.68 0.00 -1134.44
v -1124.37 0.00 -1141.24
v -1159.05 0.00 -1126.86
v -1160.73 0.00 -1133.67
v -1167.22 0.00 -1124.54
v -1169.14 0.00 -1131.28
v -1177.77 0.00 -1121.55
v -1179.68 0.00 -1128.28
v -1033.32 0.00 -1190.45
v -1035.11 0.00 -1197.22
v -1114.73 0.00 -1168.92
v -1116.52 0.00 -1175.69
v -1046.34 0.00 -1247.99
v -1048.05 0.00 -1254.78
v -1107.98 0.00 -1232.50
v -1109.58 0.00 -1239.32
v -1188.48 0.00 -1215.04
v -1189.96 0.00 -1221.88
v -1160.92 0.00 -1078.32
v -1154.08 0.00 -1079.82
v -1171.58 0.00 -1127.09
v -1164.78 0.00 -1128.73
v -1185.40 0.00 -1179.60
v -1178.63 0.00 -1181.39
v -1195.36 0.00 -1217.05
v -1188.51 0.00 -1218.54
v -1199.82 0.00 -1243.25
v -1192.92 0.00 -1244.42
v -1174.72 0.00 -1008.46
v -1175.87 0.00 -1013.32
v -1220.21 0.00 -997.74
v -1221.36 0.00 -1002.61
f 9666 9668 9667 9665
f 9668 9670 9669 9667
f 9670 9672 9671 9669
f 9672 9674 9673 9671
f 9674 9676 9675 9673
f 9676 9678 9677 9675
f 9678 9680 9679 9677
f 9680 9682 9681 9679
f 9682 9684 9683 9681
f 9684 9686 9685 9683
f 9686 9688 9687 9685
f 9688 9690 9689 9687
f 9690 9692 9691 9689
f 9692 9694 9693 9691
f 9696 9698 9697 9695
f 9700 9702 9701 9699
f 9704 9706 9705 9703
f 9708 9710 9709 9707
f 9710 9712 9711 9709
f 9712 9714 9713 9711
f 9714 9716 9715 9713
f 9716 9718 9717 9715
f 9720 9722 9721 9719
f 9724 9726 9725 9723
f 9726 9728 9727 9725
f 9728 9730 9729 9727
f 9730 9732 9731 9729
f 9732 9734 9733 9731
f 9736 9738 9737 9735
f 9740 9742 9741 9739
f 9742 9744 9743 9741
f 9746 9748 9747 9745
f 9748 9750 9749 9747
f 9750 9752 9751 9749
f 9752 9754 9753 9751
f 9756 9758 9757 9755
o Roads_+4_-6
v -1084.26 0.00 -1405.54
v -1082.54 0.00 -1398.75
v -1005.42 0.00 -1425.54
v -1005.08 0.00 -1418.40
v -1000.65 0.00 -1424.81
v -1002.76 0.00 -1418.05
v -987.04 0.00 -1418.16
v -990.12 0.00 -1411.87
v -1102.50 0.00 -1478.49
v -1104.19 0.00 -1485.29
v -1193.22 0.00 -1455.90
v -1187.39 0.00 -1464.56
v -1195.69 0.00 -1473.04
v -1188.76 0.00 -1474.04
v -1030.15 0.00 -1257.32
v -1031.77 0.00 -1264.12
v -1047.62 0.00 -1253.15
v -1049.25 0.00 -1259.96
v -1014.95 0.00 -1300.94
v -1016.63 0.00 -1307.74
v -1055.74 0.00 -1290.83
v -1057.42 0.00 -1297.62
v -978.79 0.00 -1338.84
v -980.42 0.00 -1345.65
v -1062.39 0.00 -1318.77
v -1064.03 0.00 -1325.58
v -1094.76 0.00 -1446.86
v -1092.96 0.00 -1440.09
v -1019.77 0.00 -1466.82
v -1018.36 0.00 -1459.95
v -1012.23 0.00 -1467.91
v -1011.22 0.00 -1460.98
v -1007.28 0.00 -1500.62
v -1008.86 0.00 -1507.44
v -1102.55 0.00 -1478.48
v -1104.13 0.00 -1485.30
v -926.05 0.00 -1468.19
v -927.56 0.00 -1475.02
v -993.04 0.00 -1453.36
v -993.65 0.00 -1460.40
v -1002.91 0.00 -1453.81
v -999.95 0.00 -1460.68
v -1008.95 0.00 -1459.64
v -1005.12 0.00 -1465.68
v -1012.97 0.00 -1461.17
v -1010.48 0.00 -1467.71
v -1068.70 0.00 -1344.27
v -1070.43 0.00 -1351.06
v -1155.02 0.00 -1322.15
v -1156.87 0.00 -1328.90
v -1161.00 0.00 -1320.41
v -1162.95 0.00 -1327.13
v -1197.66 0.00 -1309.86
v -1199.59 0.00 -1316.58
v -1164.85 0.00 -1369.59
v -1171.59 0.00 -1367.67
v -1152.58 0.00 -1326.49
v -1159.31 0.00 -1324.57
v -1193.15 0.00 -1476.92
v -1191.29 0.00 -1470.17
v -1108.04 0.00 -1500.30
v -1106.18 0.00 -1493.55
v -1186.84 0.00 -1460.71
v -1193.77 0.00 -1459.75
v -1184.45 0.00 -1443.48
v -1191.38 0.00 -1442.52
v -1181.84 0.00 -1424.71
v -1188.69 0.00 -1423.17
v -1179.41 0.00 -1417.00
v -1186.09 0.00 -1414.89
v -1177.06 0.00 -1409.53
v -1183.74 0.00 -1407.45
v -1164.87 0.00 -1369.65
v -1171.57 0.00 -1367.61
v -1191.09 0.00 -1470.23
v -1193.35 0.00 -1476.86
v -1247.25 0.00 -1451.09
v -1249.51 0.00 -1457.71
v -1094.31 0.00 -1446.03
v -1096.22 0.00 -1452.76
v -1184.31 0.00 -1420.57
v -1186.22 0.00 -1427.31
v -1019.67 0.00 -1110.27
v -1012.84 0.00 -1111.78
v -1031.64 0.00 -1164.30
v -1024.79 0.00 -1165.74
v -1034.15 0.00 -1177.04
v -1027.30 0.00 -1178.46
v -1037.64 0.00 -1193.08
v -1030.80 0.00 -1194.59
v -1042.82 0.00 -1216.03
v -1035.93 0.00 -1217.30
v -1043.52 0.00 -1220.90
v -1036.63 0.00 -1222.21
v -1050.60 0.00 -1250.57
v -1043.79 0.00 -1252.20
v -1051.85 0.00 -1255.77
v -1045.02 0.00 -1257.33
v -1056.41 0.00 -1276.68
v -1049.57 0.00 -1278.16
v -1059.99 0.00 -1293.44
v -1053.17 0.00 -1295.01
v -1063.30 0.00 -1306.73
v -1056.49 0.00 -1308.35
v -1066.62 0.00 -1321.37
v -1059.81 0.00 -1322.99
v -1072.96 0.00 -1346.80
v -1066.17 0.00 -1348.52
v -1076.88 0.00 -1362.01
v -1070.09 0.00 -1363.74
v -1083.82 0.00 -1389.54
v -1077.04 0.00 -1391.26
v -1086.80 0.00 -1401.28
v -1080.01 0.00 -1403.01
v -1094.74 0.00 -1432.34
v -1087.95 0.00 -1434.04
v -1097.26 0.00 -1442.66
v -1090.46 0.00 -1444.30
v -1098.67 0.00 -1448.57
v -1091.87 0.00 -1450.22
v -1106.74 0.00 -1481.04
v -1099.95 0.00 -1482.74
v -1110.52 0.00 -1496.13
v -1103.70 0.00 -1497.72
v -1116.35 0.00 -1523.13
v -1109.50 0.00 -1524.60
v -1090.41 0.00 -1429.82
v -1092.28 0.00 -1436.57
v -1179.46 0.00 -1405.12
v -1181.33 0.00 -1411.86
v -1079.59 0.00 -1387.00
v -1081.27 0.00 -1393.80
v -1167.38 0.00 -1365.23
v -1169.06 0.00 -1372.03
v -1059.07 0.00 -1304.14
v -1060.71 0.00 -1310.94
v -1090.52 0.00 -1296.55
v -1092.15 0.00 -1303.36
v -1120.42 0.00 -1289.42
v -1122.05 0.00 -1296.22
v -1151.49 0.00 -1282.02
v -1153.11 0.00 -1288.83
v -1183.07 0.00 -1274.50
v -1184.69 0.00 -1281.31
v -1155.70 0.00 -1284.57
v -1148.91 0.00 -1286.28
v -1165.37 0.00 -1322.91
v -1158.58 0.00 -1324.63
v -1186.82 0.00 -1439.68
v -1189.01 0.00 -1446.33
v -1235.10 0.00 -1423.72
v -1237.30 0.00 -1430.37
v -1181.58 0.00 -1412.65
v -1183.92 0.00 -1419.24
v -1226.32 0.00 -1396.79
v -1228.65 0.00 -1403.39
f 9760 9762 9761 9759
f 9762 9764 9763 9761
f 9764 9766 9765 9763
f 9768 9770 9769 9767
f 9770 9772 9771 9769
f 9774 9776 9775 9773
f 9778 9780 9779 9777
f 9782 9784 9783 9781
f 9786 9788 9787 9785
f 9788 9790 9789 9787
f 9792 9794 9793 9791
f 9796 9798 9797 9795
f 9798 9800 9799 9797
f 9800 9802 9801 9799
f 9802 9804 9803 9801
f 9806 9808 9807 9805
f 9808 9810 9809 9807
f 9810 9812 9811 9809
f 9814 9816 9815 9813
f 9818 9820 9819 9817
f 9822 9824 9823 9821
f 9824 9826 9825 9823
f 9826 9828 9827 9825
f 9828 9830 9829 9827
f 9830 9832 9831 9829
f 9834 9836 9835 9833
f 9838 9840 9839 9837
f 9842 9844 9843 9841
f 9844 9846 9845 9843
f 9846 9848 9847 9845
f 9848 9850 9849 9847
f 9850 9852 9851 9849
f 9852 9854 9853 9851
f 9854 9856 9855 9853
f 9856 9858 9857 9855
f 9858 9860 9859 9857
f 9860 9862 9861 9859
f 9862 9864 9863 9861
f 9864 9866 9865 9863
f 9866 9868 9867 9865
f 9868 9870 9869 9867
f 9870 9872 9871 9869
f 9872 9874 9873 9871
f 9874 9876 9875 9873
f 9876 9878 9877 9875
f 9878 9880 9879 9877
f 9880 9882 9881 9879
f 9882 9884 9883 9881
f 9886 9888 9887 9885
f 9890 9892 9891 9889
f 9894 9896 9895 9893
f 9896 9898 9897 9895
f 9898 9900 9899 9897
f 9900 9902 9901 9899
f 9904 9906 9905 9903
f 9908 9910 9909 9907
f 9912 9914 9913 9911
o Roads_+4_-7
v -1071.61 0.00 -1615.52
v -1070.21 0.00 -1608.66
v -1026.59 0.00 -1624.72
v -1025.23 0.00 -1617.86
v -970.41 0.00 -1635.55
v -969.09 0.00 -1628.68
v -977.81 0.00 -1660.77
v -978.98 0.00 -1667.67
v -1080.74 0.00 -1643.24
v -1081.91 0.00 -1650.14
v -986.03 0.00 -1691.48
v -987.42 0.00 -1698.34
v -1033.10 0.00 -1681.88
v -1034.26 0.00 -1688.79
v -1087.87 0.00 -1674.48
v -1088.81 0.00 -1681.42
v -958.22 0.00 -1588.43
v -959.41 0.00 -1595.33
v -1019.88 0.00 -1577.78
v -1020.92 0.00 -1584.70
v -1059.77 0.00 -1572.63
v -1060.67 0.00 -1579.57
v -1083.24 0.00 -1655.85
v -1084.79 0.00 -1662.68
v -1143.50 0.00 -1642.17
v -1145.05 0.00 -1649.00
v -1050.82 0.00 -1536.00
v -1052.38 0.00 -1542.82
v -1112.54 0.00 -1521.92
v -1114.10 0.00 -1528.75
v -1198.31 0.00 -1499.69
v -1200.51 0.00 -1506.33
v -1207.41 0.00 -1496.68
v -1209.62 0.00 -1503.32
v -1256.43 0.00 -1480.30
v -1258.65 0.00 -1486.94
v -1276.87 0.00 -1549.64
v -1275.37 0.00 -1542.80
v -1214.05 0.00 -1563.35
v -1212.55 0.00 -1556.51
v -1115.49 0.00 -1531.85
v -1116.96 0.00 -1538.70
v -1202.04 0.00 -1513.34
v -1203.50 0.00 -1520.19
v -1136.46 0.00 -1614.54
v -1138.27 0.00 -1621.30
v -1151.34 0.00 -1610.56
v -1152.84 0.00 -1617.40
v -1210.20 0.00 -1600.39
v -1211.39 0.00 -1607.29
v -994.86 0.00 -1724.06
v -996.29 0.00 -1730.91
v -1013.11 0.00 -1720.23
v -1014.53 0.00 -1727.09
v -1092.62 0.00 -1704.01
v -1094.02 0.00 -1710.87
v -1089.87 0.00 -1708.02
v -1096.77 0.00 -1706.86
v -1084.91 0.00 -1678.64
v -1091.78 0.00 -1677.26
v -1080.60 0.00 -1660.02
v -1087.43 0.00 -1658.50
v -1077.94 0.00 -1647.57
v -1084.72 0.00 -1645.81
v -1070.51 0.00 -1623.21
v -1077.22 0.00 -1621.21
v -1067.55 0.00 -1613.08
v -1074.27 0.00 -1611.10
v -1056.83 0.00 -1577.00
v -1063.60 0.00 -1575.20
v -1048.19 0.00 -1540.21
v -1055.01 0.00 -1538.61
v -1214.23 0.00 -1603.19
v -1207.36 0.00 -1604.50
v -1221.57 0.00 -1641.71
v -1214.69 0.00 -1643.02
v -1195.62 0.00 -1472.71
v -1188.82 0.00 -1474.37
v -1202.81 0.00 -1502.18
v -1196.01 0.00 -1503.84
v -1206.17 0.00 -1515.93
v -1199.37 0.00 -1517.60
v -1208.27 0.00 -1524.52
v -1201.47 0.00 -1526.18
v -1209.25 0.00 -1528.53
v -1202.45 0.00 -1530.19
v -1216.70 0.00 -1559.10
v -1209.90 0.00 -1560.76
v -1147.68 0.00 -1644.75
v -1140.88 0.00 -1646.42
v -1151.18 0.00 -1659.03
v -1144.38 0.00 -1660.69
v -1172.11 0.00 -1654.77
v -1165.35 0.00 -1656.61
v -1176.79 0.00 -1672.02
v -1171.50 0.00 -1679.22
v -1204.01 0.00 -1671.03
v -1204.42 0.00 -1678.02
v -1210.22 0.00 -1670.51
v -1210.80 0.00 -1677.49
v -1230.85 0.00 -1668.80
v -1231.60 0.00 -1675.76
v -1283.51 0.00 -1661.80
v -1284.65 0.00 -1668.71
v -1289.84 0.00 -1660.56
v -1290.71 0.00 -1667.52
v -1309.55 0.00 -1659.46
v -1309.94 0.00 -1666.45
v -1175.11 0.00 -1678.98
v -1173.19 0.00 -1672.25
v -1139.23 0.00 -1689.23
v -1137.03 0.00 -1682.57
v -1127.56 0.00 -1693.63
v -1125.09 0.00 -1687.08
v -1135.64 0.00 -1611.19
v -1134.02 0.00 -1604.37
v -1074.67 0.00 -1625.61
v -1073.06 0.00 -1618.80
v -1213.95 0.00 -1673.38
v -1207.06 0.00 -1674.62
v -1217.86 0.00 -1695.14
v -1210.94 0.00 -1696.25
v -1219.36 0.00 -1705.58
v -1213.25 0.00 -1712.29
v -1241.67 0.00 -1706.66
v -1234.62 0.00 -1713.33
v -1241.55 0.00 -1723.67
v -1234.56 0.00 -1723.21
v -1239.86 0.00 -1737.39
v -1232.93 0.00 -1736.38
v -1237.77 0.00 -1749.75
v -1230.89 0.00 -1748.48
v -1235.13 0.00 -1762.95
v -1228.29 0.00 -1761.49
v -1231.82 0.00 -1777.45
v -1224.96 0.00 -1776.05
v -1228.46 0.00 -1796.21
v -1221.70 0.00 -1794.26
v -1226.80 0.00 -1800.35
v -1221.55 0.00 -1794.63
v -1221.86 0.00 -1801.86
v -1221.16 0.00 -1794.76
v -1193.84 0.00 -1799.00
v -1194.55 0.00 -1792.04
v -1205.33 0.00 -1561.71
v -1198.48 0.00 -1563.18
v -1214.22 0.00 -1603.11
v -1207.37 0.00 -1604.58
v -1126.84 0.00 -1575.40
v -1128.34 0.00 -1582.24
v -1168.68 0.00 -1566.18
v -1170.18 0.00 -1573.02
v -1201.15 0.00 -1559.03
v -1202.66 0.00 -1565.86
v -1212.55 0.00 -1556.52
v -1214.05 0.00 -1563.35
v -1116.30 0.00 -1522.95
v -1109.55 0.00 -1524.78
v -1116.69 0.00 -1524.39
v -1109.95 0.00 -1526.28
v -1118.04 0.00 -1529.04
v -1111.32 0.00 -1531.00
v -1119.60 0.00 -1534.34
v -1112.85 0.00 -1536.21
v -1130.98 0.00 -1577.95
v -1124.20 0.00 -1579.69
v -1138.22 0.00 -1606.93
v -1131.43 0.00 -1608.63
v -1140.76 0.00 -1617.07
v -1133.97 0.00 -1618.77
v -1147.67 0.00 -1644.74
v -1140.88 0.00 -1646.43
f 9916 9918 9917 9915
f 9918 9920 9919 9917
f 9922 9924 9923 9921
f 9926 9928 9927 9925
f 9928 9930 9929 9927
f 9932 9934 9933 9931
f 9934 9936 9935 9933
f 9938 9940 9939 9937
f 9942 9944 9943 9941
f 9946 9948 9947 9945
f 9948 9950 9949 9947
f 9952 9954 9953 9951
f 9956 9958 9957 9955
f 9960 9962 9961 9959
f 9962 9964 9963 9961
f 9966 9968 9967 9965
f 9968 9970 9969 9967
f 9972 9974 9973 9971
f 9974 9976 9975 9973
f 9976 9978 9977 9975
f 9978 9980 9979 9977
f 9980 9982 9981 9979
f 9982 9984 9983 9981
f 9984 9986 9985 9983
f 9988 9990 9989 9987
f 9992 9994 9993 9991
f 9994 9996 9995 9993
f 9996 9998 9997 9995
f 9998 10000 9999 9997
f 10000 10002 10001 9999
f 10004 10006 10005 10003
f 10008 10010 10009 10007
f 10010 10012 10011 10009
f 10012 10014 10013 10011
f 10014 10016 10015 10013
f 10016 10018 10017 10015
f 10018 10020 10019 10017
f 10020 10022 10021 10019
f 10024 10026 10025 10023
f 10026 10028 10027 10025
f 10030 10032 10031 10029
f 10034 10036 10035 10033
f 10036 10038 10037 10035
f 10038 10040 10039 10037
f 10040 10042 10041 10039
f 10042 10044 10043 10041
f 10044 10046 10045 10043
f 10046 10048 10047 10045
f 10048 10050 10049 10047
f 10050 10052 10051 10049
f 10052 10054 10053 10051
f 10054 10056 10055 10053
f 10056 10058 10057 10055
f 10060 10062 10061 10059
f 10064 10066 10065 10063
f 10066 10068 10067 10065
f 10068 10070 10069 10067
f 10072 10074 10073 10071
f 10074 10076 10075 10073
f 10076 10078 10077 10075
f 10078 10080 10079 10077
f 10080 10082 10081 10079
f 10082 10084 10083 10081
f 10084 10086 10085 10083
o Roads_+4_-8
v -979.86 0.00 -1942.18
v -981.60 0.00 -1948.96
v -1049.09 0.00 -1924.45
v -1050.83 0.00 -1931.23
v -1226.23 0.00 -1859.49
v -1233.06 0.00 -1860.99
v -1232.64 0.00 -1830.38
v -1239.52 0.00 -1831.70
v -1235.27 0.00 -1814.53
v -1242.18 0.00 -1815.68
v -1235.37 0.00 -1834.47
v -1236.79 0.00 -1827.61
v -1207.98 0.00 -1828.79
v -1209.43 0.00 -1821.94
v -1196.85 0.00 -1826.40
v -1198.55 0.00 -1819.60
v -1190.13 0.00 -1824.48
v -1192.01 0.00 -1817.74
v -1187.64 0.00 -1823.80
v -1189.49 0.00 -1817.05
v -1018.62 0.00 -1814.13
v -1020.03 0.00 -1820.99
v -1134.48 0.00 -1790.30
v -1135.89 0.00 -1797.16
v -1095.52 0.00 -2126.21
v -1105.19 0.00 -2123.66
v -1084.53 0.00 -2084.49
v -1094.20 0.00 -2081.94
v -1081.96 0.00 -2074.76
v -1091.71 0.00 -2072.52
v -1078.59 0.00 -2057.69
v -1088.38 0.00 -2055.66
v -1073.18 0.00 -2032.72
v -1082.86 0.00 -2030.15
v -1067.64 0.00 -2015.12
v -1077.34 0.00 -2012.63
v -1062.47 0.00 -1989.13
v -1072.22 0.00 -1986.93
v -1058.94 0.00 -1975.16
v -1068.56 0.00 -1972.44
v -1050.65 0.00 -1948.68
v -1060.23 0.00 -1945.83
v -1045.17 0.00 -1929.26
v -1054.75 0.00 -1926.41
v -1035.40 0.00 -1898.14
v -1045.01 0.00 -1895.37
v -1014.49 0.00 -1818.83
v -1024.16 0.00 -1816.29
v -990.74 0.00 -1728.76
v -1000.41 0.00 -1726.21
v -1161.45 0.00 -2040.52
v -1168.33 0.00 -2041.76
v -1163.28 0.00 -2030.32
v -1170.26 0.00 -2031.06
v -1163.71 0.00 -2017.01
v -1170.72 0.00 -2016.73
v -1162.94 0.00 -2010.11
v -1169.90 0.00 -2009.34
v -1158.81 0.00 -1972.82
v -1165.68 0.00 -1971.29
v -1155.95 0.00 -1964.48
v -1162.67 0.00 -1962.49
v -1145.98 0.00 -1924.70
v -1152.72 0.00 -1922.83
v -1136.07 0.00 -1892.05
v -1142.83 0.00 -1890.20
v -1133.04 0.00 -1879.63
v -1139.84 0.00 -1877.96
v -1066.44 0.00 -1984.65
v -1068.25 0.00 -1991.41
v -1158.41 0.00 -1960.10
v -1160.21 0.00 -1966.87
v -1054.59 0.00 -1943.86
v -1056.29 0.00 -1950.65
v -1148.50 0.00 -1920.37
v -1150.20 0.00 -1927.16
v -1245.60 0.00 -1828.34
v -1252.57 0.00 -1829.01
v -1246.38 0.00 -1820.18
v -1254.05 0.00 -1813.52
v -1247.62 0.00 -1820.24
v -1248.39 0.00 -1813.27
v -1238.12 0.00 -1818.55
v -1239.34 0.00 -1811.66
v -990.28 0.00 -1986.80
v -991.82 0.00 -1993.62
v -1062.98 0.00 -1970.39
v -1064.52 0.00 -1977.22
f 10088 10090 10089 10087
f 10092 10094 10093 10091
f 10094 10096 10095 10093
f 10098 10100 10099 10097
f 10100 10102 10101 10099
f 10102 10104 10103 10101
f 10104 10106 10105 10103
f 10108 10110 10109 10107
f 10112 10114 10113 10111
f 10114 10116 10115 10113
f 10116 10118 10117 10115
f 10118 10120 10119 10117
f 10120 10122 10121 10119
f 10122 10124 10123 10121
f 10124 10126 10125 10123
f 10126 10128 10127 10125
f 10128 10130 10129 10127
f 10130 10132 10131 10129
f 10132 10134 10133 10131
f 10134 10136 10135 10133
f 10138 10140 10139 10137
f 10140 10142 10141 10139
f 10142 10144 10143 10141
f 10144 10146 10145 10143
f 10146 10148 10147 10145
f 10148 10150 10149 10147
f 10150 10152 10151 10149
f 10152 10154 10153 10151
f 10156 10158 10157 10155
f 10160 10162 10161 10159
f 10164 10166 10165 10163
f 10166 10168 10167 10165
f 10168 10170 10169 10167
f 10172 10174 10173 10171
o Roads_+4_-9
v -947.49 0.00 -2245.42
v -949.22 0.00 -2252.20
v -988.44 0.00 -2234.95
v -989.94 0.00 -2241.79
v -1035.96 0.00 -2226.25
v -1035.55 0.00 -2233.44
v -1043.85 0.00 -2228.64
v -1041.82 0.00 -2235.34
v -1074.07 0.00 -2406.06
v -1096.30 0.00 -2417.49
v -1089.14 0.00 -2376.75
v -1111.17 0.00 -2388.59
v -1105.90 0.00 -2346.86
v -1127.85 0.00 -2358.84
v -1120.32 0.00 -2319.73
v -1142.27 0.00 -2331.72
v -1132.87 0.00 -2297.36
v -1154.61 0.00 -2309.72
v -1140.05 0.00 -2284.91
v -1161.81 0.00 -2297.23
v -1146.71 0.00 -2272.94
v -1168.61 0.00 -2284.99
v -1158.96 0.00 -2250.42
v -1180.90 0.00 -2262.39
v -1166.05 0.00 -2237.45
v -1188.07 0.00 -2249.29
v -1176.95 0.00 -2216.84
v -1198.92 0.00 -2228.79
v -1192.92 0.00 -2188.28
v -1214.56 0.00 -2200.80
v -1197.33 0.00 -2180.90
v -1219.02 0.00 -2193.34
v -1216.32 0.00 -2146.29
v -1237.94 0.00 -2158.87
v -1220.93 0.00 -2138.82
v -1241.82 0.00 -2152.56
v -1232.62 0.00 -2122.14
v -1253.96 0.00 -2135.25
v -1249.73 0.00 -2090.05
v -1271.72 0.00 -2101.94
v -1269.09 0.00 -2054.74
v -1290.97 0.00 -2066.82
v -1278.08 0.00 -2038.54
v -1299.94 0.00 -2050.68
v -1148.59 0.00 -2295.49
v -1153.27 0.00 -2286.65
v -1090.57 0.00 -2264.80
v -1095.30 0.00 -2255.99
v -1059.21 0.00 -2247.67
v -1063.83 0.00 -2238.80
v -1048.39 0.00 -2242.30
v -1053.62 0.00 -2233.73
v -1039.87 0.00 -2236.01
v -1045.80 0.00 -2227.97
v -1174.71 0.00 -2247.78
v -1179.41 0.00 -2238.95
v -1081.62 0.00 -2198.30
v -1086.31 0.00 -2189.47
v -1201.35 0.00 -2198.93
v -1206.13 0.00 -2190.15
v -1106.60 0.00 -2147.31
v -1111.39 0.00 -2138.53
v -1229.62 0.00 -2148.72
v -1233.13 0.00 -2142.66
v -1136.35 0.00 -2094.72
v -1139.86 0.00 -2088.67
v -1257.00 0.00 -2102.51
v -1264.45 0.00 -2089.49
v -1161.16 0.00 -2047.65
v -1168.62 0.00 -2034.63
v -1023.28 0.00 -2098.69
v -1013.53 0.00 -2100.93
v -1033.25 0.00 -2142.01
v -1023.50 0.00 -2144.26
v -1027.15 0.00 -2138.29
v -1029.60 0.00 -2147.98
v -1099.13 0.00 -2120.09
v -1101.58 0.00 -2129.78
v -1019.10 0.00 -2103.24
v -1017.71 0.00 -2096.38
v -1001.90 0.00 -2106.72
v -1000.51 0.00 -2099.86
v -924.34 0.00 -2119.76
v -926.24 0.00 -2126.50
v -999.86 0.00 -2098.37
v -1001.77 0.00 -2105.10
v -934.17 0.00 -2158.60
v -935.56 0.00 -2165.46
v -1027.68 0.00 -2139.70
v -1029.07 0.00 -2146.56
v -1037.08 0.00 -2179.08
v -1038.39 0.00 -2185.96
v -1093.89 0.00 -2168.26
v -1095.20 0.00 -2175.13
v -992.43 0.00 -2069.62
v -993.67 0.00 -2076.51
v -1082.86 0.00 -2053.23
v -1084.11 0.00 -2060.12
v -1040.27 0.00 -2229.61
v -1045.40 0.00 -2234.37
v -1052.20 0.00 -2216.73
v -1056.07 0.00 -2222.86
v -1064.16 0.00 -2213.00
v -1067.64 0.00 -2219.25
v -1072.74 0.00 -2205.60
v -1078.14 0.00 -2210.18
v -1080.88 0.00 -2192.22
v -1087.05 0.00 -2195.56
v -1091.46 0.00 -2170.03
v -1097.63 0.00 -2173.36
v -1095.26 0.00 -2163.79
v -1101.43 0.00 -2167.11
v -1105.89 0.00 -2141.29
v -1112.09 0.00 -2144.56
v -1116.44 0.00 -2123.21
v -1122.49 0.00 -2126.74
v -1033.28 0.00 -2142.15
v -1023.47 0.00 -2144.12
v -1036.63 0.00 -2158.75
v -1026.88 0.00 -2161.02
v -1042.57 0.00 -2181.24
v -1032.90 0.00 -2183.80
v -1041.09 0.00 -2181.53
v -1034.38 0.00 -2183.51
v -1050.00 0.00 -2211.61
v -1043.15 0.00 -2213.14
v -1051.63 0.00 -2222.23
v -1044.37 0.00 -2221.09
v -1045.97 0.00 -2233.56
v -1039.70 0.00 -2230.43
v -1017.61 0.00 -2096.40
v -1019.20 0.00 -2103.22
v -1088.56 0.00 -2079.81
v -1090.16 0.00 -2086.62
v -1077.18 0.00 -2028.03
v -1078.85 0.00 -2034.83
v -1165.58 0.00 -2006.33
v -1167.25 0.00 -2013.13
v -1118.57 0.00 -2128.36
v -1120.35 0.00 -2121.59
v -1110.45 0.00 -2126.23
v -1110.57 0.00 -2119.02
v -1101.14 0.00 -2128.35
v -1099.58 0.00 -2121.52
v -1086.08 0.00 -2070.22
v -1087.59 0.00 -2077.06
v -1154.96 0.00 -2055.04
v -1156.47 0.00 -2061.87
v -1116.41 0.00 -2123.27
v -1122.52 0.00 -2126.69
v -1135.03 0.00 -2090.02
v -1141.18 0.00 -2093.37
v -1152.62 0.00 -2056.82
v -1158.81 0.00 -2060.10
v -1161.80 0.00 -2039.50
v -1167.98 0.00 -2042.78
v -983.78 0.00 -2033.07
v -985.52 0.00 -2039.85
v -1071.62 0.00 -2010.48
v -1073.36 0.00 -2017.26
f 10176 10178 10177 10175
f 10178 10180 10179 10177
f 10180 10182 10181 10179
f 10184 10186 10185 10183
f 10186 10188 10187 10185
f 10188 10190 10189 10187
f 10190 10192 10191 10189
f 10192 10194 10193 10191
f 10194 10196 10195 10193
f 10196 10198 10197 10195
f 10198 10200 10199 10197
f 10200 10202 10201 10199
f 10202 10204 10203 10201
f 10204 10206 10205 10203
f 10206 10208 10207 10205
f 10208 10210 10209 10207
f 10210 10212 10211 10209
f 10212 10214 10213 10211
f 10214 10216 10215 10213
f 10216 10218 10217 10215
f 10220 10222 10221 10219
f 10222 10224 10223 10221
f 10224 10226 10225 10223
f 10226 10228 10227 10225
f 10230 10232 10231 10229
f 10234 10236 10235 10233
f 10238 10240 10239 10237
f 10242 10244 10243 10241
f 10246 10248 10247 10245
f 10250 10252 10251 10249
f 10254 10256 10255 10253
f 10258 10260 10259 10257
f 10262 10264 10263 10261
f 10266 10268 10267 10265
f 10270 10272 10271 10269
f 10274 10276 10275 10273
f 10276 10278 10277 10275
f 10278 10280 10279 10277
f 10280 10282 10281 10279
f 10282 10284 10283 10281
f 10284 10286 10285 10283
f 10286 10288 10287 10285
f 10288 10290 10289 10287
f 10292 10294 10293 10291
f 10294 10296 10295 10293
f 10298 10300 10299 10297
f 10300 10302 10301 10299
f 10302 10304 10303 10301
f 10306 10308 10307 10305
f 10310 10312 10311 10309
f 10314 10316 10315 10313
f 10316 10318 10317 10315
f 10320 10322 10321 10319
f 10324 10326 10325 10323
f 10326 10328 10327 10325
f 10328 10330 10329 10327
f 10332 10334 10333 10331
o Roads_+5_+0
v -1429.76 0.00 -560.99
v -1435.26 0.00 -552.05
v -1421.32 0.00 -555.80
v -1427.18 0.00 -547.08
v -1413.92 0.00 -550.39
v -1420.52 0.00 -542.21
v -1409.51 0.00 -546.46
v -1416.77 0.00 -538.86
v -1404.88 0.00 -541.71
v -1412.78 0.00 -534.77
v -1400.66 0.00 -536.39
v -1409.20 0.00 -530.27
v -1396.89 0.00 -530.56
v -1405.99 0.00 -525.30
v -1393.76 0.00 -524.44
v -1403.32 0.00 -520.08
v -1391.28 0.00 -518.28
v -1401.16 0.00 -514.72
v -1389.35 0.00 -512.18
v -1399.45 0.00 -509.32
v -1387.86 0.00 -506.27
v -1398.10 0.00 -503.93
v -1386.68 0.00 -500.56
v -1397.02 0.00 -498.68
v -1384.15 0.00 -484.58
v -1394.53 0.00 -483.06
v -1374.31 0.00 -412.10
v -1384.71 0.00 -410.68
v -1358.17 0.00 -295.68
v -1368.57 0.00 -294.28
v -1355.53 0.00 -275.35
v -1365.95 0.00 -274.11
v -1352.79 0.00 -249.93
v -1363.23 0.00 -248.85
v -1339.17 0.00 -112.85
v -1349.63 0.00 -111.95
v -1337.67 0.00 -92.19
v -1348.15 0.00 -91.51
v -1333.17 0.00 -14.54
v -1343.65 0.00 -13.88
v -1331.81 0.00 5.90
v -1342.27 0.00 6.72
v -1330.02 0.00 25.93
v -1340.48 0.00 26.91
v -1322.59 0.00 100.54
v -1333.03 0.00 101.76
v -1320.62 0.00 115.40
v -1331.00 0.00 117.02
v -1317.90 0.00 130.44
v -1328.20 0.00 132.48
v -1299.04 0.00 218.72
v -1309.32 0.00 220.84
v -1296.80 0.00 229.89
v -1307.12 0.00 231.81
v -1294.85 0.00 241.28
v -1305.25 0.00 242.80
v -1292.78 0.00 258.47
v -1303.24 0.00 259.49
v -1291.08 0.00 281.08
v -1301.56 0.00 281.78
v -1289.58 0.00 307.71
v -1300.06 0.00 308.25
v -1276.87 0.00 570.29
v -1287.35 0.00 570.91
v -1275.16 0.00 595.28
v -1285.62 0.00 596.08
v -1268.05 0.00 680.14
v -1278.51 0.00 680.96
v -1266.55 0.00 700.40
v -1277.03 0.00 701.04
v -1265.52 0.00 721.11
v -1276.00 0.00 721.59
v -1261.60 0.00 814.62
v -1272.08 0.00 815.18
v -1253.92 0.00 929.67
v -1264.38 0.00 930.51
v -1252.96 0.00 939.91
v -1263.40 0.00 941.07
v -1252.29 0.00 945.17
v -1262.67 0.00 946.77
v -1250.24 0.00 956.43
v -1260.52 0.00 958.61
v -1248.89 0.00 962.02
v -1259.03 0.00 964.80
v -1245.61 0.00 972.75
v -1255.53 0.00 976.21
v -1242.51 0.00 980.59
v -1252.15 0.00 984.79
v -1238.37 0.00 989.25
v -1247.83 0.00 993.79
v -1326.79 0.00 189.81
v -1318.55 0.00 183.29
v -1332.40 0.00 182.71
v -1323.64 0.00 176.85
v -1336.30 0.00 175.74
v -1326.78 0.00 171.24
v -1338.06 0.00 171.24
v -1328.16 0.00 167.70
v -1339.67 0.00 166.26
v -1329.55 0.00 163.46
v -1340.85 0.00 161.13
v -1330.55 0.00 159.09
v -1341.73 0.00 155.93
v -1331.29 0.00 154.67
v -1342.13 0.00 150.63
v -1331.63 0.00 150.15
v -1342.22 0.00 145.74
v -1331.70 0.00 146.20
v -1341.34 0.00 137.58
v -1330.98 0.00 139.36
v -1339.13 0.00 128.32
v -1328.91 0.00 130.76
v -1320.79 0.00 252.22
v -1297.01 0.00 248.94
v -1321.80 0.00 244.92
v -1298.02 0.00 241.64
v -1310.11 0.00 253.87
v -1307.69 0.00 247.30
v -1324.38 0.00 248.62
v -1321.97 0.00 242.05
f 10336 10338 10337 10335
f 10338 10340 10339 10337
f 10340 10342 10341 10339
f 10342 10344 10343 10341
f 10344 10346 10345 10343
f 10346 10348 10347 10345
f 10348 10350 10349 10347
f 10350 10352 10351 10349
f 10352 10354 10353 10351
f 10354 10356 10355 10353
f 10356 10358 10357 10355
f 10358 10360 10359 10357
f 10360 10362 10361 10359
f 10362 10364 10363 10361
f 10364 10366 10365 10363
f 10366 10368 10367 10365
f 10368 10370 10369 10367
f 10370 10372 10371 10369
f 10372 10374 10373 10371
f 10374 10376 10375 10373
f 10376 10378 10377 10375
f 10378 10380 10379 10377
f 10380 10382 10381 10379
f 10382 10384 10383 10381
f 10384 10386 10385 10383
f 10386 10388 10387 10385
f 10388 10390 10389 10387
f 10390 10392 10391 10389
f 10392 10394 10393 10391
f 10394 10396 10395 10393
f 10396 10398 10397 10395
f 10398 10400 10399 10397
f 10400 10402 10401 10399
f 10402 10404 10403 10401
f 10404 10406 10405 10403
f 10406 10408 10407 10405
f 10408 10410 10409 10407
f 10410 10412 10411 10409
f 10412 10414 10413 10411
f 10414 10416 10415 10413
f 10416 10418 10417 10415
f 10418 10420 10419 10417
f 10420 10422 10421 10419
f 10422 10424 10423 10421
f 10426 10428 10427 10425
f 10428 10430 10429 10427
f 10430 10432 10431 10429
f 10432 10434 10433 10431
f 10434 10436 10435 10433
f 10436 10438 10437 10435
f 10438 10440 10439 10437
f 10440 10442 10441 10439
f 10442 10444 10443 10441
f 10444 10446 10445 10443
f 10448 10450 10449 10447
f 10452 10454 10453 10451
o Roads_+5_+1
v -1309.37 0.00 246.74
v -1310.44 0.00 239.83
v -1322.64 0.00 248.79
v -1323.71 0.00 241.87
v -1483.62 0.00 273.56
v -1484.68 0.00 266.64
v -1496.23 0.00 275.49
v -1497.29 0.00 268.57
v -1597.99 0.00 291.16
v -1599.96 0.00 284.38
v -1605.19 0.00 294.30
v -1607.99 0.00 287.89
v -1401.36 0.00 442.74
v -1402.44 0.00 435.82
v -1457.38 0.00 451.53
v -1458.46 0.00 444.61
v -1543.14 0.00 464.97
v -1544.22 0.00 458.06
v -1287.46 0.00 233.80
v -1297.68 0.00 236.18
v -1282.28 0.00 256.12
v -1292.50 0.00 258.50
f 10456 10458 10457 10455
f 10458 10460 10459 10457
f 10460 10462 10461 10459
f 10462 10464 10463 10461
f 10464 10466 10465 10463
f 10468 10470 10469 10467
f 10470 10472 10471 10469
f 10474 10476 10475 10473
o Roads_+5_+3
v -1283.39 0.00 257.20
v -1291.39 0.00 257.42
v -1281.40 0.00 328.61
v -1289.40 0.00 328.81
v -1279.23 0.00 433.73
v -1287.23 0.00 433.97
v -1278.47 0.00 453.89
v -1286.47 0.00 454.23
v -1276.99 0.00 484.31
v -1284.97 0.00 484.81
v -1275.06 0.00 509.69
v -1283.04 0.00 510.37
v -1268.30 0.00 581.14
v -1276.28 0.00 581.80
v -1264.08 0.00 642.27
v -1272.06 0.00 642.89
v -1262.81 0.00 657.43
v -1270.77 0.00 658.23
v -1261.62 0.00 667.45
v -1269.56 0.00 668.51
v -1260.14 0.00 677.48
v -1268.04 0.00 678.72
v -1252.47 0.00 723.38
v -1260.39 0.00 724.54
v -1251.07 0.00 734.70
v -1259.03 0.00 735.48
v -1250.62 0.00 740.80
v -1258.62 0.00 741.22
v -1250.41 0.00 747.06
v -1258.41 0.00 747.18
v -1250.45 0.00 753.51
v -1258.45 0.00 753.25
v -1252.24 0.00 784.02
v -1260.24 0.00 783.70
v -1252.37 0.00 789.42
v -1260.37 0.00 789.38
v -1252.25 0.00 799.87
v -1260.25 0.00 800.13
v -1245.60 0.00 924.99
v -1253.58 0.00 925.45
v -1244.98 0.00 935.17
v -1252.96 0.00 935.77
v -1244.09 0.00 945.19
v -1252.03 0.00 946.15
v -1242.58 0.00 955.04
v -1250.44 0.00 956.52
v -1241.52 0.00 959.78
v -1249.26 0.00 961.78
v -1238.66 0.00 969.48
v -1246.26 0.00 971.96
v -1236.96 0.00 974.23
v -1244.42 0.00 977.11
v -1232.97 0.00 983.86
v -1240.27 0.00 987.16
v -1228.33 0.00 993.26
v -1235.37 0.00 997.08
v -1222.94 0.00 1002.32
v -1229.68 0.00 1006.62
v -1220.00 0.00 1006.63
v -1226.50 0.00 1011.29
v -1213.55 0.00 1015.21
v -1219.83 0.00 1020.17
v -1203.33 0.00 1027.52
v -1209.39 0.00 1032.74
v -1188.87 0.00 1043.79
v -1194.85 0.00 1049.11
v -1193.89 0.00 1049.89
v -1189.83 0.00 1043.01
v -1203.16 0.00 1044.42
v -1198.92 0.00 1037.64
v -1210.76 0.00 1039.39
v -1206.12 0.00 1032.87
v -1219.72 0.00 1032.54
v -1214.70 0.00 1026.30
v -1224.28 0.00 1028.68
v -1219.04 0.00 1022.64
v -1228.84 0.00 1024.62
v -1223.40 0.00 1018.76
v -1237.83 0.00 1015.91
v -1232.15 0.00 1010.29
v -1242.40 0.00 1011.10
v -1236.50 0.00 1005.70
v -1246.95 0.00 1005.94
v -1240.83 0.00 1000.78
v -1251.40 0.00 1000.40
v -1245.04 0.00 995.54
v -1255.61 0.00 994.57
v -1248.99 0.00 990.07
v -1259.46 0.00 988.51
v -1252.56 0.00 984.45
v -1262.84 0.00 982.28
v -1255.68 0.00 978.72
v -1265.70 0.00 975.98
v -1258.30 0.00 972.94
v -1268.03 0.00 969.66
v -1260.43 0.00 967.14
v -1269.91 0.00 963.34
v -1262.17 0.00 961.28
v -1271.41 0.00 957.01
v -1263.57 0.00 955.39
v -1273.59 0.00 944.62
v -1265.67 0.00 943.44
v -1276.50 0.00 921.11
v -1268.54 0.00 920.23
v -1279.99 0.00 884.63
v -1272.03 0.00 883.93
v -1282.16 0.00 857.97
v -1274.18 0.00 857.37
v -1285.39 0.00 810.84
v -1277.41 0.00 810.20
v -1286.84 0.00 794.61
v -1278.90 0.00 793.69
v -1288.38 0.00 783.73
v -1280.48 0.00 782.45
v -1289.36 0.00 778.40
v -1281.52 0.00 776.78
v -1294.43 0.00 756.51
v -1286.61 0.00 754.81
v -1296.81 0.00 744.95
v -1288.93 0.00 743.55
v -1297.71 0.00 738.98
v -1289.77 0.00 737.96
v -1298.34 0.00 733.06
v -1290.36 0.00 732.40
v -1298.69 0.00 727.25
v -1290.69 0.00 726.93
v -1298.80 0.00 721.62
v -1290.80 0.00 721.64
v -1298.54 0.00 711.03
v -1290.54 0.00 711.33
v -1296.46 0.00 670.79
v -1288.46 0.00 671.07
v -1296.27 0.00 660.74
v -1288.27 0.00 660.76
v -1296.41 0.00 650.55
v -1288.41 0.00 650.33
v -1297.03 0.00 634.95
v -1289.03 0.00 634.59
v -1299.90 0.00 580.30
v -1291.90 0.00 579.90
v -1303.20 0.00 509.37
v -1295.20 0.00 508.97
v -1305.63 0.00 462.01
v -1297.63 0.00 461.67
v -1306.33 0.00 441.22
v -1298.33 0.00 440.98
v -1310.26 0.00 292.62
v -1302.26 0.00 292.32
v -1311.23 0.00 272.17
v -1303.25 0.00 271.67
v -1312.89 0.00 250.89
v -1304.91 0.00 250.27
f 10478 10480 10479 10477
f 10480 10482 10481 10479
f 10482 10484 10483 10481
f 10484 10486 10485 10483
f 10486 10488 10487 10485
f 10488 10490 10489 10487
f 10490 10492 10491 10489
f 10492 10494 10493 10491
f 10494 10496 10495 10493
f 10496 10498 10497 10495
f 10498 10500 10499 10497
f 10500 10502 10501 10499
f 10502 10504 10503 10501
f 10504 10506 10505 10503
f 10506 10508 10507 10505
f 10508 10510 10509 10507
f 10510 10512 10511 10509
f 10512 10514 10513 10511
f 10514 10516 10515 10513
f 10516 10518 10517 10515
f 10518 10520 10519 10517
f 10520 10522 10521 10519
f 10522 10524 10523 10521
f 10524 10526 10525 10523
f 10526 10528 10527 10525
f 10528 10530 10529 10527
f 10530 10532 10531 10529
f 10532 10534 10533 10531
f 10534 10536 10535 10533
f 10536 10538 10537 10535
f 10538 10540 10539 10537
f 10540 10542 10541 10539
f 10544 10546 10545 10543
f 10546 10548 10547 10545
f 10548 10550 10549 10547
f 10550 10552 10551 10549
f 10552 10554 10553 10551
f 10554 10556 10555 10553
f 10556 10558 10557 10555
f 10558 10560 10559 10557
f 10560 10562 10561 10559
f 10562 10564 10563 10561
f 10564 10566 10565 10563
f 10566 10568 10567 10565
f 10568 10570 10569 10567
f 10570 10572 10571 10569
f 10572 10574 10573 10571
f 10574 10576 10575 10573
f 10576 10578 10577 10575
f 10578 10580 10579 10577
f 10580 10582 10581 10579
f 10582 10584 10583 10581
f 10584 10586 10585 10583
f 10586 10588 10587 10585
f 10588 10590 10589 10587
f 10590 10592 10591 10589
f 10592 10594 10593 10591
f 10594 10596 10595 10593
f 10596 10598 10597 10595
f 10598 10600 10599 10597
f 10600 10602 10601 10599
f 10602 10604 10603 10601
f 10604 10606 10605 10603
f 10606 10608 10607 10605
f 10608 10610 10609 10607
f 10610 10612 10611 10609
f 10612 10614 10613 10611
f 10614 10616 10615 10613
f 10616 10618 10617 10615
f 10618 10620 10619 10617
f 10620 10622 10621 10619
f 10622 10624 10623 10621
f 10624 10626 10625 10623
f 10626 10628 10627 10625
o Roads_+5_-1
v -1256.03 0.00 -277.83
v -1262.93 0.00 -276.64
v -1254.47 0.00 -268.76
v -1261.38 0.00 -267.61
v -1253.87 0.00 -264.97
v -1260.78 0.00 -263.86
v -1250.26 0.00 -242.89
v -1257.17 0.00 -241.73
v -1247.53 0.00 -226.89
v -1254.43 0.00 -225.73
v -1246.84 0.00 -222.71
v -1253.75 0.00 -221.56
v -1240.63 0.00 -186.37
v -1247.53 0.00 -185.18
v -1238.37 0.00 -173.25
v -1245.27 0.00 -172.08
v -1233.76 0.00 -145.50
v -1240.66 0.00 -144.34
v -1231.65 0.00 -133.01
v -1238.55 0.00 -131.84
v -1313.82 0.00 244.11
v -1306.00 0.00 242.45
v -1317.44 0.00 227.17
v -1309.62 0.00 225.45
v -1326.31 0.00 188.25
v -1318.49 0.00 186.57
v -1336.88 0.00 135.58
v -1329.02 0.00 134.04
v -1356.15 0.00 34.99
v -1348.29 0.00 33.55
v -1358.79 0.00 19.83
v -1350.89 0.00 18.59
v -1360.96 0.00 4.56
v -1353.02 0.00 3.56
v -1363.79 0.00 -21.05
v -1355.83 0.00 -21.77
v -1364.90 0.00 -36.45
v -1356.90 0.00 -36.83
v -1365.39 0.00 -56.92
v -1357.39 0.00 -57.02
v -1365.42 0.00 -103.61
v -1357.42 0.00 -103.75
v -1366.60 0.00 -138.82
v -1358.60 0.00 -139.16
v -1368.13 0.00 -169.01
v -1360.15 0.00 -169.53
v -1372.59 0.00 -225.47
v -1364.61 0.00 -226.09
v -1390.43 0.00 -564.57
v -1396.95 0.00 -559.93
v -1382.20 0.00 -553.02
v -1389.02 0.00 -548.80
v -1376.69 0.00 -542.63
v -1383.99 0.00 -539.31
v -1374.28 0.00 -536.36
v -1381.82 0.00 -533.66
v -1372.04 0.00 -529.62
v -1379.72 0.00 -527.38
v -1370.39 0.00 -523.10
v -1378.21 0.00 -521.36
v -1368.06 0.00 -511.11
v -1375.94 0.00 -509.75
v -1366.45 0.00 -500.29
v -1374.37 0.00 -499.17
v -1356.85 0.00 -429.40
v -1364.79 0.00 -428.34
v -1352.19 0.00 -393.51
v -1360.13 0.00 -392.49
v -1343.77 0.00 -326.44
v -1351.71 0.00 -325.48
v -1337.80 0.00 -275.92
v -1345.76 0.00 -275.16
v -1336.53 0.00 -258.98
v -1344.51 0.00 -258.52
v -1335.28 0.00 -227.33
v -1343.28 0.00 -226.95
v -1334.35 0.00 -210.57
v -1342.33 0.00 -210.05
v -1328.44 0.00 -129.87
v -1336.42 0.00 -129.19
v -1326.41 0.00 -108.96
v -1334.35 0.00 -108.06
v -1320.44 0.00 -63.49
v -1328.38 0.00 -62.57
v -1318.26 0.00 -41.89
v -1326.24 0.00 -41.21
v -1317.47 0.00 -30.28
v -1325.45 0.00 -29.82
v -1316.90 0.00 -18.14
v -1324.90 0.00 -17.86
v -1315.74 0.00 30.69
v -1323.74 0.00 30.93
v -1314.89 0.00 53.39
v -1322.89 0.00 53.79
v -1313.80 0.00 70.59
v -1321.78 0.00 71.21
v -1312.72 0.00 82.03
v -1320.68 0.00 82.89
v -1310.68 0.00 98.89
v -1318.62 0.00 99.91
v -1305.67 0.00 136.29
v -1313.59 0.00 137.41
v -1301.82 0.00 162.57
v -1309.72 0.00 163.83
v -1296.18 0.00 195.28
v -1304.04 0.00 196.72
v -1288.64 0.00 234.23
v -1296.50 0.00 235.75
v -1317.09 0.00 -33.86
v -1326.19 0.00 -39.10
v -1322.19 0.00 -25.01
v -1330.51 0.00 -31.59
v -1328.61 0.00 -18.95
v -1334.49 0.00 -27.85
v -1333.56 0.00 -16.79
v -1336.92 0.00 -26.79
v -1339.01 0.00 -15.48
v -1339.95 0.00 -26.06
v -1344.64 0.00 -15.81
v -1343.18 0.00 -26.25
v -1349.87 0.00 -16.98
v -1346.13 0.00 -26.90
v -1357.52 0.00 -21.17
v -1351.32 0.00 -29.75
v -1364.66 0.00 -27.81
v -1357.52 0.00 -35.51
v -1360.90 0.00 6.32
v -1352.16 0.00 12.14
v -1355.13 0.00 -2.34
v -1347.43 0.00 5.04
v -1348.00 0.00 -7.54
v -1343.52 0.00 2.18
v -1342.71 0.00 -8.81
v -1341.43 0.00 1.69
v -1337.28 0.00 -8.84
v -1338.38 0.00 1.66
v -1332.01 0.00 -7.68
v -1335.77 0.00 2.24
v -1324.29 0.00 -3.41
v -1330.55 0.00 5.13
v -1316.82 0.00 3.68
v -1324.06 0.00 11.30
v -1373.83 0.00 -226.18
v -1363.37 0.00 -225.38
v -1372.47 0.00 -243.95
v -1362.01 0.00 -243.15
v -1241.18 0.00 -169.22
v -1242.46 0.00 -176.10
v -1259.13 0.00 -165.89
v -1260.36 0.00 -172.78
v -1274.64 0.00 -163.20
v -1275.85 0.00 -170.09
v -1283.17 0.00 -161.67
v -1284.40 0.00 -168.57
v -1287.70 0.00 -160.86
v -1288.88 0.00 -167.76
v -1293.87 0.00 -159.87
v -1294.92 0.00 -166.79
v -1295.85 0.00 -159.59
v -1296.84 0.00 -166.52
v -1268.76 0.00 -9.05
v -1262.02 0.00 -10.94
v -1283.76 0.00 -62.64
v -1277.02 0.00 -64.52
v -1249.31 0.00 -218.77
v -1251.28 0.00 -225.49
v -1254.99 0.00 -217.11
v -1257.07 0.00 -223.79
v -1258.01 0.00 -216.11
v -1261.93 0.00 -222.18
v -1258.70 0.00 -215.35
v -1262.80 0.00 -221.24
v -1269.47 0.00 -210.91
v -1272.73 0.00 -217.14
v -1276.01 0.00 -206.68
v -1279.53 0.00 -212.75
v -1282.23 0.00 -203.46
v -1285.61 0.00 -209.60
v -1284.47 0.00 -202.15
v -1288.01 0.00 -208.19
f 10630 10632 10631 10629
f 10632 10634 10633 10631
f 10634 10636 10635 10633
f 10636 10638 10637 10635
f 10638 10640 10639 10637
f 10640 10642 10641 10639
f 10642 10644 10643 10641
f 10644 10646 10645 10643
f 10646 10648 10647 10645
f 10650 10652 10651 10649
f 10652 10654 10653 10651
f 10654 10656 10655 10653
f 10656 10658 10657 10655
f 10658 10660 10659 10657
f 10660 10662 10661 10659
f 10662 10664 10663 10661
f 10664 10666 10665 10663
f 10666 10668 10667 10665
f 10668 10670 10669 10667
f 10670 10672 10671 10669
f 10672 10674 10673 10671
f 10674 10676 10675 10673
f 10678 10680 10679 10677
f 10680 10682 10681 10679
f 10682 10684 10683 10681
f 10684 10686 10685 10683
f 10686 10688 10687 10685
f 10688 10690 10689 10687
f 10690 10692 10691 10689
f 10692 10694 10693 10691
f 10694 10696 10695 10693
f 10696 10698 10697 10695
f 10698 10700 10699 10697
f 10700 10702 10701 10699
f 10702 10704 10703 10701
f 10704 10706 10705 10703
f 10706 10708 10707 10705
f 10708 10710 10709 10707
f 10710 10712 10711 10709
f 10712 10714 10713 10711
f 10714 10716 10715 10713
f 10716 10718 10717 10715
f 10718 10720 10719 10717
f 10720 10722 10721 10719
f 10722 10724 10723 10721
f 10724 10726 10725 10723
f 10726 10728 10727 10725
f 10728 10730 10729 10727
f 10730 10732 10731 10729
f 10732 10734 10733 10731
f 10734 10736 10735 10733
f 10738 10740 10739 10737
f 10740 10742 10741 10739
f 10742 10744 10743 10741
f 10744 10746 10745 10743
f 10746 10748 10747 10745
f 10748 10750 10749 10747
f 10750 10752 10751 10749
f 10752 10754 10753 10751
f 10756 10758 10757 10755
f 10758 10760 10759 10757
f 10760 10762 10761 10759
f 10762 10764 10763 10761
f 10764 10766 10765 10763
f 10766 10768 10767 10765
f 10768 10770 10769 10767
f 10772 10774 10773 10771
f 10776 10778 10777 10775
f 10778 10780 10779 10777
f 10780 10782 10781 10779
f 10782 10784 10783 10781
f 10784 10786 10785 10783
f 10786 10788 10787 10785
f 10790 10792 10791 10789
f 10794 10796 10795 10793
f 10796 10798 10797 10795
f 10798 10800 10799 10797
f 10800 10802 10801 10799
f 10802 10804 10803 10801
f 10804 10806 10805 10803
f 10806 10808 10807 10805
o Roads_+5_-10
v -1278.12 0.00 -2557.82
v -1284.20 0.00 -2561.29
v -1328.62 0.00 -2469.22
v -1334.72 0.00 -2472.67
v -1342.55 0.00 -2444.42
v -1348.65 0.00 -2447.86
v -1355.95 0.00 -2420.86
v -1362.01 0.00 -2424.34
v -1369.26 0.00 -2397.94
v -1375.32 0.00 -2401.43
v -1372.57 0.00 -2392.13
v -1378.65 0.00 -2395.59
v -1380.71 0.00 -2377.84
v -1386.80 0.00 -2381.31
v -1394.09 0.00 -2354.38
v -1400.17 0.00 -2357.84
v -1564.09 0.00 -2601.97
v -1567.45 0.00 -2595.83
v -1438.41 0.00 -2533.25
v -1441.77 0.00 -2527.11
v -1329.99 0.00 -2474.01
v -1333.35 0.00 -2467.87
v -1229.41 0.00 -2418.97
v -1232.79 0.00 -2412.83
v -1115.18 0.00 -2355.91
v -1118.57 0.00 -2349.78
v -1228.11 0.00 -2414.08
v -1234.09 0.00 -2417.72
v -1243.37 0.00 -2389.04
v -1249.40 0.00 -2392.60
v -1256.18 0.00 -2366.63
v -1262.31 0.00 -2370.00
v -1269.06 0.00 -2342.20
v -1275.25 0.00 -2345.47
v -1357.33 0.00 -2425.68
v -1360.63 0.00 -2419.51
v -1284.27 0.00 -2386.58
v -1287.66 0.00 -2380.46
v -1269.29 0.00 -2378.02
v -1272.75 0.00 -2371.93
v -1257.53 0.00 -2371.37
v -1260.96 0.00 -2365.27
v -1142.03 0.00 -2306.60
v -1145.45 0.00 -2300.49
v -1370.58 0.00 -2402.74
v -1373.99 0.00 -2396.63
v -1270.45 0.00 -2346.89
v -1273.86 0.00 -2340.78
v -1171.69 0.00 -2253.38
v -1168.17 0.00 -2259.43
v -1236.59 0.00 -2291.04
v -1233.11 0.00 -2297.12
v -1306.69 0.00 -2330.64
v -1303.21 0.00 -2336.71
v -1385.52 0.00 -2376.55
v -1381.99 0.00 -2382.60
v -1189.65 0.00 -2219.76
v -1186.22 0.00 -2225.86
v -1261.41 0.00 -2260.12
v -1257.98 0.00 -2266.22
v -1326.29 0.00 -2296.81
v -1322.86 0.00 -2302.91
v -1405.55 0.00 -2341.05
v -1402.14 0.00 -2347.16
v -1630.13 0.00 -2490.50
v -1633.60 0.00 -2484.42
v -1542.99 0.00 -2440.82
v -1546.37 0.00 -2434.70
v -1475.43 0.00 -2404.61
v -1478.82 0.00 -2398.48
v -1395.40 0.00 -2359.15
v -1398.85 0.00 -2353.07
v -1377.33 0.00 -2390.81
v -1373.89 0.00 -2396.91
v -1458.78 0.00 -2436.88
v -1455.37 0.00 -2442.99
v -1483.15 0.00 -2450.31
v -1479.75 0.00 -2456.43
v -1525.62 0.00 -2474.15
v -1522.17 0.00 -2480.23
v -1609.43 0.00 -2522.35
v -1605.94 0.00 -2528.42
v -1360.70 0.00 -2419.55
v -1357.26 0.00 -2425.65
v -1467.58 0.00 -2479.70
v -1464.17 0.00 -2485.81
v -1594.66 0.00 -2550.07
v -1591.27 0.00 -2556.19
v -1209.94 0.00 -2184.09
v -1206.42 0.00 -2190.15
v -1225.82 0.00 -2193.32
v -1222.29 0.00 -2199.36
v -1243.14 0.00 -2203.49
v -1239.59 0.00 -2209.52
v -1280.05 0.00 -2225.15
v -1276.56 0.00 -2231.22
v -1326.95 0.00 -2251.57
v -1323.52 0.00 -2257.66
v -1345.29 0.00 -2261.89
v -1341.86 0.00 -2267.99
v -1359.22 0.00 -2269.74
v -1355.80 0.00 -2275.85
v -1424.96 0.00 -2306.40
v -1421.55 0.00 -2312.52
v -1301.92 0.00 -2331.92
v -1307.98 0.00 -2335.43
v -1321.52 0.00 -2298.15
v -1327.62 0.00 -2301.58
v -1340.50 0.00 -2263.27
v -1346.65 0.00 -2266.62
v -1376.16 0.00 -2248.35
v -1370.11 0.00 -2244.84
v -1363.29 0.00 -2270.55
v -1357.36 0.00 -2266.81
v -1360.40 0.00 -2274.77
v -1354.62 0.00 -2270.82
f 10810 10812 10811 10809
f 10812 10814 10813 10811
f 10814 10816 10815 10813
f 10816 10818 10817 10815
f 10818 10820 10819 10817
f 10820 10822 10821 10819
f 10822 10824 10823 10821
f 10826 10828 10827 10825
f 10828 10830 10829 10827
f 10830 10832 10831 10829
f 10832 10834 10833 10831
f 10836 10838 10837 10835
f 10838 10840 10839 10837
f 10840 10842 10841 10839
f 10844 10846 10845 10843
f 10846 10848 10847 10845
f 10848 10850 10849 10847
f 10850 10852 10851 10849
f 10854 10856 10855 10853
f 10858 10860 10859 10857
f 10860 10862 10861 10859
f 10862 10864 10863 10861
f 10866 10868 10867 10865
f 10868 10870 10869 10867
f 10870 10872 10871 10869
f 10874 10876 10875 10873
f 10876 10878 10877 10875
f 10878 10880 10879 10877
f 10882 10884 10883 10881
f 10884 10886 10885 10883
f 10886 10888 10887 10885
f 10888 10890 10889 10887
f 10892 10894 10893 10891
f 10894 10896 10895 10893
f 10898 10900 10899 10897
f 10900 10902 10901 10899
f 10902 10904 10903 10901
f 10904 10906 10905 10903
f 10906 10908 10907 10905
f 10908 10910 10909 10907
f 10910 10912 10911 10909
f 10914 10916 10915 10913
f 10916 10918 10917 10915
f 10920 10922 10921 10919
f 10922 10924 10923 10921
o Roads_+5_-11
v -1336.45 0.00 -2790.53
v -1341.94 0.00 -2794.87
v -1372.08 0.00 -2745.40
v -1377.45 0.00 -2749.90
v -1412.31 0.00 -2700.30
v -1417.54 0.00 -2704.96
v -1344.08 0.00 -2637.34
v -1338.40 0.00 -2633.26
v -1307.59 0.00 -2688.08
v -1302.00 0.00 -2683.87
v -1269.58 0.00 -2736.57
v -1264.07 0.00 -2732.25
v -1372.45 0.00 -2750.28
v -1377.08 0.00 -2745.03
v -1304.75 0.00 -2690.54
v -1309.34 0.00 -2685.26
v -1302.52 0.00 -2688.64
v -1307.07 0.00 -2683.31
v -1347.29 0.00 -2443.08
v -1343.91 0.00 -2449.20
v -1455.25 0.00 -2502.65
v -1451.83 0.00 -2508.76
v -1580.56 0.00 -2573.37
v -1577.12 0.00 -2579.47
v -1163.12 0.00 -2760.73
v -1164.76 0.00 -2767.53
v -1236.19 0.00 -2743.07
v -1238.42 0.00 -2749.73
v -1256.33 0.00 -2734.33
v -1258.87 0.00 -2740.86
v -1265.68 0.00 -2731.10
v -1267.96 0.00 -2737.72
v -2358.43 0.00 -3279.03
v -2365.17 0.00 -3270.97
v -2351.35 0.00 -3273.11
v -2357.51 0.00 -3264.57
v -2344.94 0.00 -3269.15
v -2349.86 0.00 -3259.85
v -2335.88 0.00 -3265.10
v -2339.76 0.00 -3255.34
v -2325.83 0.00 -3261.59
v -2329.15 0.00 -3251.63
v -2294.06 0.00 -3251.46
v -2297.36 0.00 -3241.50
v -2277.48 0.00 -3245.74
v -2281.00 0.00 -3235.84
v -2247.03 0.00 -3234.64
v -2250.77 0.00 -3224.82
v -2227.77 0.00 -3226.95
v -2231.77 0.00 -3217.23
v -2171.45 0.00 -3203.07
v -2175.63 0.00 -3193.43
v -2102.45 0.00 -3172.53
v -2106.61 0.00 -3162.89
v -2049.96 0.00 -3150.49
v -2054.10 0.00 -3140.83
v -1955.96 0.00 -3109.48
v -1960.18 0.00 -3099.86
v -1912.71 0.00 -3090.35
v -1917.07 0.00 -3080.79
v -1893.66 0.00 -3081.42
v -1898.18 0.00 -3071.94
v -1860.60 0.00 -3065.31
v -1865.30 0.00 -3055.93
v -1846.24 0.00 -3057.92
v -1851.14 0.00 -3048.64
v -1831.71 0.00 -3050.04
v -1836.83 0.00 -3040.88
v -1817.12 0.00 -3041.67
v -1822.50 0.00 -3032.65
v -1807.39 0.00 -3035.66
v -1813.03 0.00 -3026.80
v -1783.76 0.00 -3020.15
v -1789.48 0.00 -3011.35
v -1760.94 0.00 -3005.52
v -1766.72 0.00 -2996.76
v -1746.76 0.00 -2995.88
v -1752.74 0.00 -2987.24
v -1728.02 0.00 -2982.64
v -1734.14 0.00 -2974.12
v -1705.93 0.00 -2966.48
v -1712.23 0.00 -2958.08
v -1684.69 0.00 -2950.16
v -1691.13 0.00 -2941.88
v -1664.24 0.00 -2934.08
v -1670.82 0.00 -2925.88
v -1651.81 0.00 -2923.91
v -1658.55 0.00 -2915.85
v -1639.69 0.00 -2913.53
v -1646.57 0.00 -2905.61
v -1604.54 0.00 -2882.59
v -1611.58 0.00 -2874.79
v -1592.98 0.00 -2871.89
v -1600.18 0.00 -2864.25
v -1570.33 0.00 -2850.22
v -1577.53 0.00 -2842.58
v -1559.08 0.00 -2839.79
v -1566.14 0.00 -2832.01
v -1521.30 0.00 -2806.33
v -1528.28 0.00 -2798.49
v -1467.50 0.00 -2758.07
v -1474.56 0.00 -2750.29
v -1403.59 0.00 -2699.38
v -1410.67 0.00 -2691.64
v -1337.62 0.00 -2639.23
v -1344.64 0.00 -2631.41
v -1270.26 0.00 -2579.64
v -1277.20 0.00 -2571.76
v -1213.15 0.00 -2529.56
v -1220.13 0.00 -2521.72
v -1183.56 0.00 -2502.80
v -1190.52 0.00 -2494.94
v -1171.48 0.00 -2492.33
v -1178.26 0.00 -2484.31
v -1150.52 0.00 -2475.11
v -1157.06 0.00 -2466.89
v -1141.60 0.00 -2468.23
v -1147.86 0.00 -2459.81
v -1132.35 0.00 -2461.60
v -1138.33 0.00 -2452.96
v -1118.00 0.00 -2452.02
v -1123.74 0.00 -2443.24
v -1094.38 0.00 -2436.89
v -1099.90 0.00 -2427.97
v -1085.05 0.00 -2431.32
v -1090.25 0.00 -2422.20
v -1075.44 0.00 -2426.11
v -1080.26 0.00 -2416.77
v -1065.37 0.00 -2421.17
v -1069.83 0.00 -2411.67
v -1054.96 0.00 -2416.52
v -1059.10 0.00 -2406.86
v -1044.60 0.00 -2412.27
v -1048.40 0.00 -2402.49
v -1034.46 0.00 -2408.54
v -1037.92 0.00 -2398.62
v -1024.41 0.00 -2405.23
v -1027.55 0.00 -2395.21
v -1014.25 0.00 -2402.20
v -1017.11 0.00 -2392.10
v -977.61 0.00 -2392.41
v -980.23 0.00 -2382.25
v -935.43 0.00 -2381.98
v -937.87 0.00 -2371.76
v -835.02 0.00 -2358.80
v -837.44 0.00 -2348.58
v -742.14 0.00 -2336.19
v -744.50 0.00 -2325.95
v -701.46 0.00 -2327.31
v -703.74 0.00 -2317.05
v -659.74 0.00 -2317.92
v -661.96 0.00 -2307.66
v -644.11 0.00 -2314.67
v -646.15 0.00 -2304.37
v -633.68 0.00 -2312.71
v -635.52 0.00 -2302.37
v -623.20 0.00 -2310.95
v -624.80 0.00 -2300.57
v -612.62 0.00 -2309.45
v -613.96 0.00 -2299.03
v -601.98 0.00 -2308.23
v -603.02 0.00 -2297.79
v -591.32 0.00 -2307.33
v -592.06 0.00 -2296.85
v -580.73 0.00 -2306.73
v -581.15 0.00 -2296.23
v -570.32 0.00 -2306.50
v -570.30 0.00 -2296.00
v -554.95 0.00 -2306.88
v -554.41 0.00 -2296.38
v -539.86 0.00 -2308.05
v -538.76 0.00 -2297.61
v -529.91 0.00 -2309.39
v -528.29 0.00 -2299.01
v -524.96 0.00 -2310.28
v -522.96 0.00 -2299.96
v -519.93 0.00 -2311.32
v -517.59 0.00 -2301.08
v -509.71 0.00 -2313.87
v -506.93 0.00 -2303.75
v -487.06 0.00 -2320.63
v -484.06 0.00 -2310.57
v -1215.82 0.00 -2602.33
v -1213.94 0.00 -2609.07
v -1259.47 0.00 -2614.48
v -1252.11 0.00 -2619.70
v -1257.86 0.00 -2638.99
v -1250.57 0.00 -2643.11
v -1273.17 0.00 -2646.90
v -1269.96 0.00 -2653.12
f 10926 10928 10927 10925
f 10928 10930 10929 10927
f 10932 10934 10933 10931
f 10934 10936 10935 10933
f 10938 10940 10939 10937
f 10940 10942 10941 10939
f 10944 10946 10945 10943
f 10946 10948 10947 10945
f 10950 10952 10951 10949
f 10952 10954 10953 10951
f 10954 10956 10955 10953
f 10958 10960 10959 10957
f 10960 10962 10961 10959
f 10962 10964 10963 10961
f 10964 10966 10965 10963
f 10966 10968 10967 10965
f 10968 10970 10969 10967
f 10970 10972 10971 10969
f 10972 10974 10973 10971
f 10974 10976 10975 10973
f 10976 10978 10977 10975
f 10978 10980 10979 10977
f 10980 10982 10981 10979
f 10982 10984 10983 10981
f 10984 10986 10985 10983
f 10986 10988 10987 10985
f 10988 10990 10989 10987
f 10990 10992 10991 10989
f 10992 10994 10993 10991
f 10994 10996 10995 10993
f 10996 10998 10997 10995
f 10998 11000 10999 10997
f 11000 11002 11001 10999
f 11002 11004 11003 11001
f 11004 11006 11005 11003
f 11006 11008 11007 11005
f 11008 11010 11009 11007
f 11010 11012 11011 11009
f 11012 11014 11013 11011
f 11014 11016 11015 11013
f 11016 11018 11017 11015
f 11018 11020 11019 11017
f 11020 11022 11021 11019
f 11022 11024 11023 11021
f 11024 11026 11025 11023
f 11026 11028 11027 11025
f 11028 11030 11029 11027
f 11030 11032 11031 11029
f 11032 11034 11033 11031
f 11034 11036 11035 11033
f 11036 11038 11037 11035
f 11038 11040 11039 11037
f 11040 11042 11041 11039
f 11042 11044 11043 11041
f 11044 11046 11045 11043
f 11046 11048 11047 11045
f 11048 11050 11049 11047
f 11050 11052 11051 11049
f 11052 11054 11053 11051
f 11054 11056 11055 11053
f 11056 11058 11057 11055
f 11058 11060 11059 11057
f 11060 11062 11061 11059
f 11062 11064 11063 11061
f 11064 11066 11065 11063
f 11066 11068 11067 11065
f 11068 11070 11069 11067
f 11070 11072 11071 11069
f 11072 11074 11073 11071
f 11074 11076 11075 11073
f 11076 11078 11077 11075
f 11078 11080 11079 11077
f 11080 11082 11081 11079
f 11082 11084 11083 11081
f 11084 11086 11085 11083
f 11086 11088 11087 11085
f 11088 11090 11089 11087
f 11090 11092 11091 11089
f 11092 11094 11093 11091
f 11094 11096 11095 11093
f 11096 11098 11097 11095
f 11098 11100 11099 11097
f 11100 11102 11101 11099
f 11102 11104 11103 11101
f 11104 11106 11105 11103
f 11108 11110 11109 11107
f 11110 11112 11111 11109
f 11112 11114 11113 11111
o Roads_+5_-12
v -1386.05 0.00 -2939.85
v -1388.55 0.00 -2946.38
v -1427.79 0.00 -2923.90
v -1430.39 0.00 -2930.40
v -1434.87 0.00 -2920.93
v -1439.01 0.00 -2926.78
v -1435.16 0.00 -2920.61
v -1440.34 0.00 -2925.32
v -1350.49 0.00 -2958.89
v -1353.24 0.00 -2965.33
v -1385.01 0.00 -2944.12
v -1387.76 0.00 -2950.56
v -1415.57 0.00 -2986.02
v -1414.99 0.00 -2979.05
v -1411.84 0.00 -2986.33
v -1410.42 0.00 -2979.42
v -1402.81 0.00 -2989.36
v -1402.52 0.00 -2982.08
v -1399.95 0.00 -2988.65
v -1401.63 0.00 -2981.86
v -1397.94 0.00 -2987.29
v -1403.64 0.00 -2983.22
v -1396.25 0.00 -2984.92
v -1402.52 0.00 -2981.66
v -1388.19 0.00 -2962.03
v -1394.76 0.00 -2959.63
v -1382.74 0.00 -2947.61
v -1390.02 0.00 -2947.07
v -1383.63 0.00 -2943.52
v -1390.97 0.00 -2942.71
v -1380.61 0.00 -2936.97
v -1386.94 0.00 -2933.96
v -1362.92 0.00 -2900.89
v -1369.20 0.00 -2897.81
v -1255.00 0.00 -2883.50
v -1261.91 0.00 -2882.38
v -1254.03 0.00 -2877.54
v -1261.02 0.00 -2876.86
v -1253.42 0.00 -2859.09
v -1260.43 0.00 -2859.09
v -1253.98 0.00 -2843.61
v -1260.97 0.00 -2843.86
v -1253.98 0.00 -2843.48
v -1260.97 0.00 -2843.98
v -1255.37 0.00 -2823.86
v -1262.37 0.00 -2824.21
v -1256.04 0.00 -2800.57
v -1263.06 0.00 -2799.85
v -1254.46 0.00 -2793.89
v -1261.14 0.00 -2791.71
v -1240.19 0.00 -2759.85
v -1246.55 0.00 -2756.91
v -1234.18 0.00 -2747.99
v -1240.42 0.00 -2744.82
f 11116 11118 11117 11115
f 11118 11120 11119 11117
f 11120 11122 11121 11119
f 11124 11126 11125 11123
f 11128 11130 11129 11127
f 11130 11132 11131 11129
f 11132 11134 11133 11131
f 11136 11138 11137 11135
f 11138 11140 11139 11137
f 11140 11142 11141 11139
f 11142 11144 11143 11141
f 11144 11146 11145 11143
f 11146 11148 11147 11145
f 11150 11152 11151 11149
f 11152 11154 11153 11151
f 11154 11156 11155 11153
f 11158 11160 11159 11157
f 11160 11162 11161 11159
f 11162 11164 11163 11161
f 11164 11166 11165 11163
f 11166 11168 11167 11165
o Roads_+5_-13
v -1501.98 0.00 -3436.12
v -1501.37 0.00 -3429.15
v -1497.32 0.00 -3436.53
v -1496.22 0.00 -3429.60
v -1474.60 0.00 -3441.75
v -1473.48 0.00 -3434.82
v -1441.55 0.00 -3444.84
v -1441.26 0.00 -3437.84
v -1418.49 0.00 -3444.58
v -1418.29 0.00 -3437.57
v -1414.87 0.00 -3444.82
v -1414.39 0.00 -3437.84
v -1401.27 0.00 -3445.76
v -1400.74 0.00 -3438.78
v -1370.67 0.00 -3448.27
v -1370.47 0.00 -3441.26
v -1355.94 0.00 -3447.91
v -1355.76 0.00 -3440.90
v -1344.15 0.00 -3448.81
v -1346.56 0.00 -3441.61
v -1332.06 0.00 -3438.12
v -1337.59 0.00 -3433.68
v -1313.99 0.00 -3405.57
v -1320.29 0.00 -3402.50
v -1299.99 0.00 -3372.53
v -1306.79 0.00 -3370.65
v -1295.96 0.00 -3343.41
v -1302.94 0.00 -3342.84
v -1295.03 0.00 -3304.55
v -1302.02 0.00 -3304.11
v -1292.37 0.00 -3278.83
v -1299.34 0.00 -3278.19
v -1290.96 0.00 -3261.51
v -1298.00 0.00 -3261.67
v -1294.05 0.00 -3236.99
v -1300.92 0.00 -3238.40
v -1297.95 0.00 -3223.48
v -1304.86 0.00 -3224.78
v -1299.20 0.00 -3209.48
v -1306.23 0.00 -3209.45
v -1296.93 0.00 -3185.83
v -1303.86 0.00 -3184.76
v -1292.95 0.00 -3167.25
v -1299.78 0.00 -3165.70
v -1287.85 0.00 -3145.82
v -1294.62 0.00 -3144.02
v -1280.02 0.00 -3119.22
v -1286.93 0.00 -3117.90
v -1278.76 0.00 -3105.46
v -1285.76 0.00 -3105.17
v -1278.78 0.00 -3102.86
v -1285.78 0.00 -3102.91
v -1278.86 0.00 -3092.01
v -1285.86 0.00 -3092.60
v -1281.49 0.00 -3075.74
v -1288.47 0.00 -3076.48
v -1282.27 0.00 -3060.26
v -1289.29 0.00 -3060.03
v -1282.08 0.00 -3058.59
v -1289.04 0.00 -3057.79
v -1280.23 0.00 -3042.66
v -1287.12 0.00 -3041.30
v -1274.60 0.00 -3022.45
v -1281.47 0.00 -3021.04
v -1269.50 0.00 -2984.59
v -1276.49 0.00 -2984.06
v -1269.09 0.00 -2960.29
v -1276.08 0.00 -2960.02
v -1268.29 0.00 -2947.52
v -1275.27 0.00 -2947.07
v -1268.20 0.00 -2946.13
v -1275.16 0.00 -2945.29
v -1262.91 0.00 -2916.32
v -1269.77 0.00 -2914.93
v -1259.66 0.00 -2902.15
v -1266.43 0.00 -2900.37
v -1256.03 0.00 -2889.94
v -1262.87 0.00 -2888.39
v -1255.00 0.00 -2883.49
v -1261.91 0.00 -2882.39
v -1469.48 0.00 -3170.78
v -1476.32 0.00 -3169.33
v -1464.39 0.00 -3146.85
v -1471.24 0.00 -3145.43
v -1459.49 0.00 -3122.75
v -1466.31 0.00 -3121.14
v -1458.88 0.00 -3120.17
v -1463.37 0.00 -3110.68
v -1445.73 0.00 -3126.19
v -1442.64 0.00 -3119.91
v -1429.36 0.00 -3134.94
v -1425.95 0.00 -3128.83
v -1410.39 0.00 -3146.02
v -1407.14 0.00 -3139.82
v -1387.50 0.00 -3156.74
v -1384.80 0.00 -3150.27
v -1370.25 0.00 -3163.08
v -1367.83 0.00 -3156.51
v -1360.15 0.00 -3166.80
v -1352.16 0.00 -3162.28
v -1363.25 0.00 -3183.00
v -1356.52 0.00 -3185.09
v -1365.39 0.00 -3187.85
v -1358.99 0.00 -3190.68
v -1368.07 0.00 -3193.90
v -1361.54 0.00 -3196.44
v -1373.06 0.00 -3208.74
v -1366.43 0.00 -3210.97
v -1302.70 0.00 -3205.97
v -1302.74 0.00 -3212.97
v -1335.13 0.00 -3205.76
v -1331.62 0.00 -3212.78
v -1340.24 0.00 -3212.65
v -1337.31 0.00 -3220.45
v -1369.00 0.00 -3206.43
v -1370.48 0.00 -3213.27
v -1541.35 0.00 -3226.40
v -1539.86 0.00 -3219.56
v -1520.07 0.00 -3231.03
v -1518.53 0.00 -3224.20
v -1484.42 0.00 -3239.32
v -1483.19 0.00 -3232.42
v -1458.63 0.00 -3242.55
v -1457.52 0.00 -3235.63
v -1431.63 0.00 -3247.86
v -1431.28 0.00 -3240.80
v -1424.62 0.00 -3247.18
v -1430.31 0.00 -3240.70
v -1420.70 0.00 -3230.15
v -1426.26 0.00 -3223.09
v -1369.81 0.00 -3230.68
v -1374.85 0.00 -3223.63
v -1367.31 0.00 -3223.14
v -1374.22 0.00 -3221.73
v -1366.26 0.00 -3210.13
v -1373.23 0.00 -3209.57
v -1347.52 0.00 -3053.08
v -1350.93 0.00 -3059.19
v -1363.81 0.00 -3043.98
v -1368.47 0.00 -3049.40
v -1365.10 0.00 -3042.31
v -1372.88 0.00 -3043.68
v -1358.86 0.00 -3022.83
v -1365.53 0.00 -3020.70
v -1323.25 0.00 -3066.35
v -1327.09 0.00 -3072.21
v -1339.50 0.00 -3055.70
v -1342.35 0.00 -3062.20
v -1345.43 0.00 -3054.22
v -1346.36 0.00 -3061.21
v -1349.57 0.00 -3054.14
v -1349.71 0.00 -3061.14
v -1361.71 0.00 -3093.75
v -1367.53 0.00 -3089.86
v -1356.56 0.00 -3086.02
v -1362.69 0.00 -3082.60
v -1349.89 0.00 -3071.47
v -1356.48 0.00 -3069.05
v -1346.27 0.00 -3058.58
v -1353.01 0.00 -3056.70
v -1345.85 0.00 -3057.05
v -1352.60 0.00 -3055.22
v -1339.84 0.00 -3034.38
v -1346.54 0.00 -3032.35
v -1334.01 0.00 -3017.41
v -1340.55 0.00 -3014.91
v -1330.65 0.00 -3009.47
v -1337.10 0.00 -3006.75
v -1335.81 0.00 -3116.44
v -1336.63 0.00 -3123.39
v -1363.85 0.00 -3113.16
v -1364.66 0.00 -3120.12
v -1365.57 0.00 -3160.22
v -1372.51 0.00 -3159.37
v -1360.75 0.00 -3121.14
v -1367.75 0.00 -3120.71
v -1360.75 0.00 -3116.64
v -1367.75 0.00 -3116.64
v -1360.75 0.00 -3102.27
v -1367.75 0.00 -3102.39
v -1361.12 0.00 -3091.80
v -1368.12 0.00 -3091.81
v -1360.95 0.00 -3086.87
v -1368.00 0.00 -3088.20
v -1361.57 0.00 -3085.44
v -1368.00 0.00 -3088.22
v -1362.71 0.00 -3084.01
v -1366.86 0.00 -3089.65
v -1363.70 0.00 -3083.28
v -1367.31 0.00 -3089.32
v -1389.93 0.00 -3070.81
v -1392.94 0.00 -3077.13
v -1441.40 0.00 -3091.29
v -1448.14 0.00 -3089.40
v -1435.97 0.00 -3071.97
v -1442.79 0.00 -3070.37
v -1430.09 0.00 -3041.06
v -1436.89 0.00 -3039.39
v -1421.44 0.00 -3012.44
v -1428.15 0.00 -3010.44
v -1413.60 0.00 -2985.87
v -1419.85 0.00 -2982.32
v -1412.72 0.00 -2984.91
v -1417.85 0.00 -2980.15
v -1310.00 0.00 -3049.27
v -1303.23 0.00 -3051.06
v -1313.51 0.00 -3062.51
v -1307.73 0.00 -3068.06
v -1324.71 0.00 -3065.95
v -1322.72 0.00 -3072.66
v -1324.40 0.00 -3065.86
v -1324.41 0.00 -3073.14
v -1324.20 0.00 -3065.92
v -1326.15 0.00 -3072.64
v -1284.06 0.00 -3055.03
v -1287.06 0.00 -3061.35
v -1302.24 0.00 -3046.43
v -1304.52 0.00 -3053.10
v -1305.54 0.00 -3045.70
v -1304.62 0.00 -3053.07
v -1308.19 0.00 -3047.04
v -1305.04 0.00 -3053.29
f 11170 11172 11171 11169
f 11172 11174 11173 11171
f 11174 11176 11175 11173
f 11176 11178 11177 11175
f 11178 11180 11179 11177
f 11180 11182 11181 11179
f 11182 11184 11183 11181
f 11184 11186 11185 11183
f 11186 11188 11187 11185
f 11188 11190 11189 11187
f 11190 11192 11191 11189
f 11192 11194 11193 11191
f 11194 11196 11195 11193
f 11196 11198 11197 11195
f 11198 11200 11199 11197
f 11200 11202 11201 11199
f 11202 11204 11203 11201
f 11204 11206 11205 11203
f 11206 11208 11207 11205
f 11208 11210 11209 11207
f 11210 11212 11211 11209
f 11212 11214 11213 11211
f 11214 11216 11215 11213
f 11216 11218 11217 11215
f 11218 11220 11219 11217
f 11220 11222 11221 11219
f 11222 11224 11223 11221
f 11224 11226 11225 11223
f 11226 11228 11227 11225
f 11228 11230 11229 11227
f 11230 11232 11231 11229
f 11232 11234 11233 11231
f 11234 11236 11235 11233
f 11236 11238 11237 11235
f 11238 11240 11239 11237
f 11240 11242 11241 11239
f 11242 11244 11243 11241
f 11244 11246 11245 11243
f 11246 11248 11247 11245
f 11250 11252 11251 11249
f 11252 11254 11253 11251
f 11254 11256 11255 11253
f 11256 11258 11257 11255
f 11258 11260 11259 11257
f 11260 11262 11261 11259
f 11262 11264 11263 11261
f 11264 11266 11265 11263
f 11266 11268 11267 11265
f 11268 11270 11269 11267
f 11270 11272 11271 11269
f 11272 11274 11273 11271
f 11274 11276 11275 11273
f 11278 11280 11279 11277
f 11280 11282 11281 11279
f 11282 11284 11283 11281
f 11286 11288 11287 11285
f 11288 11290 11289 11287
f 11290 11292 11291 11289
f 11292 11294 11293 11291
f 11294 11296 11295 11293
f 11296 11298 11297 11295
f 11298 11300 11299 11297
f 11300 11302 11301 11299
f 11302 11304 11303 11301
f 11306 11308 11307 11305
f 11308 11310 11309 11307
f 11310 11312 11311 11309
f 11314 11316 11315 11313
f 11316 11318 11317 11315
f 11318 11320 11319 11317
f 11322 11324 11323 11321
f 11324 11326 11325 11323
f 11326 11328 11327 11325
f 11328 11330 11329 11327
f 11330 11332 11331 11329
f 11332 11334 11333 11331
f 11334 11336 11335 11333
f 11338 11340 11339 11337
f 11342 11344 11343 11341
f 11344 11346 11345 11343
f 11346 11348 11347 11345
f 11348 11350 11349 11347
f 11350 11352 11351 11349
f 11352 11354 11353 11351
f 11356 11358 11357 11355
f 11358 11360 11359 11357
f 11362 11364 11363 11361
f 11364 11366 11365 11363
f 11366 11368 11367 11365
f 11368 11370 11369 11367
f 11370 11372 11371 11369
f 11374 11376 11375 11373
f 11376 11378 11377 11375
f 11378 11380 11379 11377
f 11380 11382 11381 11379
f 11384 11386 11385 11383
f 11386 11388 11387 11385
f 11388 11390 11389 11387
o Roads_+5_-14
v -1413.76 0.00 -3391.08
v -1413.94 0.00 -3398.08
v -1416.11 0.00 -3391.02
v -1422.75 0.00 -3397.85
v -1417.04 0.00 -3373.99
v -1424.03 0.00 -3374.37
v -1385.35 0.00 -3320.02
v -1392.32 0.00 -3319.39
v -1382.40 0.00 -3287.20
v -1389.37 0.00 -3286.58
v -1295.20 0.00 -3258.16
v -1293.76 0.00 -3265.02
v -1334.28 0.00 -3266.35
v -1326.19 0.00 -3271.81
v -1331.74 0.00 -3280.55
v -1323.47 0.00 -3287.03
v -1341.92 0.00 -3281.21
v -1336.00 0.00 -3287.84
v -1348.36 0.00 -3317.33
v -1342.61 0.00 -3324.96
v -1367.66 0.00 -3315.34
v -1367.88 0.00 -3322.35
v -1388.98 0.00 -3316.21
v -1388.69 0.00 -3323.20
v -1397.38 0.00 -3316.56
v -1397.08 0.00 -3323.56
v -1383.88 0.00 -3397.38
v -1390.84 0.00 -3396.64
v -1379.61 0.00 -3356.76
v -1387.26 0.00 -3362.58
v -1392.54 0.00 -3354.61
v -1399.33 0.00 -3360.57
v -1393.73 0.00 -3319.94
v -1400.73 0.00 -3320.18
v -1411.13 0.00 -3441.25
v -1418.13 0.00 -3441.40
v -1411.66 0.00 -3416.43
v -1418.66 0.00 -3416.29
v -1410.57 0.00 -3398.39
v -1417.12 0.00 -3390.76
v -1387.84 0.00 -3400.48
v -1386.88 0.00 -3393.54
v -1370.15 0.00 -3403.74
v -1368.89 0.00 -3396.85
v -1350.87 0.00 -3407.27
v -1356.83 0.00 -3399.06
v -1348.43 0.00 -3389.20
v -1355.37 0.00 -3388.26
f 11392 11394 11393 11391
f 11394 11396 11395 11393
f 11398 11400 11399 11397
f 11402 11404 11403 11401
f 11404 11406 11405 11403
f 11406 11408 11407 11405
f 11408 11410 11409 11407
f 11410 11412 11411 11409
f 11412 11414 11413 11411
f 11414 11416 11415 11413
f 11418 11420 11419 11417
f 11420 11422 11421 11419
f 11422 11424 11423 11421
f 11426 11428 11427 11425
f 11428 11430 11429 11427
f 11430 11432 11431 11429
f 11432 11434 11433 11431
f 11434 11436 11435 11433
f 11436 11438 11437 11435
o Roads_+5_-15
v -1171.24 0.00 -3580.99
v -1171.05 0.00 -3587.99
v -1194.16 0.00 -3581.61
v -1194.46 0.00 -3588.62
v -1202.69 0.00 -3580.63
v -1203.81 0.00 -3587.55
v -1213.14 0.00 -3578.44
v -1215.41 0.00 -3585.12
v -1221.16 0.00 -3574.58
v -1223.20 0.00 -3581.37
v -1242.39 0.00 -3571.73
v -1243.07 0.00 -3578.70
v -1249.85 0.00 -3571.27
v -1250.60 0.00 -3578.24
v -1266.18 0.00 -3568.72
v -1274.80 0.00 -3574.45
v -1265.52 0.00 -3566.01
v -1272.32 0.00 -3564.38
v -1262.04 0.00 -3551.09
v -1268.90 0.00 -3549.69
v -1260.13 0.00 -3540.14
v -1267.31 0.00 -3540.57
v -1261.84 0.00 -3534.44
v -1268.30 0.00 -3537.26
v -1265.17 0.00 -3528.78
v -1271.20 0.00 -3532.33
v -1266.65 0.00 -3527.41
v -1269.72 0.00 -3533.69
v -1273.51 0.00 -3524.05
v -1276.98 0.00 -3530.15
v -1282.52 0.00 -3518.16
v -1285.96 0.00 -3524.28
v -1291.50 0.00 -3513.87
v -1293.43 0.00 -3520.71
v -1313.56 0.00 -3511.56
v -1314.30 0.00 -3518.52
v -1331.06 0.00 -3509.72
v -1332.20 0.00 -3516.64
v -1351.76 0.00 -3505.02
v -1353.51 0.00 -3511.80
v -1384.08 0.00 -3495.68
v -1385.93 0.00 -3502.44
v -1405.20 0.00 -3490.22
v -1406.40 0.00 -3497.15
v -1461.42 0.00 -3485.20
v -1462.04 0.00 -3492.17
v -1317.43 0.00 -3515.15
v -1310.43 0.00 -3514.93
v -1316.78 0.00 -3535.43
v -1309.71 0.00 -3537.68
v -1316.22 0.00 -3534.69
v -1312.13 0.00 -3540.88
v -1316.42 0.00 -3534.73
v -1315.48 0.00 -3541.71
v -1328.00 0.00 -3535.00
v -1327.11 0.00 -3541.98
v -1329.64 0.00 -3535.39
v -1326.77 0.00 -3541.90
v -1331.85 0.00 -3536.88
v -1325.71 0.00 -3541.18
v -1339.01 0.00 -3565.35
v -1332.21 0.00 -3566.98
v -1345.34 0.00 -3593.24
v -1338.44 0.00 -3594.47
v -1350.52 0.00 -3632.73
v -1343.65 0.00 -3634.22
v -1360.77 0.00 -3666.25
v -1354.15 0.00 -3668.54
v -1363.64 0.00 -3673.61
v -1357.11 0.00 -3676.15
f 11440 11442 11441 11439
f 11442 11444 11443 11441
f 11444 11446 11445 11443
f 11446 11448 11447 11445
f 11448 11450 11449 11447
f 11450 11452 11451 11449
f 11452 11454 11453 11451
f 11454 11456 11455 11453
f 11456 11458 11457 11455
f 11458 11460 11459 11457
f 11460 11462 11461 11459
f 11462 11464 11463 11461
f 11466 11468 11467 11465
f 11468 11470 11469 11467
f 11470 11472 11471 11469
f 11472 11474 11473 11471
f 11474 11476 11475 11473
f 11476 11478 11477 11475
f 11478 11480 11479 11477
f 11480 11482 11481 11479
f 11482 11484 11483 11481
f 11486 11488 11487 11485
f 11488 11490 11489 11487
f 11490 11492 11491 11489
f 11492 11494 11493 11491
f 11494 11496 11495 11493
f 11496 11498 11497 11495
f 11498 11500 11499 11497
f 11500 11502 11501 11499
f 11502 11504 11503 11501
f 11504 11506 11505 11503
f 11506 11508 11507 11505
o Roads_+5_-2
v -1306.69 0.00 -555.35
v -1313.56 0.00 -554.00
v -1305.28 0.00 -548.20
v -1312.13 0.00 -546.79
v -1300.69 0.00 -526.83
v -1307.56 0.00 -525.49
v -1296.85 0.00 -504.99
v -1303.76 0.00 -503.82
v -1290.48 0.00 -466.36
v -1297.38 0.00 -465.16
v -1284.42 0.00 -433.64
v -1291.28 0.00 -432.24
v -1275.95 0.00 -395.32
v -1282.81 0.00 -393.94
v -1268.58 0.00 -354.47
v -1275.49 0.00 -353.34
v -1263.09 0.00 -316.70
v -1270.00 0.00 -315.57
v -1256.04 0.00 -277.86
v -1262.92 0.00 -276.61
v -1248.60 0.00 1000.54
v -1239.24 0.00 995.78
v -1254.45 0.00 989.00
v -1244.93 0.00 984.58
v -1258.70 0.00 978.97
v -1248.88 0.00 975.21
v -1260.78 0.00 972.91
v -1250.80 0.00 969.67
v -1262.80 0.00 966.30
v -1252.68 0.00 963.50
v -1264.42 0.00 959.78
v -1254.16 0.00 957.54
v -1266.78 0.00 947.39
v -1256.40 0.00 945.75
v -1268.89 0.00 930.73
v -1258.45 0.00 929.53
v -1275.97 0.00 862.97
v -1265.53 0.00 861.91
v -1281.08 0.00 811.49
v -1270.62 0.00 810.53
v -1283.69 0.00 780.83
v -1273.23 0.00 780.01
v -1284.81 0.00 765.48
v -1274.33 0.00 764.82
v -1285.65 0.00 750.04
v -1275.17 0.00 749.56
v -1288.93 0.00 662.57
v -1278.45 0.00 662.05
v -1294.22 0.00 578.58
v -1283.74 0.00 577.96
v -1301.10 0.00 450.82
v -1290.62 0.00 450.34
v -1304.50 0.00 359.10
v -1294.00 0.00 358.80
v -1305.94 0.00 285.89
v -1295.44 0.00 285.51
v -1306.83 0.00 268.92
v -1296.35 0.00 268.18
v -1307.85 0.00 257.35
v -1297.41 0.00 256.25
v -1309.28 0.00 245.87
v -1298.88 0.00 244.33
v -1312.19 0.00 228.87
v -1301.87 0.00 226.91
v -1314.49 0.00 217.94
v -1304.23 0.00 215.70
v -1326.45 0.00 165.25
v -1316.19 0.00 163.01
v -1333.01 0.00 134.00
v -1322.71 0.00 131.94
v -1336.01 0.00 118.36
v -1325.67 0.00 116.52
v -1338.57 0.00 102.76
v -1328.19 0.00 101.16
v -1342.35 0.00 76.88
v -1331.95 0.00 75.42
v -1349.04 0.00 27.85
v -1338.62 0.00 26.53
v -1350.99 0.00 11.05
v -1340.55 0.00 10.01
v -1352.36 0.00 -5.20
v -1341.88 0.00 -5.92
v -1357.43 0.00 -103.30
v -1346.95 0.00 -103.92
v -1363.75 0.00 -199.00
v -1353.27 0.00 -199.74
v -1366.69 0.00 -237.72
v -1356.23 0.00 -238.60
v -1370.37 0.00 -277.23
v -1359.93 0.00 -278.29
v -1372.18 0.00 -293.53
v -1361.76 0.00 -294.79
v -1374.87 0.00 -314.35
v -1364.47 0.00 -315.75
v -1397.75 0.00 -478.36
v -1387.37 0.00 -479.96
v -1399.58 0.00 -489.25
v -1389.26 0.00 -491.19
v -1400.75 0.00 -494.85
v -1390.53 0.00 -497.23
v -1402.23 0.00 -500.58
v -1392.13 0.00 -503.48
v -1404.09 0.00 -506.41
v -1394.19 0.00 -509.93
v -1406.37 0.00 -512.19
v -1396.75 0.00 -516.43
v -1409.10 0.00 -517.76
v -1399.90 0.00 -522.84
v -1412.32 0.00 -522.99
v -1403.68 0.00 -528.99
v -1416.01 0.00 -527.71
v -1408.15 0.00 -534.69
v -1420.14 0.00 -531.82
v -1413.24 0.00 -539.76
v -1424.68 0.00 -535.25
v -1418.94 0.00 -544.09
v -1429.59 0.00 -537.96
v -1425.19 0.00 -547.52
v -1434.79 0.00 -539.93
v -1431.73 0.00 -549.99
v -1440.16 0.00 -541.17
v -1438.44 0.00 -551.55
v -1445.70 0.00 -541.74
v -1445.18 0.00 -552.24
v -1451.31 0.00 -541.71
v -1451.81 0.00 -552.21
v -1456.91 0.00 -541.21
v -1458.27 0.00 -551.63
v -1468.40 0.00 -539.26
v -1470.40 0.00 -549.56
v -1522.65 0.00 -527.38
v -1524.97 0.00 -537.62
v -1533.10 0.00 -524.92
v -1535.64 0.00 -535.12
v -1543.67 0.00 -522.15
v -1546.51 0.00 -532.27
v -1554.53 0.00 -518.92
v -1557.71 0.00 -528.92
v -1565.75 0.00 -515.11
v -1569.29 0.00 -524.99
v -1577.18 0.00 -510.77
v -1580.98 0.00 -520.57
v -1600.11 0.00 -501.68
v -1603.73 0.00 -511.54
v -1606.27 0.00 -499.60
v -1609.39 0.00 -509.62
v -1612.70 0.00 -497.76
v -1615.30 0.00 -507.94
v -1619.43 0.00 -496.23
v -1621.43 0.00 -506.55
v -1626.37 0.00 -495.10
v -1627.73 0.00 -505.52
v -1633.43 0.00 -494.41
v -1634.11 0.00 -504.89
v -1640.49 0.00 -494.20
v -1640.45 0.00 -504.70
v -1647.37 0.00 -494.46
v -1646.61 0.00 -504.94
v -1653.99 0.00 -495.17
v -1652.53 0.00 -505.57
v -1660.36 0.00 -496.27
v -1658.24 0.00 -506.55
v -1666.49 0.00 -497.74
v -1663.71 0.00 -507.88
v -1672.36 0.00 -499.56
v -1669.00 0.00 -509.50
v -1678.07 0.00 -501.67
v -1674.17 0.00 -511.41
v -1683.64 0.00 -504.07
v -1679.22 0.00 -513.61
v -1689.02 0.00 -506.73
v -1684.18 0.00 -516.05
v -1694.27 0.00 -509.59
v -1689.03 0.00 -518.69
v -1704.21 0.00 -515.65
v -1698.55 0.00 -524.49
v -1751.26 0.00 -547.22
v -1745.40 0.00 -555.94
v -1343.07 0.00 -264.48
v -1353.11 0.00 -261.38
v -1339.41 0.00 -252.65
v -1349.41 0.00 -249.43
v -1335.38 0.00 -240.53
v -1345.34 0.00 -237.21
v -1371.23 0.00 -243.21
v -1363.25 0.00 -243.89
v -1373.76 0.00 -273.12
v -1365.80 0.00 -273.88
v -1375.46 0.00 -289.11
v -1367.52 0.00 -290.03
v -1377.40 0.00 -304.72
v -1369.48 0.00 -305.80
v -1391.09 0.00 -397.78
v -1383.17 0.00 -398.90
v -1398.50 0.00 -451.88
v -1390.58 0.00 -453.02
v -1405.03 0.00 -495.61
v -1397.11 0.00 -496.71
v -1406.94 0.00 -510.65
v -1398.98 0.00 -511.55
v -1408.06 0.00 -522.12
v -1400.10 0.00 -522.90
v -1372.55 0.00 -225.18
v -1364.65 0.00 -226.38
v -1375.68 0.00 -245.67
v -1367.76 0.00 -246.83
v -1381.65 0.00 -287.94
v -1373.73 0.00 -289.14
v -1388.40 0.00 -329.68
v -1380.50 0.00 -330.92
v -1391.50 0.00 -350.17
v -1383.58 0.00 -351.31
v -1407.12 0.00 -465.55
v -1399.20 0.00 -466.67
v -1410.04 0.00 -485.60
v -1402.14 0.00 -486.92
v -1411.99 0.00 -495.93
v -1404.17 0.00 -497.65
v -1414.63 0.00 -506.44
v -1406.95 0.00 -508.66
v -1417.60 0.00 -515.47
v -1410.06 0.00 -518.17
v -1422.11 0.00 -527.01
v -1414.67 0.00 -529.93
v -1257.92 0.00 -264.69
v -1257.92 0.00 -271.69
v -1264.84 0.00 -264.69
v -1265.03 0.00 -271.69
v -1271.52 0.00 -264.32
v -1272.18 0.00 -271.30
v -1277.16 0.00 -263.56
v -1278.13 0.00 -270.49
v -1300.63 0.00 -260.19
v -1301.76 0.00 -267.10
v -1314.98 0.00 -257.56
v -1316.22 0.00 -264.44
v -1316.90 0.00 -257.21
v -1324.79 0.00 -262.91
v -1315.32 0.00 -246.29
v -1323.26 0.00 -252.29
v -1339.43 0.00 -243.07
v -1340.36 0.00 -250.00
f 11510 11512 11511 11509
f 11512 11514 11513 11511
f 11514 11516 11515 11513
f 11516 11518 11517 11515
f 11518 11520 11519 11517
f 11520 11522 11521 11519
f 11522 11524 11523 11521
f 11524 11526 11525 11523
f 11526 11528 11527 11525
f 11530 11532 11531 11529
f 11532 11534 11533 11531
f 11534 11536 11535 11533
f 11536 11538 11537 11535
f 11538 11540 11539 11537
f 11540 11542 11541 11539
f 11542 11544 11543 11541
f 11544 11546 11545 11543
f 11546 11548 11547 11545
f 11548 11550 11549 11547
f 11550 11552 11551 11549
f 11552 11554 11553 11551
f 11554 11556 11555 11553
f 11556 11558 11557 11555
f 11558 11560 11559 11557
f 11560 11562 11561 11559
f 11562 11564 11563 11561
f 11564 11566 11565 11563
f 11566 11568 11567 11565
f 11568 11570 11569 11567
f 11570 11572 11571 11569
f 11572 11574 11573 11571
f 11574 11576 11575 11573
f 11576 11578 11577 11575
f 11578 11580 11579 11577
f 11580 11582 11581 11579
f 11582 11584 11583 11581
f 11584 11586 11585 11583
f 11586 11588 11587 11585
f 11588 11590 11589 11587
f 11590 11592 11591 11589
f 11592 11594 11593 11591
f 11594 11596 11595 11593
f 11596 11598 11597 11595
f 11598 11600 11599 11597
f 11600 11602 11601 11599
f 11602 11604 11603 11601
f 11604 11606 11605 11603
f 11606 11608 11607 11605
f 11608 11610 11609 11607
f 11610 11612 11611 11609
f 11612 11614 11613 11611
f 11614 11616 11615 11613
f 11616 11618 11617 11615
f 11618 11620 11619 11617
f 11620 11622 11621 11619
f 11622 11624 11623 11621
f 11624 11626 11625 11623
f 11626 11628 11627 11625
f 11628 11630 11629 11627
f 11630 11632 11631 11629
f 11632 11634 11633 11631
f 11634 11636 11635 11633
f 11636 11638 11637 11635
f 11638 11640 11639 11637
f 11640 11642 11641 11639
f 11642 11644 11643 11641
f 11644 11646 11645 11643
f 11646 11648 11647 11645
f 11648 11650 11649 11647
f 11650 11652 11651 11649
f 11652 11654 11653 11651
f 11654 11656 11655 11653
f 11656 11658 11657 11655
f 11658 11660 11659 11657
f 11660 11662 11661 11659
f 11662 11664 11663 11661
f 11664 11666 11665 11663
f 11666 11668 11667 11665
f 11668 11670 11669 11667
f 11670 11672 11671 11669
f 11672 11674 11673 11671
f 11674 11676 11675 11673
f 11676 11678 11677 11675
f 11678 11680 11679 11677
f 11680 11682 11681 11679
f 11682 11684 11683 11681
f 11684 11686 11685 11683
f 11688 11690 11689 11687
f 11690 11692 11691 11689
f 11694 11696 11695 11693
f 11696 11698 11697 11695
f 11698 11700 11699 11697
f 11700 11702 11701 11699
f 11702 11704 11703 11701
f 11704 11706 11705 11703
f 11706 11708 11707 11705
f 11708 11710 11709 11707
f 11712 11714 11713 11711
f 11714 11716 11715 11713
f 11716 11718 11717 11715
f 11718 11720 11719 11717
f 11720 11722 11721 11719
f 11722 11724 11723 11721
f 11724 11726 11725 11723
f 11726 11728 11727 11725
f 11728 11730 11729 11727
f 11730 11732 11731 11729
f 11734 11736 11735 11733
f 11736 11738 11737 11735
f 11738 11740 11739 11737
f 11740 11742 11741 11739
f 11742 11744 11743 11741
f 11744 11746 11745 11743
f 11746 11748 11747 11745
f 11748 11750 11749 11747
o Roads_+5_-3
v -1312.82 0.00 -595.10
v -1319.76 0.00 -594.17
v -1312.08 0.00 -589.54
v -1319.00 0.00 -588.53
v -1306.66 0.00 -555.22
v -1313.58 0.00 -554.13
v -1230.90 0.00 -604.48
v -1231.98 0.00 -611.39
v -1312.55 0.00 -591.73
v -1313.70 0.00 -598.64
v -1315.69 0.00 -591.19
v -1316.89 0.00 -598.08
v -1400.71 0.00 -708.90
v -1401.27 0.00 -715.87
v -1473.39 0.00 -703.06
v -1473.95 0.00 -710.03
v -1417.19 0.00 -577.19
v -1405.23 0.00 -569.93
v -1412.49 0.00 -584.94
v -1399.93 0.00 -578.66
v -1409.64 0.00 -592.07
v -1396.30 0.00 -587.73
v -1406.85 0.00 -603.13
v -1393.23 0.00 -599.87
v -1403.96 0.00 -615.99
v -1390.40 0.00 -612.45
v -1401.96 0.00 -622.71
v -1388.74 0.00 -618.07
v -1399.30 0.00 -629.24
v -1386.68 0.00 -623.10
v -1395.84 0.00 -635.32
v -1384.16 0.00 -627.54
v -1391.53 0.00 -640.89
v -1381.09 0.00 -631.51
v -1386.42 0.00 -645.79
v -1377.40 0.00 -635.05
v -1380.72 0.00 -649.97
v -1373.10 0.00 -638.19
v -1374.67 0.00 -653.39
v -1368.35 0.00 -640.89
v -1368.48 0.00 -656.17
v -1363.30 0.00 -643.15
v -1362.30 0.00 -658.32
v -1358.14 0.00 -644.94
v -1356.34 0.00 -659.95
v -1353.00 0.00 -646.35
v -1350.61 0.00 -661.19
v -1348.01 0.00 -647.43
v -1335.08 0.00 -663.69
v -1332.98 0.00 -649.85
v -1249.58 0.00 -675.90
v -1247.60 0.00 -662.04
v -1354.16 0.00 -633.86
v -1358.18 0.00 -640.78
v -1364.46 0.00 -627.86
v -1369.22 0.00 -634.34
v -1370.95 0.00 -621.97
v -1376.99 0.00 -627.29
v -1373.67 0.00 -618.08
v -1380.47 0.00 -622.32
v -1376.23 0.00 -613.43
v -1383.55 0.00 -616.71
v -1377.96 0.00 -608.54
v -1385.64 0.00 -610.84
v -1379.26 0.00 -603.31
v -1387.10 0.00 -604.91
v -1381.94 0.00 -586.57
v -1389.82 0.00 -587.97
v -1382.98 0.00 -581.21
v -1390.76 0.00 -583.07
v -1385.63 0.00 -571.95
v -1393.21 0.00 -574.51
v -1389.96 0.00 -560.80
v -1397.42 0.00 -563.70
v -1257.14 0.00 -751.52
v -1258.24 0.00 -758.43
v -1280.00 0.00 -747.89
v -1281.10 0.00 -754.81
v -1385.13 0.00 -731.19
v -1386.23 0.00 -738.10
v -1401.96 0.00 -728.51
v -1403.06 0.00 -735.42
v -1315.93 0.00 -591.15
v -1316.65 0.00 -598.12
v -1384.19 0.00 -584.09
v -1384.91 0.00 -591.05
v -1739.22 0.00 -562.70
v -1745.16 0.00 -554.04
v -1699.54 0.00 -535.47
v -1705.38 0.00 -526.75
v -1690.52 0.00 -529.56
v -1696.06 0.00 -520.64
v -1680.89 0.00 -523.89
v -1685.95 0.00 -514.69
v -1675.94 0.00 -521.36
v -1680.48 0.00 -511.90
v -1670.84 0.00 -519.07
v -1674.88 0.00 -509.37
v -1665.71 0.00 -517.11
v -1669.11 0.00 -507.17
v -1660.53 0.00 -515.54
v -1663.17 0.00 -505.38
v -1655.23 0.00 -514.39
v -1657.05 0.00 -504.03
v -1649.71 0.00 -513.65
v -1650.69 0.00 -503.19
v -1643.83 0.00 -513.33
v -1643.99 0.00 -502.83
v -1637.52 0.00 -513.47
v -1636.92 0.00 -502.99
v -1630.81 0.00 -514.09
v -1629.53 0.00 -503.67
v -1623.81 0.00 -515.18
v -1621.91 0.00 -504.84
v -1616.64 0.00 -516.70
v -1614.18 0.00 -506.48
v -1609.42 0.00 -518.63
v -1606.50 0.00 -508.55
v -1602.28 0.00 -520.87
v -1598.98 0.00 -510.89
v -1595.27 0.00 -523.31
v -1591.71 0.00 -513.43
v -1563.02 0.00 -535.26
v -1559.56 0.00 -525.34
v -1551.97 0.00 -538.89
v -1548.89 0.00 -528.85
v -1541.60 0.00 -541.86
v -1538.94 0.00 -531.70
v -1526.61 0.00 -545.44
v -1524.31 0.00 -535.20
v -1477.84 0.00 -555.77
v -1475.76 0.00 -545.47
v -1465.79 0.00 -558.09
v -1463.97 0.00 -547.75
v -1443.00 0.00 -561.69
v -1441.18 0.00 -551.35
v -1437.53 0.00 -562.76
v -1435.21 0.00 -552.52
v -1432.13 0.00 -564.16
v -1429.09 0.00 -554.10
v -1426.82 0.00 -566.00
v -1422.92 0.00 -556.24
v -1421.74 0.00 -568.31
v -1416.90 0.00 -558.99
v -1417.11 0.00 -571.03
v -1411.27 0.00 -562.29
v -1413.10 0.00 -574.07
v -1406.24 0.00 -566.09
v -1409.79 0.00 -577.31
v -1401.91 0.00 -570.33
v -1407.17 0.00 -580.72
v -1398.39 0.00 -574.90
v -1405.14 0.00 -584.31
v -1395.64 0.00 -579.77
v -1403.56 0.00 -588.28
v -1393.60 0.00 -584.88
v -1402.30 0.00 -592.66
v -1392.08 0.00 -590.24
v -1399.30 0.00 -608.60
v -1389.00 0.00 -606.54
v -1398.09 0.00 -614.29
v -1387.89 0.00 -611.79
v -1396.51 0.00 -619.95
v -1386.53 0.00 -616.63
v -1394.37 0.00 -625.43
v -1384.83 0.00 -621.01
v -1391.60 0.00 -630.55
v -1382.72 0.00 -624.89
v -1388.15 0.00 -635.20
v -1380.19 0.00 -628.30
v -1384.01 0.00 -639.30
v -1377.17 0.00 -631.30
v -1379.27 0.00 -642.79
v -1373.61 0.00 -633.91
v -1374.04 0.00 -645.64
v -1369.54 0.00 -636.14
v -1368.47 0.00 -647.91
v -1364.93 0.00 -638.01
v -1362.67 0.00 -649.71
v -1359.89 0.00 -639.57
v -1356.75 0.00 -651.11
v -1354.55 0.00 -640.85
v -1350.81 0.00 -652.25
v -1349.05 0.00 -641.89
v -1285.78 0.00 -661.86
v -1284.20 0.00 -651.48
v -1249.22 0.00 -667.51
v -1247.56 0.00 -657.15
v -1201.32 0.00 -675.43
v -1199.52 0.00 -665.09
v -1168.04 0.00 -681.54
v -1166.14 0.00 -671.22
v -1431.27 0.00 -560.32
v -1433.75 0.00 -552.72
v -1422.75 0.00 -557.55
v -1425.69 0.00 -550.09
v -1415.42 0.00 -554.14
v -1419.24 0.00 -547.10
v -1411.07 0.00 -551.43
v -1415.57 0.00 -544.81
v -1406.38 0.00 -547.97
v -1411.48 0.00 -541.79
v -1401.88 0.00 -543.84
v -1407.58 0.00 -538.20
v -1397.60 0.00 -539.08
v -1403.80 0.00 -534.02
v -1393.70 0.00 -533.79
v -1400.36 0.00 -529.35
v -1390.26 0.00 -528.07
v -1397.30 0.00 -524.25
v -1387.34 0.00 -522.07
v -1394.68 0.00 -518.85
v -1384.93 0.00 -515.93
v -1392.47 0.00 -513.25
v -1382.96 0.00 -509.72
v -1390.66 0.00 -507.52
v -1381.37 0.00 -503.49
v -1389.17 0.00 -501.67
v -1380.06 0.00 -497.33
v -1387.92 0.00 -495.81
v -1377.99 0.00 -485.29
v -1385.89 0.00 -484.03
v -1372.21 0.00 -446.20
v -1380.11 0.00 -445.00
v -1362.22 0.00 -382.99
v -1370.12 0.00 -381.77
v -1344.14 0.00 -263.53
v -1352.04 0.00 -262.33
v -1390.46 0.00 -558.11
v -1396.92 0.00 -566.39
v -1399.01 0.00 -551.44
v -1405.09 0.00 -560.02
v -1406.70 0.00 -546.49
v -1412.02 0.00 -555.55
v -1411.35 0.00 -544.00
v -1416.01 0.00 -553.42
v -1420.82 0.00 -539.66
v -1424.82 0.00 -549.38
v -1428.41 0.00 -536.88
v -1431.77 0.00 -546.82
v -1437.00 0.00 -534.21
v -1440.10 0.00 -544.25
v -1425.72 0.00 -575.53
v -1431.10 0.00 -566.51
v -1418.26 0.00 -571.09
v -1424.92 0.00 -562.83
v -1413.12 0.00 -565.56
v -1422.20 0.00 -559.90
v -1411.52 0.00 -561.40
v -1421.56 0.00 -558.24
v -1410.43 0.00 -556.97
v -1421.17 0.00 -556.67
v -1411.82 0.00 -549.51
v -1421.82 0.00 -553.21
v -1416.17 0.00 -541.98
v -1425.27 0.00 -547.22
f 11752 11754 11753 11751
f 11754 11756 11755 11753
f 11758 11760 11759 11757
f 11760 11762 11761 11759
f 11764 11766 11765 11763
f 11768 11770 11769 11767
f 11770 11772 11771 11769
f 11772 11774 11773 11771
f 11774 11776 11775 11773
f 11776 11778 11777 11775
f 11778 11780 11779 11777
f 11780 11782 11781 11779
f 11782 11784 11783 11781
f 11784 11786 11785 11783
f 11786 11788 11787 11785
f 11788 11790 11789 11787
f 11790 11792 11791 11789
f 11792 11794 11793 11791
f 11794 11796 11795 11793
f 11796 11798 11797 11795
f 11798 11800 11799 11797
f 11800 11802 11801 11799
f 11804 11806 11805 11803
f 11806 11808 11807 11805
f 11808 11810 11809 11807
f 11810 11812 11811 11809
f 11812 11814 11813 11811
f 11814 11816 11815 11813
f 11816 11818 11817 11815
f 11818 11820 11819 11817
f 11820 11822 11821 11819
f 11822 11824 11823 11821
f 11826 11828 11827 11825
f 11828 11830 11829 11827
f 11830 11832 11831 11829
f 11834 11836 11835 11833
f 11838 11840 11839 11837
f 11840 11842 11841 11839
f 11842 11844 11843 11841
f 11844 11846 11845 11843
f 11846 11848 11847 11845
f 11848 11850 11849 11847
f 11850 11852 11851 11849
f 11852 11854 11853 11851
f 11854 11856 11855 11853
f 11856 11858 11857 11855
f 11858 11860 11859 11857
f 11860 11862 11861 11859
f 11862 11864 11863 11861
f 11864 11866 11865 11863
f 11866 11868 11867 11865
f 11868 11870 11869 11867
f 11870 11872 11871 11869
f 11872 11874 11873 11871
f 11874 11876 11875 11873
f 11876 11878 11877 11875
f 11878 11880 11879 11877
f 11880 11882 11881 11879
f 11882 11884 11883 11881
f 11884 11886 11885 11883
f 11886 11888 11887 11885
f 11888 11890 11889 11887
f 11890 11892 11891 11889
f 11892 11894 11893 11891
f 11894 11896 11895 11893
f 11896 11898 11897 11895
f 11898 11900 11899 11897
f 11900 11902 11901 11899
f 11902 11904 11903 11901
f 11904 11906 11905 11903
f 11906 11908 11907 11905
f 11908 11910 11909 11907
f 11910 11912 11911 11909
f 11912 11914 11913 11911
f 11914 11916 11915 11913
f 11916 11918 11917 11915
f 11918 11920 11919 11917
f 11920 11922 11921 11919
f 11922 11924 11923 11921
f 11924 11926 11925 11923
f 11926 11928 11927 11925
f 11928 11930 11929 11927
f 11930 11932 11931 11929
f 11932 11934 11933 11931
f 11934 11936 11935 11933
f 11936 11938 11937 11935
f 11938 11940 11939 11937
f 11940 11942 11941 11939
f 11944 11946 11945 11943
f 11946 11948 11947 11945
f 11948 11950 11949 11947
f 11950 11952 11951 11949
f 11952 11954 11953 11951
f 11954 11956 11955 11953
f 11956 11958 11957 11955
f 11958 11960 11959 11957
f 11960 11962 11961 11959
f 11962 11964 11963 11961
f 11964 11966 11965 11963
f 11966 11968 11967 11965
f 11968 11970 11969 11967
f 11970 11972 11971 11969
f 11972 11974 11973 11971
f 11974 11976 11975 11973
f 11976 11978 11977 11975
f 11980 11982 11981 11979
f 11982 11984 11983 11981
f 11984 11986 11985 11983
f 11986 11988 11987 11985
f 11988 11990 11989 11987
f 11990 11992 11991 11989
f 11994 11996 11995 11993
f 11996 11998 11997 11995
f 11998 12000 11999 11997
f 12000 12002 12001 11999
f 12002 12004 12003 12001
f 12004 12006 12005 12003
o Roads_+5_-4
v -1257.44 0.00 -941.99
v -1258.71 0.00 -948.87
v -1298.72 0.00 -934.33
v -1300.45 0.00 -941.13
v -1350.07 0.00 -917.60
v -1352.02 0.00 -924.32
v -1390.43 0.00 -907.36
v -1391.64 0.00 -914.28
v -1402.52 0.00 -906.15
v -1403.22 0.00 -913.12
v -1203.98 0.00 -902.88
v -1205.58 0.00 -909.69
v -1348.82 0.00 -868.87
v -1350.42 0.00 -875.68
v -1195.05 0.00 -862.30
v -1196.72 0.00 -869.09
v -1278.01 0.00 -841.93
v -1279.59 0.00 -848.75
v -1343.03 0.00 -827.76
v -1344.52 0.00 -834.60
v -1267.13 0.00 -1053.00
v -1274.09 0.00 -1052.19
v -1254.60 0.00 -945.84
v -1261.55 0.00 -945.02
v -1174.28 0.00 -769.77
v -1175.78 0.00 -776.61
v -1256.94 0.00 -751.56
v -1258.44 0.00 -758.40
v -1490.55 0.00 -881.01
v -1489.87 0.00 -874.04
v -1457.64 0.00 -884.20
v -1457.08 0.00 -877.22
v -1441.50 0.00 -885.26
v -1440.94 0.00 -878.28
v -1438.44 0.00 -885.55
v -1437.76 0.00 -878.59
v -1436.80 0.00 -885.72
v -1436.11 0.00 -878.75
v -1418.07 0.00 -887.57
v -1417.38 0.00 -880.60
v -1366.22 0.00 -1028.83
v -1372.96 0.00 -1026.94
v -1355.49 0.00 -990.76
v -1362.38 0.00 -989.40
v -1347.55 0.00 -921.21
v -1354.54 0.00 -920.71
v -1346.13 0.00 -872.57
v -1353.11 0.00 -871.98
v -1340.30 0.00 -831.63
v -1347.25 0.00 -830.74
v -1334.89 0.00 -783.14
v -1341.85 0.00 -782.36
v -1261.09 0.00 -754.15
v -1254.29 0.00 -755.80
v -1271.99 0.00 -798.97
v -1265.18 0.00 -800.57
v -1282.21 0.00 -844.57
v -1275.38 0.00 -846.10
v -1339.20 0.00 -786.15
v -1337.54 0.00 -779.35
v -1269.40 0.00 -803.17
v -1267.77 0.00 -796.37
v -1186.56 0.00 -822.70
v -1184.95 0.00 -815.89
v -1405.03 0.00 -617.92
v -1393.09 0.00 -616.72
v -1403.56 0.00 -632.57
v -1391.60 0.00 -631.53
v -1402.66 0.00 -644.46
v -1390.68 0.00 -643.86
v -1402.38 0.00 -656.00
v -1390.38 0.00 -656.10
v -1402.83 0.00 -667.21
v -1390.85 0.00 -667.99
v -1409.97 0.00 -746.22
v -1398.03 0.00 -747.36
v -1425.34 0.00 -901.29
v -1413.38 0.00 -902.33
v -1427.07 0.00 -923.97
v -1415.11 0.00 -924.83
v -1430.77 0.00 -977.99
v -1418.79 0.00 -978.77
v -1435.24 0.00 -1048.81
v -1423.26 0.00 -1049.67
v -1439.89 0.00 -1107.56
v -1427.93 0.00 -1108.46
v -1441.92 0.00 -1136.74
v -1429.96 0.00 -1137.68
v -1443.65 0.00 -1156.31
v -1431.69 0.00 -1157.37
v -1484.77 0.00 -815.57
v -1484.30 0.00 -808.59
v -1411.18 0.00 -820.49
v -1410.71 0.00 -813.51
v -1399.40 0.00 -910.08
v -1406.34 0.00 -909.19
v -1394.58 0.00 -872.48
v -1401.53 0.00 -871.65
v -1389.65 0.00 -827.25
v -1396.62 0.00 -826.59
v -1382.19 0.00 -734.92
v -1389.17 0.00 -734.36
f 12008 12010 12009 12007
f 12010 12012 12011 12009
f 12012 12014 12013 12011
f 12014 12016 12015 12013
f 12018 12020 12019 12017
f 12022 12024 12023 12021
f 12024 12026 12025 12023
f 12028 12030 12029 12027
f 12032 12034 12033 12031
f 12036 12038 12037 12035
f 12038 12040 12039 12037
f 12040 12042 12041 12039
f 12042 12044 12043 12041
f 12044 12046 12045 12043
f 12048 12050 12049 12047
f 12050 12052 12051 12049
f 12052 12054 12053 12051
f 12054 12056 12055 12053
f 12056 12058 12057 12055
f 12060 12062 12061 12059
f 12062 12064 12063 12061
f 12066 12068 12067 12065
f 12068 12070 12069 12067
f 12072 12074 12073 12071
f 12074 12076 12075 12073
f 12076 12078 12077 12075
f 12078 12080 12079 12077
f 12080 12082 12081 12079
f 12082 12084 12083 12081
f 12084 12086 12085 12083
f 12086 12088 12087 12085
f 12088 12090 12089 12087
f 12090 12092 12091 12089
f 12092 12094 12093 12091
f 12094 12096 12095 12093
f 12098 12100 12099 12097
f 12102 12104 12103 12101
f 12104 12106 12105 12103
f 12106 12108 12107 12105
o Roads_+5_-5
v -1527.42 0.00 -1260.07
v -1527.50 0.00 -1253.07
v -1507.67 0.00 -1259.85
v -1508.31 0.00 -1252.86
v -1474.78 0.00 -1254.12
v -1475.64 0.00 -1247.17
v -1412.03 0.00 -1249.35
v -1414.77 0.00 -1242.54
v -1406.32 0.00 -1244.66
v -1412.03 0.00 -1240.29
v -1400.88 0.00 -1232.55
v -1408.05 0.00 -1231.43
v -1403.73 0.00 -1207.28
v -1410.38 0.00 -1210.76
v -1414.25 0.00 -1198.07
v -1419.15 0.00 -1203.09
v -1429.01 0.00 -1181.93
v -1434.18 0.00 -1186.65
v -1303.04 0.00 -937.19
v -1296.12 0.00 -938.28
v -1319.15 0.00 -1038.85
v -1312.23 0.00 -1039.94
v -1265.42 0.00 -1054.00
v -1258.69 0.00 -1055.92
v -1278.30 0.00 -1099.15
v -1271.92 0.00 -1102.29
v -1279.84 0.00 -1101.23
v -1277.21 0.00 -1109.44
v -1283.77 0.00 -1099.95
v -1285.84 0.00 -1106.64
v -1325.77 0.00 -1087.54
v -1327.43 0.00 -1094.35
v -1364.85 0.00 -1080.01
v -1366.17 0.00 -1086.89
v -1435.50 0.00 -1159.59
v -1439.83 0.00 -1154.09
v -1423.19 0.00 -1149.89
v -1428.84 0.00 -1145.43
v -1415.72 0.00 -1133.84
v -1422.66 0.00 -1132.17
v -1411.39 0.00 -1019.00
v -1418.38 0.00 -1018.48
v -1399.39 0.00 -910.02
v -1406.35 0.00 -909.25
f 12110 12112 12111 12109
f 12112 12114 12113 12111
f 12114 12116 12115 12113
f 12116 12118 12117 12115
f 12118 12120 12119 12117
f 12120 12122 12121 12119
f 12122 12124 12123 12121
f 12124 12126 12125 12123
f 12128 12130 12129 12127
f 12132 12134 12133 12131
f 12134 12136 12135 12133
f 12136 12138 12137 12135
f 12138 12140 12139 12137
f 12140 12142 12141 12139
f 12144 12146 12145 12143
f 12146 12148 12147 12145
f 12148 12150 12149 12147
f 12150 12152 12151 12149
o Roads_+5_-6
v -1398.49 0.00 -1320.34
v -1400.59 0.00 -1327.02
v -1442.93 0.00 -1306.39
v -1445.03 0.00 -1313.07
v -1231.71 0.00 -1315.51
v -1233.99 0.00 -1322.13
v -1295.69 0.00 -1293.45
v -1298.01 0.00 -1300.06
v -1311.27 0.00 -1287.87
v -1313.63 0.00 -1294.46
v -1260.44 0.00 -1354.20
v -1267.40 0.00 -1353.39
v -1259.87 0.00 -1349.29
v -1267.50 0.00 -1354.26
v -1351.50 0.00 -1320.98
v -1353.57 0.00 -1327.67
v -1228.12 0.00 -1309.79
v -1223.41 0.00 -1314.97
v -1235.55 0.00 -1316.54
v -1230.16 0.00 -1321.10
v -1242.99 0.00 -1328.13
v -1236.63 0.00 -1331.18
v -1251.56 0.00 -1353.77
v -1247.06 0.00 -1362.39
v -1266.36 0.00 -1349.43
v -1261.48 0.00 -1358.15
v -1274.38 0.00 -1378.86
v -1267.61 0.00 -1380.63
v -1275.35 0.00 -1382.72
v -1268.56 0.00 -1384.42
v -1282.69 0.00 -1412.03
v -1275.90 0.00 -1413.73
v -1289.24 0.00 -1438.20
v -1282.45 0.00 -1439.90
v -1685.88 0.00 -1512.21
v -1692.88 0.00 -1512.41
v -1687.47 0.00 -1455.75
v -1694.68 0.00 -1448.52
v -1634.62 0.00 -1457.47
v -1640.40 0.00 -1450.28
v -1631.53 0.00 -1440.94
v -1637.38 0.00 -1434.16
v -1597.35 0.00 -1439.62
v -1597.32 0.00 -1432.61
v -1587.77 0.00 -1440.08
v -1588.49 0.00 -1433.03
v -1558.03 0.00 -1432.49
v -1558.05 0.00 -1425.27
v -1498.53 0.00 -1447.22
v -1502.62 0.00 -1439.00
v -1488.69 0.00 -1424.34
v -1495.33 0.00 -1422.06
v -1481.15 0.00 -1395.56
v -1487.67 0.00 -1392.83
v -1478.07 0.00 -1390.39
v -1481.25 0.00 -1382.03
v -1439.17 0.00 -1402.74
v -1442.37 0.00 -1394.38
v -1415.30 0.00 -1362.33
v -1421.44 0.00 -1358.96
v -1396.39 0.00 -1325.21
v -1402.69 0.00 -1322.16
v -1376.17 0.00 -1281.22
v -1382.54 0.00 -1278.31
v -1353.19 0.00 -1230.63
v -1359.80 0.00 -1228.25
v -1344.49 0.00 -1197.85
v -1353.09 0.00 -1203.88
v -1372.48 0.00 -1195.36
v -1379.67 0.00 -1201.78
v -1370.02 0.00 -1108.84
v -1376.99 0.00 -1107.64
v -1362.17 0.00 -1084.49
v -1368.85 0.00 -1082.41
v -1346.74 0.00 -1033.41
v -1353.44 0.00 -1031.38
v -1270.88 0.00 -1380.24
v -1273.03 0.00 -1386.90
v -1385.47 0.00 -1343.26
v -1387.62 0.00 -1349.92
v -1278.28 0.00 -1409.53
v -1280.31 0.00 -1416.23
v -1392.18 0.00 -1374.91
v -1394.21 0.00 -1381.61
v -1284.63 0.00 -1435.77
v -1287.06 0.00 -1442.34
v -1342.67 0.00 -1414.28
v -1345.10 0.00 -1420.84
f 12154 12156 12155 12153
f 12158 12160 12159 12157
f 12160 12162 12161 12159
f 12164 12166 12165 12163
f 12166 12168 12167 12165
f 12170 12172 12171 12169
f 12172 12174 12173 12171
f 12174 12176 12175 12173
f 12176 12178 12177 12175
f 12178 12180 12179 12177
f 12180 12182 12181 12179
f 12182 12184 12183 12181
f 12184 12186 12185 12183
f 12188 12190 12189 12187
f 12190 12192 12191 12189
f 12192 12194 12193 12191
f 12194 12196 12195 12193
f 12196 12198 12197 12195
f 12198 12200 12199 12197
f 12200 12202 12201 12199
f 12202 12204 12203 12201
f 12204 12206 12205 12203
f 12206 12208 12207 12205
f 12208 12210 12209 12207
f 12210 12212 12211 12209
f 12212 12214 12213 12211
f 12214 12216 12215 12213
f 12216 12218 12217 12215
f 12218 12220 12219 12217
f 12220 12222 12221 12219
f 12222 12224 12223 12221
f 12224 12226 12225 12223
f 12226 12228 12227 12225
f 12230 12232 12231 12229
f 12234 12236 12235 12233
f 12238 12240 12239 12237
o Roads_+5_-7
v -1204.81 0.00 -1526.02
v -1206.88 0.00 -1532.70
v -1267.81 0.00 -1506.55
v -1269.87 0.00 -1513.24
v -1210.08 0.00 -1600.42
v -1211.51 0.00 -1607.27
v -1292.85 0.00 -1583.17
v -1294.28 0.00 -1590.02
v -1309.41 0.00 -1659.47
v -1310.08 0.00 -1666.44
v -1331.98 0.00 -1657.32
v -1332.71 0.00 -1664.28
v -1340.70 0.00 -1656.32
v -1337.50 0.00 -1663.73
v -1346.37 0.00 -1663.91
v -1339.20 0.00 -1666.01
v -1344.88 0.00 -1684.58
v -1337.40 0.00 -1691.06
v -1371.85 0.00 -1686.51
v -1371.33 0.00 -1693.49
v -1380.00 0.00 -1687.14
v -1379.46 0.00 -1694.12
v -1405.88 0.00 -1689.13
v -1405.41 0.00 -1696.11
v -1438.30 0.00 -1691.00
v -1438.11 0.00 -1698.00
v -1514.61 0.00 -1690.65
v -1514.65 0.00 -1697.65
v -1147.10 0.00 -1656.43
v -1148.46 0.00 -1663.29
v -1167.93 0.00 -1652.28
v -1169.53 0.00 -1659.10
v -1217.29 0.00 -1638.97
v -1218.96 0.00 -1645.77
v -1266.85 0.00 -1627.97
v -1266.71 0.00 -1635.18
v -1272.81 0.00 -1629.55
v -1268.94 0.00 -1635.77
v -1275.94 0.00 -1633.13
v -1270.66 0.00 -1637.74
v -1276.59 0.00 -1634.24
v -1270.01 0.00 -1636.62
v -1287.37 0.00 -1664.07
v -1280.79 0.00 -1666.45
v -1293.31 0.00 -1583.10
v -1293.82 0.00 -1590.08
v -1295.75 0.00 -1582.93
v -1296.25 0.00 -1589.91
v -1330.97 0.00 -1580.45
v -1332.94 0.00 -1587.32
v -1355.98 0.00 -1567.12
v -1358.13 0.00 -1573.91
v -1357.77 0.00 -1566.90
v -1358.64 0.00 -1573.84
v -1275.47 0.00 -1542.78
v -1276.77 0.00 -1549.66
v -1300.31 0.00 -1538.11
v -1301.79 0.00 -1544.96
v -1331.35 0.00 -1530.57
v -1332.82 0.00 -1537.42
v -1338.04 0.00 -1529.32
v -1338.48 0.00 -1536.36
v -1346.76 0.00 -1529.85
v -1347.78 0.00 -1536.92
v -1355.99 0.00 -1526.50
v -1359.36 0.00 -1532.73
v -1451.68 0.00 -1454.61
v -1455.89 0.00 -1460.21
v -1360.00 0.00 -1567.37
v -1356.41 0.00 -1573.38
v -1361.52 0.00 -1568.27
v -1356.97 0.00 -1573.71
v -1376.24 0.00 -1585.29
v -1372.11 0.00 -1591.21
v -1375.52 0.00 -1585.02
v -1375.64 0.00 -1592.55
v -1375.14 0.00 -1585.18
v -1378.48 0.00 -1591.37
v -1500.57 0.00 -1499.42
v -1504.52 0.00 -1505.20
v -1299.44 0.00 -1585.77
v -1292.56 0.00 -1587.06
v -1303.93 0.00 -1609.75
v -1297.02 0.00 -1610.90
v -1307.93 0.00 -1637.44
v -1301.01 0.00 -1638.44
v -1329.06 0.00 -1535.75
v -1335.11 0.00 -1532.24
v -1323.73 0.00 -1526.56
v -1329.46 0.00 -1522.49
v -1313.30 0.00 -1514.39
v -1318.05 0.00 -1509.17
v -1306.09 0.00 -1509.29
v -1309.14 0.00 -1502.87
v -1302.49 0.00 -1508.30
v -1302.91 0.00 -1501.15
v -1269.37 0.00 -1513.36
v -1268.31 0.00 -1506.44
f 12242 12244 12243 12241
f 12246 12248 12247 12245
f 12250 12252 12251 12249
f 12252 12254 12253 12251
f 12254 12256 12255 12253
f 12256 12258 12257 12255
f 12258 12260 12259 12257
f 12260 12262 12261 12259
f 12262 12264 12263 12261
f 12264 12266 12265 12263
f 12266 12268 12267 12265
f 12270 12272 12271 12269
f 12272 12274 12273 12271
f 12274 12276 12275 12273
f 12276 12278 12277 12275
f 12278 12280 12279 12277
f 12282 12284 12283 12281
f 12286 12288 12287 12285
f 12288 12290 12289 12287
f 12290 12292 12291 12289
f 12292 12294 12293 12291
f 12296 12298 12297 12295
f 12298 12300 12299 12297
f 12300 12302 12301 12299
f 12302 12304 12303 12301
f 12304 12306 12305 12303
f 12306 12308 12307 12305
f 12310 12312 12311 12309
f 12312 12314 12313 12311
f 12314 12316 12315 12313
f 12316 12318 12317 12315
f 12318 12320 12319 12317
f 12322 12324 12323 12321
f 12324 12326 12325 12323
f 12328 12330 12329 12327
f 12330 12332 12331 12329
f 12332 12334 12333 12331
f 12334 12336 12335 12333
f 12336 12338 12337 12335
o Roads_+5_-8
v -1297.73 0.00 -2021.96
v -1303.77 0.00 -2025.49
v -1318.22 0.00 -1986.89
v -1324.35 0.00 -1990.28
v -1343.39 0.00 -1938.64
v -1349.60 0.00 -1941.88
v -1274.52 0.00 -1888.92
v -1270.74 0.00 -1894.81
v -1338.80 0.00 -1930.16
v -1334.82 0.00 -1935.92
v -1348.59 0.00 -1937.46
v -1344.40 0.00 -1943.07
v -1136.65 0.00 -1875.30
v -1136.23 0.00 -1882.29
v -1251.14 0.00 -1882.25
v -1250.84 0.00 -1889.25
v -1261.44 0.00 -1882.50
v -1259.74 0.00 -1889.46
v -1274.16 0.00 -1888.72
v -1271.09 0.00 -1895.01
v -1269.24 0.00 -1892.75
v -1276.01 0.00 -1890.98
v -1267.98 0.00 -1887.93
v -1274.57 0.00 -1885.45
v -1266.31 0.00 -1884.57
v -1272.10 0.00 -1880.52
v -1265.62 0.00 -1883.85
v -1269.94 0.00 -1878.23
v -1227.92 0.00 -1863.29
v -1231.37 0.00 -1857.20
v -1195.00 0.00 -1843.92
v -1198.55 0.00 -1837.89
v -1267.83 0.00 -1886.04
v -1274.71 0.00 -1887.34
v -1274.62 0.00 -1850.19
v -1281.53 0.00 -1851.32
v -1276.85 0.00 -1834.26
v -1283.78 0.00 -1835.27
v -1280.38 0.00 -1810.68
v -1287.29 0.00 -1811.79
v -1281.84 0.00 -1802.25
v -1288.77 0.00 -1803.28
v -1282.44 0.00 -1797.35
v -1289.43 0.00 -1797.85
v -1283.26 0.00 -1759.39
v -1290.25 0.00 -1759.85
v -1285.75 0.00 -1736.52
v -1292.72 0.00 -1737.16
v -1287.76 0.00 -1709.30
v -1294.76 0.00 -1709.53
v -1287.54 0.00 -1683.54
v -1294.54 0.00 -1683.37
v -1286.78 0.00 -1664.18
v -1293.77 0.00 -1663.90
v -1383.23 0.00 -1690.70
v -1376.23 0.00 -1690.56
v -1382.20 0.00 -1744.12
v -1375.21 0.00 -1743.92
v -1381.62 0.00 -1759.44
v -1374.65 0.00 -1758.69
v -1380.01 0.00 -1768.52
v -1372.98 0.00 -1768.03
v -1380.69 0.00 -1786.62
v -1373.77 0.00 -1789.03
v -1386.54 0.00 -1794.62
v -1381.86 0.00 -1800.08
v -1396.64 0.00 -1799.87
v -1387.72 0.00 -1803.12
v -1391.26 0.00 -1812.89
v -1384.91 0.00 -1809.92
v -1385.90 0.00 -1823.07
v -1379.72 0.00 -1819.79
v -1381.49 0.00 -1831.27
v -1375.39 0.00 -1827.83
v -1378.48 0.00 -1836.37
v -1372.45 0.00 -1832.81
v -1283.31 0.00 -1814.70
v -1284.36 0.00 -1807.77
v -1270.06 0.00 -1812.69
v -1270.92 0.00 -1805.74
v -1265.12 0.00 -1812.22
v -1265.33 0.00 -1805.21
v -1260.93 0.00 -1812.37
v -1259.78 0.00 -1805.41
v -1258.31 0.00 -1813.16
v -1254.76 0.00 -1806.92
v -1256.48 0.00 -1814.84
v -1251.17 0.00 -1810.22
v -1254.54 0.00 -1817.65
v -1249.24 0.00 -1813.01
v -1252.57 0.00 -1819.44
v -1247.86 0.00 -1814.26
v -1284.90 0.00 -1799.29
v -1285.71 0.00 -1806.24
v -1314.35 0.00 -1795.90
v -1315.04 0.00 -1802.86
v -1326.70 0.00 -1794.86
v -1327.14 0.00 -1801.85
v -1349.69 0.00 -1793.90
v -1349.53 0.00 -1800.91
v -1355.36 0.00 -1794.39
v -1354.76 0.00 -1801.36
v -1379.98 0.00 -1826.40
v -1376.90 0.00 -1832.69
v -1410.08 0.00 -1841.14
v -1407.04 0.00 -1847.45
v -1425.45 0.00 -1848.43
v -1422.65 0.00 -1854.85
v -1438.01 0.00 -1853.48
v -1435.40 0.00 -1859.97
v -1375.47 0.00 -1838.09
v -1375.47 0.00 -1831.09
v -1367.41 0.00 -1838.09
v -1367.37 0.00 -1831.09
v -1335.84 0.00 -1838.45
v -1335.67 0.00 -1831.45
v -1310.34 0.00 -1839.40
v -1310.35 0.00 -1832.39
v -1280.08 0.00 -1838.26
v -1280.56 0.00 -1831.27
v -1269.77 0.00 -1837.23
v -1270.71 0.00 -1830.29
v -1257.62 0.00 -1835.15
v -1259.31 0.00 -1828.34
v -1247.99 0.00 -1832.00
v -1250.17 0.00 -1825.35
v -1334.60 0.00 -1931.89
v -1339.03 0.00 -1934.20
v -1349.04 0.00 -1904.25
v -1353.46 0.00 -1906.58
v -1356.03 0.00 -1891.10
v -1360.40 0.00 -1893.54
v -1369.23 0.00 -1868.42
v -1373.55 0.00 -1870.93
f 12340 12342 12341 12339
f 12342 12344 12343 12341
f 12346 12348 12347 12345
f 12348 12350 12349 12347
f 12352 12354 12353 12351
f 12354 12356 12355 12353
f 12356 12358 12357 12355
f 12360 12362 12361 12359
f 12362 12364 12363 12361
f 12364 12366 12365 12363
f 12366 12368 12367 12365
f 12368 12370 12369 12367
f 12372 12374 12373 12371
f 12374 12376 12375 12373
f 12376 12378 12377 12375
f 12378 12380 12379 12377
f 12380 12382 12381 12379
f 12382 12384 12383 12381
f 12384 12386 12385 12383
f 12386 12388 12387 12385
f 12388 12390 12389 12387
f 12390 12392 12391 12389
f 12394 12396 12395 12393
f 12396 12398 12397 12395
f 12398 12400 12399 12397
f 12400 12402 12401 12399
f 12402 12404 12403 12401
f 12404 12406 12405 12403
f 12406 12408 12407 12405
f 12408 12410 12409 12407
f 12410 12412 12411 12409
f 12412 12414 12413 12411
f 12416 12418 12417 12415
f 12418 12420 12419 12417
f 12420 12422 12421 12419
f 12422 12424 12423 12421
f 12424 12426 12425 12423
f 12426 12428 12427 12425
f 12428 12430 12429 12427
f 12432 12434 12433 12431
f 12434 12436 12435 12433
f 12436 12438 12437 12435
f 12438 12440 12439 12437
f 12442 12444 12443 12441
f 12444 12446 12445 12443
f 12446 12448 12447 12445
f 12450 12452 12451 12449
f 12452 12454 12453 12451
f 12454 12456 12455 12453
f 12456 12458 12457 12455
f 12458 12460 12459 12457
f 12460 12462 12461 12459
f 12462 12464 12463 12461
f 12466 12468 12467 12465
f 12468 12470 12469 12467
f 12470 12472 12471 12469
o Roads_+5_-9
v -1167.21 0.00 -1963.38
v -1157.27 0.00 -1980.73
v -1293.98 0.00 -2035.93
v -1284.04 0.00 -2053.29
v -1281.71 0.00 -2057.71
v -1278.35 0.00 -2063.85
v -1364.62 0.00 -2103.19
v -1361.24 0.00 -2109.32
v -1430.67 0.00 -2139.87
v -1427.24 0.00 -2145.98
v -1497.13 0.00 -2177.63
v -1493.67 0.00 -2183.72
v -1262.36 0.00 -2092.91
v -1259.08 0.00 -2099.09
v -1345.01 0.00 -2136.80
v -1341.62 0.00 -2142.92
v -1411.17 0.00 -2174.85
v -1407.85 0.00 -2181.01
v -1479.22 0.00 -2209.25
v -1476.07 0.00 -2215.50
v -1323.01 0.00 -1985.54
v -1319.56 0.00 -1991.63
v -1358.88 0.00 -2005.88
v -1355.43 0.00 -2011.98
v -1377.06 0.00 -2016.16
v -1373.65 0.00 -2022.27
v -1386.88 0.00 -2021.54
v -1383.49 0.00 -2027.66
v -1395.14 0.00 -2026.16
v -1391.62 0.00 -2032.21
v -1405.87 0.00 -2032.64
v -1402.39 0.00 -2038.71
v -1537.94 0.00 -2104.66
v -1534.59 0.00 -2110.80
v -1348.48 0.00 -1937.38
v -1344.51 0.00 -1943.15
v -1393.22 0.00 -1968.10
v -1389.16 0.00 -1973.80
v -1436.86 0.00 -2000.19
v -1432.89 0.00 -2005.95
v -1442.97 0.00 -2004.12
v -1439.02 0.00 -2009.90
v -1501.29 0.00 -2046.59
v -1497.17 0.00 -2052.25
v -1245.08 0.00 -2125.69
v -1241.50 0.00 -2131.70
v -1313.80 0.00 -2166.63
v -1310.45 0.00 -2172.78
v -1324.42 0.00 -2171.87
v -1321.22 0.00 -2178.09
v -1392.50 0.00 -2208.46
v -1389.19 0.00 -2214.63
v -1459.64 0.00 -2244.37
v -1456.34 0.00 -2250.55
v -1256.60 0.00 -2261.53
v -1262.78 0.00 -2264.82
v -1275.24 0.00 -2226.50
v -1281.38 0.00 -2229.87
v -1295.79 0.00 -2190.19
v -1301.81 0.00 -2193.78
v -1297.78 0.00 -2187.02
v -1303.71 0.00 -2190.74
v -1305.68 0.00 -2174.41
v -1311.61 0.00 -2178.13
v -1319.80 0.00 -2173.22
v -1325.84 0.00 -2176.74
v -1340.30 0.00 -2138.10
v -1346.34 0.00 -2141.63
v -1359.91 0.00 -2104.49
v -1365.95 0.00 -2108.02
v -1380.58 0.00 -2069.08
v -1386.63 0.00 -2072.61
v -1401.11 0.00 -2033.91
v -1407.15 0.00 -2037.44
v -1228.82 0.00 -2149.51
v -1225.44 0.00 -2155.64
v -1300.48 0.00 -2188.92
v -1297.11 0.00 -2195.05
v -1435.99 0.00 -2286.68
v -1439.47 0.00 -2280.60
v -1370.36 0.00 -2249.04
v -1375.91 0.00 -2244.16
v -1369.15 0.00 -2246.11
v -1375.62 0.00 -2243.44
v -1369.32 0.00 -2243.07
v -1375.44 0.00 -2246.47
v -1376.08 0.00 -2230.91
v -1382.20 0.00 -2234.31
v -1387.78 0.00 -2209.85
v -1393.90 0.00 -2213.25
v -1406.45 0.00 -2176.23
v -1412.57 0.00 -2179.63
v -1425.90 0.00 -2141.22
v -1432.02 0.00 -2144.62
v -1394.07 0.00 -2354.40
v -1400.18 0.00 -2357.82
v -1400.79 0.00 -2342.39
v -1406.90 0.00 -2345.81
v -1412.46 0.00 -2321.56
v -1418.57 0.00 -2324.98
v -1420.20 0.00 -2307.75
v -1426.31 0.00 -2311.17
v -1434.67 0.00 -2281.93
v -1440.78 0.00 -2285.35
v -1454.94 0.00 -2245.75
v -1461.04 0.00 -2249.17
v -1465.86 0.00 -2226.23
v -1471.97 0.00 -2229.66
v -1474.59 0.00 -2210.66
v -1480.70 0.00 -2214.09
v -1484.77 0.00 -2192.50
v -1490.88 0.00 -2195.92
v -1492.35 0.00 -2178.96
v -1498.46 0.00 -2182.38
v -1505.06 0.00 -2156.27
v -1511.17 0.00 -2159.69
v -1512.04 0.00 -2143.80
v -1518.15 0.00 -2147.22
v -1525.54 0.00 -2119.72
v -1531.64 0.00 -2123.14
v -1533.21 0.00 -2106.02
v -1539.32 0.00 -2109.44
v -1543.50 0.00 -2087.65
v -1549.61 0.00 -2091.07
v -1391.51 0.00 -2026.23
v -1395.24 0.00 -2032.15
v -1433.01 0.00 -2000.11
v -1436.74 0.00 -2006.03
v -1302.36 0.00 -2020.61
v -1299.15 0.00 -2026.84
v -1317.34 0.00 -2028.34
v -1313.98 0.00 -2034.48
v -1385.36 0.00 -2067.81
v -1381.85 0.00 -2073.87
v -1450.56 0.00 -2105.62
v -1447.11 0.00 -2111.71
v -1516.80 0.00 -2142.45
v -1513.40 0.00 -2148.57
v -1285.96 0.00 -2042.90
v -1292.06 0.00 -2046.33
v -1297.70 0.00 -2022.01
v -1303.80 0.00 -2025.44
v -1305.55 0.00 -2174.63
v -1311.74 0.00 -2177.91
v -1309.04 0.00 -2168.07
v -1315.22 0.00 -2171.34
v -1302.45 0.00 -2185.82
v -1299.04 0.00 -2191.94
v -1380.85 0.00 -2229.55
v -1377.44 0.00 -2235.67
f 12474 12476 12475 12473
f 12478 12480 12479 12477
f 12480 12482 12481 12479
f 12482 12484 12483 12481
f 12486 12488 12487 12485
f 12488 12490 12489 12487
f 12490 12492 12491 12489
f 12494 12496 12495 12493
f 12496 12498 12497 12495
f 12498 12500 12499 12497
f 12500 12502 12501 12499
f 12502 12504 12503 12501
f 12504 12506 12505 12503
f 12508 12510 12509 12507
f 12510 12512 12511 12509
f 12512 12514 12513 12511
f 12514 12516 12515 12513
f 12518 12520 12519 12517
f 12520 12522 12521 12519
f 12522 12524 12523 12521
f 12524 12526 12525 12523
f 12528 12530 12529 12527
f 12530 12532 12531 12529
f 12532 12534 12533 12531
f 12534 12536 12535 12533
f 12538 12540 12539 12537
f 12540 12542 12541 12539
f 12542 12544 12543 12541
f 12544 12546 12545 12543
f 12548 12550 12549 12547
f 12552 12554 12553 12551
f 12554 12556 12555 12553
f 12558 12560 12559 12557
f 12560 12562 12561 12559
f 12562 12564 12563 12561
f 12564 12566 12565 12563
f 12568 12570 12569 12567
f 12570 12572 12571 12569
f 12572 12574 12573 12571
f 12574 12576 12575 12573
f 12576 12578 12577 12575
f 12578 12580 12579 12577
f 12580 12582 12581 12579
f 12582 12584 12583 12581
f 12584 12586 12585 12583
f 12586 12588 12587 12585
f 12588 12590 12589 12587
f 12590 12592 12591 12589
f 12592 12594 12593 12591
f 12594 12596 12595 12593
f 12598 12600 12599 12597
f 12602 12604 12603 12601
f 12604 12606 12605 12603
f 12606 12608 12607 12605
f 12608 12610 12609 12607
f 12612 12614 12613 12611
f 12616 12618 12617 12615
f 12620 12622 12621 12619
o Roads_+6_+0
v -1354.95 0.00 22.72
v -1355.31 0.00 15.73
v -1435.81 0.00 26.96
v -1436.24 0.00 19.97
v -1476.13 0.00 29.84
v -1476.87 0.00 22.88
v -1494.79 0.00 32.49
v -1495.35 0.00 25.50
v -1516.75 0.00 32.91
v -1517.22 0.00 25.92
v -1543.63 0.00 36.03
v -1544.73 0.00 29.12
v -1552.45 0.00 37.84
v -1553.46 0.00 30.90
v -1561.95 0.00 38.68
v -1561.72 0.00 31.63
v -1571.70 0.00 37.17
v -1570.20 0.00 30.32
v -1580.54 0.00 34.64
v -1577.66 0.00 28.19
v -1607.74 0.00 17.59
v -1604.00 0.00 11.67
v -1610.72 0.00 15.69
v -1606.22 0.00 10.25
v -1620.97 0.00 4.79
v -1615.94 0.00 -0.08
v -1633.51 0.00 -7.73
v -1628.96 0.00 -13.08
v -1684.13 0.00 -44.06
v -1680.19 0.00 -49.86
v -1701.07 0.00 -54.94
v -1697.83 0.00 -61.18
v -1724.37 0.00 -64.43
v -1721.29 0.00 -70.73
v -1793.48 0.00 -104.20
v -1790.29 0.00 -110.44
v -1818.58 0.00 -115.54
v -1816.45 0.00 -122.26
v -1840.84 0.00 -119.80
v -1839.53 0.00 -126.67
f 12624 12626 12625 12623
f 12626 12628 12627 12625
f 12628 12630 12629 12627
f 12630 12632 12631 12629
f 12632 12634 12633 12631
f 12634 12636 12635 12633
f 12636 12638 12637 12635
f 12638 12640 12639 12637
f 12640 12642 12641 12639
f 12642 12644 12643 12641
f 12644 12646 12645 12643
f 12646 12648 12647 12645
f 12648 12650 12649 12647
f 12650 12652 12651 12649
f 12652 12654 12653 12651
f 12654 12656 12655 12653
f 12656 12658 12657 12655
f 12658 12660 12659 12657
f 12660 12662 12661 12659
o Roads_+6_-10
v -1417.22 0.00 -2320.21
v -1413.82 0.00 -2326.33
v -1497.58 0.00 -2364.82
v -1494.18 0.00 -2370.93
v -1515.29 0.00 -2374.70
v -1511.94 0.00 -2380.85
v -1565.23 0.00 -2401.29
v -1561.95 0.00 -2407.47
f 12664 12666 12665 12663
f 12666 12668 12667 12665
f 12668 12670 12669 12667
o Roads_+6_-12
v -1366.45 0.00 -2632.66
v -1359.35 0.00 -2640.40
v -1431.08 0.00 -2691.96
v -1424.00 0.00 -2699.72
v -1483.42 0.00 -2739.54
v -1476.42 0.00 -2747.38
v -1632.83 0.00 -2870.36
v -1625.89 0.00 -2878.24
v -1710.36 0.00 -2939.21
v -1703.44 0.00 -2947.11
v -1726.08 0.00 -2952.75
v -1719.40 0.00 -2960.85
v -1734.26 0.00 -2959.20
v -1727.90 0.00 -2967.56
v -1747.20 0.00 -2968.65
v -1741.10 0.00 -2977.21
v -1764.87 0.00 -2980.95
v -1758.97 0.00 -2989.63
v -1782.49 0.00 -2992.66
v -1776.75 0.00 -3001.44
v -1808.91 0.00 -3009.66
v -1803.29 0.00 -3018.52
v -1822.31 0.00 -3018.06
v -1816.85 0.00 -3027.02
v -1836.17 0.00 -3026.29
v -1830.91 0.00 -3035.37
v -1860.54 0.00 -3040.06
v -1855.38 0.00 -3049.20
f 12672 12674 12673 12671
f 12674 12676 12675 12673
f 12676 12678 12677 12675
f 12678 12680 12679 12677
f 12680 12682 12681 12679
f 12682 12684 12683 12681
f 12684 12686 12685 12683
f 12686 12688 12687 12685
f 12688 12690 12689 12687
f 12690 12692 12691 12689
f 12692 12694 12693 12691
f 12694 12696 12695 12693
f 12696 12698 12697 12695
o Roads_+6_-13
v -1361.48 0.00 -3185.84
v -1362.89 0.00 -3192.69
v -1390.31 0.00 -3179.92
v -1391.60 0.00 -3186.80
v -1420.26 0.00 -3174.79
v -1421.34 0.00 -3181.71
v -1450.11 0.00 -3170.54
v -1451.21 0.00 -3177.45
v -1472.42 0.00 -3166.59
v -1473.37 0.00 -3173.53
v -1486.82 0.00 -3165.20
v -1487.85 0.00 -3172.13
v -1509.69 0.00 -3160.59
v -1510.30 0.00 -3167.61
v -1511.20 0.00 -3160.63
v -1511.41 0.00 -3167.63
v -1525.24 0.00 -3159.43
v -1525.62 0.00 -3166.42
v -1538.01 0.00 -3159.14
v -1538.17 0.00 -3166.14
v -1539.76 0.00 -3159.10
v -1540.34 0.00 -3166.09
v -1549.88 0.00 -3157.65
v -1550.55 0.00 -3164.62
v -1564.69 0.00 -3156.92
v -1565.14 0.00 -3163.91
v -1577.52 0.00 -3155.92
v -1578.07 0.00 -3162.90
v -1592.62 0.00 -3154.74
v -1593.14 0.00 -3161.72
v -1610.43 0.00 -3153.47
v -1612.49 0.00 -3160.35
v -1613.62 0.00 -3151.69
v -1618.07 0.00 -3157.22
v -1619.52 0.00 -3145.05
v -1624.75 0.00 -3149.70
f 12700 12702 12701 12699
f 12702 12704 12703 12701
f 12704 12706 12705 12703
f 12706 12708 12707 12705
f 12708 12710 12709 12707
f 12710 12712 12711 12709
f 12712 12714 12713 12711
f 12714 12716 12715 12713
f 12716 12718 12717 12715
f 12718 12720 12719 12717
f 12720 12722 12721 12719
f 12722 12724 12723 12721
f 12724 12726 12725 12723
f 12726 12728 12727 12725
f 12728 12730 12729 12727
f 12730 12732 12731 12729
f 12732 12734 12733 12731
o Roads_+6_-2
v -1420.45 0.00 -525.04
v -1416.33 0.00 -531.90
v -1428.55 0.00 -529.90
v -1425.03 0.00 -537.12
v -1435.27 0.00 -532.48
v -1433.05 0.00 -540.20
v -1439.28 0.00 -533.28
v -1438.02 0.00 -541.18
v -1443.96 0.00 -533.85
v -1443.42 0.00 -541.85
v -1448.66 0.00 -533.92
v -1448.82 0.00 -541.92
v -1453.53 0.00 -533.65
v -1454.21 0.00 -541.63
v -1458.39 0.00 -533.10
v -1459.55 0.00 -541.02
v -1473.35 0.00 -530.44
v -1474.87 0.00 -538.30
v -1508.28 0.00 -523.06
v -1509.98 0.00 -530.88
v -1528.39 0.00 -518.52
v -1530.27 0.00 -526.30
v -1543.61 0.00 -514.61
v -1545.79 0.00 -522.31
v -1553.69 0.00 -511.48
v -1556.23 0.00 -519.08
v -1558.63 0.00 -509.72
v -1561.47 0.00 -517.20
v -1568.53 0.00 -505.75
v -1571.61 0.00 -513.13
v -1588.22 0.00 -497.26
v -1591.22 0.00 -504.68
v -1598.44 0.00 -493.37
v -1601.08 0.00 -500.93
v -1603.83 0.00 -491.64
v -1606.09 0.00 -499.32
v -1609.38 0.00 -490.14
v -1611.26 0.00 -497.92
v -1615.14 0.00 -488.91
v -1616.60 0.00 -496.77
v -1621.14 0.00 -487.97
v -1622.14 0.00 -495.91
v -1627.39 0.00 -487.36
v -1627.93 0.00 -495.34
v -1633.92 0.00 -487.12
v -1633.96 0.00 -495.12
v -1640.71 0.00 -487.28
v -1640.27 0.00 -495.28
v -1647.79 0.00 -487.90
v -1646.85 0.00 -495.84
v -1655.05 0.00 -488.97
v -1653.63 0.00 -496.85
v -1662.38 0.00 -490.53
v -1660.48 0.00 -498.31
v -1669.60 0.00 -492.51
v -1667.26 0.00 -500.17
v -1676.59 0.00 -494.88
v -1673.81 0.00 -502.38
v -1683.19 0.00 -497.53
v -1679.99 0.00 -504.87
v -1689.35 0.00 -500.42
v -1685.79 0.00 -507.58
v -1695.10 0.00 -503.45
v -1691.22 0.00 -510.45
v -1700.55 0.00 -506.63
v -1696.35 0.00 -513.45
v -1710.64 0.00 -513.16
v -1706.14 0.00 -519.78
v -1724.56 0.00 -523.05
v -1719.84 0.00 -529.51
v -1737.47 0.00 -532.73
v -1732.61 0.00 -539.09
v -1749.89 0.00 -542.43
v -1744.91 0.00 -548.69
v -1769.81 0.00 -558.51
v -1764.91 0.00 -564.83
v -1777.80 0.00 -564.48
v -1773.14 0.00 -570.98
v -1790.17 0.00 -572.97
v -1785.71 0.00 -579.61
v -1832.31 0.00 -600.72
v -1827.85 0.00 -607.36
v -1845.15 0.00 -609.56
v -1840.55 0.00 -616.10
v -1858.03 0.00 -618.82
v -1853.27 0.00 -625.26
v -1870.77 0.00 -628.47
v -1865.87 0.00 -634.79
v -1891.75 0.00 -645.10
v -1886.73 0.00 -651.32
v -1938.13 0.00 -683.28
v -1933.07 0.00 -689.48
v -1967.55 0.00 -707.22
v -1962.55 0.00 -713.48
v -1979.96 0.00 -716.96
v -1975.12 0.00 -723.32
v -1995.05 0.00 -728.08
v -1990.31 0.00 -734.52
f 12736 12738 12737 12735
f 12738 12740 12739 12737
f 12740 12742 12741 12739
f 12742 12744 12743 12741
f 12744 12746 12745 12743
f 12746 12748 12747 12745
f 12748 12750 12749 12747
f 12750 12752 12751 12749
f 12752 12754 12753 12751
f 12754 12756 12755 12753
f 12756 12758 12757 12755
f 12758 12760 12759 12757
f 12760 12762 12761 12759
f 12762 12764 12763 12761
f 12764 12766 12765 12763
f 12766 12768 12767 12765
f 12768 12770 12769 12767
f 12770 12772 12771 12769
f 12772 12774 12773 12771
f 12774 12776 12775 12773
f 12776 12778 12777 12775
f 12778 12780 12779 12777
f 12780 12782 12781 12779
f 12782 12784 12783 12781
f 12784 12786 12785 12783
f 12786 12788 12787 12785
f 12788 12790 12789 12787
f 12790 12792 12791 12789
f 12792 12794 12793 12791
f 12794 12796 12795 12793
f 12796 12798 12797 12795
f 12798 12800 12799 12797
f 12800 12802 12801 12799
f 12802 12804 12803 12801
f 12804 12806 12805 12803
f 12806 12808 12807 12805
f 12808 12810 12809 12807
f 12810 12812 12811 12809
f 12812 12814 12813 12811
f 12814 12816 12815 12813
f 12816 12818 12817 12815
f 12818 12820 12819 12817
f 12820 12822 12821 12819
f 12822 12824 12823 12821
f 12824 12826 12825 12823
f 12826 12828 12827 12825
f 12828 12830 12829 12827
f 12830 12832 12831 12829
o Roads_+6_-3
v -1982.40 0.00 -746.45
v -1987.30 0.00 -740.13
v -1956.50 0.00 -726.43
v -1961.46 0.00 -720.15
v -1939.86 0.00 -713.00
v -1944.98 0.00 -706.86
v -1924.25 0.00 -699.56
v -1929.49 0.00 -693.52
v -1881.94 0.00 -662.40
v -1887.16 0.00 -656.34
v -1870.20 0.00 -652.48
v -1875.26 0.00 -646.28
v -1858.34 0.00 -643.15
v -1863.20 0.00 -636.81
v -1842.31 0.00 -631.16
v -1847.05 0.00 -624.72
v -1829.85 0.00 -622.11
v -1834.47 0.00 -615.59
v -1821.00 0.00 -615.99
v -1825.46 0.00 -609.35
v -1783.81 0.00 -591.65
v -1788.13 0.00 -584.91
v -1774.99 0.00 -586.09
v -1779.15 0.00 -579.25
v -1766.22 0.00 -580.92
v -1770.10 0.00 -573.92
v -1757.27 0.00 -576.29
v -1760.75 0.00 -569.09
v -1733.28 0.00 -565.48
v -1736.72 0.00 -558.26
v -1718.76 0.00 -558.17
v -1722.52 0.00 -551.11
v -1704.81 0.00 -550.30
v -1708.85 0.00 -543.38
v -1682.53 0.00 -536.88
v -1686.51 0.00 -529.94
v -1673.44 0.00 -531.93
v -1677.04 0.00 -524.79
v -1668.74 0.00 -529.75
v -1671.88 0.00 -522.39
v -1663.78 0.00 -527.82
v -1666.42 0.00 -520.26
v -1658.51 0.00 -526.17
v -1660.61 0.00 -518.45
v -1652.94 0.00 -524.89
v -1654.42 0.00 -517.03
v -1647.06 0.00 -524.02
v -1647.94 0.00 -516.06
v -1640.97 0.00 -523.57
v -1641.27 0.00 -515.57
v -1634.80 0.00 -523.57
v -1634.52 0.00 -515.57
v -1628.62 0.00 -524.01
v -1627.78 0.00 -516.05
v -1622.48 0.00 -524.86
v -1621.14 0.00 -516.96
v -1616.43 0.00 -526.07
v -1614.63 0.00 -518.27
v -1610.48 0.00 -527.61
v -1608.22 0.00 -519.93
v -1598.54 0.00 -531.53
v -1595.84 0.00 -523.99
v -1574.98 0.00 -540.67
v -1572.18 0.00 -533.17
v -1563.60 0.00 -544.73
v -1561.06 0.00 -537.15
v -1552.70 0.00 -548.14
v -1550.44 0.00 -540.46
v -1537.08 0.00 -552.49
v -1535.04 0.00 -544.75
v -1516.75 0.00 -557.54
v -1514.93 0.00 -549.74
v -1476.69 0.00 -566.34
v -1475.05 0.00 -558.52
v -1461.28 0.00 -569.45
v -1459.80 0.00 -561.59
v -1439.78 0.00 -573.18
v -1438.58 0.00 -565.26
v -1428.66 0.00 -574.64
v -1427.86 0.00 -566.68
v -1422.99 0.00 -575.03
v -1422.71 0.00 -567.03
v -1417.42 0.00 -575.04
v -1417.84 0.00 -567.04
v -1411.97 0.00 -574.45
v -1413.15 0.00 -566.53
v -1407.03 0.00 -573.50
v -1409.25 0.00 -565.78
v -1399.41 0.00 -570.54
v -1403.01 0.00 -563.36
v -1391.57 0.00 -565.64
v -1395.81 0.00 -558.86
f 12834 12836 12835 12833
f 12836 12838 12837 12835
f 12838 12840 12839 12837
f 12840 12842 12841 12839
f 12842 12844 12843 12841
f 12844 12846 12845 12843
f 12846 12848 12847 12845
f 12848 12850 12849 12847
f 12850 12852 12851 12849
f 12852 12854 12853 12851
f 12854 12856 12855 12853
f 12856 12858 12857 12855
f 12858 12860 12859 12857
f 12860 12862 12861 12859
f 12862 12864 12863 12861
f 12864 12866 12865 12863
f 12866 12868 12867 12865
f 12868 12870 12869 12867
f 12870 12872 12871 12869
f 12872 12874 12873 12871
f 12874 12876 12875 12873
f 12876 12878 12877 12875
f 12878 12880 12879 12877
f 12880 12882 12881 12879
f 12882 12884 12883 12881
f 12884 12886 12885 12883
f 12886 12888 12887 12885
f 12888 12890 12889 12887
f 12890 12892 12891 12889
f 12892 12894 12893 12891
f 12894 12896 12895 12893
f 12896 12898 12897 12895
f 12898 12900 12899 12897
f 12900 12902 12901 12899
f 12902 12904 12903 12901
f 12904 12906 12905 12903
f 12906 12908 12907 12905
f 12908 12910 12909 12907
f 12910 12912 12911 12909
f 12912 12914 12913 12911
f 12914 12916 12915 12913
f 12916 12918 12917 12915
f 12918 12920 12919 12917
f 12920 12922 12921 12919
f 12922 12924 12923 12921
o Roads_+6_-4
v -1425.42 0.00 -987.39
v -1425.86 0.00 -994.38
v -1499.72 0.00 -982.80
v -1500.21 0.00 -989.78
v -1565.64 0.00 -977.68
v -1566.16 0.00 -984.66
v -1630.05 0.00 -973.19
v -1630.53 0.00 -980.17
f 12926 12928 12927 12925
f 12928 12930 12929 12927
f 12930 12932 12931 12929
o Roads_+6_-7
v -1336.27 0.00 -1657.97
v -1341.94 0.00 -1662.08
v -1341.95 0.00 -1650.13
v -1346.25 0.00 -1656.12
v -1353.21 0.00 -1646.65
v -1355.17 0.00 -1653.37
v -1382.98 0.00 -1638.46
v -1385.10 0.00 -1645.14
v -1417.72 0.00 -1625.87
v -1420.18 0.00 -1632.42
v -1434.21 0.00 -1619.43
v -1436.79 0.00 -1625.94
v -1463.76 0.00 -1607.53
v -1465.99 0.00 -1614.18
v -1482.07 0.00 -1602.55
v -1477.84 0.00 -1610.95
v -1493.42 0.00 -1631.54
v -1486.98 0.00 -1634.31
v -1498.20 0.00 -1641.66
v -1492.59 0.00 -1646.17
v -1533.42 0.00 -1668.88
v -1533.58 0.00 -1677.84
v -1565.36 0.00 -1642.38
v -1569.82 0.00 -1647.77
v -1568.98 0.00 -1639.39
v -1572.13 0.00 -1645.87
v -1575.53 0.00 -1637.97
v -1574.13 0.00 -1645.44
v -1620.28 0.00 -1667.52
v -1617.43 0.00 -1674.02
v -1691.37 0.00 -1685.25
v -1683.44 0.00 -1690.49
v -1686.74 0.00 -1714.25
v -1680.97 0.00 -1706.01
v -1650.22 0.00 -1707.21
v -1644.29 0.00 -1698.94
v -1646.48 0.00 -1734.57
v -1640.39 0.00 -1727.46
v -1618.12 0.00 -1733.97
v -1610.30 0.00 -1726.97
v -1618.86 0.00 -1739.01
v -1611.92 0.00 -1739.92
f 12934 12936 12935 12933
f 12936 12938 12937 12935
f 12938 12940 12939 12937
f 12940 12942 12941 12939
f 12942 12944 12943 12941
f 12944 12946 12945 12943
f 12946 12948 12947 12945
f 12948 12950 12949 12947
f 12950 12952 12951 12949
f 12952 12954 12953 12951
f 12954 12956 12955 12953
f 12956 12958 12957 12955
f 12958 12960 12959 12957
f 12960 12962 12961 12959
f 12962 12964 12963 12961
f 12964 12966 12965 12963
f 12966 12968 12967 12965
f 12968 12970 12969 12967
f 12970 12972 12971 12969
f 12972 12974 12973 12971
o Roads_+7_-15
v -2437.80 0.00 -3788.79
v -2439.09 0.00 -3781.91
v -2390.00 0.00 -3779.85
v -2391.27 0.00 -3772.97
v -2342.45 0.00 -3771.25
v -2343.87 0.00 -3764.39
v -2306.94 0.00 -3763.03
v -2308.58 0.00 -3756.22
v -2281.66 0.00 -3756.70
v -2283.60 0.00 -3749.97
v -2268.42 0.00 -3752.40
v -2270.96 0.00 -3745.87
v -2257.58 0.00 -3747.47
v -2260.35 0.00 -3741.04
v -2244.57 0.00 -3742.18
v -2247.62 0.00 -3735.87
v -2223.99 0.00 -3730.54
v -2227.06 0.00 -3724.23
v -2169.88 0.00 -3708.28
v -2172.39 0.00 -3701.75
v -2156.72 0.00 -3703.57
v -2158.85 0.00 -3696.90
v -2142.58 0.00 -3699.63
v -2144.87 0.00 -3693.00
v -2121.80 0.00 -3690.98
v -2123.77 0.00 -3684.22
v -2113.10 0.00 -3689.46
v -2113.59 0.00 -3682.44
v -2104.47 0.00 -3689.77
v -2104.00 0.00 -3682.78
v -2099.64 0.00 -3690.24
v -2098.80 0.00 -3683.29
v -2091.24 0.00 -3691.44
v -2089.93 0.00 -3684.55
v -2064.81 0.00 -3697.72
v -2062.15 0.00 -3691.16
v -2042.63 0.00 -3710.98
v -2039.04 0.00 -3704.97
v -2030.43 0.00 -3718.28
v -2027.39 0.00 -3711.94
v -2011.90 0.00 -3725.12
v -2010.27 0.00 -3718.26
v -1992.04 0.00 -3727.39
v -1991.25 0.00 -3720.43
v -1987.50 0.00 -3727.90
v -1986.64 0.00 -3720.96
v -1968.65 0.00 -3730.43
v -1968.07 0.00 -3723.45
v -1933.49 0.00 -3731.63
v -1933.33 0.00 -3724.64
v -1908.93 0.00 -3731.93
v -1909.38 0.00 -3724.92
v -1874.70 0.00 -3727.06
v -1875.83 0.00 -3720.15
v -1854.25 0.00 -3723.22
v -1855.55 0.00 -3716.34
v -1831.92 0.00 -3719.02
v -1833.64 0.00 -3712.22
v -1804.84 0.00 -3710.33
v -1806.55 0.00 -3703.52
v -1786.43 0.00 -3706.97
v -1787.22 0.00 -3700.00
v -1766.31 0.00 -3706.09
v -1766.41 0.00 -3699.09
v -1743.03 0.00 -3706.46
v -1742.73 0.00 -3699.46
v -1735.80 0.00 -3706.96
v -1735.73 0.00 -3699.95
v -1693.35 0.00 -3704.83
v -1693.11 0.00 -3697.81
v -1675.74 0.00 -3706.95
v -1675.18 0.00 -3699.96
v -1658.56 0.00 -3707.64
v -1658.29 0.00 -3700.64
v -1653.64 0.00 -3707.83
v -1653.58 0.00 -3700.83
v -1615.11 0.00 -3706.95
v -1615.19 0.00 -3699.95
v -1582.26 0.00 -3706.95
v -1583.37 0.00 -3699.95
v -1576.27 0.00 -3705.02
v -1577.87 0.00 -3698.18
v -1571.71 0.00 -3704.34
v -1572.74 0.00 -3697.42
v -1565.63 0.00 -3703.44
v -1566.78 0.00 -3696.53
v -1537.68 0.00 -3698.29
v -1540.09 0.00 -3691.62
v -1525.73 0.00 -3691.58
v -1529.76 0.00 -3685.81
v -1519.00 0.00 -3685.84
v -1524.27 0.00 -3681.13
v -1497.79 0.00 -3654.23
v -1503.53 0.00 -3650.22
v -1494.44 0.00 -3649.62
v -1500.11 0.00 -3645.52
v -1492.63 0.00 -3647.12
v -1498.42 0.00 -3643.18
v -1465.95 0.00 -3605.45
v -1471.58 0.00 -3601.26
v -1455.07 0.00 -3592.76
v -1460.44 0.00 -3588.27
v -1443.54 0.00 -3578.62
v -1449.39 0.00 -3574.72
v -1420.63 0.00 -3535.72
v -1426.86 0.00 -3532.52
v -1407.74 0.00 -3509.72
v -1414.11 0.00 -3506.80
v -1403.15 0.00 -3498.83
v -1409.90 0.00 -3496.84
v -1402.35 0.00 -3494.29
v -1409.25 0.00 -3493.08
v -1401.01 0.00 -3486.58
v -1408.01 0.00 -3485.97
v -1401.00 0.00 -3467.64
v -1408.00 0.00 -3467.52
v -1400.44 0.00 -3450.51
v -1407.40 0.00 -3449.09
v -1397.74 0.00 -3443.53
v -1404.27 0.00 -3441.01
f 12976 12978 12977 12975
f 12978 12980 12979 12977
f 12980 12982 12981 12979
f 12982 12984 12983 12981
f 12984 12986 12985 12983
f 12986 12988 12987 12985
f 12988 12990 12989 12987
f 12990 12992 12991 12989
f 12992 12994 12993 12991
f 12994 12996 12995 12993
f 12996 12998 12997 12995
f 12998 13000 12999 12997
f 13000 13002 13001 12999
f 13002 13004 13003 13001
f 13004 13006 13005 13003
f 13006 13008 13007 13005
f 13008 13010 13009 13007
f 13010 13012 13011 13009
f 13012 13014 13013 13011
f 13014 13016 13015 13013
f 13016 13018 13017 13015
f 13018 13020 13019 13017
f 13020 13022 13021 13019
f 13022 13024 13023 13021
f 13024 13026 13025 13023
f 13026 13028 13027 13025
f 13028 13030 13029 13027
f 13030 13032 13031 13029
f 13032 13034 13033 13031
f 13034 13036 13035 13033
f 13036 13038 13037 13035
f 13038 13040 13039 13037
f 13040 13042 13041 13039
f 13042 13044 13043 13041
f 13044 13046 13045 13043
f 13046 13048 13047 13045
f 13048 13050 13049 13047
f 13050 13052 13051 13049
f 13052 13054 13053 13051
f 13054 13056 13055 13053
f 13056 13058 13057 13055
f 13058 13060 13059 13057
f 13060 13062 13061 13059
f 13062 13064 13063 13061
f 13064 13066 13065 13063
f 13066 13068 13067 13065
f 13068 13070 13069 13067
f 13070 13072 13071 13069
f 13072 13074 13073 13071
f 13074 13076 13075 13073
f 13076 13078 13077 13075
f 13078 13080 13079 13077
f 13080 13082 13081 13079
f 13082 13084 13083 13081
f 13084 13086 13085 13083
f 13086 13088 13087 13085
f 13088 13090 13089 13087
f 13090 13092 13091 13089
f 13092 13094 13093 13091
o Roads_-1_+0
v 70.28 0.00 -14.72
v 65.30 0.00 -14.27
v 74.91 0.00 36.42
v 69.92 0.00 36.78
v 77.09 0.00 75.24
v 72.09 0.00 75.43
v 77.47 0.00 92.26
v 72.47 0.00 92.44
v 78.31 0.00 109.80
v 73.56 0.00 115.06
v 186.07 0.00 104.10
v 186.31 0.00 109.09
v 221.53 0.00 102.60
v 221.74 0.00 107.60
v 246.59 0.00 -21.98
v 239.59 0.00 -21.74
v 247.17 0.00 -4.88
v 240.17 0.00 -4.63
v 248.72 0.00 34.95
v 241.72 0.00 35.29
v 250.46 0.00 65.18
v 243.47 0.00 65.58
v 158.39 0.00 115.90
v 153.42 0.00 115.31
v 157.68 0.00 121.78
v 152.66 0.00 121.62
v 160.49 0.00 170.16
v 155.50 0.00 170.45
v 188.68 0.00 106.41
v 183.70 0.00 106.77
v 191.13 0.00 140.07
v 186.14 0.00 140.37
v 192.51 0.00 169.96
v 187.52 0.00 170.25
v 195.25 0.00 208.12
v 190.26 0.00 208.42
v 196.23 0.00 228.29
v 191.24 0.00 228.53
v 74.49 0.00 169.45
v 74.59 0.00 174.45
v 157.96 0.00 167.81
v 158.02 0.00 172.81
v 190.00 0.00 167.61
v 190.03 0.00 172.61
v 72.32 0.00 34.10
v 72.51 0.00 39.10
v 163.40 0.00 30.60
v 163.60 0.00 35.59
v 193.53 0.00 29.28
v 189.52 0.00 34.46
v 202.82 0.00 73.80
v 196.93 0.00 69.17
v 74.67 0.00 77.83
v 74.51 0.00 72.84
v -5.08 0.00 145.80
v 10.32 0.00 150.14
v -3.87 0.00 141.53
v 10.85 0.00 148.25
v -1.05 0.00 137.23
v 10.79 0.00 148.35
v 1.85 0.00 135.05
v 10.23 0.00 148.77
v 5.05 0.00 133.50
v 9.87 0.00 148.94
v 8.85 0.00 132.91
v 9.17 0.00 149.05
v 12.66 0.00 133.35
v 8.50 0.00 148.97
v 16.27 0.00 134.90
v 7.77 0.00 148.66
v 19.29 0.00 137.44
v 7.13 0.00 148.12
v 21.42 0.00 140.77
v 6.64 0.00 147.35
v 22.47 0.00 144.60
v 6.39 0.00 146.44
v 22.32 0.00 148.53
v 6.42 0.00 145.49
v 21.02 0.00 152.22
v 6.72 0.00 144.64
v 18.70 0.00 155.35
v 7.24 0.00 143.95
v 15.69 0.00 157.60
v 7.81 0.00 143.52
v 12.18 0.00 159.00
v 8.46 0.00 143.26
v 8.73 0.00 159.29
v 8.83 0.00 143.23
v 5.25 0.00 158.95
v 9.43 0.00 143.29
v 0.67 0.00 156.88
v 9.41 0.00 143.28
v -2.64 0.00 154.00
v 7.88 0.00 141.94
f 13096 13098 13097 13095
f 13098 13100 13099 13097
f 13100 13102 13101 13099
f 13102 13104 13103 13101
f 13104 13106 13105 13103
f 13106 13108 13107 13105
f 13110 13112 13111 13109
f 13112 13114 13113 13111
f 13114 13116 13115 13113
f 13118 13120 13119 13117
f 13120 13122 13121 13119
f 13124 13126 13125 13123
f 13126 13128 13127 13125
f 13128 13130 13129 13127
f 13130 13132 13131 13129
f 13134 13136 13135 13133
f 13136 13138 13137 13135
f 13140 13142 13141 13139
f 13142 13144 13143 13141
f 13144 13146 13145 13143
f 13146 13148 13147 13145
f 13150 13152 13151 13149
f 13152 13154 13153 13151
f 13154 13156 13155 13153
f 13156 13158 13157 13155
f 13158 13160 13159 13157
f 13160 13162 13161 13159
f 13162 13164 13163 13161
f 13164 13166 13165 13163
f 13166 13168 13167 13165
f 13168 13170 13169 13167
f 13170 13172 13171 13169
f 13172 13174 13173 13171
f 13174 13176 13175 13173
f 13176 13178 13177 13175
f 13178 13180 13179 13177
f 13180 13182 13181 13179
f 13182 13184 13183 13181
f 13184 13186 13185 13183
f 13186 13188 13187 13185
o Roads_-1_+1
v 19.26 0.00 148.74
v 11.28 0.00 149.32
v 23.20 0.00 203.74
v 15.22 0.00 204.26
v 26.11 0.00 254.73
v 18.11 0.00 255.09
v 28.87 0.00 338.81
v 20.87 0.00 339.11
v 31.79 0.00 408.88
v 23.79 0.00 409.16
v 32.68 0.00 439.73
v 24.68 0.00 439.97
v 22.20 0.00 252.25
v 22.28 0.00 257.25
v 93.64 0.00 251.04
v 93.75 0.00 256.03
v 225.27 0.00 247.37
v 225.41 0.00 252.36
f 13190 13192 13191 13189
f 13192 13194 13193 13191
f 13194 13196 13195 13193
f 13196 13198 13197 13195
f 13198 13200 13199 13197
f 13202 13204 13203 13201
f 13204 13206 13205 13203
o Roads_-1_+3
v 32.68 0.00 439.78
v 24.68 0.00 439.92
v 35.34 0.00 591.58
v 27.34 0.00 591.68
v 35.45 0.00 612.08
v 27.45 0.00 612.08
v 35.22 0.00 643.13
v 27.22 0.00 643.13
v 35.42 0.00 663.54
v 27.42 0.00 663.66
v 36.47 0.00 720.37
v 28.47 0.00 720.55
v 37.44 0.00 753.82
v 29.44 0.00 754.14
v 38.84 0.00 781.82
v 30.86 0.00 782.30
v 40.33 0.00 803.48
v 32.35 0.00 804.08
v 54.73 0.00 974.53
v 46.75 0.00 975.11
v 55.76 0.00 991.76
v 47.76 0.00 991.98
v 55.70 0.00 1003.67
v 47.70 0.00 1003.37
v 54.82 0.00 1015.86
v 46.86 0.00 1015.08
v 52.68 0.00 1033.48
v 44.76 0.00 1032.34
v 50.08 0.00 1049.35
v 42.24 0.00 1047.67
v 47.53 0.00 1058.98
v 39.93 0.00 1056.46
v 44.47 0.00 1066.58
v 37.23 0.00 1063.14
v 39.88 0.00 1074.95
v 32.86 0.00 1071.11
v 31.13 0.00 1072.71
v 41.61 0.00 1073.35
v 31.65 0.00 1064.05
v 42.13 0.00 1064.85
v 32.36 0.00 1056.53
v 42.80 0.00 1057.63
v 34.70 0.00 1036.41
v 45.14 0.00 1037.51
v 35.73 0.00 1025.32
v 46.21 0.00 1026.10
v 36.37 0.00 1013.68
v 46.87 0.00 1013.98
v 36.42 0.00 1001.62
v 46.92 0.00 1001.38
v 35.84 0.00 989.69
v 46.32 0.00 988.95
v 34.78 0.00 978.42
v 45.22 0.00 977.28
v 32.81 0.00 962.62
v 43.21 0.00 961.24
v 25.44 0.00 909.88
v 35.86 0.00 908.56
v 23.63 0.00 893.85
v 34.07 0.00 892.75
v 22.06 0.00 877.79
v 32.52 0.00 876.89
v 20.11 0.00 851.04
v 30.59 0.00 850.38
v 15.87 0.00 769.93
v 26.37 0.00 769.51
v 15.18 0.00 743.49
v 25.68 0.00 743.33
v 14.42 0.00 601.52
v 24.92 0.00 601.44
v 12.53 0.00 437.33
v 23.03 0.00 437.17
v 12.06 0.00 411.77
v 22.56 0.00 411.49
v 9.51 0.00 335.31
v 20.01 0.00 334.91
v 5.71 0.00 243.05
v 16.19 0.00 242.55
v 2.66 0.00 185.72
v 13.14 0.00 185.04
v 1.50 0.00 170.23
v 11.96 0.00 169.33
v -0.30 0.00 151.86
v 10.16 0.00 150.84
f 13208 13210 13209 13207
f 13210 13212 13211 13209
f 13212 13214 13213 13211
f 13214 13216 13215 13213
f 13216 13218 13217 13215
f 13218 13220 13219 13217
f 13220 13222 13221 13219
f 13222 13224 13223 13221
f 13224 13226 13225 13223
f 13226 13228 13227 13225
f 13228 13230 13229 13227
f 13230 13232 13231 13229
f 13232 13234 13233 13231
f 13234 13236 13235 13233
f 13236 13238 13237 13235
f 13238 13240 13239 13237
f 13240 13242 13241 13239
f 13244 13246 13245 13243
f 13246 13248 13247 13245
f 13248 13250 13249 13247
f 13250 13252 13251 13249
f 13252 13254 13253 13251
f 13254 13256 13255 13253
f 13256 13258 13257 13255
f 13258 13260 13259 13257
f 13260 13262 13261 13259
f 13262 13264 13263 13261
f 13264 13266 13265 13263
f 13266 13268 13267 13265
f 13268 13270 13269 13267
f 13270 13272 13271 13269
f 13272 13274 13273 13271
f 13274 13276 13275 13273
f 13276 13278 13277 13275
f 13278 13280 13279 13277
f 13280 13282 13281 13279
f 13282 13284 13283 13281
f 13284 13286 13285 13283
f 13286 13288 13287 13285
f 13288 13290 13289 13287
o Roads_-1_-1
v 243.17 0.00 -191.68
v 236.17 0.00 -191.54
v 244.24 0.00 -138.69
v 237.24 0.00 -138.56
v 244.31 0.00 -134.78
v 237.31 0.00 -134.64
v 245.28 0.00 -87.04
v 238.28 0.00 -86.90
v 245.41 0.00 -80.48
v 238.41 0.00 -80.34
v 246.37 0.00 -32.87
v 239.37 0.00 -32.73
v 246.59 0.00 -21.93
v 239.59 0.00 -21.79
v 141.16 0.00 -189.55
v 134.17 0.00 -189.25
v 143.56 0.00 -133.17
v 136.56 0.00 -132.85
v 146.21 0.00 -78.03
v 139.22 0.00 -77.70
v 43.16 0.00 -187.34
v 36.16 0.00 -187.20
v 44.34 0.00 -130.32
v 37.35 0.00 -130.17
v 45.47 0.00 -75.35
v 38.48 0.00 -75.20
v 46.82 0.00 -13.54
v 39.82 0.00 -13.39
v -8.95 0.00 -14.78
v -8.65 0.00 -7.78
v 43.17 0.00 -16.96
v 43.47 0.00 -9.97
v 67.64 0.00 -17.99
v 67.94 0.00 -11.00
v 165.20 0.00 -22.10
v 165.49 0.00 -15.10
v 242.95 0.00 -25.36
v 243.24 0.00 -18.36
v 40.75 0.00 -133.74
v 40.94 0.00 -126.75
v 139.98 0.00 -136.51
v 140.14 0.00 -129.51
v 240.75 0.00 -138.21
v 240.87 0.00 -131.21
v 41.89 0.00 -78.78
v 42.06 0.00 -71.78
v 142.63 0.00 -81.37
v 142.81 0.00 -74.37
v 241.82 0.00 -83.91
v 242.00 0.00 -76.91
v 241.70 0.00 -90.47
v 241.86 0.00 -83.47
v 244.71 0.00 -90.53
v 244.86 0.00 -83.53
v 316.21 0.00 -92.06
v 316.36 0.00 -85.06
f 13292 13294 13293 13291
f 13294 13296 13295 13293
f 13296 13298 13297 13295
f 13298 13300 13299 13297
f 13300 13302 13301 13299
f 13302 13304 13303 13301
f 13306 13308 13307 13305
f 13308 13310 13309 13307
f 13312 13314 13313 13311
f 13314 13316 13315 13313
f 13316 13318 13317 13315
f 13320 13322 13321 13319
f 13322 13324 13323 13321
f 13324 13326 13325 13323
f 13326 13328 13327 13325
f 13330 13332 13331 13329
f 13332 13334 13333 13331
f 13336 13338 13337 13335
f 13338 13340 13339 13337
f 13342 13344 13343 13341
f 13344 13346 13345 13343
o Roads_-1_-10
v 261.76 0.00 -2398.32
v 267.54 0.00 -2402.28
v 240.98 0.00 -2428.61
v 246.75 0.00 -2432.57
v 343.43 0.00 -2406.57
v 339.45 0.00 -2412.33
v 209.00 0.00 -2313.55
v 205.08 0.00 -2319.35
v 205.37 0.00 -2311.15
v 201.51 0.00 -2316.99
v 302.10 0.00 -2467.12
v 298.08 0.00 -2472.86
v 245.87 0.00 -2427.72
v 241.87 0.00 -2433.47
v 167.87 0.00 -2373.75
v 163.89 0.00 -2379.51
v 163.56 0.00 -2370.77
v 159.58 0.00 -2376.53
v 323.07 0.00 -2436.37
v 319.10 0.00 -2442.13
v 266.64 0.00 -2397.41
v 262.66 0.00 -2403.18
v 188.92 0.00 -2343.98
v 184.95 0.00 -2349.75
v 184.01 0.00 -2340.60
v 180.04 0.00 -2346.37
v 177.95 0.00 -2336.43
v 173.98 0.00 -2342.20
v 364.14 0.00 -2376.25
v 360.16 0.00 -2382.01
v 225.37 0.00 -2280.45
v 221.39 0.00 -2286.21
v 281.96 0.00 -2496.54
v 278.01 0.00 -2502.32
v 224.86 0.00 -2457.55
v 220.92 0.00 -2463.34
v 143.01 0.00 -2402.05
v 139.08 0.00 -2407.85
v 274.44 0.00 -2052.89
v 286.20 0.00 -2055.23
v 266.42 0.00 -2093.17
v 278.20 0.00 -2095.43
v 253.63 0.00 -2161.99
v 265.41 0.00 -2164.31
v 250.25 0.00 -2178.27
v 261.95 0.00 -2180.91
v 247.53 0.00 -2189.53
v 259.13 0.00 -2192.61
v 242.76 0.00 -2205.99
v 254.20 0.00 -2209.63
v 237.47 0.00 -2221.30
v 248.73 0.00 -2225.46
v 231.59 0.00 -2236.27
v 242.67 0.00 -2240.89
v 226.96 0.00 -2246.74
v 237.86 0.00 -2251.76
v 224.34 0.00 -2252.21
v 235.12 0.00 -2257.51
v 221.51 0.00 -2257.82
v 232.15 0.00 -2263.38
v 215.38 0.00 -2269.14
v 225.82 0.00 -2275.04
v 209.04 0.00 -2279.88
v 219.28 0.00 -2286.14
v 202.64 0.00 -2289.97
v 212.70 0.00 -2296.53
v 192.67 0.00 -2304.83
v 202.59 0.00 -2311.59
v 172.16 0.00 -2334.57
v 182.08 0.00 -2341.33
v 159.51 0.00 -2353.29
v 169.49 0.00 -2359.95
v 145.06 0.00 -2375.21
v 155.12 0.00 -2381.77
v 113.30 0.00 -2424.40
v 123.34 0.00 -2430.98
v 81.95 0.00 -2471.55
v 91.93 0.00 -2478.21
v 46.59 0.00 -2524.15
v 56.55 0.00 -2530.85
v 242.43 0.00 -2429.59
v 245.30 0.00 -2431.60
v 221.46 0.00 -2459.44
v 224.32 0.00 -2461.45
f 13348 13350 13349 13347
f 13352 13354 13353 13351
f 13354 13356 13355 13353
f 13358 13360 13359 13357
f 13360 13362 13361 13359
f 13362 13364 13363 13361
f 13366 13368 13367 13365
f 13368 13370 13369 13367
f 13370 13372 13371 13369
f 13372 13374 13373 13371
f 13376 13378 13377 13375
f 13380 13382 13381 13379
f 13382 13384 13383 13381
f 13386 13388 13387 13385
f 13388 13390 13389 13387
f 13390 13392 13391 13389
f 13392 13394 13393 13391
f 13394 13396 13395 13393
f 13396 13398 13397 13395
f 13398 13400 13399 13397
f 13400 13402 13401 13399
f 13402 13404 13403 13401
f 13404 13406 13405 13403
f 13406 13408 13407 13405
f 13408 13410 13409 13407
f 13410 13412 13411 13409
f 13412 13414 13413 13411
f 13414 13416 13415 13413
f 13416 13418 13417 13415
f 13418 13420 13419 13417
f 13420 13422 13421 13419
f 13422 13424 13423 13421
f 13424 13426 13425 13423
f 13428 13430 13429 13427
o Roads_-1_-11
v 81.48 0.00 -2561.18
v 91.30 0.00 -2568.08
v 7.79 0.00 -2665.94
v 17.61 0.00 -2672.84
v 37.43 0.00 -2634.09
v 33.55 0.00 -2639.91
v 16.84 0.00 -2620.36
v 12.97 0.00 -2626.20
v -59.44 0.00 -2569.98
v -63.30 0.00 -2575.82
v 60.38 0.00 -2601.45
v 56.50 0.00 -2607.27
v 40.19 0.00 -2588.00
v 36.35 0.00 -2593.85
v -42.60 0.00 -2534.41
v -46.40 0.00 -2540.29
v 230.23 0.00 -2749.88
v 226.07 0.00 -2755.51
v 177.20 0.00 -2710.74
v 173.04 0.00 -2716.37
v 152.67 0.00 -2692.64
v 148.38 0.00 -2698.17
v 138.13 0.00 -2680.78
v 133.66 0.00 -2686.17
v 129.56 0.00 -2673.57
v 125.24 0.00 -2679.08
v 107.94 0.00 -2657.80
v 109.43 0.00 -2667.55
v 73.57 0.00 -2704.32
v 79.20 0.00 -2708.48
v 132.85 0.00 -2681.76
v 138.94 0.00 -2685.20
v 106.78 0.00 -2727.97
v 112.87 0.00 -2731.40
v 186.81 0.00 -2633.55
v 192.67 0.00 -2637.38
v 147.60 0.00 -2693.49
v 153.46 0.00 -2697.32
v 9.80 0.00 -2674.64
v 15.60 0.00 -2664.14
v 47.49 0.00 -2695.45
v 53.49 0.00 -2685.07
v 62.28 0.00 -2704.41
v 68.74 0.00 -2694.29
v 78.01 0.00 -2714.99
v 84.81 0.00 -2705.11
v 114.88 0.00 -2740.92
v 121.88 0.00 -2731.18
v 133.13 0.00 -2754.35
v 140.37 0.00 -2744.77
v 141.23 0.00 -2760.62
v 148.69 0.00 -2751.22
v 148.98 0.00 -2766.92
v 156.68 0.00 -2757.72
v 169.09 0.00 -2784.27
v 177.03 0.00 -2775.27
v 192.52 0.00 -2805.35
v 200.54 0.00 -2796.43
v 46.60 0.00 -2524.14
v 56.54 0.00 -2530.86
v 39.84 0.00 -2534.16
v 49.78 0.00 -2540.88
v 131.30 0.00 -2582.40
v 139.56 0.00 -2588.04
v 125.25 0.00 -2591.27
v 133.51 0.00 -2596.91
v 57.99 0.00 -2545.65
v 47.75 0.00 -2539.39
v 63.95 0.00 -2535.90
v 53.71 0.00 -2529.64
f 13432 13434 13433 13431
f 13436 13438 13437 13435
f 13438 13440 13439 13437
f 13442 13444 13443 13441
f 13444 13446 13445 13443
f 13448 13450 13449 13447
f 13450 13452 13451 13449
f 13452 13454 13453 13451
f 13454 13456 13455 13453
f 13456 13458 13457 13455
f 13458 13460 13459 13457
f 13462 13464 13463 13461
f 13466 13468 13467 13465
f 13470 13472 13471 13469
f 13472 13474 13473 13471
f 13474 13476 13475 13473
f 13476 13478 13477 13475
f 13478 13480 13479 13477
f 13480 13482 13481 13479
f 13482 13484 13483 13481
f 13484 13486 13485 13483
f 13486 13488 13487 13485
f 13490 13492 13491 13489
f 13494 13496 13495 13493
f 13498 13500 13499 13497
o Roads_-1_-12
v 263.60 0.00 -2687.78
v 273.62 0.00 -2694.38
v 226.00 0.00 -2744.80
v 235.92 0.00 -2751.56
v 199.44 0.00 -2782.37
v 209.42 0.00 -2789.05
v 194.98 0.00 -2789.41
v 205.40 0.00 -2795.39
v 192.39 0.00 -2794.43
v 203.47 0.00 -2799.15
v 190.85 0.00 -2798.95
v 202.21 0.00 -2802.83
v 61.14 0.00 -2696.73
v 67.80 0.00 -2698.88
v 33.75 0.00 -2781.44
v 40.41 0.00 -2783.60
v 26.79 0.00 -2802.91
v 33.45 0.00 -2805.05
v 20.78 0.00 -2821.73
v 27.33 0.00 -2824.22
v 14.65 0.00 -2835.63
v 21.24 0.00 -2838.03
v 12.69 0.00 -2842.39
v 19.31 0.00 -2844.69
v 6.28 0.00 -2858.12
v 13.17 0.00 -2859.77
v 5.88 0.00 -2862.99
v 12.90 0.00 -2863.08
v 6.11 0.00 -2867.00
v 13.07 0.00 -2866.15
v 7.48 0.00 -2874.41
v 14.25 0.00 -2872.50
v 10.61 0.00 -2882.58
v 16.39 0.00 -2878.11
v 22.19 0.00 -2890.85
v 25.67 0.00 -2884.74
v 32.68 0.00 -2895.46
v 35.93 0.00 -2889.24
v 48.05 0.00 -2904.86
v 51.25 0.00 -2898.61
v 64.70 0.00 -2911.85
v 67.09 0.00 -2905.25
v 80.07 0.00 -2916.53
v 81.67 0.00 -2909.70
v 99.72 0.00 -2919.79
v 101.23 0.00 -2912.94
v 112.37 0.00 -2923.30
v 114.59 0.00 -2916.65
v 126.00 0.00 -2928.68
v 128.84 0.00 -2922.28
v 137.08 0.00 -2934.13
v 140.17 0.00 -2927.84
v 87.62 0.00 -3029.44
v 80.62 0.00 -3029.55
v 87.00 0.00 -2989.14
v 80.10 0.00 -2995.57
v 58.22 0.00 -2986.68
v 57.63 0.00 -2993.65
v 53.13 0.00 -2986.25
v 52.63 0.00 -2993.24
v 37.36 0.00 -2985.30
v 37.04 0.00 -2992.29
v 25.95 0.00 -2984.95
v 25.74 0.00 -2991.95
v 9.26 0.00 -2984.44
v 8.50 0.00 -2991.42
v -16.77 0.00 -2979.54
v -18.59 0.00 -2986.32
v -43.20 0.00 -2970.26
v -45.52 0.00 -2976.87
v 194.88 0.00 -2799.02
v 198.19 0.00 -2802.77
v 190.43 0.00 -2802.94
v 194.59 0.00 -2805.95
v 188.64 0.00 -2807.14
v 193.51 0.00 -2808.47
v 187.15 0.00 -2818.37
v 192.13 0.00 -2818.87
v 186.95 0.00 -2821.36
v 191.94 0.00 -2821.70
v 185.93 0.00 -2836.44
v 190.90 0.00 -2837.05
v 184.70 0.00 -2843.29
v 189.62 0.00 -2844.18
v 153.17 0.00 -2932.23
v 142.63 0.00 -2926.49
v 178.61 0.00 -2885.49
v 168.15 0.00 -2879.59
v 187.07 0.00 -2871.00
v 176.85 0.00 -2864.72
v 193.09 0.00 -2861.68
v 183.15 0.00 -2854.96
v 199.34 0.00 -2852.87
v 189.68 0.00 -2845.75
v 202.44 0.00 -2848.83
v 193.06 0.00 -2841.33
v 208.63 0.00 -2841.42
v 199.73 0.00 -2833.36
v 214.16 0.00 -2835.79
v 206.12 0.00 -2826.85
v 218.20 0.00 -2832.60
v 211.44 0.00 -2822.64
v 223.31 0.00 -2829.65
v 217.31 0.00 -2819.25
v 224.52 0.00 -2830.44
v 229.46 0.00 -2831.22
v 222.03 0.00 -2846.25
v 226.96 0.00 -2847.07
v 218.10 0.00 -2868.53
v 223.06 0.00 -2869.20
v 216.10 0.00 -2888.93
v 220.91 0.00 -2891.12
v 216.38 0.00 -2888.64
v 218.91 0.00 -2893.25
v 216.02 0.00 -2888.71
v 216.23 0.00 -2893.76
v 204.58 0.00 -2887.51
v 204.05 0.00 -2892.48
v 192.25 0.00 -2805.10
v 200.81 0.00 -2796.68
v 204.53 0.00 -2817.59
v 213.09 0.00 -2809.17
v 204.65 0.00 -2817.70
v 212.97 0.00 -2809.06
v 216.15 0.00 -2828.77
v 224.47 0.00 -2820.13
v 52.48 0.00 -2955.64
v 57.47 0.00 -2955.95
v 50.39 0.00 -2989.59
v 55.38 0.00 -2989.90
v 38.97 0.00 -2953.59
v 43.94 0.00 -2954.20
v 34.72 0.00 -2988.49
v 39.68 0.00 -2989.10
v 21.51 0.00 -2888.42
v 26.35 0.00 -2887.17
v 27.64 0.00 -2912.19
v 32.34 0.00 -2910.40
v 40.13 0.00 -2936.49
v 44.57 0.00 -2934.20
v 46.49 0.00 -2948.84
v 51.17 0.00 -2947.01
v 47.52 0.00 -2952.53
v 52.34 0.00 -2951.19
v 42.72 0.00 -2932.87
v 41.98 0.00 -2937.81
v 17.77 0.00 -2929.73
v 10.79 0.00 -2932.48
v 31.95 0.00 -2912.85
v 28.03 0.00 -2909.74
v 103.94 0.00 -2916.90
v 97.02 0.00 -2915.84
v 107.76 0.00 -2892.00
v 100.79 0.00 -2891.24
v 111.05 0.00 -2841.37
v 104.06 0.00 -2840.92
v 70.18 0.00 -2848.38
v 69.56 0.00 -2855.36
v 35.52 0.00 -2845.29
v 34.27 0.00 -2852.21
v 16.93 0.00 -2840.17
v 15.07 0.00 -2846.92
v 98.74 0.00 -2723.08
v 105.23 0.00 -2725.72
v 96.29 0.00 -2729.11
v 102.98 0.00 -2731.24
v 94.31 0.00 -2737.55
v 101.14 0.00 -2739.07
v 92.15 0.00 -2747.69
v 98.93 0.00 -2749.43
v 88.95 0.00 -2758.29
v 95.71 0.00 -2760.13
v 87.11 0.00 -2765.86
v 93.86 0.00 -2767.75
v 84.63 0.00 -2773.72
v 91.41 0.00 -2775.50
v 82.44 0.00 -2784.11
v 89.39 0.00 -2785.06
v 82.02 0.00 -2790.52
v 88.98 0.00 -2791.39
v 80.90 0.00 -2796.49
v 87.78 0.00 -2797.78
v 79.64 0.00 -2803.18
v 86.59 0.00 -2804.12
v 79.66 0.00 -2802.92
v 86.14 0.00 -2809.39
v 78.71 0.00 -2803.00
v 79.31 0.00 -2809.98
v 147.03 0.00 -2757.75
v 152.84 0.00 -2761.66
v 144.76 0.00 -2761.12
v 150.65 0.00 -2764.90
v 142.07 0.00 -2765.52
v 147.88 0.00 -2769.44
v 139.32 0.00 -2769.24
v 145.71 0.00 -2772.37
v 137.85 0.00 -2774.47
v 144.73 0.00 -2775.84
v 137.08 0.00 -2780.91
v 144.00 0.00 -2782.00
v 135.86 0.00 -2787.10
v 142.75 0.00 -2788.31
v 135.31 0.00 -2790.70
v 142.08 0.00 -2792.71
v 135.87 0.00 -2789.46
v 139.87 0.00 -2797.60
v 134.51 0.00 -2789.14
v 132.64 0.00 -2795.89
v 130.34 0.00 -2787.81
v 128.33 0.00 -2794.52
v 125.17 0.00 -2786.36
v 123.81 0.00 -2793.25
v 117.68 0.00 -2785.48
v 117.37 0.00 -2792.49
v 110.71 0.00 -2785.69
v 114.78 0.00 -2792.57
v 107.65 0.00 -2790.87
v 114.56 0.00 -2792.94
v 107.41 0.00 -2796.16
v 114.40 0.00 -2796.48
v 147.79 0.00 -2932.86
v 148.01 0.00 -2925.86
v 168.42 0.00 -2933.51
v 168.40 0.00 -2926.51
v 191.69 0.00 -2932.66
v 191.99 0.00 -2925.64
v 207.13 0.00 -2934.52
v 208.00 0.00 -2927.58
v 212.37 0.00 -2935.20
v 213.78 0.00 -2928.32
v 242.43 0.00 -2943.71
v 244.16 0.00 -2936.92
v 272.17 0.00 -2950.40
v 273.71 0.00 -2943.57
v 189.74 0.00 -2819.05
v 189.15 0.00 -2824.01
v 146.31 0.00 -2813.90
v 145.72 0.00 -2818.87
v 187.02 0.00 -2841.23
v 187.30 0.00 -2846.23
v 165.20 0.00 -2842.45
v 165.48 0.00 -2847.44
v 173.06 0.00 -2712.14
v 177.18 0.00 -2714.96
v 143.76 0.00 -2754.93
v 147.89 0.00 -2757.76
f 13502 13504 13503 13501
f 13504 13506 13505 13503
f 13506 13508 13507 13505
f 13508 13510 13509 13507
f 13510 13512 13511 13509
f 13514 13516 13515 13513
f 13516 13518 13517 13515
f 13518 13520 13519 13517
f 13520 13522 13521 13519
f 13522 13524 13523 13521
f 13524 13526 13525 13523
f 13526 13528 13527 13525
f 13528 13530 13529 13527
f 13530 13532 13531 13529
f 13532 13534 13533 13531
f 13534 13536 13535 13533
f 13536 13538 13537 13535
f 13538 13540 13539 13537
f 13540 13542 13541 13539
f 13542 13544 13543 13541
f 13544 13546 13545 13543
f 13546 13548 13547 13545
f 13548 13550 13549 13547
f 13550 13552 13551 13549
f 13554 13556 13555 13553
f 13556 13558 13557 13555
f 13558 13560 13559 13557
f 13560 13562 13561 13559
f 13562 13564 13563 13561
f 13564 13566 13565 13563
f 13566 13568 13567 13565
f 13568 13570 13569 13567
f 13572 13574 13573 13571
f 13574 13576 13575 13573
f 13576 13578 13577 13575
f 13578 13580 13579 13577
f 13580 13582 13581 13579
f 13582 13584 13583 13581
f 13586 13588 13587 13585
f 13588 13590 13589 13587
f 13590 13592 13591 13589
f 13592 13594 13593 13591
f 13594 13596 13595 13593
f 13596 13598 13597 13595
f 13598 13600 13599 13597
f 13600 13602 13601 13599
f 13602 13604 13603 13601
f 13606 13608 13607 13605
f 13608 13610 13609 13607
f 13610 13612 13611 13609
f 13612 13614 13613 13611
f 13614 13616 13615 13613
f 13616 13618 13617 13615
f 13620 13622 13621 13619
f 13624 13626 13625 13623
f 13628 13630 13629 13627
f 13632 13634 13633 13631
f 13636 13638 13637 13635
f 13638 13640 13639 13637
f 13640 13642 13641 13639
f 13642 13644 13643 13641
f 13646 13648 13647 13645
f 13648 13650 13649 13647
f 13652 13654 13653 13651
f 13654 13656 13655 13653
f 13658 13660 13659 13657
f 13660 13662 13661 13659
f 13664 13666 13665 13663
f 13666 13668 13667 13665
f 13668 13670 13669 13667
f 13670 13672 13671 13669
f 13672 13674 13673 13671
f 13674 13676 13675 13673
f 13676 13678 13677 13675
f 13678 13680 13679 13677
f 13680 13682 13681 13679
f 13682 13684 13683 13681
f 13684 13686 13685 13683
f 13686 13688 13687 13685
f 13690 13692 13691 13689
f 13692 13694 13693 13691
f 13694 13696 13695 13693
f 13696 13698 13697 13695
f 13698 13700 13699 13697
f 13700 13702 13701 13699
f 13702 13704 13703 13701
f 13704 13706 13705 13703
f 13706 13708 13707 13705
f 13708 13710 13709 13707
f 13710 13712 13711 13709
f 13712 13714 13713 13711
f 13714 13716 13715 13713
f 13716 13718 13717 13715
f 13718 13720 13719 13717
f 13722 13724 13723 13721
f 13724 13726 13725 13723
f 13726 13728 13727 13725
f 13728 13730 13729 13727
f 13730 13732 13731 13729
f 13732 13734 13733 13731
f 13736 13738 13737 13735
f 13740 13742 13741 13739
f 13744 13746 13745 13743
o Roads_-1_-13
v 202.74 0.00 -2810.78
v 214.88 0.00 -2815.98
v 201.14 0.00 -2814.53
v 212.92 0.00 -2820.55
v 198.98 0.00 -2818.12
v 209.94 0.00 -2825.50
v 181.77 0.00 -2841.15
v 192.49 0.00 -2848.85
v 178.41 0.00 -2846.02
v 189.43 0.00 -2853.30
v 172.23 0.00 -2855.80
v 183.57 0.00 -2862.58
v 164.08 0.00 -2870.24
v 175.64 0.00 -2876.60
v 146.39 0.00 -2903.23
v 157.99 0.00 -2909.53
v 136.49 0.00 -2921.25
v 147.97 0.00 -2927.75
v 129.61 0.00 -2933.03
v 140.97 0.00 -2939.77
v 108.71 0.00 -2967.72
v 120.11 0.00 -2974.36
v 101.06 0.00 -2981.33
v 112.68 0.00 -2987.59
v 94.00 0.00 -2994.96
v 105.78 0.00 -3000.94
v 82.39 0.00 -3018.31
v 94.23 0.00 -3024.15
v 64.47 0.00 -3055.04
v 76.37 0.00 -3060.74
v 57.44 0.00 -3070.05
v 69.46 0.00 -3075.49
v 53.06 0.00 -3080.08
v 65.22 0.00 -3085.22
v 48.88 0.00 -3090.25
v 61.16 0.00 -3095.11
v 33.16 0.00 -3131.45
v 45.40 0.00 -3136.41
v 31.19 0.00 -3136.04
v 43.21 0.00 -3141.50
v 26.77 0.00 -3145.24
v 38.53 0.00 -3151.24
v 21.83 0.00 -3154.40
v 33.37 0.00 -3160.82
v 1.70 0.00 -3189.43
v 13.24 0.00 -3195.85
v -16.45 0.00 -3223.25
v -4.87 0.00 -3229.59
v -24.37 0.00 -3237.39
v -12.95 0.00 -3244.01
v -35.90 0.00 -3256.60
v -24.66 0.00 -3263.50
v -62.96 0.00 -3299.71
v -51.70 0.00 -3306.59
v -76.84 0.00 -3323.02
v -65.38 0.00 -3329.56
v -91.47 0.00 -3349.81
v -79.83 0.00 -3356.03
v -98.22 0.00 -3362.74
v -86.46 0.00 -3368.74
v -102.72 0.00 -3371.80
v -90.86 0.00 -3377.58
v -119.02 0.00 -3405.84
v -107.06 0.00 -3411.40
v -123.88 0.00 -3416.59
v -111.70 0.00 -3421.69
v -128.55 0.00 -3428.72
v -116.09 0.00 -3433.10
v -130.66 0.00 -3435.36
v -118.00 0.00 -3439.08
v -132.48 0.00 -3442.10
v -119.66 0.00 -3445.24
v -133.96 0.00 -3448.87
v -121.00 0.00 -3451.37
v -135.07 0.00 -3455.53
v -121.99 0.00 -3457.37
v -135.81 0.00 -3461.91
v -122.67 0.00 -3463.17
v -136.27 0.00 -3468.05
v -123.09 0.00 -3468.79
v -136.49 0.00 -3473.88
v -123.29 0.00 -3474.16
v -136.54 0.00 -3484.50
v -123.34 0.00 -3484.38
v -136.09 0.00 -3503.83
v -122.89 0.00 -3503.53
v 164.91 0.00 -2929.86
v 171.91 0.00 -2930.17
v 163.59 0.00 -2959.95
v 170.58 0.00 -2960.21
v 163.23 0.00 -2971.58
v 170.23 0.00 -2971.84
v 163.04 0.00 -2976.01
v 170.03 0.00 -2976.36
v 162.47 0.00 -2985.76
v 169.48 0.00 -2985.86
v 162.67 0.00 -2992.66
v 169.67 0.00 -2992.64
v 161.94 0.00 -3027.08
v 168.95 0.00 -3026.98
v 163.03 0.00 -3049.94
v 170.04 0.00 -3049.97
v 162.68 0.00 -3056.16
v 169.66 0.00 -3056.61
v 162.00 0.00 -3065.54
v 168.99 0.00 -3065.85
v 161.87 0.00 -3073.66
v 168.86 0.00 -3074.03
v 161.02 0.00 -3083.10
v 168.00 0.00 -3083.59
v 160.75 0.00 -3088.31
v 167.84 0.00 -3086.66
v 163.02 0.00 -3092.39
v 168.32 0.00 -3087.50
v 166.36 0.00 -3094.62
v 168.79 0.00 -3087.82
v 180.68 0.00 -3096.02
v 181.35 0.00 -3089.05
v 197.26 0.00 -3097.58
v 198.01 0.00 -3090.62
v 224.75 0.00 -3100.84
v 224.96 0.00 -3093.82
v 243.05 0.00 -3099.77
v 242.85 0.00 -3092.77
v 263.64 0.00 -3099.84
v 263.66 0.00 -3092.84
v 244.25 0.00 -3048.81
v 243.65 0.00 -3055.78
v 219.08 0.00 -3046.64
v 211.54 0.00 -3053.02
v 220.89 0.00 -3024.24
v 213.91 0.00 -3023.67
v 246.45 0.00 -3096.35
v 239.45 0.00 -3096.19
v 247.45 0.00 -3052.37
v 240.45 0.00 -3052.22
v 247.52 0.00 -3049.04
v 240.52 0.00 -3048.81
v 248.67 0.00 -3023.17
v 241.67 0.00 -3022.86
v 118.01 0.00 -3277.04
v 111.07 0.00 -3276.20
v 121.85 0.00 -3245.28
v 114.91 0.00 -3244.35
v 124.75 0.00 -3225.44
v 117.81 0.00 -3224.56
v 127.03 0.00 -3204.44
v 120.07 0.00 -3203.68
v 252.44 0.00 -3162.98
v 250.59 0.00 -3169.73
v 227.85 0.00 -3156.24
v 226.09 0.00 -3163.02
v 200.20 0.00 -3149.45
v 198.53 0.00 -3156.25
v 173.29 0.00 -3142.86
v 171.63 0.00 -3149.66
v 161.24 0.00 -3139.91
v 159.67 0.00 -3146.73
v 116.79 0.00 -3130.40
v 115.23 0.00 -3137.22
v 94.50 0.00 -3124.97
v 92.75 0.00 -3131.75
v 78.08 0.00 -3120.52
v 75.44 0.00 -3127.06
v 57.42 0.00 -3109.20
v 54.06 0.00 -3115.34
v 239.84 0.00 -3198.77
v 237.59 0.00 -3205.39
v 198.07 0.00 -3184.57
v 196.10 0.00 -3191.29
v 172.87 0.00 -3178.28
v 171.28 0.00 -3185.10
v 134.76 0.00 -3169.95
v 133.61 0.00 -3176.86
v 128.60 0.00 -3169.23
v 127.79 0.00 -3176.19
v 124.60 0.00 -3168.77
v 123.79 0.00 -3175.72
v -3.04 0.00 -3242.56
v -13.80 0.00 -3237.26
v 8.13 0.00 -3219.93
v -2.59 0.00 -3214.53
v 15.37 0.00 -3205.87
v 4.79 0.00 -3200.21
v 23.77 0.00 -3190.71
v 13.33 0.00 -3184.81
v 38.70 0.00 -3164.84
v 28.20 0.00 -3159.04
v 44.18 0.00 -3154.46
v 33.48 0.00 -3149.02
v 46.73 0.00 -3149.23
v 35.85 0.00 -3144.17
v 53.36 0.00 -3134.17
v 42.30 0.00 -3129.51
v 70.77 0.00 -3091.16
v 59.69 0.00 -3086.56
v 77.11 0.00 -3076.25
v 66.13 0.00 -3071.39
v 86.74 0.00 -3055.38
v 75.88 0.00 -3050.26
v 111.10 0.00 -3004.79
v 100.36 0.00 -2999.43
v 118.72 0.00 -2990.10
v 108.16 0.00 -2984.40
v 126.67 0.00 -2975.88
v 116.27 0.00 -2969.90
v 134.86 0.00 -2962.02
v 124.58 0.00 -2955.82
v 153.01 0.00 -2932.50
v 142.79 0.00 -2926.22
v 17.22 0.00 -3249.09
v 12.23 0.00 -3248.81
v 17.84 0.00 -3237.86
v 12.85 0.00 -3237.40
v 20.31 0.00 -3218.83
v 15.34 0.00 -3218.28
v 21.22 0.00 -3208.87
v 16.21 0.00 -3208.76
v 21.01 0.00 -3204.11
v 16.08 0.00 -3205.88
v 18.67 0.00 -3201.01
v 15.22 0.00 -3204.74
v 12.85 0.00 -3197.31
v 10.16 0.00 -3201.52
v 17.67 0.00 -3188.56
v 14.19 0.00 -3195.76
v 10.88 0.00 -3185.27
v 7.40 0.00 -3192.47
v 32.21 0.00 -3255.88
v 25.65 0.00 -3253.41
v 49.58 0.00 -3209.75
v 43.03 0.00 -3207.28
v 55.42 0.00 -2990.08
v 60.42 0.00 -2990.25
v 54.39 0.00 -3019.89
v 59.39 0.00 -3020.06
v 80.17 0.00 -3034.89
v 79.89 0.00 -3041.88
v 12.14 0.00 -3032.09
v 11.91 0.00 -3039.09
v -12.33 0.00 -3031.50
v -12.50 0.00 -3038.50
v 69.12 0.00 -3078.24
v 72.33 0.00 -3072.02
v 94.62 0.00 -3091.40
v 97.51 0.00 -3085.02
v 109.77 0.00 -3097.34
v 112.00 0.00 -3090.69
v 127.63 0.00 -3102.32
v 129.43 0.00 -3095.55
v 177.43 0.00 -3114.98
v 179.16 0.00 -3108.19
v 177.55 0.00 -3092.04
v 184.48 0.00 -3093.03
v 174.83 0.00 -3111.12
v 181.77 0.00 -3112.05
v 173.26 0.00 -3123.66
v 180.18 0.00 -3124.76
v 169.03 0.00 -3145.60
v 175.90 0.00 -3146.92
v 175.93 0.00 -3127.62
v 177.51 0.00 -3120.80
v 199.96 0.00 -3133.18
v 201.54 0.00 -3126.37
v 166.25 0.00 -3070.46
v 164.47 0.00 -3077.23
v 132.98 0.00 -3061.70
v 131.19 0.00 -3068.47
v 92.21 0.00 -3045.82
v 97.16 0.00 -3046.52
v 91.49 0.00 -3050.81
v 96.22 0.00 -3053.05
v 87.55 0.00 -3055.09
v 91.16 0.00 -3058.55
v 83.59 0.00 -3059.08
v 86.51 0.00 -3063.24
v 81.48 0.00 -3060.06
v 82.48 0.00 -3065.10
v 76.70 0.00 -3059.86
v 76.49 0.00 -3064.86
v 23.35 0.00 -2988.28
v 28.34 0.00 -2988.62
v 21.58 0.00 -3014.14
v 26.57 0.00 -3014.48
v 278.45 0.00 -2885.73
v 284.70 0.00 -2888.87
v 274.56 0.00 -2893.47
v 280.91 0.00 -2896.41
v 270.61 0.00 -2902.75
v 277.40 0.00 -2904.66
v 269.14 0.00 -2912.69
v 276.13 0.00 -2913.29
v 268.85 0.00 -2924.77
v 275.85 0.00 -2924.77
v 269.44 0.00 -2947.16
v 276.44 0.00 -2946.81
v 271.66 0.00 -2977.41
v 278.64 0.00 -2976.96
v 273.06 0.00 -3002.86
v 280.03 0.00 -3002.15
v 275.83 0.00 -3021.57
v 282.82 0.00 -3020.97
v 276.51 0.00 -3047.41
v 283.52 0.00 -3047.77
v 274.47 0.00 -3063.18
v 281.27 0.00 -3065.16
v 270.10 0.00 -3072.48
v 276.28 0.00 -3075.79
v 261.27 0.00 -3087.13
v 268.03 0.00 -3089.47
v 260.18 0.00 -3095.91
v 267.12 0.00 -3096.77
v 256.48 0.00 -3125.58
v 263.39 0.00 -3126.76
v 248.41 0.00 -3162.67
v 255.33 0.00 -3163.82
v 248.08 0.00 -3165.55
v 254.94 0.00 -3167.15
v 235.42 0.00 -3200.90
v 242.01 0.00 -3203.26
v 212.76 0.00 -3264.17
v 219.35 0.00 -3266.53
v 205.76 0.00 -3283.72
v 212.36 0.00 -3286.03
v 197.37 0.00 -3308.28
v 203.97 0.00 -3310.63
v 189.92 0.00 -3328.40
v 196.59 0.00 -3330.55
v 187.83 0.00 -3336.01
v 194.53 0.00 -3338.02
v 179.57 0.00 -3361.35
v 184.32 0.00 -3369.37
v 172.33 0.00 -3359.99
v 172.21 0.00 -3367.09
v 165.75 0.00 -3361.00
v 169.83 0.00 -3367.45
v 162.60 0.00 -3365.65
v 168.86 0.00 -3368.88
v 152.46 0.00 -3392.88
v 159.04 0.00 -3395.28
v 147.36 0.00 -3407.07
v 154.08 0.00 -3409.09
v 145.93 0.00 -3412.95
v 152.96 0.00 -3413.65
v 147.27 0.00 -3446.40
v 154.27 0.00 -3446.41
v 146.84 0.00 -3456.31
v 153.83 0.00 -3456.73
v 146.18 0.00 -3464.69
v 153.10 0.00 -3465.89
v 143.06 0.00 -3476.11
v 149.81 0.00 -3477.95
f 13748 13750 13749 13747
f 13750 13752 13751 13749
f 13752 13754 13753 13751
f 13754 13756 13755 13753
f 13756 13758 13757 13755
f 13758 13760 13759 13757
f 13760 13762 13761 13759
f 13762 13764 13763 13761
f 13764 13766 13765 13763
f 13766 13768 13767 13765
f 13768 13770 13769 13767
f 13770 13772 13771 13769
f 13772 13774 13773 13771
f 13774 13776 13775 13773
f 13776 13778 13777 13775
f 13778 13780 13779 13777
f 13780 13782 13781 13779
f 13782 13784 13783 13781
f 13784 13786 13785 13783
f 13786 13788 13787 13785
f 13788 13790 13789 13787
f 13790 13792 13791 13789
f 13792 13794 13793 13791
f 13794 13796 13795 13793
f 13796 13798 13797 13795
f 13798 13800 13799 13797
f 13800 13802 13801 13799
f 13802 13804 13803 13801
f 13804 13806 13805 13803
f 13806 13808 13807 13805
f 13808 13810 13809 13807
f 13810 13812 13811 13809
f 13812 13814 13813 13811
f 13814 13816 13815 13813
f 13816 13818 13817 13815
f 13818 13820 13819 13817
f 13820 13822 13821 13819
f 13822 13824 13823 13821
f 13824 13826 13825 13823
f 13826 13828 13827 13825
f 13828 13830 13829 13827
f 13830 13832 13831 13829
f 13834 13836 13835 13833
f 13836 13838 13837 13835
f 13838 13840 13839 13837
f 13840 13842 13841 13839
f 13842 13844 13843 13841
f 13844 13846 13845 13843
f 13846 13848 13847 13845
f 13848 13850 13849 13847
f 13850 13852 13851 13849
f 13852 13854 13853 13851
f 13854 13856 13855 13853
f 13856 13858 13857 13855
f 13858 13860 13859 13857
f 13860 13862 13861 13859
f 13862 13864 13863 13861
f 13864 13866 13865 13863
f 13866 13868 13867 13865
f 13868 13870 13869 13867
f 13870 13872 13871 13869
f 13874 13876 13875 13873
f 13876 13878 13877 13875
f 13880 13882 13881 13879
f 13882 13884 13883 13881
f 13884 13886 13885 13883
f 13888 13890 13889 13887
f 13890 13892 13891 13889
f 13892 13894 13893 13891
f 13896 13898 13897 13895
f 13898 13900 13899 13897
f 13900 13902 13901 13899
f 13902 13904 13903 13901
f 13904 13906 13905 13903
f 13906 13908 13907 13905
f 13908 13910 13909 13907
f 13910 13912 13911 13909
f 13914 13916 13915 13913
f 13916 13918 13917 13915
f 13918 13920 13919 13917
f 13920 13922 13921 13919
f 13922 13924 13923 13921
f 13926 13928 13927 13925
f 13928 13930 13929 13927
f 13930 13932 13931 13929
f 13932 13934 13933 13931
f 13934 13936 13935 13933
f 13936 13938 13937 13935
f 13938 13940 13939 13937
f 13940 13942 13941 13939
f 13942 13944 13943 13941
f 13944 13946 13945 13943
f 13946 13948 13947 13945
f 13948 13950 13949 13947
f 13950 13952 13951 13949
f 13952 13954 13953 13951
f 13954 13956 13955 13953
f 13958 13960 13959 13957
f 13960 13962 13961 13959
f 13962 13964 13963 13961
f 13964 13966 13965 13963
f 13966 13968 13967 13965
f 13968 13970 13969 13967
f 13972 13974 13973 13971
f 13976 13978 13977 13975
f 13980 13982 13981 13979
f 13984 13986 13985 13983
f 13986 13988 13987 13985
f 13990 13992 13991 13989
f 13992 13994 13993 13991
f 13994 13996 13995 13993
f 13996 13998 13997 13995
f 14000 14002 14001 13999
f 14002 14004 14003 14001
f 14004 14006 14005 14003
f 14008 14010 14009 14007
f 14012 14014 14013 14011
f 14016 14018 14017 14015
f 14018 14020 14019 14017
f 14020 14022 14021 14019
f 14022 14024 14023 14021
f 14024 14026 14025 14023
f 14028 14030 14029 14027
f 14032 14034 14033 14031
f 14034 14036 14035 14033
f 14036 14038 14037 14035
f 14038 14040 14039 14037
f 14040 14042 14041 14039
f 14042 14044 14043 14041
f 14044 14046 14045 14043
f 14046 14048 14047 14045
f 14048 14050 14049 14047
f 14050 14052 14051 14049
f 14052 14054 14053 14051
f 14054 14056 14055 14053
f 14056 14058 14057 14055
f 14058 14060 14059 14057
f 14060 14062 14061 14059
f 14062 14064 14063 14061
f 14064 14066 14065 14063
f 14066 14068 14067 14065
f 14068 14070 14069 14067
f 14070 14072 14071 14069
f 14072 14074 14073 14071
f 14074 14076 14075 14073
f 14076 14078 14077 14075
f 14078 14080 14079 14077
f 14080 14082 14081 14079
f 14082 14084 14083 14081
f 14084 14086 14085 14083
f 14086 14088 14087 14085
f 14088 14090 14089 14087
f 14090 14092 14091 14089
f 14092 14094 14093 14091
f 14094 14096 14095 14093
f 14096 14098 14097 14095
o Roads_-1_-14
v 168.80 0.00 -3360.88
v 166.77 0.00 -3367.57
v 150.63 0.00 -3355.36
v 149.85 0.00 -3362.44
v 146.40 0.00 -3355.68
v 148.93 0.00 -3362.51
v 138.94 0.00 -3361.15
v 141.41 0.00 -3368.01
v 138.34 0.00 -3361.18
v 137.48 0.00 -3368.24
v 113.61 0.00 -3353.47
v 111.83 0.00 -3360.25
v 86.68 0.00 -3347.66
v 85.97 0.00 -3354.67
v 75.69 0.00 -3347.77
v 75.93 0.00 -3354.76
v 64.66 0.00 -3348.42
v 65.30 0.00 -3355.39
v 55.02 0.00 -3349.62
v 55.59 0.00 -3356.60
v 35.78 0.00 -3350.41
v 33.08 0.00 -3357.52
v 36.55 0.00 -3351.15
v 30.53 0.00 -3355.07
v 34.64 0.00 -3345.92
v 29.06 0.00 -3351.04
v 31.05 0.00 -3344.24
v 30.19 0.00 -3351.57
v -0.31 0.00 -3350.66
v 0.73 0.00 -3357.60
v -33.31 0.00 -3353.85
v -33.61 0.00 -3360.91
v -49.99 0.00 -3350.82
v -51.76 0.00 -3357.61
v -53.06 0.00 -3349.77
v -55.57 0.00 -3356.30
v -70.99 0.00 -3342.12
v -73.73 0.00 -3348.56
v 243.16 0.00 -3343.60
v 236.37 0.00 -3341.90
v 246.73 0.00 -3329.30
v 240.00 0.00 -3327.34
v 248.55 0.00 -3323.87
v 243.58 0.00 -3316.65
v 252.63 0.00 -3324.04
v 247.30 0.00 -3316.81
v 260.01 0.00 -3295.94
v 253.18 0.00 -3294.42
v 262.67 0.00 -3281.33
v 254.78 0.00 -3285.59
v 217.42 0.00 -3262.13
v 214.69 0.00 -3268.57
v 77.77 0.00 -3272.42
v 84.63 0.00 -3273.83
v 71.74 0.00 -3301.66
v 77.39 0.00 -3308.92
v 61.99 0.00 -3301.22
v 67.30 0.00 -3308.47
v 56.73 0.00 -3320.83
v 63.53 0.00 -3322.52
v 53.88 0.00 -3333.31
v 60.80 0.00 -3334.46
v 51.82 0.00 -3352.74
v 58.79 0.00 -3353.48
v 144.69 0.00 -3276.99
v 151.66 0.00 -3277.59
v 142.23 0.00 -3305.68
v 149.21 0.00 -3306.27
v -9.71 0.00 -3243.16
v -7.14 0.00 -3236.65
v 11.18 0.00 -3251.41
v 13.63 0.00 -3244.85
v 13.49 0.00 -3252.23
v 15.96 0.00 -3245.68
v 27.63 0.00 -3257.89
v 30.23 0.00 -3251.40
v 49.85 0.00 -3266.80
v 52.55 0.00 -3260.34
v 65.57 0.00 -3273.61
v 67.66 0.00 -3266.89
v 80.52 0.00 -3276.56
v 81.88 0.00 -3269.69
v 85.49 0.00 -3277.54
v 86.63 0.00 -3270.63
v 107.64 0.00 -3280.44
v 107.94 0.00 -3273.42
v 114.70 0.00 -3280.11
v 114.38 0.00 -3273.12
v 123.38 0.00 -3279.72
v 123.38 0.00 -3272.72
v 147.94 0.00 -3280.78
v 148.41 0.00 -3273.80
v 176.26 0.00 -3283.34
v 177.11 0.00 -3276.39
v 208.52 0.00 -3288.34
v 209.59 0.00 -3281.42
v 48.06 0.00 -3421.66
v 46.80 0.00 -3426.50
v 16.64 0.00 -3413.47
v 15.38 0.00 -3418.30
v 241.89 0.00 -3377.50
v 240.69 0.00 -3382.35
v 182.54 0.00 -3362.94
v 181.35 0.00 -3367.79
v 82.92 0.00 -3350.33
v 89.72 0.00 -3352.00
v 78.12 0.00 -3369.97
v 84.65 0.00 -3372.72
v 76.68 0.00 -3372.28
v 82.00 0.00 -3376.98
v 72.21 0.00 -3375.90
v 77.28 0.00 -3380.81
v 68.38 0.00 -3380.96
v 74.08 0.00 -3385.02
v 52.33 0.00 -3404.94
v 58.38 0.00 -3408.47
v 47.76 0.00 -3414.01
v 54.13 0.00 -3416.92
v 44.25 0.00 -3422.61
v 50.61 0.00 -3425.55
v 38.16 0.00 -3434.35
v 44.59 0.00 -3437.14
v 32.99 0.00 -3448.95
v 39.78 0.00 -3450.76
v 31.47 0.00 -3457.16
v 38.53 0.00 -3457.50
v 32.13 0.00 -3464.73
v 38.97 0.00 -3462.66
v 33.81 0.00 -3467.81
v 39.95 0.00 -3464.45
f 14100 14102 14101 14099
f 14102 14104 14103 14101
f 14104 14106 14105 14103
f 14106 14108 14107 14105
f 14108 14110 14109 14107
f 14110 14112 14111 14109
f 14112 14114 14113 14111
f 14114 14116 14115 14113
f 14116 14118 14117 14115
f 14118 14120 14119 14117
f 14120 14122 14121 14119
f 14122 14124 14123 14121
f 14124 14126 14125 14123
f 14126 14128 14127 14125
f 14128 14130 14129 14127
f 14130 14132 14131 14129
f 14132 14134 14133 14131
f 14134 14136 14135 14133
f 14138 14140 14139 14137
f 14140 14142 14141 14139
f 14142 14144 14143 14141
f 14144 14146 14145 14143
f 14146 14148 14147 14145
f 14148 14150 14149 14147
f 14152 14154 14153 14151
f 14154 14156 14155 14153
f 14156 14158 14157 14155
f 14158 14160 14159 14157
f 14160 14162 14161 14159
f 14164 14166 14165 14163
f 14168 14170 14169 14167
f 14170 14172 14171 14169
f 14172 14174 14173 14171
f 14174 14176 14175 14173
f 14176 14178 14177 14175
f 14178 14180 14179 14177
f 14180 14182 14181 14179
f 14182 14184 14183 14181
f 14184 14186 14185 14183
f 14186 14188 14187 14185
f 14188 14190 14189 14187
f 14190 14192 14191 14189
f 14192 14194 14193 14191
f 14196 14198 14197 14195
f 14200 14202 14201 14199
f 14204 14206 14205 14203
f 14206 14208 14207 14205
f 14208 14210 14209 14207
f 14210 14212 14211 14209
f 14212 14214 14213 14211
f 14214 14216 14215 14213
f 14216 14218 14217 14215
f 14218 14220 14219 14217
f 14220 14222 14221 14219
f 14222 14224 14223 14221
f 14224 14226 14225 14223
f 14226 14228 14227 14225
o Roads_-1_-15
v 193.49 0.00 -3853.38
v 186.54 0.00 -3852.52
v 197.05 0.00 -3824.80
v 190.22 0.00 -3822.99
v 198.30 0.00 -3821.80
v 191.82 0.00 -3819.15
v 203.29 0.00 -3809.26
v 196.62 0.00 -3807.10
v 206.72 0.00 -3795.82
v 199.93 0.00 -3794.09
v 211.17 0.00 -3778.34
v 204.49 0.00 -3776.21
v 213.84 0.00 -3771.43
v 207.07 0.00 -3769.54
v 215.46 0.00 -3762.19
v 208.62 0.00 -3760.65
v 224.95 0.00 -3727.84
v 218.20 0.00 -3725.98
v 233.81 0.00 -3695.80
v 226.77 0.00 -3694.97
v 233.42 0.00 -3685.11
v 226.45 0.00 -3685.96
v 231.99 0.00 -3678.30
v 225.09 0.00 -3679.45
v 230.93 0.00 -3669.82
v 223.93 0.00 -3670.25
v 230.99 0.00 -3641.93
v 223.99 0.00 -3641.71
v 232.66 0.00 -3613.98
v 225.70 0.00 -3613.21
v 237.99 0.00 -3581.16
v 231.08 0.00 -3580.04
v 239.80 0.00 -3570.06
v 232.89 0.00 -3568.93
v 245.75 0.00 -3533.33
v 238.82 0.00 -3532.33
v 248.08 0.00 -3514.97
v 241.02 0.00 -3515.04
v 245.36 0.00 -3496.37
v 238.44 0.00 -3497.39
v 143.57 0.00 -3475.02
v 149.30 0.00 -3479.04
v 141.27 0.00 -3478.30
v 147.61 0.00 -3481.45
v 133.61 0.00 -3502.19
v 140.38 0.00 -3504.02
v 125.00 0.00 -3541.34
v 131.90 0.00 -3542.58
v 124.36 0.00 -3545.92
v 131.12 0.00 -3548.13
v 116.22 0.00 -3561.12
v 122.41 0.00 -3564.38
v 111.78 0.00 -3569.68
v 118.16 0.00 -3572.58
v 108.54 0.00 -3577.97
v 115.19 0.00 -3580.18
v 106.90 0.00 -3583.89
v 113.74 0.00 -3585.42
v 106.70 0.00 -3585.08
v 113.60 0.00 -3586.24
v 106.15 0.00 -3588.35
v 113.15 0.00 -3588.96
v 106.02 0.00 -3602.72
v 113.02 0.00 -3602.90
v 105.62 0.00 -3612.67
v 112.57 0.00 -3614.01
v 104.80 0.00 -3614.95
v 110.61 0.00 -3619.53
v 103.76 0.00 -3615.63
v 106.72 0.00 -3622.05
v 99.60 0.00 -3616.87
v 100.67 0.00 -3623.85
v 94.62 0.00 -3616.94
v 94.30 0.00 -3623.95
v 55.10 0.00 -3612.63
v 54.43 0.00 -3619.60
v 43.27 0.00 -3611.62
v 43.12 0.00 -3618.63
v 37.92 0.00 -3611.84
v 39.92 0.00 -3618.77
v 32.89 0.00 -3614.74
v 37.57 0.00 -3620.12
v 29.69 0.00 -3618.85
v 35.51 0.00 -3622.77
v 27.51 0.00 -3622.62
v 33.77 0.00 -3625.79
v 25.48 0.00 -3627.23
v 32.38 0.00 -3628.95
v 25.15 0.00 -3631.83
v 32.14 0.00 -3632.17
v 24.71 0.00 -3649.34
v 31.70 0.00 -3649.74
v 24.34 0.00 -3653.49
v 31.32 0.00 -3654.06
v 23.21 0.00 -3668.57
v 30.15 0.00 -3669.52
v 21.41 0.00 -3677.51
v 28.27 0.00 -3678.89
v 21.01 0.00 -3679.49
v 27.77 0.00 -3681.38
v 18.38 0.00 -3686.77
v 24.75 0.00 -3689.73
v 14.73 0.00 -3693.09
v 20.67 0.00 -3696.79
v 10.28 0.00 -3699.72
v 16.13 0.00 -3703.56
v 2.78 0.00 -3711.41
v 9.09 0.00 -3714.54
v -0.27 0.00 -3719.70
v 6.60 0.00 -3721.31
v -1.61 0.00 -3731.92
v 5.33 0.00 -3732.82
v -3.21 0.00 -3742.48
v 3.64 0.00 -3743.98
v -3.97 0.00 -3745.12
v 2.75 0.00 -3747.06
v -6.50 0.00 -3753.90
v 0.16 0.00 -3756.06
v -7.72 0.00 -3757.26
v -1.27 0.00 -3760.00
v -11.98 0.00 -3765.94
v -5.80 0.00 -3769.25
v -18.53 0.00 -3777.19
v -12.63 0.00 -3780.96
v -25.96 0.00 -3787.88
v -20.63 0.00 -3792.48
v -38.86 0.00 -3800.00
v -34.03 0.00 -3805.08
v -48.31 0.00 -3809.08
v -42.40 0.00 -3813.11
v -53.18 0.00 -3820.88
v -46.28 0.00 -3822.51
v -56.83 0.00 -3871.17
v -49.81 0.00 -3871.09
v -55.65 0.00 -3883.54
v -48.66 0.00 -3883.07
v -54.13 0.00 -3923.18
v -47.11 0.00 -3923.49
v -57.95 0.00 -3953.05
v -51.03 0.00 -3954.09
v -60.80 0.00 -3969.54
v -53.80 0.00 -3970.16
v -61.04 0.00 -4033.69
v -54.05 0.00 -4033.96
v -63.12 0.00 -4061.62
v -56.16 0.00 -4062.42
v -66.92 0.00 -4086.00
v -60.00 0.00 -4087.05
v -68.81 0.00 -4098.71
v -61.93 0.00 -4100.04
v -70.31 0.00 -4104.98
v -63.38 0.00 -4106.11
v -71.92 0.00 -4122.99
v -64.93 0.00 -4123.42
v -72.59 0.00 -4143.94
v -65.59 0.00 -4144.16
v -73.49 0.00 -4173.79
v -66.49 0.00 -4174.02
v -74.39 0.00 -4200.24
v -67.42 0.00 -4201.23
v -75.72 0.00 -4205.49
v -70.55 0.00 -4213.59
v -99.93 0.00 -4200.90
v -94.63 0.00 -4209.03
v -113.66 0.00 -4259.89
v -105.22 0.00 -4254.51
v -87.38 0.00 -4265.40
v -80.09 0.00 -4259.77
v -89.00 0.00 -4297.03
v -81.99 0.00 -4297.01
v -88.46 0.00 -4306.60
v -81.47 0.00 -4306.21
v 235.17 0.00 -3577.15
v 233.91 0.00 -3584.04
v 179.46 0.00 -3566.99
v 176.18 0.00 -3573.51
v 179.30 0.00 -3566.85
v 172.71 0.00 -3570.26
v 179.02 0.00 -3564.77
v 171.97 0.00 -3564.86
v 182.00 0.00 -3537.70
v 175.04 0.00 -3536.93
v 42.42 0.00 -3615.22
v 35.42 0.00 -3615.39
v 41.74 0.00 -3586.53
v 34.73 0.00 -3586.03
v 43.70 0.00 -3574.80
v 36.85 0.00 -3573.28
v 45.10 0.00 -3569.80
v 38.69 0.00 -3566.74
v 46.87 0.00 -3567.30
v 41.14 0.00 -3563.28
v 56.95 0.00 -3552.82
v 51.04 0.00 -3549.06
v 69.65 0.00 -3530.92
v 62.84 0.00 -3528.70
v 70.31 0.00 -3524.50
v 62.91 0.00 -3528.02
v 62.70 0.00 -3519.52
v 59.41 0.00 -3525.73
v 43.92 0.00 -3511.72
v 41.33 0.00 -3518.22
v 11.82 0.00 -3499.46
v 9.32 0.00 -3506.00
f 14230 14232 14231 14229
f 14232 14234 14233 14231
f 14234 14236 14235 14233
f 14236 14238 14237 14235
f 14238 14240 14239 14237
f 14240 14242 14241 14239
f 14242 14244 14243 14241
f 14244 14246 14245 14243
f 14246 14248 14247 14245
f 14248 14250 14249 14247
f 14250 14252 14251 14249
f 14252 14254 14253 14251
f 14254 14256 14255 14253
f 14256 14258 14257 14255
f 14258 14260 14259 14257
f 14260 14262 14261 14259
f 14262 14264 14263 14261
f 14264 14266 14265 14263
f 14266 14268 14267 14265
f 14270 14272 14271 14269
f 14272 14274 14273 14271
f 14274 14276 14275 14273
f 14276 14278 14277 14275
f 14278 14280 14279 14277
f 14280 14282 14281 14279
f 14282 14284 14283 14281
f 14284 14286 14285 14283
f 14286 14288 14287 14285
f 14288 14290 14289 14287
f 14290 14292 14291 14289
f 14292 14294 14293 14291
f 14294 14296 14295 14293
f 14296 14298 14297 14295
f 14298 14300 14299 14297
f 14300 14302 14301 14299
f 14302 14304 14303 14301
f 14304 14306 14305 14303
f 14306 14308 14307 14305
f 14308 14310 14309 14307
f 14310 14312 14311 14309
f 14312 14314 14313 14311
f 14314 14316 14315 14313
f 14316 14318 14317 14315
f 14318 14320 14319 14317
f 14320 14322 14321 14319
f 14322 14324 14323 14321
f 14324 14326 14325 14323
f 14326 14328 14327 14325
f 14328 14330 14329 14327
f 14330 14332 14331 14329
f 14332 14334 14333 14331
f 14334 14336 14335 14333
f 14336 14338 14337 14335
f 14338 14340 14339 14337
f 14340 14342 14341 14339
f 14342 14344 14343 14341
f 14344 14346 14345 14343
f 14346 14348 14347 14345
f 14348 14350 14349 14347
f 14350 14352 14351 14349
f 14352 14354 14353 14351
f 14354 14356 14355 14353
f 14356 14358 14357 14355
f 14358 14360 14359 14357
f 14360 14362 14361 14359
f 14362 14364 14363 14361
f 14364 14366 14365 14363
f 14366 14368 14367 14365
f 14368 14370 14369 14367
f 14370 14372 14371 14369
f 14372 14374 14373 14371
f 14374 14376 14375 14373
f 14376 14378 14377 14375
f 14378 14380 14379 14377
f 14380 14382 14381 14379
f 14382 14384 14383 14381
f 14384 14386 14385 14383
f 14386 14388 14387 14385
f 14388 14390 14389 14387
f 14390 14392 14391 14389
f 14392 14394 14393 14391
f 14394 14396 14395 14393
f 14396 14398 14397 14395
f 14398 14400 14399 14397
f 14402 14404 14403 14401
f 14404 14406 14405 14403
f 14406 14408 14407 14405
f 14408 14410 14409 14407
f 14412 14414 14413 14411
f 14414 14416 14415 14413
f 14416 14418 14417 14415
f 14418 14420 14419 14417
f 14420 14422 14421 14419
f 14422 14424 14423 14421
f 14424 14426 14425 14423
f 14426 14428 14427 14425
f 14428 14430 14429 14427
f 14430 14432 14431 14429
o Roads_-1_-2
v 201.97 0.00 -402.34
v 194.97 0.00 -402.24
v 202.80 0.00 -347.37
v 195.80 0.00 -347.34
v 202.51 0.00 -307.21
v 195.50 0.00 -305.75
v 204.04 0.00 -303.76
v 198.32 0.00 -299.40
v 206.48 0.00 -301.77
v 202.74 0.00 -295.79
v 209.87 0.00 -300.21
v 208.11 0.00 -293.31
v 216.76 0.00 -299.73
v 216.70 0.00 -292.72
v 259.14 0.00 -301.89
v 259.45 0.00 -294.90
v 313.29 0.00 -303.97
v 313.56 0.00 -296.98
v 134.33 0.00 -453.05
v 133.99 0.00 -460.04
v 92.14 0.00 -450.98
v 91.77 0.00 -457.97
v 38.88 0.00 -447.91
v 38.47 0.00 -454.90
v 36.67 0.00 -395.11
v 43.67 0.00 -395.30
v 35.18 0.00 -451.22
v 42.17 0.00 -451.59
v 32.98 0.00 -479.32
v 39.95 0.00 -479.89
v 31.77 0.00 -493.38
v 38.74 0.00 -493.98
v 30.75 0.00 -505.25
v 37.74 0.00 -505.62
v 29.15 0.00 -593.11
v 36.15 0.00 -593.24
v 135.35 0.00 -567.44
v 128.35 0.00 -567.20
v 137.20 0.00 -512.44
v 130.21 0.00 -512.29
v 137.66 0.00 -456.72
v 130.66 0.00 -456.37
v 142.86 0.00 -400.17
v 135.89 0.00 -399.53
v 191.14 0.00 -535.76
v 184.15 0.00 -535.53
v 195.58 0.00 -402.64
v 188.59 0.00 -402.41
f 14434 14436 14435 14433
f 14436 14438 14437 14435
f 14438 14440 14439 14437
f 14440 14442 14441 14439
f 14442 14444 14443 14441
f 14444 14446 14445 14443
f 14446 14448 14447 14445
f 14448 14450 14449 14447
f 14452 14454 14453 14451
f 14454 14456 14455 14453
f 14458 14460 14459 14457
f 14460 14462 14461 14459
f 14462 14464 14463 14461
f 14464 14466 14465 14463
f 14466 14468 14467 14465
f 14470 14472 14471 14469
f 14472 14474 14473 14471
f 14474 14476 14475 14473
f 14478 14480 14479 14477
o Roads_-1_-3
v 242.47 0.00 -403.13
v 249.46 0.00 -403.55
v 236.86 0.00 -497.44
v 243.65 0.00 -501.19
v 193.09 0.00 -528.76
v 196.80 0.00 -534.72
v 185.96 0.00 -532.58
v 189.33 0.00 -538.71
v 130.12 0.00 -564.28
v 133.58 0.00 -570.37
v 236.75 0.00 -499.20
v 243.75 0.00 -499.43
v 235.70 0.00 -531.09
v 242.70 0.00 -531.35
v 234.41 0.00 -562.46
v 241.40 0.00 -562.78
v 231.22 0.00 -625.16
v 238.21 0.00 -625.57
v 227.34 0.00 -682.83
v 234.32 0.00 -683.29
v 11.46 0.00 -826.87
v 4.47 0.00 -826.46
v 13.49 0.00 -792.22
v 6.50 0.00 -791.84
v 18.97 0.00 -679.31
v 12.03 0.00 -678.05
v 32.78 0.00 -636.22
v 26.16 0.00 -633.94
v 38.89 0.00 -619.62
v 31.99 0.00 -618.11
v 40.94 0.00 -593.48
v 33.96 0.00 -592.93
v 183.36 0.00 -676.97
v 176.37 0.00 -676.59
v 191.14 0.00 -535.84
v 184.15 0.00 -535.45
v 133.95 0.00 -508.88
v 133.46 0.00 -515.86
v 89.97 0.00 -505.76
v 89.48 0.00 -512.74
v 34.49 0.00 -501.94
v 34.01 0.00 -508.93
v 86.23 0.00 -509.05
v 93.22 0.00 -509.44
v 81.81 0.00 -588.37
v 88.80 0.00 -588.76
v 72.08 0.00 -720.74
v 71.98 0.00 -727.74
v 44.24 0.00 -720.34
v 44.14 0.00 -727.34
v 81.75 0.00 -592.82
v 88.75 0.00 -592.85
v 81.70 0.00 -604.08
v 88.70 0.00 -604.69
v 80.88 0.00 -608.88
v 87.57 0.00 -611.34
v 77.90 0.00 -613.90
v 84.30 0.00 -616.83
v 74.70 0.00 -623.52
v 81.63 0.00 -624.88
v 72.33 0.00 -658.29
v 79.32 0.00 -658.73
v 68.53 0.00 -724.04
v 75.52 0.00 -724.44
v 130.44 0.00 -739.42
v 123.44 0.00 -739.46
v 130.42 0.00 -735.61
v 123.43 0.00 -736.70
v 129.28 0.00 -731.99
v 122.61 0.00 -734.09
v 129.44 0.00 -733.11
v 122.45 0.00 -732.97
v 131.14 0.00 -649.89
v 124.15 0.00 -649.64
v 135.35 0.00 -567.50
v 128.36 0.00 -567.14
v 129.93 0.00 -564.39
v 133.77 0.00 -570.25
v 107.85 0.00 -578.86
v 110.75 0.00 -585.33
v 81.84 0.00 -585.87
v 88.77 0.00 -591.25
v 81.79 0.00 -589.36
v 88.71 0.00 -596.30
v 37.45 0.00 -589.71
v 37.46 0.00 -596.71
v 32.80 0.00 -589.68
v 32.49 0.00 -596.67
v -27.52 0.00 -584.71
v -28.10 0.00 -591.69
v 68.53 0.00 -724.08
v 75.52 0.00 -724.40
v 67.93 0.00 -737.11
v 74.92 0.00 -737.44
f 14482 14484 14483 14481
f 14484 14486 14485 14483
f 14486 14488 14487 14485
f 14488 14490 14489 14487
f 14492 14494 14493 14491
f 14494 14496 14495 14493
f 14496 14498 14497 14495
f 14498 14500 14499 14497
f 14502 14504 14503 14501
f 14504 14506 14505 14503
f 14506 14508 14507 14505
f 14508 14510 14509 14507
f 14510 14512 14511 14509
f 14514 14516 14515 14513
f 14518 14520 14519 14517
f 14520 14522 14521 14519
f 14524 14526 14525 14523
f 14528 14530 14529 14527
f 14532 14534 14533 14531
f 14534 14536 14535 14533
f 14536 14538 14537 14535
f 14538 14540 14539 14537
f 14540 14542 14541 14539
f 14542 14544 14543 14541
f 14546 14548 14547 14545
f 14548 14550 14549 14547
f 14552 14554 14553 14551
f 14554 14556 14555 14553
f 14558 14560 14559 14557
f 14560 14562 14561 14559
f 14562 14564 14563 14561
f 14564 14566 14565 14563
f 14566 14568 14567 14565
f 14568 14570 14569 14567
f 14572 14574 14573 14571
o Roads_-1_-4
v -80.66 0.00 -826.31
v -80.40 0.00 -819.32
v -48.06 0.00 -827.49
v -47.76 0.00 -820.50
v 7.73 0.00 -830.16
v 8.20 0.00 -823.17
v 27.88 0.00 -831.90
v 28.48 0.00 -824.92
v 91.18 0.00 -837.36
v 86.62 0.00 -829.94
v 107.24 0.00 -797.59
v 100.74 0.00 -794.97
v 122.45 0.00 -759.91
v 115.96 0.00 -757.29
v 130.19 0.00 -740.75
v 123.70 0.00 -738.13
v -14.45 0.00 -1021.30
v -21.29 0.00 -1019.81
v 3.18 0.00 -940.22
v -3.61 0.00 -938.50
v 11.08 0.00 -913.15
v 4.32 0.00 -911.32
v 17.95 0.00 -885.79
v 11.15 0.00 -884.12
v 31.58 0.00 -829.23
v 24.77 0.00 -827.59
v 9.84 0.00 -795.53
v 10.16 0.00 -788.53
v 103.83 0.00 -799.77
v 104.15 0.00 -792.78
v 259.82 0.00 -926.35
v 252.86 0.00 -925.61
v 264.91 0.00 -878.93
v 257.18 0.00 -885.33
v 227.48 0.00 -875.91
v 226.75 0.00 -882.88
v 213.39 0.00 -874.06
v 212.53 0.00 -881.01
v 204.34 0.00 -873.00
v 203.72 0.00 -879.97
v 201.02 0.00 -872.80
v 202.25 0.00 -879.89
v 196.60 0.00 -874.69
v 202.85 0.00 -879.63
v 195.44 0.00 -881.40
v 202.21 0.00 -883.31
v 195.23 0.00 -881.93
v 200.37 0.00 -887.96
v 192.72 0.00 -882.49
v 194.02 0.00 -889.37
v 156.18 0.00 -888.14
v 157.25 0.00 -895.06
v 105.73 0.00 -1008.75
v 98.78 0.00 -1007.92
v 109.96 0.00 -973.13
v 103.01 0.00 -972.31
v 198.81 0.00 -962.70
v 199.73 0.00 -969.64
v 160.15 0.00 -967.83
v 160.46 0.00 -974.85
v 142.94 0.00 -967.09
v 142.64 0.00 -974.08
v 88.53 0.00 -837.13
v 89.27 0.00 -830.17
v 146.16 0.00 -843.21
v 146.77 0.00 -836.23
v 149.98 0.00 -843.48
v 150.47 0.00 -836.50
v 161.29 0.00 -917.85
v 159.60 0.00 -924.64
v 15.40 0.00 -881.56
v 13.71 0.00 -888.35
v 146.75 0.00 -840.42
v 153.69 0.00 -839.55
v 150.11 0.00 -867.16
v 157.05 0.00 -866.29
v 153.25 0.00 -892.04
v 160.19 0.00 -891.17
v 156.97 0.00 -921.68
v 163.92 0.00 -920.81
v 40.70 0.00 -723.64
v 47.69 0.00 -724.04
v 38.56 0.00 -760.60
v 45.55 0.00 -761.01
v 197.27 0.00 -1020.16
v 190.30 0.00 -1019.45
v 202.76 0.00 -966.53
v 195.79 0.00 -965.82
v 157.07 0.00 -922.18
v 163.82 0.00 -920.32
v 160.11 0.00 -933.19
v 166.58 0.00 -930.31
v 162.82 0.00 -937.43
v 167.68 0.00 -932.04
v 168.82 0.00 -940.45
v 170.57 0.00 -933.49
v 190.37 0.00 -941.04
v 190.56 0.00 -934.05
v 150.55 0.00 -843.47
v 149.90 0.00 -836.50
v 154.17 0.00 -843.13
v 153.64 0.00 -836.15
v 179.34 0.00 -841.68
v 178.94 0.00 -834.69
v 117.88 0.00 -761.85
v 120.52 0.00 -755.36
v 168.79 0.00 -782.56
v 171.43 0.00 -776.07
v 154.06 0.00 -870.19
v 153.10 0.00 -863.26
v 188.90 0.00 -865.36
v 187.94 0.00 -858.42
f 14576 14578 14577 14575
f 14578 14580 14579 14577
f 14580 14582 14581 14579
f 14582 14584 14583 14581
f 14584 14586 14585 14583
f 14586 14588 14587 14585
f 14588 14590 14589 14587
f 14592 14594 14593 14591
f 14594 14596 14595 14593
f 14596 14598 14597 14595
f 14598 14600 14599 14597
f 14602 14604 14603 14601
f 14606 14608 14607 14605
f 14608 14610 14609 14607
f 14610 14612 14611 14609
f 14612 14614 14613 14611
f 14614 14616 14615 14613
f 14616 14618 14617 14615
f 14618 14620 14619 14617
f 14620 14622 14621 14619
f 14622 14624 14623 14621
f 14624 14626 14625 14623
f 14628 14630 14629 14627
f 14632 14634 14633 14631
f 14634 14636 14635 14633
f 14638 14640 14639 14637
f 14640 14642 14641 14639
f 14644 14646 14645 14643
f 14648 14650 14649 14647
f 14650 14652 14651 14649
f 14652 14654 14653 14651
f 14656 14658 14657 14655
f 14660 14662 14661 14659
f 14664 14666 14665 14663
f 14666 14668 14667 14665
f 14668 14670 14669 14667
f 14670 14672 14671 14669
f 14674 14676 14675 14673
f 14676 14678 14677 14675
f 14680 14682 14681 14679
f 14684 14686 14685 14683
o Roads_-1_-5
v 81.06 0.00 -1416.21
v 74.21 0.00 -1414.75
v 88.04 0.00 -1383.40
v 81.19 0.00 -1381.95
v 93.71 0.00 -1356.68
v 86.86 0.00 -1355.23
v 99.91 0.00 -1327.48
v 93.06 0.00 -1326.03
v 106.24 0.00 -1297.68
v 99.40 0.00 -1296.23
v 112.73 0.00 -1267.15
v 105.88 0.00 -1265.70
v 119.04 0.00 -1237.46
v 112.20 0.00 -1236.01
v 125.07 0.00 -1209.09
v 118.22 0.00 -1207.64
v 131.14 0.00 -1180.52
v 124.29 0.00 -1179.06
v 137.39 0.00 -1151.08
v 130.55 0.00 -1149.63
v 143.13 0.00 -1124.09
v 136.28 0.00 -1122.64
v 149.32 0.00 -1094.98
v 142.47 0.00 -1093.52
v 156.82 0.00 -1059.65
v 149.98 0.00 -1058.20
v 231.39 0.00 -1196.58
v 230.04 0.00 -1203.45
v 128.39 0.00 -1176.36
v 127.05 0.00 -1183.23
v 11.56 0.00 -1153.81
v 10.23 0.00 -1160.68
v -112.86 0.00 -1194.81
v -111.49 0.00 -1187.95
v -1.22 0.00 -1217.05
v 0.14 0.00 -1210.18
v 114.94 0.00 -1240.17
v 116.30 0.00 -1233.30
v 205.64 0.00 -1258.24
v 207.00 0.00 -1251.37
v -33.25 0.00 -1392.60
v -40.11 0.00 -1391.21
v -26.73 0.00 -1360.48
v -33.59 0.00 -1359.09
v -20.89 0.00 -1331.61
v -27.75 0.00 -1330.22
v -16.44 0.00 -1309.65
v -23.30 0.00 -1308.26
v -15.09 0.00 -1303.05
v -21.95 0.00 -1301.65
v -9.13 0.00 -1273.61
v -15.99 0.00 -1272.22
v -2.88 0.00 -1242.78
v -9.74 0.00 -1241.39
v 2.89 0.00 -1214.31
v -3.97 0.00 -1212.92
v 8.81 0.00 -1185.15
v 1.95 0.00 -1183.76
v 14.33 0.00 -1157.94
v 7.47 0.00 -1156.55
v 18.47 0.00 -1137.46
v 11.61 0.00 -1136.07
v 20.48 0.00 -1127.57
v 13.62 0.00 -1126.18
v 26.09 0.00 -1099.88
v 19.23 0.00 -1098.49
v 27.95 0.00 -1090.72
v 21.09 0.00 -1089.33
v 31.75 0.00 -1071.98
v 24.89 0.00 -1070.59
v 39.58 0.00 -1033.35
v 32.72 0.00 -1031.96
v 261.15 0.00 -1143.97
v 259.78 0.00 -1150.84
v 140.40 0.00 -1119.94
v 139.01 0.00 -1126.80
v 23.37 0.00 -1095.76
v 21.95 0.00 -1102.61
v 288.93 0.00 -1033.07
v 287.48 0.00 -1039.92
v 236.60 0.00 -1021.97
v 235.19 0.00 -1028.83
v 227.29 0.00 -1020.13
v 226.17 0.00 -1027.04
v 214.76 0.00 -1018.56
v 213.95 0.00 -1025.51
v 194.19 0.00 -1016.33
v 193.38 0.00 -1023.28
v 102.69 0.00 -1004.86
v 101.82 0.00 -1011.81
v 18.77 0.00 -994.34
v 17.89 0.00 -1001.28
v 27.65 0.00 -1074.72
v 28.99 0.00 -1067.85
v 145.21 0.00 -1097.68
v 146.57 0.00 -1090.82
v 274.36 0.00 -1123.55
v 275.73 0.00 -1116.68
v 4.67 0.00 -1187.89
v 6.08 0.00 -1181.03
v 120.94 0.00 -1211.79
v 122.35 0.00 -1204.94
v 213.48 0.00 -1230.83
v 214.89 0.00 -1223.98
v -94.59 0.00 -1117.74
v -93.17 0.00 -1110.88
v 14.33 0.00 -1140.19
v 15.75 0.00 -1133.34
v 246.75 0.00 -1169.45
v 245.38 0.00 -1176.31
v 134.66 0.00 -1146.93
v 133.28 0.00 -1153.79
v 17.74 0.00 -1123.44
v 16.36 0.00 -1130.30
f 14688 14690 14689 14687
f 14690 14692 14691 14689
f 14692 14694 14693 14691
f 14694 14696 14695 14693
f 14696 14698 14697 14695
f 14698 14700 14699 14697
f 14700 14702 14701 14699
f 14702 14704 14703 14701
f 14704 14706 14705 14703
f 14706 14708 14707 14705
f 14708 14710 14709 14707
f 14710 14712 14711 14709
f 14714 14716 14715 14713
f 14716 14718 14717 14715
f 14720 14722 14721 14719
f 14722 14724 14723 14721
f 14724 14726 14725 14723
f 14728 14730 14729 14727
f 14730 14732 14731 14729
f 14732 14734 14733 14731
f 14734 14736 14735 14733
f 14736 14738 14737 14735
f 14738 14740 14739 14737
f 14740 14742 14741 14739
f 14742 14744 14743 14741
f 14744 14746 14745 14743
f 14746 14748 14747 14745
f 14748 14750 14749 14747
f 14750 14752 14751 14749
f 14752 14754 14753 14751
f 14754 14756 14755 14753
f 14756 14758 14757 14755
f 14760 14762 14761 14759
f 14762 14764 14763 14761
f 14766 14768 14767 14765
f 14768 14770 14769 14767
f 14770 14772 14771 14769
f 14772 14774 14773 14771
f 14774 14776 14775 14773
f 14776 14778 14777 14775
f 14780 14782 14781 14779
f 14782 14784 14783 14781
f 14786 14788 14787 14785
f 14788 14790 14789 14787
f 14792 14794 14793 14791
f 14796 14798 14797 14795
f 14798 14800 14799 14797
o Roads_-1_-6
v 303.48 0.00 -933.77
v 310.44 0.00 -934.51
v 301.59 0.00 -951.63
v 308.54 0.00 -952.52
v 298.88 0.00 -969.40
v 305.77 0.00 -970.66
v 284.76 0.00 -1035.86
v 291.65 0.00 -1037.14
v 283.63 0.00 -1042.98
v 290.56 0.00 -1043.95
v 278.77 0.00 -1082.83
v 285.69 0.00 -1083.91
v 277.19 0.00 -1091.02
v 284.06 0.00 -1092.35
v 271.71 0.00 -1118.93
v 278.38 0.00 -1121.30
v 257.40 0.00 -1145.72
v 263.53 0.00 -1149.09
v 243.02 0.00 -1171.16
v 249.11 0.00 -1174.61
v 241.45 0.00 -1173.92
v 247.54 0.00 -1177.37
v 227.70 0.00 -1198.25
v 233.74 0.00 -1201.78
v 211.02 0.00 -1225.86
v 217.34 0.00 -1228.95
v 206.44 0.00 -1237.86
v 213.10 0.00 -1240.06
v 204.23 0.00 -1245.80
v 211.08 0.00 -1247.31
v 202.88 0.00 -1254.14
v 209.76 0.00 -1255.46
v 195.79 0.00 -1286.00
v 202.53 0.00 -1287.94
v 192.38 0.00 -1295.67
v 198.90 0.00 -1298.24
v 188.78 0.00 -1303.94
v 195.12 0.00 -1306.91
v 184.31 0.00 -1312.87
v 190.43 0.00 -1316.29
v 167.10 0.00 -1340.54
v 173.07 0.00 -1344.20
v 157.44 0.00 -1356.55
v 163.43 0.00 -1360.18
v 155.83 0.00 -1359.20
v 162.11 0.00 -1362.36
v 154.38 0.00 -1362.79
v 160.97 0.00 -1365.16
v 153.38 0.00 -1365.97
v 160.05 0.00 -1368.09
v 152.33 0.00 -1369.22
v 159.03 0.00 -1371.27
v 144.80 0.00 -1395.11
v 151.55 0.00 -1396.99
v 140.21 0.00 -1412.35
v 147.12 0.00 -1413.59
v 139.70 0.00 -1417.83
v 146.65 0.00 -1418.59
v 136.74 0.00 -1441.20
v 143.68 0.00 -1442.08
v -143.88 0.00 -1338.36
v -142.85 0.00 -1333.46
v -30.68 0.00 -1362.23
v -29.65 0.00 -1357.34
v 7.68 0.00 -1370.32
v 8.67 0.00 -1365.42
v 84.12 0.00 -1385.12
v 85.11 0.00 -1380.22
v 147.66 0.00 -1398.50
v 148.69 0.00 -1393.61
v -137.73 0.00 -1309.72
v -136.24 0.00 -1302.88
v -25.06 0.00 -1334.33
v -23.57 0.00 -1327.49
v 89.54 0.00 -1359.38
v 91.03 0.00 -1352.54
v 154.93 0.00 -1373.66
v 156.43 0.00 -1366.82
v -131.73 0.00 -1281.91
v -130.28 0.00 -1275.07
v -19.25 0.00 -1305.78
v -17.80 0.00 -1298.93
v 95.76 0.00 -1330.18
v 97.21 0.00 -1323.33
v 169.36 0.00 -1345.79
v 170.82 0.00 -1338.94
v -125.48 0.00 -1252.95
v -124.05 0.00 -1246.09
v -13.27 0.00 -1276.34
v -11.84 0.00 -1269.49
v 102.11 0.00 -1300.38
v 103.53 0.00 -1293.53
v 186.66 0.00 -1318.01
v 188.08 0.00 -1311.15
v -90.00 0.00 -1442.17
v -88.43 0.00 -1435.34
v -13.23 0.00 -1459.84
v -11.66 0.00 -1453.01
v 21.14 0.00 -1467.75
v 22.66 0.00 -1460.91
v 58.35 0.00 -1475.72
v 59.82 0.00 -1468.87
v 12.86 0.00 -1511.62
v 6.10 0.00 -1509.81
v 25.28 0.00 -1465.24
v 18.52 0.00 -1463.43
v 55.58 0.00 -1488.32
v 56.86 0.00 -1481.43
v 127.89 0.00 -1501.72
v 129.17 0.00 -1494.84
v 182.27 0.00 -1511.80
v 183.55 0.00 -1504.92
v -118.95 0.00 -1222.73
v -117.56 0.00 -1215.87
v -7.02 0.00 -1245.52
v -5.60 0.00 -1238.66
v 108.56 0.00 -1269.84
v 110.06 0.00 -1263.01
v 198.38 0.00 -1290.38
v 199.94 0.00 -1283.56
v 145.60 0.00 -1420.73
v 140.75 0.00 -1415.69
v 154.92 0.00 -1411.76
v 151.76 0.00 -1405.09
v 168.10 0.00 -1410.18
v 167.73 0.00 -1403.18
v 205.24 0.00 -1410.69
v 205.08 0.00 -1403.69
v 221.43 0.00 -1409.71
v 220.78 0.00 -1402.74
v 237.63 0.00 -1407.67
v 236.30 0.00 -1400.78
v 278.59 0.00 -1396.98
v 276.82 0.00 -1390.21
v 65.15 0.00 -1448.25
v 66.62 0.00 -1441.40
v 111.12 0.00 -1458.15
v 109.89 0.00 -1450.72
v 126.77 0.00 -1448.78
v 123.18 0.00 -1442.77
f 14802 14804 14803 14801
f 14804 14806 14805 14803
f 14806 14808 14807 14805
f 14808 14810 14809 14807
f 14810 14812 14811 14809
f 14812 14814 14813 14811
f 14814 14816 14815 14813
f 14816 14818 14817 14815
f 14818 14820 14819 14817
f 14820 14822 14821 14819
f 14822 14824 14823 14821
f 14824 14826 14825 14823
f 14826 14828 14827 14825
f 14828 14830 14829 14827
f 14830 14832 14831 14829
f 14832 14834 14833 14831
f 14834 14836 14835 14833
f 14836 14838 14837 14835
f 14838 14840 14839 14837
f 14840 14842 14841 14839
f 14842 14844 14843 14841
f 14844 14846 14845 14843
f 14846 14848 14847 14845
f 14848 14850 14849 14847
f 14850 14852 14851 14849
f 14852 14854 14853 14851
f 14854 14856 14855 14853
f 14856 14858 14857 14855
f 14858 14860 14859 14857
f 14862 14864 14863 14861
f 14864 14866 14865 14863
f 14866 14868 14867 14865
f 14868 14870 14869 14867
f 14872 14874 14873 14871
f 14874 14876 14875 14873
f 14876 14878 14877 14875
f 14880 14882 14881 14879
f 14882 14884 14883 14881
f 14884 14886 14885 14883
f 14888 14890 14889 14887
f 14890 14892 14891 14889
f 14892 14894 14893 14891
f 14896 14898 14897 14895
f 14898 14900 14899 14897
f 14900 14902 14901 14899
f 14904 14906 14905 14903
f 14908 14910 14909 14907
f 14910 14912 14911 14909
f 14914 14916 14915 14913
f 14916 14918 14917 14915
f 14918 14920 14919 14917
f 14922 14924 14923 14921
f 14924 14926 14925 14923
f 14926 14928 14927 14925
f 14928 14930 14929 14927
f 14930 14932 14931 14929
f 14932 14934 14933 14931
f 14936 14938 14937 14935
f 14938 14940 14939 14937
o Roads_-1_-7
v -19.44 0.00 -1966.49
v -26.37 0.00 -1965.52
v -16.26 0.00 -1943.80
v -23.19 0.00 -1942.83
v -12.28 0.00 -1915.29
v -19.21 0.00 -1914.33
v -8.18 0.00 -1886.00
v -15.12 0.00 -1885.03
v -6.48 0.00 -1873.85
v -13.42 0.00 -1872.88
v -3.90 0.00 -1855.33
v -10.83 0.00 -1854.32
v 0.21 0.00 -1828.08
v -6.73 0.00 -1827.14
v 1.93 0.00 -1813.66
v -5.01 0.00 -1812.72
v 6.24 0.00 -1785.42
v -0.70 0.00 -1784.46
v 7.66 0.00 -1773.86
v 0.73 0.00 -1772.93
v 9.37 0.00 -1762.19
v 2.44 0.00 -1761.18
v 11.02 0.00 -1750.92
v 4.09 0.00 -1749.92
v 12.34 0.00 -1741.68
v 5.42 0.00 -1740.69
v 14.70 0.00 -1725.26
v 7.80 0.00 -1724.08
v 18.14 0.00 -1708.06
v 11.31 0.00 -1706.49
v 20.98 0.00 -1697.12
v 14.15 0.00 -1695.56
v 26.08 0.00 -1671.11
v 19.21 0.00 -1669.77
v 29.53 0.00 -1653.19
v 22.62 0.00 -1652.05
v 30.82 0.00 -1643.85
v 23.90 0.00 -1642.82
v 35.34 0.00 -1615.53
v 28.43 0.00 -1614.40
v 36.13 0.00 -1610.76
v 29.23 0.00 -1609.61
v 42.76 0.00 -1571.02
v 35.87 0.00 -1569.81
v 50.98 0.00 -1526.47
v 44.11 0.00 -1525.13
v 52.26 0.00 -1520.29
v 45.40 0.00 -1518.91
v 55.77 0.00 -1502.24
v 48.93 0.00 -1500.77
v 56.26 0.00 -1500.18
v 49.44 0.00 -1498.59
v 57.92 0.00 -1493.00
v 51.10 0.00 -1491.42
v 59.63 0.00 -1485.66
v 52.81 0.00 -1484.09
v 62.49 0.00 -1473.10
v 55.68 0.00 -1471.49
v 63.13 0.00 -1470.46
v 56.34 0.00 -1468.79
v 69.28 0.00 -1445.67
v 62.49 0.00 -1443.98
v 74.69 0.00 -1423.87
v 67.90 0.00 -1422.19
v 46.88 0.00 -1529.24
v 48.21 0.00 -1522.36
v 56.34 0.00 -1531.07
v 57.67 0.00 -1524.20
v 120.44 0.00 -1543.58
v 121.77 0.00 -1536.71
v 141.30 0.00 -1547.60
v 142.63 0.00 -1540.73
v 209.41 0.00 -1560.88
v 210.75 0.00 -1554.01
v 38.66 0.00 -1573.85
v 39.97 0.00 -1566.98
v 112.60 0.00 -1588.00
v 113.85 0.00 -1581.11
v 140.17 0.00 -1592.69
v 141.39 0.00 -1585.80
v 235.09 0.00 -1610.30
v 236.37 0.00 -1603.42
v 17.01 0.00 -1699.79
v 18.12 0.00 -1692.88
v 113.82 0.00 -1715.40
v 114.93 0.00 -1708.48
v 147.70 0.00 -1720.86
v 148.81 0.00 -1713.95
v 224.12 0.00 -1733.18
v 225.24 0.00 -1726.26
v 298.81 0.00 -1745.21
v 299.92 0.00 -1738.30
v 25.47 0.00 -1656.06
v 26.69 0.00 -1649.17
v 86.26 0.00 -1666.78
v 87.48 0.00 -1659.88
v 122.84 0.00 -1673.25
v 124.06 0.00 -1666.35
v 279.14 0.00 -1700.77
v 280.36 0.00 -1693.87
v 257.25 0.00 -1645.81
v 256.04 0.00 -1652.70
v 133.12 0.00 -1624.16
v 131.92 0.00 -1631.05
v 113.40 0.00 -1620.72
v 112.20 0.00 -1627.61
v 33.28 0.00 -1606.74
v 32.08 0.00 -1613.64
v -217.47 0.00 -1368.09
v -214.81 0.00 -1356.39
v -129.45 0.00 -1388.08
v -126.91 0.00 -1376.34
v 48.04 0.00 -1424.37
v 50.58 0.00 -1412.65
v 64.17 0.00 -1428.07
v 67.13 0.00 -1416.43
v 80.01 0.00 -1432.53
v 83.53 0.00 -1421.05
v 90.36 0.00 -1435.96
v 94.42 0.00 -1424.66
v 100.71 0.00 -1439.95
v 105.35 0.00 -1428.89
v 105.76 0.00 -1442.25
v 111.00 0.00 -1431.45
v 110.82 0.00 -1444.86
v 116.60 0.00 -1434.34
v 115.84 0.00 -1447.78
v 122.14 0.00 -1437.56
v 120.76 0.00 -1450.99
v 127.56 0.00 -1441.09
v 125.54 0.00 -1454.45
v 132.78 0.00 -1444.87
v 130.14 0.00 -1458.07
v 137.80 0.00 -1448.83
v 138.97 0.00 -1465.78
v 147.05 0.00 -1456.92
v 143.08 0.00 -1469.70
v 151.50 0.00 -1461.14
v 151.24 0.00 -1477.99
v 159.98 0.00 -1469.75
v 159.15 0.00 -1486.76
v 168.29 0.00 -1478.98
v 166.70 0.00 -1496.13
v 176.26 0.00 -1488.87
v 173.66 0.00 -1505.86
v 183.60 0.00 -1499.12
v 179.91 0.00 -1515.57
v 190.13 0.00 -1509.29
v 188.34 0.00 -1529.93
v 198.80 0.00 -1524.03
v 201.82 0.00 -1554.83
v 212.44 0.00 -1549.23
v 237.28 0.00 -1623.65
v 248.00 0.00 -1618.25
v 251.24 0.00 -1651.98
v 262.02 0.00 -1646.72
v 269.79 0.00 -1690.30
v 280.55 0.00 -1684.98
v 281.65 0.00 -1713.75
v 292.43 0.00 -1708.49
v 286.08 0.00 -1723.15
v 297.06 0.00 -1718.31
v 290.08 0.00 -1732.92
v 301.28 0.00 -1728.60
v 293.73 0.00 -1743.00
v 305.05 0.00 -1739.00
v 302.31 0.00 -1767.73
v 313.71 0.00 -1763.99
v 306.85 0.00 -1782.45
v 318.43 0.00 -1779.25
v 309.28 0.00 -1792.38
v 321.00 0.00 -1789.80
v 310.26 0.00 -1797.36
v 322.08 0.00 -1795.30
v 311.87 0.00 -1807.98
v 323.77 0.00 -1806.48
v 313.01 0.00 -1819.33
v 324.97 0.00 -1818.41
v 313.66 0.00 -1831.33
v 325.66 0.00 -1830.89
v 313.77 0.00 -1837.32
v 325.77 0.00 -1837.38
v 313.45 0.00 -1849.50
v 325.43 0.00 -1850.08
v 313.02 0.00 -1855.41
v 324.98 0.00 -1856.53
v 311.64 0.00 -1867.32
v 323.52 0.00 -1869.04
v 309.60 0.00 -1878.95
v 321.38 0.00 -1881.27
v 307.12 0.00 -1890.27
v 318.82 0.00 -1892.93
v 298.50 0.00 -1926.79
v 310.20 0.00 -1929.41
v 295.20 0.00 -1942.26
v 306.96 0.00 -1944.66
v 291.53 0.00 -1961.07
v 303.31 0.00 -1963.37
v 293.88 0.00 -2057.79
v 282.18 0.00 -2055.15
v 298.25 0.00 -2038.49
v 286.53 0.00 -2035.93
v 305.55 0.00 -2003.83
v 293.79 0.00 -2001.41
v 321.07 0.00 -1926.56
v 309.35 0.00 -1923.98
v 324.70 0.00 -1911.28
v 313.06 0.00 -1908.40
v 332.61 0.00 -1880.62
v 320.91 0.00 -1877.90
v 334.77 0.00 -1870.25
v 322.97 0.00 -1868.03
v 335.65 0.00 -1865.02
v 323.79 0.00 -1863.18
v 336.39 0.00 -1859.80
v 324.47 0.00 -1858.36
v 337.44 0.00 -1849.36
v 325.46 0.00 -1848.50
v 337.90 0.00 -1838.56
v 325.90 0.00 -1838.34
v 337.87 0.00 -1832.84
v 325.87 0.00 -1833.20
v 337.22 0.00 -1821.31
v 325.26 0.00 -1822.29
v 336.57 0.00 -1815.28
v 324.67 0.00 -1816.84
v 334.74 0.00 -1803.36
v 322.92 0.00 -1805.40
v 333.56 0.00 -1797.21
v 321.82 0.00 -1799.69
v 330.75 0.00 -1784.94
v 319.11 0.00 -1787.90
v 327.30 0.00 -1772.60
v 315.80 0.00 -1776.06
v 325.30 0.00 -1766.44
v 313.94 0.00 -1770.28
v 323.16 0.00 -1760.36
v 311.92 0.00 -1764.58
v 318.54 0.00 -1748.72
v 307.48 0.00 -1753.38
v 308.80 0.00 -1726.91
v 297.90 0.00 -1731.91
v 296.20 0.00 -1700.11
v 285.38 0.00 -1705.29
v 273.92 0.00 -1654.27
v 263.10 0.00 -1659.47
v 230.76 0.00 -1563.60
v 219.94 0.00 -1568.80
v 223.27 0.00 -1548.21
v 212.55 0.00 -1553.61
v 212.87 0.00 -1528.17
v 202.29 0.00 -1533.85
v 204.72 0.00 -1513.51
v 194.36 0.00 -1519.57
v 195.88 0.00 -1499.14
v 185.82 0.00 -1505.70
v 189.34 0.00 -1489.70
v 179.64 0.00 -1496.76
v 178.91 0.00 -1476.05
v 169.51 0.00 -1483.51
v 171.57 0.00 -1467.15
v 162.43 0.00 -1474.93
v 163.96 0.00 -1458.48
v 155.08 0.00 -1466.54
v 156.06 0.00 -1450.06
v 147.44 0.00 -1458.42
v 151.85 0.00 -1445.87
v 143.61 0.00 -1454.59
v 143.18 0.00 -1438.09
v 135.46 0.00 -1447.29
v 138.50 0.00 -1434.42
v 131.32 0.00 -1444.04
v 133.72 0.00 -1431.03
v 127.04 0.00 -1441.01
v 128.83 0.00 -1427.94
v 122.67 0.00 -1438.24
v 123.86 0.00 -1425.15
v 118.24 0.00 -1435.75
v 118.88 0.00 -1422.65
v 113.76 0.00 -1433.51
v 113.82 0.00 -1420.41
v 109.30 0.00 -1431.53
v 103.87 0.00 -1416.71
v 100.09 0.00 -1428.11
v 88.97 0.00 -1412.35
v 85.85 0.00 -1423.93
v 78.94 0.00 -1409.88
v 76.20 0.00 -1421.56
v 63.98 0.00 -1406.56
v 61.46 0.00 -1418.30
v -30.61 0.00 -1387.05
v -33.01 0.00 -1398.81
v -133.39 0.00 -1366.18
v -135.93 0.00 -1377.92
v -164.82 0.00 -1358.99
v -167.58 0.00 -1370.67
v -211.85 0.00 -1347.54
v -214.69 0.00 -1359.20
v 243.24 0.00 -1530.82
v 238.26 0.00 -1531.33
v 240.68 0.00 -1506.10
v 235.71 0.00 -1506.71
v 233.66 0.00 -1456.48
v 228.71 0.00 -1457.18
v 125.09 0.00 -1497.67
v 131.98 0.00 -1498.89
v 117.66 0.00 -1539.53
v 124.55 0.00 -1540.75
v 109.78 0.00 -1583.95
v 116.67 0.00 -1585.17
v 137.36 0.00 -1588.51
v 144.20 0.00 -1589.98
v 129.10 0.00 -1626.87
v 135.95 0.00 -1628.34
v 120.03 0.00 -1669.06
v 126.87 0.00 -1670.54
v 110.96 0.00 -1711.20
v 117.80 0.00 -1712.68
f 14942 14944 14943 14941
f 14944 14946 14945 14943
f 14946 14948 14947 14945
f 14948 14950 14949 14947
f 14950 14952 14951 14949
f 14952 14954 14953 14951
f 14954 14956 14955 14953
f 14956 14958 14957 14955
f 14958 14960 14959 14957
f 14960 14962 14961 14959
f 14962 14964 14963 14961
f 14964 14966 14965 14963
f 14966 14968 14967 14965
f 14968 14970 14969 14967
f 14970 14972 14971 14969
f 14972 14974 14973 14971
f 14974 14976 14975 14973
f 14976 14978 14977 14975
f 14978 14980 14979 14977
f 14980 14982 14981 14979
f 14982 14984 14983 14981
f 14984 14986 14985 14983
f 14986 14988 14987 14985
f 14988 14990 14989 14987
f 14990 14992 14991 14989
f 14992 14994 14993 14991
f 14994 14996 14995 14993
f 14996 14998 14997 14995
f 14998 15000 14999 14997
f 15000 15002 15001 14999
f 15002 15004 15003 15001
f 15006 15008 15007 15005
f 15008 15010 15009 15007
f 15010 15012 15011 15009
f 15012 15014 15013 15011
f 15016 15018 15017 15015
f 15018 15020 15019 15017
f 15020 15022 15021 15019
f 15024 15026 15025 15023
f 15026 15028 15027 15025
f 15028 15030 15029 15027
f 15030 15032 15031 15029
f 15034 15036 15035 15033
f 15036 15038 15037 15035
f 15038 15040 15039 15037
f 15042 15044 15043 15041
f 15044 15046 15045 15043
f 15046 15048 15047 15045
f 15050 15052 15051 15049
f 15052 15054 15053 15051
f 15054 15056 15055 15053
f 15056 15058 15057 15055
f 15058 15060 15059 15057
f 15060 15062 15061 15059
f 15062 15064 15063 15061
f 15064 15066 15065 15063
f 15066 15068 15067 15065
f 15068 15070 15069 15067
f 15070 15072 15071 15069
f 15072 15074 15073 15071
f 15074 15076 15075 15073
f 15076 15078 15077 15075
f 15078 15080 15079 15077
f 15080 15082 15081 15079
f 15082 15084 15083 15081
f 15084 15086 15085 15083
f 15086 15088 15087 15085
f 15088 15090 15089 15087
f 15090 15092 15091 15089
f 15092 15094 15093 15091
f 15094 15096 15095 15093
f 15096 15098 15097 15095
f 15098 15100 15099 15097
f 15100 15102 15101 15099
f 15102 15104 15103 15101
f 15104 15106 15105 15103
f 15106 15108 15107 15105
f 15108 15110 15109 15107
f 15110 15112 15111 15109
f 15112 15114 15113 15111
f 15114 15116 15115 15113
f 15116 15118 15117 15115
f 15118 15120 15119 15117
f 15120 15122 15121 15119
f 15122 15124 15123 15121
f 15124 15126 15125 15123
f 15126 15128 15127 15125
f 15128 15130 15129 15127
f 15130 15132 15131 15129
f 15132 15134 15133 15131
f 15134 15136 15135 15133
f 15136 15138 15137 15135
f 15140 15142 15141 15139
f 15142 15144 15143 15141
f 15144 15146 15145 15143
f 15146 15148 15147 15145
f 15148 15150 15149 15147
f 15150 15152 15151 15149
f 15152 15154 15153 15151
f 15154 15156 15155 15153
f 15156 15158 15157 15155
f 15158 15160 15159 15157
f 15160 15162 15161 15159
f 15162 15164 15163 15161
f 15164 15166 15165 15163
f 15166 15168 15167 15165
f 15168 15170 15169 15167
f 15170 15172 15171 15169
f 15172 15174 15173 15171
f 15174 15176 15175 15173
f 15176 15178 15177 15175
f 15178 15180 15179 15177
f 15180 15182 15181 15179
f 15182 15184 15183 15181
f 15184 15186 15185 15183
f 15186 15188 15187 15185
f 15188 15190 15189 15187
f 15190 15192 15191 15189
f 15192 15194 15193 15191
f 15194 15196 15195 15193
f 15196 15198 15197 15195
f 15198 15200 15199 15197
f 15200 15202 15201 15199
f 15202 15204 15203 15201
f 15204 15206 15205 15203
f 15206 15208 15207 15205
f 15208 15210 15209 15207
f 15210 15212 15211 15209
f 15212 15214 15213 15211
f 15214 15216 15215 15213
f 15216 15218 15217 15215
f 15218 15220 15219 15217
f 15220 15222 15221 15219
f 15222 15224 15223 15221
f 15224 15226 15225 15223
f 15226 15228 15227 15225
f 15228 15230 15229 15227
f 15230 15232 15231 15229
f 15232 15234 15233 15231
f 15234 15236 15235 15233
f 15236 15238 15237 15235
f 15240 15242 15241 15239
f 15242 15244 15243 15241
f 15246 15248 15247 15245
f 15248 15250 15249 15247
f 15252 15254 15253 15251
f 15254 15256 15255 15253
f 15256 15258 15257 15255
o Roads_-1_-8
v 298.75 0.00 -1955.76
v 296.09 0.00 -1968.68
v 201.82 0.00 -1935.80
v 199.22 0.00 -1948.74
v 185.86 0.00 -1932.69
v 183.56 0.00 -1945.69
v 174.31 0.00 -1930.83
v 172.45 0.00 -1943.91
v 168.18 0.00 -1930.08
v 166.88 0.00 -1943.22
v 156.06 0.00 -1929.18
v 155.48 0.00 -1942.38
v 149.94 0.00 -1929.10
v 150.02 0.00 -1942.30
v 143.92 0.00 -1929.26
v 144.62 0.00 -1942.44
v 132.42 0.00 -1930.18
v 133.82 0.00 -1943.30
v 121.07 0.00 -1931.71
v 123.07 0.00 -1944.75
v 109.67 0.00 -1933.68
v 112.19 0.00 -1946.64
v 92.83 0.00 -1937.31
v 95.79 0.00 -1950.17
v 50.63 0.00 -1947.58
v 53.55 0.00 -1960.46
v 35.53 0.00 -1950.78
v 38.05 0.00 -1963.74
v 25.68 0.00 -1952.54
v 27.82 0.00 -1965.56
v 10.90 0.00 -1954.75
v 12.74 0.00 -1967.83
v -13.85 0.00 -1958.03
v -12.29 0.00 -1971.13
v -23.73 0.00 -1959.06
v -22.59 0.00 -1972.22
v -33.66 0.00 -1959.75
v -33.10 0.00 -1972.95
v -49.07 0.00 -1960.01
v -49.13 0.00 -1973.21
v -88.84 0.00 -1959.01
v -89.06 0.00 -1972.21
v -105.86 0.00 -1958.88
v -105.82 0.00 -1972.08
v -126.80 0.00 -1959.17
v -126.50 0.00 -1972.37
v -159.95 0.00 -1960.22
v -159.73 0.00 -1973.42
v -171.10 0.00 -1960.25
v -171.20 0.00 -1973.45
v -198.99 0.00 -1959.78
v -199.33 0.00 -1972.98
v -215.86 0.00 -1959.19
v -216.54 0.00 -1972.37
v -226.54 0.00 -1958.46
v -227.60 0.00 -1971.62
v -273.37 0.00 -1954.05
v -274.61 0.00 -1967.19
v 138.33 0.00 -1985.25
v 139.51 0.00 -1978.35
v 195.27 0.00 -1995.03
v 196.47 0.00 -1988.13
v 288.22 0.00 -2011.45
v 289.43 0.00 -2004.56
v 213.00 0.00 -1831.67
v 206.02 0.00 -1832.22
v 212.42 0.00 -1824.27
v 205.37 0.00 -1823.96
v 217.83 0.00 -1792.03
v 210.92 0.00 -1790.87
v 220.12 0.00 -1778.41
v 213.21 0.00 -1777.25
v 224.24 0.00 -1753.83
v 217.34 0.00 -1752.68
v 228.13 0.00 -1730.29
v 221.23 0.00 -1729.15
v 108.94 0.00 -1941.08
v 102.04 0.00 -1939.89
v 117.52 0.00 -1891.50
v 110.62 0.00 -1890.33
v 119.34 0.00 -1880.54
v 112.51 0.00 -1878.95
v 120.55 0.00 -1876.54
v 113.76 0.00 -1874.81
v 125.82 0.00 -1851.20
v 118.98 0.00 -1849.69
v 128.78 0.00 -1838.53
v 121.96 0.00 -1836.95
v 135.74 0.00 -1808.10
v 128.88 0.00 -1806.69
v 139.51 0.00 -1787.38
v 132.62 0.00 -1786.13
v 143.53 0.00 -1765.31
v 136.63 0.00 -1764.08
v 151.71 0.00 -1718.00
v 144.81 0.00 -1716.81
v 310.57 0.00 -1767.00
v 309.24 0.00 -1773.87
v 221.45 0.00 -1749.81
v 220.13 0.00 -1756.69
v 319.30 0.00 -1807.97
v 317.98 0.00 -1814.85
v 215.03 0.00 -1788.02
v 213.72 0.00 -1794.89
v 214.02 0.00 -1832.99
v 209.60 0.00 -1838.42
v 213.07 0.00 -1832.22
v 206.49 0.00 -1835.89
v 212.98 0.00 -1831.49
v 206.04 0.00 -1832.40
v 205.21 0.00 -1943.21
v 198.39 0.00 -1941.67
v 210.24 0.00 -1920.97
v 203.30 0.00 -1919.90
v 212.36 0.00 -1895.67
v 205.37 0.00 -1895.31
v 212.65 0.00 -1880.76
v 205.65 0.00 -1880.57
v 213.64 0.00 -1851.34
v 206.66 0.00 -1850.85
v 215.29 0.00 -1836.08
v 208.33 0.00 -1835.33
v 302.68 0.00 -1934.22
v 301.44 0.00 -1941.11
v 207.39 0.00 -1916.99
v 206.15 0.00 -1923.88
v 210.69 0.00 -1847.64
v 209.60 0.00 -1854.55
v 125.92 0.00 -1834.28
v 124.83 0.00 -1841.20
v 209.47 0.00 -1892.05
v 208.26 0.00 -1898.94
v 156.94 0.00 -1882.85
v 155.78 0.00 -1889.76
v 116.49 0.00 -1876.29
v 115.36 0.00 -1883.20
v 209.64 0.00 -1820.70
v 208.15 0.00 -1827.54
v 133.06 0.00 -1803.98
v 131.56 0.00 -1810.82
v 132.91 0.00 -1803.95
v 131.71 0.00 -1810.85
v 3.37 0.00 -1781.49
v 2.17 0.00 -1788.39
v 217.26 0.00 -1774.38
v 216.07 0.00 -1781.28
v 140.68 0.00 -1761.25
v 139.47 0.00 -1768.14
v 9.50 0.00 -1737.74
v 8.26 0.00 -1744.63
v 202.51 0.00 -1942.73
v 207.42 0.00 -1943.66
v 193.42 0.00 -1991.12
v 198.33 0.00 -1992.04
v 5.24 0.00 -1765.12
v 6.57 0.00 -1758.25
v 135.41 0.00 -1790.19
v 136.73 0.00 -1783.32
v 152.91 0.00 -1885.75
v 159.82 0.00 -1886.85
v 145.19 0.00 -1934.25
v 152.10 0.00 -1935.35
f 15260 15262 15261 15259
f 15262 15264 15263 15261
f 15264 15266 15265 15263
f 15266 15268 15267 15265
f 15268 15270 15269 15267
f 15270 15272 15271 15269
f 15272 15274 15273 15271
f 15274 15276 15275 15273
f 15276 15278 15277 15275
f 15278 15280 15279 15277
f 15280 15282 15281 15279
f 15282 15284 15283 15281
f 15284 15286 15285 15283
f 15286 15288 15287 15285
f 15288 15290 15289 15287
f 15290 15292 15291 15289
f 15292 15294 15293 15291
f 15294 15296 15295 15293
f 15296 15298 15297 15295
f 15298 15300 15299 15297
f 15300 15302 15301 15299
f 15302 15304 15303 15301
f 15304 15306 15305 15303
f 15306 15308 15307 15305
f 15308 15310 15309 15307
f 15310 15312 15311 15309
f 15312 15314 15313 15311
f 15314 15316 15315 15313
f 15318 15320 15319 15317
f 15320 15322 15321 15319
f 15324 15326 15325 15323
f 15326 15328 15327 15325
f 15328 15330 15329 15327
f 15330 15332 15331 15329
f 15332 15334 15333 15331
f 15336 15338 15337 15335
f 15338 15340 15339 15337
f 15340 15342 15341 15339
f 15342 15344 15343 15341
f 15344 15346 15345 15343
f 15346 15348 15347 15345
f 15348 15350 15349 15347
f 15350 15352 15351 15349
f 15352 15354 15353 15351
f 15356 15358 15357 15355
f 15360 15362 15361 15359
f 15364 15366 15365 15363
f 15366 15368 15367 15365
f 15370 15372 15371 15369
f 15372 15374 15373 15371
f 15374 15376 15375 15373
f 15376 15378 15377 15375
f 15378 15380 15379 15377
f 15382 15384 15383 15381
f 15386 15388 15387 15385
f 15390 15392 15391 15389
f 15392 15394 15393 15391
f 15396 15398 15397 15395
f 15400 15402 15401 15399
f 15404 15406 15405 15403
f 15406 15408 15407 15405
f 15410 15412 15411 15409
f 15414 15416 15415 15413
f 15418 15420 15419 15417
o Roads_-1_-9
v 38.50 0.00 -2059.62
v 31.68 0.00 -2058.05
v 44.90 0.00 -2031.84
v 38.05 0.00 -2030.41
v 47.75 0.00 -2016.47
v 40.86 0.00 -2015.26
v 50.08 0.00 -2002.49
v 43.18 0.00 -2001.33
v 52.14 0.00 -1990.41
v 45.21 0.00 -1989.43
v 54.52 0.00 -1969.10
v 47.54 0.00 -1968.51
v 55.39 0.00 -1954.45
v 48.40 0.00 -1954.03
v 134.71 0.00 -2003.98
v 133.33 0.00 -2010.85
v 103.73 0.00 -1997.76
v 102.33 0.00 -2004.62
v 49.39 0.00 -1986.50
v 47.96 0.00 -1993.35
v 130.57 0.00 -2006.80
v 137.47 0.00 -2008.03
v 125.09 0.00 -2037.56
v 131.98 0.00 -2038.79
v 123.42 0.00 -2046.93
v 130.31 0.00 -2048.16
v 115.85 0.00 -2089.37
v 122.74 0.00 -2090.60
v 114.94 0.00 -2094.45
v 121.83 0.00 -2095.68
v 108.04 0.00 -2133.15
v 114.93 0.00 -2134.38
v 101.27 0.00 -2171.14
v 108.16 0.00 -2172.37
v 40.81 0.00 -2034.56
v 42.14 0.00 -2027.69
v 126.20 0.00 -2050.98
v 127.52 0.00 -2044.11
v 112.14 0.00 -2130.33
v 110.83 0.00 -2137.21
v 52.07 0.00 -2118.90
v 50.72 0.00 -2125.77
v 27.27 0.00 -2113.93
v 25.89 0.00 -2120.79
v 28.96 0.00 -2073.49
v 35.85 0.00 -2074.72
v 24.14 0.00 -2100.51
v 31.10 0.00 -2101.35
v 23.08 0.00 -2117.14
v 30.07 0.00 -2117.58
v -32.60 0.00 -2094.85
v -31.49 0.00 -2087.94
v 27.06 0.00 -2104.38
v 28.17 0.00 -2097.47
v 3.61 0.00 -2186.52
v -3.38 0.00 -2186.17
v 4.35 0.00 -2171.71
v -2.64 0.00 -2171.40
v 5.36 0.00 -2145.90
v -1.63 0.00 -2145.63
v 23.11 0.00 -2116.90
v 30.05 0.00 -2117.82
v 19.10 0.00 -2146.86
v 26.01 0.00 -2148.03
v 17.48 0.00 -2154.78
v 24.86 0.00 -2153.67
v 20.31 0.00 -2159.94
v 26.45 0.00 -2156.58
v 117.67 0.00 -2098.49
v 119.11 0.00 -2091.64
v 157.98 0.00 -2106.93
v 159.41 0.00 -2100.08
v 265.58 0.00 -2129.39
v 267.01 0.00 -2122.54
v -42.14 0.00 -2046.14
v -40.69 0.00 -2039.29
v 34.37 0.00 -2062.26
v 35.81 0.00 -2055.41
v 35.85 0.00 -2074.71
v 28.96 0.00 -2073.50
v 38.54 0.00 -2059.44
v 31.64 0.00 -2058.23
v 119.94 0.00 -2086.54
v 118.65 0.00 -2093.42
v 60.27 0.00 -2075.29
v 59.04 0.00 -2082.18
v 32.99 0.00 -2070.65
v 31.82 0.00 -2077.55
v 135.48 0.00 -1981.14
v 142.36 0.00 -1982.45
v 130.58 0.00 -2006.76
v 137.46 0.00 -2008.07
v 103.45 0.00 -2168.49
v 105.97 0.00 -2175.02
v 98.92 0.00 -2170.23
v 99.67 0.00 -2177.45
v 34.15 0.00 -2159.76
v 31.97 0.00 -2166.50
v 24.95 0.00 -2155.13
v 21.81 0.00 -2161.39
v 1.58 0.00 -2149.25
v 2.15 0.00 -2142.28
v 22.27 0.00 -2150.94
v 22.84 0.00 -2143.96
v 63.87 0.00 -2536.02
v 53.79 0.00 -2529.52
v 160.71 0.00 -2385.95
v 150.69 0.00 -2379.35
v 181.56 0.00 -2354.95
v 171.68 0.00 -2348.13
v 208.34 0.00 -2317.07
v 198.46 0.00 -2310.27
v 218.21 0.00 -2302.35
v 208.15 0.00 -2295.81
v 225.08 0.00 -2291.42
v 214.84 0.00 -2285.16
v 232.02 0.00 -2279.71
v 221.62 0.00 -2273.73
v 238.67 0.00 -2267.78
v 228.09 0.00 -2262.12
v 244.58 0.00 -2256.28
v 233.82 0.00 -2250.96
v 247.23 0.00 -2250.70
v 236.29 0.00 -2245.76
v 251.76 0.00 -2240.15
v 240.60 0.00 -2235.73
v 257.25 0.00 -2225.11
v 245.89 0.00 -2221.23
v 263.54 0.00 -2205.38
v 252.06 0.00 -2201.92
v 266.42 0.00 -2195.29
v 254.84 0.00 -2192.15
v 269.07 0.00 -2185.00
v 257.41 0.00 -2182.16
v 272.67 0.00 -2169.43
v 260.95 0.00 -2166.87
v 275.88 0.00 -2153.94
v 264.10 0.00 -2151.64
v 287.80 0.00 -2088.41
v 276.02 0.00 -2086.17
v 293.92 0.00 -2057.64
v 282.14 0.00 -2055.30
v 235.52 0.00 -2241.43
v 239.72 0.00 -2234.63
v 242.96 0.00 -2246.02
v 247.16 0.00 -2239.22
f 15422 15424 15423 15421
f 15424 15426 15425 15423
f 15426 15428 15427 15425
f 15428 15430 15429 15427
f 15430 15432 15431 15429
f 15432 15434 15433 15431
f 15436 15438 15437 15435
f 15438 15440 15439 15437
f 15442 15444 15443 15441
f 15444 15446 15445 15443
f 15446 15448 15447 15445
f 15448 15450 15449 15447
f 15450 15452 15451 15449
f 15452 15454 15453 15451
f 15456 15458 15457 15455
f 15460 15462 15461 15459
f 15462 15464 15463 15461
f 15466 15468 15467 15465
f 15468 15470 15469 15467
f 15472 15474 15473 15471
f 15476 15478 15477 15475
f 15478 15480 15479 15477
f 15482 15484 15483 15481
f 15484 15486 15485 15483
f 15486 15488 15487 15485
f 15490 15492 15491 15489
f 15492 15494 15493 15491
f 15496 15498 15497 15495
f 15500 15502 15501 15499
f 15504 15506 15505 15503
f 15506 15508 15507 15505
f 15510 15512 15511 15509
f 15514 15516 15515 15513
f 15516 15518 15517 15515
f 15518 15520 15519 15517
f 15522 15524 15523 15521
f 15526 15528 15527 15525
f 15528 15530 15529 15527
f 15530 15532 15531 15529
f 15532 15534 15533 15531
f 15534 15536 15535 15533
f 15536 15538 15537 15535
f 15538 15540 15539 15537
f 15540 15542 15541 15539
f 15542 15544 15543 15541
f 15544 15546 15545 15543
f 15546 15548 15547 15545
f 15548 15550 15549 15547
f 15550 15552 15551 15549
f 15552 15554 15553 15551
f 15554 15556 15555 15553
f 15556 15558 15557 15555
f 15558 15560 15559 15557
f 15560 15562 15561 15559
f 15564 15566 15565 15563
o Roads_-2_+0
v 297.43 0.00 30.95
v 297.47 0.00 37.95
v 353.13 0.00 30.62
v 353.17 0.00 37.62
v 245.19 0.00 31.62
v 245.25 0.00 38.62
v 284.21 0.00 31.26
v 284.32 0.00 38.26
v 297.37 0.00 30.96
v 297.53 0.00 37.95
v 491.71 0.00 173.59
v 493.29 0.00 166.77
v 357.69 0.00 142.58
v 358.98 0.00 135.69
v 352.00 0.00 141.76
v 352.55 0.00 134.77
v 347.97 0.00 141.70
v 347.56 0.00 134.69
v 344.45 0.00 142.16
v 343.01 0.00 135.29
v 321.21 0.00 148.93
v 318.88 0.00 142.32
v 273.01 0.00 168.96
v 270.81 0.00 162.30
v 259.00 0.00 172.48
v 257.80 0.00 165.57
v 249.38 0.00 173.42
v 249.03 0.00 166.42
v 190.03 0.00 173.61
v 190.01 0.00 166.61
f 15568 15570 15569 15567
f 15572 15574 15573 15571
f 15574 15576 15575 15573
f 15578 15580 15579 15577
f 15580 15582 15581 15579
f 15582 15584 15583 15581
f 15584 15586 15585 15583
f 15586 15588 15587 15585
f 15588 15590 15589 15587
f 15590 15592 15591 15589
f 15592 15594 15593 15591
f 15594 15596 15595 15593
o Roads_-2_-1
v -17.97 0.00 -189.64
v -17.83 0.00 -182.64
v 39.59 0.00 -190.77
v 39.74 0.00 -183.77
v 137.59 0.00 -192.90
v 137.74 0.00 -185.90
v 239.59 0.00 -195.11
v 239.75 0.00 -188.11
v 262.91 0.00 -195.68
v 263.08 0.00 -188.68
v 319.38 0.00 -197.06
v 312.40 0.00 -189.88
v 319.47 0.00 -170.81
v 312.47 0.00 -170.78
v 319.64 0.00 -140.26
v 312.64 0.00 -140.24
v 319.68 0.00 -120.30
v 312.68 0.00 -120.28
v 319.79 0.00 -88.57
v 312.79 0.00 -88.54
v 319.89 0.00 -65.19
v 312.89 0.00 -65.16
v 320.01 0.00 -34.39
v 313.01 0.00 -34.36
v 320.06 0.00 -21.94
v 313.07 0.00 -20.63
v 322.24 0.00 -16.28
v 316.69 0.00 -11.21
v 327.56 0.00 -13.67
v 325.99 0.00 -6.64
v 429.97 0.00 -15.53
v 430.10 0.00 -8.53
v 429.00 0.00 -407.72
v 422.00 0.00 -407.65
v 429.02 0.00 -405.63
v 422.02 0.00 -405.58
v 429.21 0.00 -352.30
v 422.21 0.00 -352.28
v 429.37 0.00 -302.32
v 422.37 0.00 -302.23
v 430.56 0.00 -253.22
v 423.56 0.00 -253.08
v 431.08 0.00 -223.58
v 424.08 0.00 -223.45
v 431.18 0.00 -218.14
v 424.18 0.00 -218.03
v 431.70 0.00 -172.36
v 424.70 0.00 -172.28
v 432.28 0.00 -121.86
v 425.28 0.00 -121.78
v 432.92 0.00 -66.74
v 425.92 0.00 -66.66
v 432.98 0.00 -61.34
v 425.98 0.00 -61.26
v 433.53 0.00 -12.07
v 426.53 0.00 -11.99
v 482.88 0.00 -256.36
v 476.11 0.00 -258.16
v 482.54 0.00 -255.10
v 475.37 0.00 -255.35
v 482.90 0.00 -253.23
v 476.23 0.00 -250.86
v 483.64 0.00 -251.85
v 477.67 0.00 -248.17
v 483.73 0.00 -251.71
v 479.49 0.00 -245.58
v 484.74 0.00 -251.45
v 484.18 0.00 -244.36
v 535.85 0.00 -256.36
v 536.18 0.00 -249.36
v 543.00 0.00 -256.35
v 542.99 0.00 -249.35
v 717.19 0.00 -256.02
v 717.18 0.00 -249.02
v 315.92 0.00 -174.29
v 316.02 0.00 -167.29
v 428.15 0.00 -175.82
v 428.25 0.00 -168.82
v 262.79 0.00 -298.50
v 255.79 0.00 -298.29
v 264.34 0.00 -249.03
v 257.34 0.00 -248.79
v 266.50 0.00 -192.31
v 259.50 0.00 -192.04
v 316.34 0.00 -68.67
v 316.44 0.00 -61.67
v 429.38 0.00 -70.20
v 429.47 0.00 -63.20
v 316.13 0.00 -123.79
v 316.23 0.00 -116.79
v 320.76 0.00 -123.86
v 320.86 0.00 -116.86
v 428.73 0.00 -125.32
v 428.83 0.00 -118.32
v 598.50 0.00 -105.38
v 598.25 0.00 -112.38
v 478.93 0.00 -101.15
v 478.69 0.00 -108.15
v 242.79 0.00 -36.30
v 242.94 0.00 -29.30
v 316.44 0.00 -37.88
v 316.59 0.00 -30.88
v 240.66 0.00 -142.13
v 240.81 0.00 -135.13
v 316.06 0.00 -143.75
v 316.21 0.00 -136.75
v 427.59 0.00 -220.01
v 427.57 0.00 -227.01
v 376.74 0.00 -219.80
v 376.71 0.00 -226.80
v 319.30 0.00 -219.56
v 312.28 0.00 -226.54
v 319.39 0.00 -193.48
v 312.39 0.00 -193.46
v 429.80 0.00 -15.52
v 430.27 0.00 -8.54
v 498.86 0.00 -20.13
v 499.33 0.00 -13.15
f 15598 15600 15599 15597
f 15600 15602 15601 15599
f 15602 15604 15603 15601
f 15604 15606 15605 15603
f 15606 15608 15607 15605
f 15608 15610 15609 15607
f 15610 15612 15611 15609
f 15612 15614 15613 15611
f 15614 15616 15615 15613
f 15616 15618 15617 15615
f 15618 15620 15619 15617
f 15620 15622 15621 15619
f 15622 15624 15623 15621
f 15624 15626 15625 15623
f 15626 15628 15627 15625
f 15630 15632 15631 15629
f 15632 15634 15633 15631
f 15634 15636 15635 15633
f 15636 15638 15637 15635
f 15638 15640 15639 15637
f 15640 15642 15641 15639
f 15642 15644 15643 15641
f 15644 15646 15645 15643
f 15646 15648 15647 15645
f 15648 15650 15649 15647
f 15650 15652 15651 15649
f 15654 15656 15655 15653
f 15656 15658 15657 15655
f 15658 15660 15659 15657
f 15660 15662 15661 15659
f 15662 15664 15663 15661
f 15664 15666 15665 15663
f 15666 15668 15667 15665
f 15668 15670 15669 15667
f 15672 15674 15673 15671
f 15676 15678 15677 15675
f 15678 15680 15679 15677
f 15682 15684 15683 15681
f 15686 15688 15687 15685
f 15688 15690 15689 15687
f 15692 15694 15693 15691
f 15696 15698 15697 15695
f 15700 15702 15701 15699
f 15704 15706 15705 15703
f 15706 15708 15707 15705
f 15708 15710 15709 15707
f 15712 15714 15713 15711
o Roads_-2_-10
v 548.55 0.00 -2169.21
v 558.89 0.00 -2175.29
v 534.38 0.00 -2193.29
v 544.64 0.00 -2199.49
v 525.82 0.00 -2207.07
v 535.92 0.00 -2213.55
v 519.77 0.00 -2216.19
v 529.69 0.00 -2222.95
v 503.29 0.00 -2239.72
v 513.21 0.00 -2246.48
v 496.87 0.00 -2249.37
v 507.03 0.00 -2255.77
v 493.82 0.00 -2254.50
v 504.26 0.00 -2260.40
v 490.95 0.00 -2259.85
v 501.69 0.00 -2265.21
v 488.34 0.00 -2265.50
v 499.36 0.00 -2270.24
v 485.99 0.00 -2271.39
v 497.25 0.00 -2275.53
v 483.95 0.00 -2277.43
v 495.39 0.00 -2281.03
v 482.17 0.00 -2283.49
v 493.77 0.00 -2286.59
v 479.37 0.00 -2294.99
v 491.07 0.00 -2297.69
v 474.96 0.00 -2315.15
v 486.62 0.00 -2318.03
v 473.75 0.00 -2319.58
v 485.23 0.00 -2323.06
v 472.31 0.00 -2323.93
v 483.57 0.00 -2328.07
v 470.55 0.00 -2328.27
v 481.53 0.00 -2333.11
v 468.43 0.00 -2332.71
v 479.11 0.00 -2338.19
v 457.08 0.00 -2353.28
v 467.74 0.00 -2358.82
v 454.26 0.00 -2359.06
v 465.16 0.00 -2364.08
v 451.73 0.00 -2364.93
v 462.87 0.00 -2369.39
v 449.53 0.00 -2370.86
v 460.87 0.00 -2374.78
v 447.62 0.00 -2376.80
v 459.12 0.00 -2380.26
v 441.24 0.00 -2399.40
v 452.68 0.00 -2403.02
v 439.46 0.00 -2404.47
v 450.68 0.00 -2408.75
v 437.43 0.00 -2409.38
v 448.39 0.00 -2414.28
v 435.17 0.00 -2414.05
v 445.79 0.00 -2419.67
v 429.75 0.00 -2423.46
v 439.99 0.00 -2429.74
v 423.57 0.00 -2432.97
v 433.57 0.00 -2439.59
v 370.00 0.00 -2512.51
v 379.90 0.00 -2519.29
v 353.25 0.00 -2536.56
v 363.01 0.00 -2543.54
v 334.55 0.00 -2562.11
v 344.23 0.00 -2569.19
v 475.69 0.00 -2123.08
v 481.73 0.00 -2126.61
v 470.54 0.00 -2131.88
v 476.61 0.00 -2135.37
v 457.56 0.00 -2154.84
v 463.61 0.00 -2158.37
v 455.80 0.00 -2157.75
v 461.70 0.00 -2161.53
v 436.74 0.00 -2185.81
v 442.53 0.00 -2189.74
v 434.94 0.00 -2188.46
v 440.73 0.00 -2192.39
v 415.79 0.00 -2216.64
v 421.59 0.00 -2220.57
v 414.68 0.00 -2218.27
v 420.48 0.00 -2222.20
v 410.07 0.00 -2225.05
v 416.00 0.00 -2228.78
v 402.64 0.00 -2237.91
v 409.07 0.00 -2240.78
v 398.68 0.00 -2250.11
v 405.60 0.00 -2251.47
v 397.22 0.00 -2269.57
v 404.22 0.00 -2269.86
v 397.04 0.00 -2292.60
v 404.04 0.00 -2292.86
v 396.35 0.00 -2302.91
v 403.29 0.00 -2304.00
v 391.80 0.00 -2321.33
v 398.51 0.00 -2323.37
v 388.09 0.00 -2331.58
v 394.58 0.00 -2334.22
v 383.95 0.00 -2340.76
v 390.09 0.00 -2344.19
v 359.26 0.00 -2377.16
v 365.05 0.00 -2381.10
v 338.55 0.00 -2407.48
v 344.33 0.00 -2411.43
v 318.19 0.00 -2437.28
v 323.97 0.00 -2441.23
v 316.44 0.00 -2439.84
v 322.22 0.00 -2443.79
v 308.64 0.00 -2451.26
v 314.42 0.00 -2455.21
v 297.20 0.00 -2468.02
v 302.98 0.00 -2471.96
v 288.62 0.00 -2480.58
v 294.40 0.00 -2484.53
v 277.10 0.00 -2497.45
v 282.88 0.00 -2501.40
v 265.20 0.00 -2514.87
v 270.98 0.00 -2518.82
v 395.03 0.00 -2485.98
v 391.27 0.00 -2491.88
v 356.00 0.00 -2461.07
v 352.24 0.00 -2466.97
v 321.22 0.00 -2438.87
v 317.45 0.00 -2444.77
v 243.10 0.00 -2245.52
v 247.01 0.00 -2239.71
v 250.42 0.00 -2250.44
v 254.39 0.00 -2244.68
v 292.33 0.00 -2280.00
v 296.36 0.00 -2274.28
v 385.00 0.00 -2345.34
v 389.04 0.00 -2339.62
v 531.17 0.00 -2409.35
v 528.28 0.00 -2415.72
v 511.13 0.00 -2400.27
v 508.16 0.00 -2406.61
v 479.66 0.00 -2385.11
v 476.86 0.00 -2391.53
v 453.75 0.00 -2374.99
v 451.20 0.00 -2381.51
v 365.90 0.00 -2529.47
v 361.93 0.00 -2535.24
v 293.50 0.00 -2479.67
v 289.53 0.00 -2485.44
v 295.97 0.00 -2181.74
v 299.95 0.00 -2175.98
v 400.15 0.00 -2253.67
v 404.13 0.00 -2247.91
v 549.81 0.00 -2488.42
v 545.94 0.00 -2494.25
v 498.76 0.00 -2454.53
v 495.87 0.00 -2461.02
v 494.68 0.00 -2453.48
v 494.35 0.00 -2460.62
v 491.45 0.00 -2454.00
v 494.09 0.00 -2460.66
v 488.92 0.00 -2455.72
v 493.63 0.00 -2460.98
v 480.38 0.00 -2465.74
v 485.71 0.00 -2470.28
v 509.64 0.00 -2439.35
v 506.68 0.00 -2445.70
v 445.85 0.00 -2409.66
v 442.89 0.00 -2416.01
v 424.36 0.00 -2443.44
v 427.42 0.00 -2437.14
v 481.52 0.00 -2471.16
v 484.57 0.00 -2464.86
v 465.94 0.00 -2500.18
v 460.07 0.00 -2496.37
v 476.35 0.00 -2484.15
v 470.48 0.00 -2480.34
v 476.31 0.00 -2484.20
v 470.52 0.00 -2480.28
v 485.95 0.00 -2469.97
v 480.15 0.00 -2466.05
v 547.48 0.00 -2377.64
v 544.92 0.00 -2384.16
v 526.63 0.00 -2369.45
v 524.15 0.00 -2375.99
v 494.16 0.00 -2357.54
v 491.77 0.00 -2364.12
v 486.14 0.00 -2354.65
v 483.49 0.00 -2361.13
v 480.88 0.00 -2352.24
v 478.37 0.00 -2358.79
v 465.37 0.00 -2347.42
v 463.29 0.00 -2354.10
v 502.72 0.00 -2340.44
v 501.46 0.00 -2347.32
v 473.25 0.00 -2335.06
v 471.99 0.00 -2341.95
f 15716 15718 15717 15715
f 15718 15720 15719 15717
f 15720 15722 15721 15719
f 15722 15724 15723 15721
f 15724 15726 15725 15723
f 15726 15728 15727 15725
f 15728 15730 15729 15727
f 15730 15732 15731 15729
f 15732 15734 15733 15731
f 15734 15736 15735 15733
f 15736 15738 15737 15735
f 15738 15740 15739 15737
f 15740 15742 15741 15739
f 15742 15744 15743 15741
f 15744 15746 15745 15743
f 15746 15748 15747 15745
f 15748 15750 15749 15747
f 15750 15752 15751 15749
f 15752 15754 15753 15751
f 15754 15756 15755 15753
f 15756 15758 15757 15755
f 15758 15760 15759 15757
f 15760 15762 15761 15759
f 15762 15764 15763 15761
f 15764 15766 15765 15763
f 15766 15768 15767 15765
f 15768 15770 15769 15767
f 15770 15772 15771 15769
f 15772 15774 15773 15771
f 15774 15776 15775 15773
f 15776 15778 15777 15775
f 15780 15782 15781 15779
f 15782 15784 15783 15781
f 15784 15786 15785 15783
f 15786 15788 15787 15785
f 15788 15790 15789 15787
f 15790 15792 15791 15789
f 15792 15794 15793 15791
f 15794 15796 15795 15793
f 15796 15798 15797 15795
f 15798 15800 15799 15797
f 15800 15802 15801 15799
f 15802 15804 15803 15801
f 15804 15806 15805 15803
f 15806 15808 15807 15805
f 15808 15810 15809 15807
f 15810 15812 15811 15809
f 15812 15814 15813 15811
f 15814 15816 15815 15813
f 15816 15818 15817 15815
f 15818 15820 15819 15817
f 15820 15822 15821 15819
f 15822 15824 15823 15821
f 15824 15826 15825 15823
f 15826 15828 15827 15825
f 15828 15830 15829 15827
f 15832 15834 15833 15831
f 15834 15836 15835 15833
f 15838 15840 15839 15837
f 15840 15842 15841 15839
f 15842 15844 15843 15841
f 15846 15848 15847 15845
f 15848 15850 15849 15847
f 15850 15852 15851 15849
f 15854 15856 15855 15853
f 15858 15860 15859 15857
f 15862 15864 15863 15861
f 15864 15866 15865 15863
f 15866 15868 15867 15865
f 15868 15870 15869 15867
f 15870 15872 15871 15869
f 15874 15876 15875 15873
f 15878 15880 15879 15877
f 15882 15884 15883 15881
f 15886 15888 15887 15885
f 15890 15892 15891 15889
f 15892 15894 15893 15891
f 15894 15896 15895 15893
f 15896 15898 15897 15895
f 15898 15900 15899 15897
f 15902 15904 15903 15901
o Roads_-2_-11
v 689.55 0.00 -2804.74
v 681.95 0.00 -2815.54
v 633.80 0.00 -2765.55
v 626.12 0.00 -2776.29
v 537.79 0.00 -2695.60
v 530.11 0.00 -2706.34
v 478.60 0.00 -2653.89
v 470.92 0.00 -2664.63
v 445.35 0.00 -2629.82
v 437.79 0.00 -2640.64
v 400.20 0.00 -2599.41
v 392.78 0.00 -2610.33
v 280.23 0.00 -2517.14
v 272.75 0.00 -2528.02
v 128.67 0.00 -2412.44
v 121.17 0.00 -2423.30
v 334.22 0.00 -2723.04
v 324.38 0.00 -2716.18
v 410.12 0.00 -2614.33
v 400.28 0.00 -2607.47
v 650.32 0.00 -2935.13
v 644.34 0.00 -2943.77
v 497.94 0.00 -2829.73
v 491.96 0.00 -2838.35
v 378.02 0.00 -2746.39
v 372.06 0.00 -2755.03
v 332.34 0.00 -2715.19
v 326.34 0.00 -2723.81
v 260.83 0.00 -2664.64
v 254.83 0.00 -2673.26
v 201.14 0.00 -2623.57
v 195.20 0.00 -2632.23
v 81.78 0.00 -2542.07
v 75.82 0.00 -2550.71
v 54.56 0.00 -2523.19
v 48.58 0.00 -2531.81
v 456.45 0.00 -2535.25
v 449.57 0.00 -2533.97
v 459.60 0.00 -2518.29
v 452.77 0.00 -2516.74
v 461.21 0.00 -2512.27
v 454.50 0.00 -2510.24
v 463.07 0.00 -2506.77
v 456.55 0.00 -2504.22
v 467.58 0.00 -2496.59
v 458.43 0.00 -2499.96
v 406.99 0.00 -2467.47
v 403.96 0.00 -2473.78
v 368.73 0.00 -2528.05
v 369.57 0.00 -2521.10
v 445.31 0.00 -2537.26
v 446.12 0.00 -2530.30
v 452.61 0.00 -2538.09
v 453.40 0.00 -2531.13
v 493.71 0.00 -2542.77
v 494.50 0.00 -2535.81
v 500.35 0.00 -2543.52
v 501.08 0.00 -2536.56
v 520.23 0.00 -2545.43
v 520.90 0.00 -2538.46
v 386.09 0.00 -2499.79
v 388.53 0.00 -2495.43
v 426.56 0.00 -2522.42
v 429.00 0.00 -2518.05
v 310.15 0.00 -2455.32
v 312.91 0.00 -2451.15
v 383.23 0.00 -2503.70
v 385.99 0.00 -2499.53
v 442.22 0.00 -2533.98
v 449.21 0.00 -2533.58
v 444.57 0.00 -2575.81
v 451.56 0.00 -2575.42
v 444.81 0.00 -2580.04
v 451.80 0.00 -2579.65
v 117.42 0.00 -2428.96
v 124.14 0.00 -2419.02
v 140.03 0.00 -2444.21
v 146.81 0.00 -2434.31
v 262.47 0.00 -2529.32
v 269.29 0.00 -2519.44
v 380.91 0.00 -2610.79
v 387.67 0.00 -2600.87
v 397.91 0.00 -2622.26
v 404.53 0.00 -2612.26
v 424.70 0.00 -2639.65
v 431.32 0.00 -2629.63
v 437.74 0.00 -2648.42
v 444.62 0.00 -2638.58
v 466.88 0.00 -2669.53
v 473.84 0.00 -2659.75
v 534.69 0.00 -2716.93
v 541.61 0.00 -2707.13
v 675.35 0.00 -2817.35
v 682.33 0.00 -2807.59
v 264.79 0.00 -2514.59
v 271.39 0.00 -2519.09
v 260.58 0.00 -2520.76
v 267.18 0.00 -2525.26
f 15906 15908 15907 15905
f 15908 15910 15909 15907
f 15910 15912 15911 15909
f 15912 15914 15913 15911
f 15914 15916 15915 15913
f 15916 15918 15917 15915
f 15918 15920 15919 15917
f 15922 15924 15923 15921
f 15926 15928 15927 15925
f 15928 15930 15929 15927
f 15930 15932 15931 15929
f 15932 15934 15933 15931
f 15934 15936 15935 15933
f 15936 15938 15937 15935
f 15938 15940 15939 15937
f 15942 15944 15943 15941
f 15944 15946 15945 15943
f 15946 15948 15947 15945
f 15948 15950 15949 15947
f 15950 15952 15951 15949
f 15954 15956 15955 15953
f 15956 15958 15957 15955
f 15958 15960 15959 15957
f 15960 15962 15961 15959
f 15962 15964 15963 15961
f 15966 15968 15967 15965
f 15970 15972 15971 15969
f 15974 15976 15975 15973
f 15976 15978 15977 15975
f 15980 15982 15981 15979
f 15982 15984 15983 15981
f 15984 15986 15985 15983
f 15986 15988 15987 15985
f 15988 15990 15989 15987
f 15990 15992 15991 15989
f 15992 15994 15993 15991
f 15994 15996 15995 15993
f 15996 15998 15997 15995
f 16000 16002 16001 15999
o Roads_-2_-12
v 270.06 0.00 -2927.42
v 274.63 0.00 -2922.12
v 294.04 0.00 -2948.06
v 298.45 0.00 -2942.62
v 304.84 0.00 -2956.29
v 309.08 0.00 -2950.73
v 307.46 0.00 -2958.29
v 311.31 0.00 -2952.42
v 324.62 0.00 -2967.84
v 328.01 0.00 -2961.71
v 345.83 0.00 -2979.51
v 348.70 0.00 -2973.09
v 356.04 0.00 -2983.08
v 358.63 0.00 -2976.57
v 366.25 0.00 -2987.66
v 369.12 0.00 -2981.28
v 374.21 0.00 -2958.98
v 380.64 0.00 -2961.75
v 367.69 0.00 -2974.13
v 374.21 0.00 -2976.70
v 364.29 0.00 -2983.55
v 371.07 0.00 -2985.39
v 341.48 0.00 -3106.77
v 348.36 0.00 -3108.04
v 217.89 0.00 -2826.98
v 222.73 0.00 -2821.92
v 224.53 0.00 -2833.31
v 229.46 0.00 -2828.34
v 249.66 0.00 -2859.10
v 254.69 0.00 -2854.24
v 279.15 0.00 -2889.82
v 284.00 0.00 -2884.77
v 296.41 0.00 -2905.14
v 300.95 0.00 -2899.82
v 311.50 0.00 -2917.53
v 315.81 0.00 -2912.02
v 363.12 0.00 -2955.85
v 367.01 0.00 -2950.02
v 375.36 0.00 -2963.21
v 379.49 0.00 -2957.52
v 405.82 0.00 -2989.64
v 410.46 0.00 -2984.39
v 437.55 0.00 -3018.20
v 441.68 0.00 -3012.51
v 474.94 0.00 -3039.79
v 478.44 0.00 -3033.73
v 521.94 0.00 -3066.93
v 525.51 0.00 -3060.91
v 565.48 0.00 -3093.43
v 569.09 0.00 -3087.43
v 638.55 0.00 -3137.00
v 641.59 0.00 -3130.67
v 654.02 0.00 -3142.81
v 657.86 0.00 -3136.78
v 655.42 0.00 -3144.19
v 660.32 0.00 -3139.18
v 362.84 0.00 -2741.91
v 370.76 0.00 -2748.01
v 355.02 0.00 -2752.06
v 362.94 0.00 -2758.16
v 304.46 0.00 -2953.50
v 309.46 0.00 -2953.52
v 304.44 0.00 -2960.28
v 309.44 0.00 -2960.01
v 305.33 0.00 -2968.28
v 310.32 0.00 -2967.88
v 305.81 0.00 -2977.91
v 310.80 0.00 -2977.67
v 366.91 0.00 -2861.79
v 373.32 0.00 -2864.60
v 350.78 0.00 -2898.56
v 357.19 0.00 -2901.37
v 224.20 0.00 -2829.02
v 216.42 0.00 -2819.88
v 231.70 0.00 -2822.64
v 223.56 0.00 -2813.82
v 237.92 0.00 -2816.40
v 229.12 0.00 -2808.24
v 245.04 0.00 -2808.14
v 235.86 0.00 -2800.42
v 251.73 0.00 -2799.97
v 242.59 0.00 -2792.19
v 254.69 0.00 -2796.62
v 245.97 0.00 -2788.36
v 257.39 0.00 -2793.96
v 249.41 0.00 -2784.98
v 259.90 0.00 -2791.96
v 252.96 0.00 -2782.14
v 262.45 0.00 -2790.37
v 256.53 0.00 -2779.93
v 271.49 0.00 -2785.72
v 265.13 0.00 -2775.50
v 274.92 0.00 -2783.18
v 266.98 0.00 -2774.14
v 277.98 0.00 -2780.01
v 268.74 0.00 -2772.29
v 280.68 0.00 -2776.28
v 270.62 0.00 -2769.70
v 283.14 0.00 -2772.09
v 272.64 0.00 -2766.27
v 293.38 0.00 -2752.38
v 282.82 0.00 -2746.68
v 299.16 0.00 -2742.09
v 288.82 0.00 -2736.01
v 311.93 0.00 -2721.33
v 301.71 0.00 -2715.05
f 16004 16006 16005 16003
f 16006 16008 16007 16005
f 16008 16010 16009 16007
f 16010 16012 16011 16009
f 16012 16014 16013 16011
f 16014 16016 16015 16013
f 16016 16018 16017 16015
f 16020 16022 16021 16019
f 16022 16024 16023 16021
f 16024 16026 16025 16023
f 16028 16030 16029 16027
f 16030 16032 16031 16029
f 16032 16034 16033 16031
f 16034 16036 16035 16033
f 16036 16038 16037 16035
f 16038 16040 16039 16037
f 16040 16042 16041 16039
f 16042 16044 16043 16041
f 16044 16046 16045 16043
f 16046 16048 16047 16045
f 16048 16050 16049 16047
f 16050 16052 16051 16049
f 16052 16054 16053 16051
f 16054 16056 16055 16053
f 16056 16058 16057 16055
f 16060 16062 16061 16059
f 16064 16066 16065 16063
f 16066 16068 16067 16065
f 16068 16070 16069 16067
f 16072 16074 16073 16071
f 16076 16078 16077 16075
f 16078 16080 16079 16077
f 16080 16082 16081 16079
f 16082 16084 16083 16081
f 16084 16086 16085 16083
f 16086 16088 16087 16085
f 16088 16090 16089 16087
f 16090 16092 16091 16089
f 16092 16094 16093 16091
f 16094 16096 16095 16093
f 16096 16098 16097 16095
f 16098 16100 16099 16097
f 16100 16102 16101 16099
f 16102 16104 16103 16101
f 16104 16106 16105 16103
f 16106 16108 16107 16105
o Roads_-2_-13
v 538.17 0.00 -3137.74
v 536.76 0.00 -3144.59
v 450.03 0.00 -3119.56
v 448.62 0.00 -3126.41
v 437.09 0.00 -3116.90
v 442.38 0.00 -3125.13
v 434.33 0.00 -3128.92
v 439.51 0.00 -3137.62
v 416.89 0.00 -3124.10
v 414.95 0.00 -3130.83
v 382.75 0.00 -3113.82
v 380.84 0.00 -3120.56
v 345.78 0.00 -3104.01
v 344.07 0.00 -3110.80
v 265.46 0.00 -3084.89
v 263.84 0.00 -3091.70
v 404.71 0.00 -2986.32
v 411.57 0.00 -2987.71
v 378.37 0.00 -3116.50
v 385.23 0.00 -3117.89
v 259.03 0.00 -3129.55
v 260.84 0.00 -3122.79
v 312.08 0.00 -3143.73
v 313.80 0.00 -3136.94
v 367.19 0.00 -3157.00
v 368.95 0.00 -3150.23
v 410.68 0.00 -3169.05
v 405.38 0.00 -3160.32
v 419.34 0.00 -3128.20
v 412.50 0.00 -3126.73
v 427.67 0.00 -3089.66
v 420.83 0.00 -3088.18
v 437.41 0.00 -3044.49
v 430.56 0.00 -3043.07
v 443.05 0.00 -3016.03
v 436.18 0.00 -3014.67
v 527.30 0.00 -3169.00
v 526.16 0.00 -3175.91
v 445.74 0.00 -3155.59
v 444.61 0.00 -3162.50
v 401.15 0.00 -3198.46
v 399.39 0.00 -3205.23
v 363.55 0.00 -3188.68
v 361.82 0.00 -3195.46
v 325.75 0.00 -3179.23
v 324.00 0.00 -3186.01
v 252.77 0.00 -3159.86
v 250.97 0.00 -3166.63
v 555.77 0.00 -3110.54
v 552.87 0.00 -3116.92
v 515.88 0.00 -3092.45
v 513.90 0.00 -3099.23
v 510.22 0.00 -3091.64
v 508.35 0.00 -3098.45
v 460.06 0.00 -3070.97
v 465.17 0.00 -3080.15
v 457.67 0.00 -3084.32
v 464.33 0.00 -3087.01
v 456.26 0.00 -3086.35
v 461.69 0.00 -3090.80
v 453.67 0.00 -3089.06
v 460.05 0.00 -3092.52
v 445.91 0.00 -3122.19
v 452.73 0.00 -3123.78
v 519.08 0.00 -3210.29
v 517.85 0.00 -3217.18
v 456.44 0.00 -3199.14
v 455.44 0.00 -3206.08
v 429.86 0.00 -3196.16
v 428.88 0.00 -3203.09
v 415.59 0.00 -3193.73
v 413.66 0.00 -3200.50
v 403.63 0.00 -3188.84
v 400.98 0.00 -3195.32
v 404.60 0.00 -3163.97
v 411.45 0.00 -3165.40
v 398.88 0.00 -3191.37
v 405.73 0.00 -3192.80
v 396.84 0.00 -3201.13
v 403.69 0.00 -3202.56
v 387.31 0.00 -3277.37
v 380.48 0.00 -3275.87
v 403.69 0.00 -3202.60
v 396.85 0.00 -3201.10
v 321.45 0.00 -3181.91
v 328.30 0.00 -3183.33
v 308.01 0.00 -3246.67
v 314.87 0.00 -3248.09
f 16110 16112 16111 16109
f 16112 16114 16113 16111
f 16114 16116 16115 16113
f 16116 16118 16117 16115
f 16118 16120 16119 16117
f 16120 16122 16121 16119
f 16122 16124 16123 16121
f 16126 16128 16127 16125
f 16130 16132 16131 16129
f 16132 16134 16133 16131
f 16134 16136 16135 16133
f 16136 16138 16137 16135
f 16138 16140 16139 16137
f 16140 16142 16141 16139
f 16142 16144 16143 16141
f 16146 16148 16147 16145
f 16150 16152 16151 16149
f 16152 16154 16153 16151
f 16154 16156 16155 16153
f 16158 16160 16159 16157
f 16160 16162 16161 16159
f 16162 16164 16163 16161
f 16164 16166 16165 16163
f 16166 16168 16167 16165
f 16168 16170 16169 16167
f 16170 16172 16171 16169
f 16174 16176 16175 16173
f 16176 16178 16177 16175
f 16178 16180 16179 16177
f 16180 16182 16181 16179
f 16184 16186 16185 16183
f 16186 16188 16187 16185
f 16190 16192 16191 16189
f 16194 16196 16195 16193
o Roads_-2_-14
v 1067.87 0.00 -3587.78
v 1067.35 0.00 -3594.76
v 938.45 0.00 -3578.02
v 937.98 0.00 -3585.01
v 870.47 0.00 -3574.00
v 867.06 0.00 -3580.81
v 869.48 0.00 -3572.83
v 862.73 0.00 -3575.69
v 866.58 0.00 -3543.70
v 859.60 0.00 -3544.20
v 865.67 0.00 -3523.15
v 858.70 0.00 -3523.86
v 865.09 0.00 -3519.51
v 858.39 0.00 -3521.95
v 862.55 0.00 -3515.28
v 857.28 0.00 -3520.10
v 858.95 0.00 -3512.65
v 855.89 0.00 -3519.08
v 829.39 0.00 -3504.84
v 827.76 0.00 -3511.65
v 812.91 0.00 -3501.30
v 811.87 0.00 -3508.23
v 805.04 0.00 -3500.63
v 804.79 0.00 -3507.64
v 800.95 0.00 -3500.69
v 802.38 0.00 -3507.67
v 797.46 0.00 -3502.12
v 799.58 0.00 -3508.82
v 795.64 0.00 -3502.53
v 795.92 0.00 -3509.65
v 792.95 0.00 -3502.14
v 791.36 0.00 -3508.98
v 789.23 0.00 -3500.94
v 786.74 0.00 -3507.49
v 757.60 0.00 -3487.06
v 754.84 0.00 -3493.50
v 740.24 0.00 -3479.84
v 737.76 0.00 -3486.39
v 722.20 0.00 -3473.71
v 720.48 0.00 -3480.51
v 702.98 0.00 -3470.48
v 699.83 0.00 -3477.04
v 696.83 0.00 -3464.98
v 692.44 0.00 -3470.45
v 692.60 0.00 -3461.94
v 689.68 0.00 -3468.46
v 683.57 0.00 -3459.94
v 682.62 0.00 -3466.90
v 675.63 0.00 -3459.51
v 675.02 0.00 -3466.49
v 668.50 0.00 -3458.66
v 667.16 0.00 -3465.55
v 658.08 0.00 -3455.81
v 656.04 0.00 -3462.51
v 642.38 0.00 -3450.52
v 640.37 0.00 -3457.23
v 624.53 0.00 -3445.79
v 623.05 0.00 -3452.64
v 608.28 0.00 -3443.07
v 608.05 0.00 -3450.13
v 593.27 0.00 -3444.60
v 594.80 0.00 -3451.48
v 580.20 0.00 -3449.18
v 582.88 0.00 -3455.66
v 572.46 0.00 -3452.89
v 575.45 0.00 -3459.22
v 565.85 0.00 -3455.97
v 568.90 0.00 -3462.27
v 557.14 0.00 -3460.32
v 560.09 0.00 -3466.67
v 548.44 0.00 -3464.06
v 551.13 0.00 -3470.52
v 547.27 0.00 -3464.53
v 548.30 0.00 -3471.66
v 545.72 0.00 -3464.38
v 542.27 0.00 -3471.08
v 543.21 0.00 -3461.50
v 537.61 0.00 -3465.74
v 534.73 0.00 -3448.51
v 528.98 0.00 -3452.50
v 527.77 0.00 -3439.00
v 522.42 0.00 -3443.55
v 522.10 0.00 -3433.23
v 518.98 0.00 -3440.04
v 518.12 0.00 -3432.97
v 518.59 0.00 -3440.02
v 512.89 0.00 -3434.03
v 514.73 0.00 -3440.80
v 508.29 0.00 -3435.62
v 510.90 0.00 -3442.13
v 495.46 0.00 -3441.49
v 498.36 0.00 -3447.86
v 487.59 0.00 -3445.06
v 490.21 0.00 -3451.56
v 483.45 0.00 -3446.52
v 485.78 0.00 -3453.12
v 476.82 0.00 -3448.88
v 479.72 0.00 -3455.28
v 457.83 0.00 -3459.44
v 461.23 0.00 -3465.56
v 454.47 0.00 -3461.31
v 458.39 0.00 -3467.14
v 439.80 0.00 -3473.08
v 443.34 0.00 -3479.21
v 426.54 0.00 -3478.25
v 428.62 0.00 -3484.95
v 422.96 0.00 -3479.09
v 424.56 0.00 -3485.90
v 406.32 0.00 -3483.03
v 407.98 0.00 -3489.83
v 393.21 0.00 -3486.34
v 395.27 0.00 -3493.04
v 386.82 0.00 -3488.68
v 388.71 0.00 -3495.44
v 380.97 0.00 -3489.83
v 381.89 0.00 -3496.79
v 371.38 0.00 -3490.51
v 371.73 0.00 -3497.50
v 291.73 0.00 -3492.93
v 291.90 0.00 -3499.93
v 251.79 0.00 -3493.69
v 251.75 0.00 -3500.69
v 242.27 0.00 -3493.39
v 241.53 0.00 -3500.37
v 227.34 0.00 -3490.71
v 225.99 0.00 -3497.58
v 147.18 0.00 -3473.61
v 145.69 0.00 -3480.45
v 113.85 0.00 -3466.20
v 112.46 0.00 -3473.07
v 107.70 0.00 -3465.07
v 107.79 0.00 -3472.21
v 103.22 0.00 -3466.02
v 106.08 0.00 -3472.57
v 99.05 0.00 -3468.97
v 104.86 0.00 -3473.44
v 95.80 0.00 -3477.72
v 101.98 0.00 -3481.21
v 95.33 0.00 -3478.32
v 99.47 0.00 -3484.35
v 95.06 0.00 -3478.40
v 95.16 0.00 -3485.71
v 39.48 0.00 -3462.52
v 38.64 0.00 -3469.56
v 34.99 0.00 -3462.70
v 38.78 0.00 -3469.56
v 26.04 0.00 -3475.74
v 31.23 0.00 -3480.54
v 23.94 0.00 -3477.44
v 27.93 0.00 -3483.22
v 20.72 0.00 -3479.31
v 25.78 0.00 -3484.47
v 7.65 0.00 -3500.80
v 13.49 0.00 -3504.66
v 5.90 0.00 -3503.25
v 11.94 0.00 -3506.83
v -4.83 0.00 -3525.46
v 1.69 0.00 -3528.06
v -5.62 0.00 -3527.94
v 1.05 0.00 -3530.06
v -14.53 0.00 -3555.91
v -7.95 0.00 -3558.33
v -15.88 0.00 -3559.13
v -11.72 0.00 -3567.32
v -40.51 0.00 -3553.27
v -40.95 0.00 -3560.36
v -43.89 0.00 -3553.64
v -40.75 0.00 -3560.34
v -46.69 0.00 -3556.35
v -40.70 0.00 -3560.29
v -62.26 0.00 -3597.77
v -56.23 0.00 -3601.61
v -73.03 0.00 -3608.79
v -67.38 0.00 -3613.02
v -76.12 0.00 -3614.30
v -69.60 0.00 -3616.98
v -80.94 0.00 -3631.86
v -74.17 0.00 -3633.67
v -81.87 0.00 -3635.49
v -75.07 0.00 -3637.14
v -85.25 0.00 -3650.37
v -78.54 0.00 -3652.42
v -91.11 0.00 -3665.46
v -84.65 0.00 -3668.16
v -97.51 0.00 -3679.70
v -91.04 0.00 -3682.39
v -103.78 0.00 -3696.06
v -97.25 0.00 -3698.58
v -108.07 0.00 -3707.05
v -101.54 0.00 -3709.59
v -116.52 0.00 -3728.73
v -110.04 0.00 -3731.38
v -118.70 0.00 -3733.83
v -112.27 0.00 -3736.59
v -124.52 0.00 -3747.41
v -120.38 0.00 -3755.52
v -136.19 0.00 -3744.77
v -137.74 0.00 -3751.60
v 351.85 0.00 -3378.42
v 357.27 0.00 -3382.85
v 334.11 0.00 -3400.10
v 344.19 0.00 -3398.83
v 379.22 0.00 -3433.28
v 385.37 0.00 -3429.12
v 382.37 0.00 -3445.50
v 389.21 0.00 -3443.97
v 390.71 0.00 -3489.88
v 397.77 0.00 -3489.51
v 390.15 0.00 -3496.72
v 397.27 0.00 -3495.55
v 401.55 0.00 -3523.11
v 408.32 0.00 -3521.12
v 406.63 0.00 -3553.92
v 413.68 0.00 -3553.62
v 405.06 0.00 -3573.69
v 411.97 0.00 -3575.10
v 395.03 0.00 -3603.63
v 401.66 0.00 -3605.86
v 295.31 0.00 -3496.25
v 288.32 0.00 -3496.61
v 292.32 0.00 -3438.22
v 285.31 0.00 -3438.31
v 292.85 0.00 -3418.79
v 285.86 0.00 -3418.08
v 294.49 0.00 -3409.52
v 287.66 0.00 -3407.94
v 299.80 0.00 -3391.09
v 293.02 0.00 -3389.33
v 304.27 0.00 -3371.69
v 297.42 0.00 -3370.25
v 307.24 0.00 -3356.26
v 300.35 0.00 -3355.05
v 310.43 0.00 -3336.08
v 303.55 0.00 -3334.81
v 315.96 0.00 -3309.79
v 309.18 0.00 -3308.02
v 321.62 0.00 -3291.60
v 314.99 0.00 -3289.34
v 325.23 0.00 -3281.90
v 321.04 0.00 -3273.08
v 366.47 0.00 -3295.92
v 368.73 0.00 -3289.29
v 238.45 0.00 -3346.00
v 241.08 0.00 -3339.51
v 243.95 0.00 -3348.22
v 246.33 0.00 -3341.64
v 253.25 0.00 -3351.20
v 255.74 0.00 -3344.65
v 258.75 0.00 -3353.64
v 262.20 0.00 -3347.52
v 263.59 0.00 -3357.02
v 268.16 0.00 -3351.68
v 268.11 0.00 -3361.71
v 273.72 0.00 -3357.45
v 270.80 0.00 -3366.29
v 277.40 0.00 -3363.70
v 271.79 0.00 -3370.82
v 278.73 0.00 -3369.75
v 272.13 0.00 -3374.66
v 279.20 0.00 -3375.10
v 269.89 0.00 -3385.03
v 276.68 0.00 -3386.79
v 266.18 0.00 -3397.34
v 272.75 0.00 -3399.78
v 262.42 0.00 -3405.80
v 268.85 0.00 -3408.56
v 259.01 0.00 -3414.05
v 265.43 0.00 -3416.84
v 256.72 0.00 -3419.05
v 263.53 0.00 -3420.99
v 254.52 0.00 -3436.04
v 261.44 0.00 -3437.15
v 253.55 0.00 -3441.12
v 260.55 0.00 -3441.78
v 253.55 0.00 -3446.24
v 260.55 0.00 -3446.34
v 252.91 0.00 -3468.97
v 259.89 0.00 -3469.64
v 248.32 0.00 -3496.62
v 255.22 0.00 -3497.76
v 359.26 0.00 -3191.32
v 366.10 0.00 -3192.82
v 342.75 0.00 -3266.49
v 349.58 0.00 -3267.99
v 509.21 0.00 -3283.46
v 508.01 0.00 -3290.36
v 415.43 0.00 -3267.18
v 414.23 0.00 -3274.07
v 261.99 0.00 -3284.71
v 255.45 0.00 -3282.22
v 265.20 0.00 -3276.29
v 260.98 0.00 -3267.70
v 293.01 0.00 -3284.71
v 288.32 0.00 -3275.98
v 296.94 0.00 -3271.61
v 292.36 0.00 -3262.47
v 321.93 0.00 -3280.78
v 324.34 0.00 -3274.20
v 500.40 0.00 -3444.83
v 493.41 0.00 -3444.52
v 502.72 0.00 -3392.63
v 495.73 0.00 -3392.32
v 504.11 0.00 -3361.28
v 497.12 0.00 -3360.97
v 499.46 0.00 -3388.98
v 498.99 0.00 -3395.97
v 442.40 0.00 -3385.17
v 441.93 0.00 -3392.15
v 462.86 0.00 -3461.42
v 456.21 0.00 -3463.59
v 448.21 0.00 -3416.48
v 441.45 0.00 -3418.34
v 446.14 0.00 -3407.36
v 439.16 0.00 -3408.23
v 445.67 0.00 -3388.84
v 438.66 0.00 -3388.48
v 448.34 0.00 -3368.38
v 441.32 0.00 -3368.07
v 447.64 0.00 -3351.26
v 440.66 0.00 -3351.82
v 446.80 0.00 -3344.33
v 439.88 0.00 -3345.42
v 445.30 0.00 -3336.59
v 439.02 0.00 -3340.99
v 441.66 0.00 -3334.41
v 438.38 0.00 -3340.61
v 436.66 0.00 -3332.09
v 434.04 0.00 -3338.59
v 385.62 0.00 -3314.43
v 383.45 0.00 -3321.09
v 377.08 0.00 -3311.84
v 375.04 0.00 -3318.53
v 443.45 0.00 -3354.97
v 444.85 0.00 -3348.11
v 471.18 0.00 -3360.63
v 465.06 0.00 -3352.23
v 474.99 0.00 -3325.97
v 468.05 0.00 -3325.03
v 477.71 0.00 -3309.09
v 470.80 0.00 -3307.97
v 427.21 0.00 -3481.91
v 420.31 0.00 -3483.08
v 416.33 0.00 -3418.25
v 408.46 0.00 -3413.74
v 424.28 0.00 -3415.26
v 416.36 0.00 -3410.76
v 421.34 0.00 -3398.85
v 414.92 0.00 -3402.73
v 406.15 0.00 -3387.09
v 397.89 0.00 -3389.55
v 414.88 0.00 -3361.92
v 408.26 0.00 -3359.63
v 381.13 0.00 -3316.94
v 387.94 0.00 -3318.58
v 372.68 0.00 -3352.10
v 381.09 0.00 -3347.05
v 404.55 0.00 -3360.36
v 406.31 0.00 -3353.58
v 333.57 0.00 -3369.15
v 337.79 0.00 -3363.57
v 352.45 0.00 -3383.43
v 356.67 0.00 -3377.84
v 382.15 0.00 -3405.89
v 386.37 0.00 -3400.31
v 395.69 0.00 -3493.25
v 391.73 0.00 -3499.03
v 389.74 0.00 -3489.17
v 385.78 0.00 -3494.95
f 16198 16200 16199 16197
f 16200 16202 16201 16199
f 16202 16204 16203 16201
f 16204 16206 16205 16203
f 16206 16208 16207 16205
f 16208 16210 16209 16207
f 16210 16212 16211 16209
f 16212 16214 16213 16211
f 16214 16216 16215 16213
f 16216 16218 16217 16215
f 16218 16220 16219 16217
f 16220 16222 16221 16219
f 16222 16224 16223 16221
f 16224 16226 16225 16223
f 16226 16228 16227 16225
f 16228 16230 16229 16227
f 16230 16232 16231 16229
f 16232 16234 16233 16231
f 16234 16236 16235 16233
f 16236 16238 16237 16235
f 16238 16240 16239 16237
f 16240 16242 16241 16239
f 16242 16244 16243 16241
f 16244 16246 16245 16243
f 16246 16248 16247 16245
f 16248 16250 16249 16247
f 16250 16252 16251 16249
f 16252 16254 16253 16251
f 16254 16256 16255 16253
f 16256 16258 16257 16255
f 16258 16260 16259 16257
f 16260 16262 16261 16259
f 16262 16264 16263 16261
f 16264 16266 16265 16263
f 16266 16268 16267 16265
f 16268 16270 16269 16267
f 16270 16272 16271 16269
f 16272 16274 16273 16271
f 16274 16276 16275 16273
f 16276 16278 16277 16275
f 16278 16280 16279 16277
f 16280 16282 16281 16279
f 16282 16284 16283 16281
f 16284 16286 16285 16283
f 16286 16288 16287 16285
f 16288 16290 16289 16287
f 16290 16292 16291 16289
f 16292 16294 16293 16291
f 16294 16296 16295 16293
f 16296 16298 16297 16295
f 16298 16300 16299 16297
f 16300 16302 16301 16299
f 16302 16304 16303 16301
f 16304 16306 16305 16303
f 16306 16308 16307 16305
f 16308 16310 16309 16307
f 16310 16312 16311 16309
f 16312 16314 16313 16311
f 16314 16316 16315 16313
f 16316 16318 16317 16315
f 16318 16320 16319 16317
f 16320 16322 16321 16319
f 16322 16324 16323 16321
f 16324 16326 16325 16323
f 16326 16328 16327 16325
f 16328 16330 16329 16327
f 16330 16332 16331 16329
f 16332 16334 16333 16331
f 16334 16336 16335 16333
f 16336 16338 16337 16335
f 16338 16340 16339 16337
f 16340 16342 16341 16339
f 16342 16344 16343 16341
f 16344 16346 16345 16343
f 16346 16348 16347 16345
f 16348 16350 16349 16347
f 16350 16352 16351 16349
f 16352 16354 16353 16351
f 16354 16356 16355 16353
f 16356 16358 16357 16355
f 16358 16360 16359 16357
f 16360 16362 16361 16359
f 16362 16364 16363 16361
f 16364 16366 16365 16363
f 16366 16368 16367 16365
f 16368 16370 16369 16367
f 16370 16372 16371 16369
f 16372 16374 16373 16371
f 16374 16376 16375 16373
f 16376 16378 16377 16375
f 16378 16380 16379 16377
f 16380 16382 16381 16379
f 16382 16384 16383 16381
f 16384 16386 16385 16383
f 16386 16388 16387 16385
f 16388 16390 16389 16387
f 16390 16392 16391 16389
f 16392 16394 16393 16391
f 16396 16398 16397 16395
f 16398 16400 16399 16397
f 16400 16402 16401 16399
f 16402 16404 16403 16401
f 16404 16406 16405 16403
f 16406 16408 16407 16405
f 16408 16410 16409 16407
f 16410 16412 16411 16409
f 16412 16414 16413 16411
f 16416 16418 16417 16415
f 16418 16420 16419 16417
f 16420 16422 16421 16419
f 16422 16424 16423 16421
f 16424 16426 16425 16423
f 16426 16428 16427 16425
f 16428 16430 16429 16427
f 16430 16432 16431 16429
f 16432 16434 16433 16431
f 16434 16436 16435 16433
f 16436 16438 16437 16435
f 16440 16442 16441 16439
f 16442 16444 16443 16441
f 16444 16446 16445 16443
f 16446 16448 16447 16445
f 16448 16450 16449 16447
f 16450 16452 16451 16449
f 16452 16454 16453 16451
f 16454 16456 16455 16453
f 16456 16458 16457 16455
f 16458 16460 16459 16457
f 16460 16462 16461 16459
f 16462 16464 16463 16461
f 16464 16466 16465 16463
f 16466 16468 16467 16465
f 16468 16470 16469 16467
f 16470 16472 16471 16469
f 16472 16474 16473 16471
f 16474 16476 16475 16473
f 16478 16480 16479 16477
f 16482 16484 16483 16481
f 16486 16488 16487 16485
f 16488 16490 16489 16487
f 16490 16492 16491 16489
f 16492 16494 16493 16491
f 16496 16498 16497 16495
f 16498 16500 16499 16497
f 16502 16504 16503 16501
f 16506 16508 16507 16505
f 16508 16510 16509 16507
f 16510 16512 16511 16509
f 16512 16514 16513 16511
f 16514 16516 16515 16513
f 16516 16518 16517 16515
f 16518 16520 16519 16517
f 16520 16522 16521 16519
f 16522 16524 16523 16521
f 16524 16526 16525 16523
f 16526 16528 16527 16525
f 16530 16532 16531 16529
f 16532 16534 16533 16531
f 16534 16536 16535 16533
f 16538 16540 16539 16537
f 16540 16542 16541 16539
f 16542 16544 16543 16541
f 16544 16546 16545 16543
f 16546 16548 16547 16545
f 16550 16552 16551 16549
f 16552 16554 16553 16551
f 16556 16558 16557 16555
f 16558 16560 16559 16557
f 16562 16564 16563 16561
o Roads_-2_-15
v 593.72 0.00 -3536.42
v 593.47 0.00 -3543.41
v 533.91 0.00 -3534.31
v 533.24 0.00 -3541.29
v 478.59 0.00 -3525.61
v 477.50 0.00 -3532.53
v 462.90 0.00 -3523.15
v 461.81 0.00 -3530.06
v 477.41 0.00 -3505.74
v 484.36 0.00 -3506.60
v 474.57 0.00 -3528.64
v 481.52 0.00 -3529.50
v 470.23 0.00 -3563.71
v 477.17 0.00 -3564.57
f 16566 16568 16567 16565
f 16568 16570 16569 16567
f 16570 16572 16571 16569
f 16574 16576 16575 16573
f 16576 16578 16577 16575
o Roads_-2_-2
v 716.76 0.00 -406.68
v 716.46 0.00 -418.68
v 642.06 0.00 -404.81
v 641.80 0.00 -416.81
v 482.99 0.00 -401.99
v 482.81 0.00 -413.99
v 457.10 0.00 -401.69
v 457.00 0.00 -413.69
v 383.73 0.00 -401.41
v 383.59 0.00 -413.41
v 332.33 0.00 -400.45
v 331.97 0.00 -412.45
v 269.29 0.00 -397.86
v 268.91 0.00 -409.86
v 192.73 0.00 -396.23
v 192.39 0.00 -408.23
v 176.61 0.00 -395.67
v 176.11 0.00 -407.67
v 45.60 0.00 -389.40
v 44.94 0.00 -401.38
v -19.23 0.00 -385.41
v -19.97 0.00 -397.39
v 199.20 0.00 -350.86
v 199.41 0.00 -343.86
v 313.92 0.00 -354.44
v 314.14 0.00 -347.44
v 458.90 0.00 -407.56
v 465.90 0.00 -407.68
v 458.42 0.00 -434.24
v 465.42 0.00 -434.36
v 457.78 0.00 -469.94
v 464.78 0.00 -470.07
v 457.51 0.00 -484.70
v 464.51 0.00 -484.83
v 456.77 0.00 -525.97
v 463.77 0.00 -526.05
v 456.46 0.00 -582.49
v 463.46 0.00 -581.97
v 456.65 0.00 -583.68
v 463.56 0.00 -582.61
v 310.53 0.00 -351.04
v 317.53 0.00 -350.84
v 311.70 0.00 -392.07
v 318.70 0.00 -392.10
v 311.15 0.00 -405.87
v 318.15 0.00 -406.14
v 260.75 0.00 -252.41
v 260.93 0.00 -245.41
v 426.97 0.00 -256.65
v 427.15 0.00 -249.65
v 317.53 0.00 -350.90
v 310.53 0.00 -350.98
v 316.93 0.00 -300.43
v 309.93 0.00 -300.52
v 461.09 0.00 -481.27
v 460.94 0.00 -488.27
v 403.02 0.00 -480.03
v 402.77 0.00 -487.03
v 382.36 0.00 -479.01
v 382.08 0.00 -486.01
v 347.87 0.00 -477.96
v 347.72 0.00 -484.96
v 274.67 0.00 -477.23
v 274.60 0.00 -484.23
v 313.37 0.00 -303.97
v 313.48 0.00 -296.97
v 425.81 0.00 -305.78
v 425.92 0.00 -298.78
v 425.75 0.00 -348.79
v 425.66 0.00 -355.79
v 314.07 0.00 -347.44
v 313.99 0.00 -354.44
f 16580 16582 16581 16579
f 16582 16584 16583 16581
f 16584 16586 16585 16583
f 16586 16588 16587 16585
f 16588 16590 16589 16587
f 16590 16592 16591 16589
f 16592 16594 16593 16591
f 16594 16596 16595 16593
f 16596 16598 16597 16595
f 16598 16600 16599 16597
f 16602 16604 16603 16601
f 16606 16608 16607 16605
f 16608 16610 16609 16607
f 16610 16612 16611 16609
f 16612 16614 16613 16611
f 16614 16616 16615 16613
f 16616 16618 16617 16615
f 16620 16622 16621 16619
f 16622 16624 16623 16621
f 16626 16628 16627 16625
f 16630 16632 16631 16629
f 16634 16636 16635 16633
f 16636 16638 16637 16635
f 16638 16640 16639 16637
f 16640 16642 16641 16639
f 16644 16646 16645 16643
f 16648 16650 16649 16647
o Roads_-2_-3
v 458.45 0.00 -586.23
v 461.76 0.00 -580.06
v 459.86 0.00 -586.99
v 461.71 0.00 -580.03
v 495.03 0.00 -587.95
v 495.20 0.00 -580.95
v 655.56 0.00 -591.12
v 655.70 0.00 -584.12
v 258.84 0.00 -625.99
v 265.84 0.00 -626.13
v 257.88 0.00 -674.22
v 264.88 0.00 -674.03
v 258.89 0.00 -687.47
v 265.91 0.00 -687.54
v 246.59 0.00 -812.21
v 253.56 0.00 -812.90
v 312.47 0.00 -532.40
v 319.46 0.00 -532.72
v 308.09 0.00 -626.63
v 315.08 0.00 -626.95
v 309.01 0.00 -624.42
v 314.16 0.00 -629.16
v 308.92 0.00 -624.51
v 312.37 0.00 -631.10
v 308.96 0.00 -624.51
v 309.30 0.00 -631.53
v 262.46 0.00 -622.56
v 262.22 0.00 -629.56
v 234.80 0.00 -621.86
v 234.62 0.00 -628.86
v 345.36 0.00 -529.60
v 345.24 0.00 -536.60
v 316.05 0.00 -529.06
v 315.87 0.00 -536.06
v 295.55 0.00 -528.36
v 295.31 0.00 -535.36
v 344.30 0.00 -481.42
v 351.29 0.00 -481.51
v 343.68 0.00 -530.65
v 350.65 0.00 -532.74
v 344.25 0.00 -529.76
v 348.78 0.00 -535.66
v 344.24 0.00 -529.77
v 346.36 0.00 -536.43
v 264.84 0.00 -626.17
v 259.84 0.00 -625.94
v 266.42 0.00 -591.69
v 261.43 0.00 -591.49
v 266.83 0.00 -579.65
v 261.84 0.00 -579.38
v 267.51 0.00 -570.56
v 262.52 0.00 -570.15
v 268.39 0.00 -560.93
v 263.82 0.00 -555.91
v 283.99 0.00 -560.99
v 284.01 0.00 -555.99
v 399.40 0.00 -483.42
v 406.39 0.00 -483.64
v 397.09 0.00 -557.99
v 404.08 0.00 -558.21
v 263.10 0.00 -690.93
v 261.69 0.00 -684.08
v 281.43 0.00 -687.17
v 279.11 0.00 -680.50
v 324.36 0.00 -665.41
v 320.74 0.00 -659.40
v 339.45 0.00 -654.78
v 336.22 0.00 -648.49
v 340.91 0.00 -654.27
v 339.73 0.00 -647.27
v 344.92 0.00 -654.27
v 345.48 0.00 -647.27
v 392.88 0.00 -661.98
v 393.99 0.00 -655.07
v 418.69 0.00 -666.07
v 419.79 0.00 -659.16
v 501.84 0.00 -703.07
v 508.75 0.00 -704.21
v 495.30 0.00 -742.57
v 502.20 0.00 -743.72
v 489.87 0.00 -775.26
v 496.77 0.00 -776.40
v 307.15 0.00 -627.62
v 314.14 0.00 -627.99
v 306.72 0.00 -635.85
v 313.72 0.00 -636.17
v 306.04 0.00 -653.03
v 313.03 0.00 -653.31
f 16652 16654 16653 16651
f 16654 16656 16655 16653
f 16656 16658 16657 16655
f 16660 16662 16661 16659
f 16662 16664 16663 16661
f 16664 16666 16665 16663
f 16668 16670 16669 16667
f 16672 16674 16673 16671
f 16674 16676 16675 16673
f 16676 16678 16677 16675
f 16678 16680 16679 16677
f 16682 16684 16683 16681
f 16684 16686 16685 16683
f 16688 16690 16689 16687
f 16690 16692 16691 16689
f 16692 16694 16693 16691
f 16696 16698 16697 16695
f 16698 16700 16699 16697
f 16700 16702 16701 16699
f 16702 16704 16703 16701
f 16704 16706 16705 16703
f 16708 16710 16709 16707
f 16712 16714 16713 16711
f 16714 16716 16715 16713
f 16716 16718 16717 16715
f 16718 16720 16719 16717
f 16720 16722 16721 16719
f 16722 16724 16723 16721
f 16724 16726 16725 16723
f 16728 16730 16729 16727
f 16730 16732 16731 16729
f 16734 16736 16735 16733
f 16736 16738 16737 16735
o Roads_-2_-4
v 495.82 0.00 -861.23
v 502.74 0.00 -862.26
v 485.39 0.00 -931.20
v 492.31 0.00 -932.23
v 471.75 0.00 -768.85
v 470.53 0.00 -775.74
v 436.04 0.00 -762.53
v 434.82 0.00 -769.43
v 307.59 0.00 -930.70
v 306.34 0.00 -937.58
v 286.76 0.00 -926.92
v 285.63 0.00 -933.82
v 256.85 0.00 -922.52
v 255.83 0.00 -929.44
v 318.10 0.00 -825.16
v 314.78 0.00 -831.32
v 313.64 0.00 -822.76
v 311.44 0.00 -829.53
v 309.69 0.00 -822.23
v 308.81 0.00 -829.17
v 258.81 0.00 -816.10
v 256.64 0.00 -822.89
v 254.42 0.00 -813.73
v 248.99 0.00 -818.74
v 253.28 0.00 -811.14
v 246.88 0.00 -813.97
v 322.30 0.00 -834.46
v 315.31 0.00 -834.81
v 322.03 0.00 -829.07
v 315.17 0.00 -831.99
v 318.99 0.00 -825.84
v 313.89 0.00 -830.64
v 406.51 0.00 -936.81
v 406.19 0.00 -943.81
v 358.84 0.00 -934.63
v 358.41 0.00 -941.61
v 307.23 0.00 -930.65
v 306.69 0.00 -937.63
v 315.34 0.00 -834.16
v 322.27 0.00 -835.11
v 308.63 0.00 -883.45
v 315.58 0.00 -884.31
v 305.80 0.00 -908.89
v 312.76 0.00 -909.61
v 303.48 0.00 -933.82
v 310.45 0.00 -934.47
v 449.38 0.00 -655.93
v 456.29 0.00 -657.03
v 441.58 0.00 -705.02
v 448.30 0.00 -707.36
v 440.72 0.00 -706.55
v 447.46 0.00 -708.86
v 433.64 0.00 -754.94
v 440.56 0.00 -755.99
v 431.98 0.00 -765.38
v 438.88 0.00 -766.58
v 424.62 0.00 -804.33
v 431.54 0.00 -805.43
v 420.56 0.00 -836.13
v 427.55 0.00 -836.70
v 418.75 0.00 -890.71
v 425.74 0.00 -891.10
v 415.86 0.00 -928.74
v 422.66 0.00 -931.51
v 412.15 0.00 -933.16
v 416.66 0.00 -938.68
v 404.67 0.00 -937.24
v 408.02 0.00 -943.38
f 16740 16742 16741 16739
f 16744 16746 16745 16743
f 16748 16750 16749 16747
f 16750 16752 16751 16749
f 16754 16756 16755 16753
f 16756 16758 16757 16755
f 16758 16760 16759 16757
f 16760 16762 16761 16759
f 16762 16764 16763 16761
f 16766 16768 16767 16765
f 16768 16770 16769 16767
f 16772 16774 16773 16771
f 16774 16776 16775 16773
f 16778 16780 16779 16777
f 16780 16782 16781 16779
f 16782 16784 16783 16781
f 16786 16788 16787 16785
f 16788 16790 16789 16787
f 16790 16792 16791 16789
f 16792 16794 16793 16791
f 16794 16796 16795 16793
f 16796 16798 16797 16795
f 16798 16800 16799 16797
f 16800 16802 16801 16799
f 16802 16804 16803 16801
f 16804 16806 16805 16803
o Roads_-2_-5
v 279.07 0.00 -1097.48
v 282.19 0.00 -1085.90
v 343.91 0.00 -1114.94
v 347.17 0.00 -1103.38
v 381.93 0.00 -1126.13
v 385.23 0.00 -1114.59
v 418.18 0.00 -1136.13
v 421.52 0.00 -1124.61
v 443.09 0.00 -1143.67
v 446.61 0.00 -1132.19
v 467.07 0.00 -1151.15
v 470.71 0.00 -1139.71
v 481.43 0.00 -1155.83
v 485.21 0.00 -1144.45
v 577.72 0.00 -1188.40
v 581.42 0.00 -1176.98
v 635.86 0.00 -1206.50
v 639.52 0.00 -1195.08
v 678.72 0.00 -1220.58
v 682.40 0.00 -1209.16
v 698.88 0.00 -1226.91
v 702.48 0.00 -1215.47
v 477.03 0.00 -1147.87
v 470.35 0.00 -1145.79
v 478.86 0.00 -1141.98
v 472.13 0.00 -1140.05
v 493.12 0.00 -1088.32
v 486.39 0.00 -1086.38
v 498.94 0.00 -1069.75
v 492.29 0.00 -1067.55
v 519.03 0.00 -1012.33
v 512.42 0.00 -1010.02
v 470.35 0.00 -1145.79
v 477.03 0.00 -1147.87
v 451.50 0.00 -1206.19
v 458.18 0.00 -1208.26
v 434.54 0.00 -1260.98
v 441.23 0.00 -1263.05
v 392.71 0.00 -1243.33
v 386.14 0.00 -1245.75
v 392.44 0.00 -1242.61
v 385.39 0.00 -1243.72
v 392.48 0.00 -1241.58
v 385.53 0.00 -1240.28
v 409.60 0.00 -1191.50
v 402.97 0.00 -1189.27
v 429.04 0.00 -1133.02
v 422.33 0.00 -1131.01
v 430.70 0.00 -1126.81
v 423.93 0.00 -1125.01
v 407.43 0.00 -1187.08
v 405.15 0.00 -1193.69
v 358.06 0.00 -1170.06
v 355.82 0.00 -1176.69
v 318.75 0.00 -1156.99
v 316.54 0.00 -1163.63
v 360.29 0.00 -1174.40
v 353.59 0.00 -1172.35
v 377.26 0.00 -1119.03
v 370.57 0.00 -1116.98
v 314.28 0.00 -1159.32
v 321.00 0.00 -1161.29
v 301.47 0.00 -1203.07
v 308.19 0.00 -1205.04
v 318.73 0.00 -1156.98
v 316.56 0.00 -1163.64
v 298.96 0.00 -1150.53
v 296.79 0.00 -1157.19
v 419.46 0.00 -1123.48
v 412.93 0.00 -1120.95
v 420.37 0.00 -1121.15
v 413.74 0.00 -1118.88
v 432.95 0.00 -1078.61
v 426.24 0.00 -1076.63
v 364.06 0.00 -1105.37
v 357.42 0.00 -1103.15
v 369.62 0.00 -1088.77
v 362.98 0.00 -1086.55
v 353.60 0.00 -1172.34
v 360.28 0.00 -1174.41
v 341.51 0.00 -1211.43
v 348.20 0.00 -1213.50
v 280.44 0.00 -1077.64
v 284.02 0.00 -1089.10
v 272.20 0.00 -1080.21
v 275.78 0.00 -1091.67
v 270.06 0.00 -1090.48
v 277.92 0.00 -1081.40
v 276.70 0.00 -1096.23
v 284.56 0.00 -1087.15
v 705.17 0.00 -1206.09
v 701.53 0.00 -1217.53
v 647.20 0.00 -1187.59
v 643.66 0.00 -1199.05
v 593.54 0.00 -1171.61
v 590.06 0.00 -1183.09
v 564.46 0.00 -1162.64
v 560.90 0.00 -1174.10
v 443.49 0.00 -1124.68
v 439.87 0.00 -1136.12
v 367.28 0.00 -1100.28
v 363.78 0.00 -1111.76
v 347.61 0.00 -1094.60
v 344.39 0.00 -1106.16
v 283.78 0.00 -1077.57
v 280.68 0.00 -1089.17
v 388.26 0.00 -1239.72
v 389.57 0.00 -1246.60
v 385.71 0.00 -1240.21
v 386.11 0.00 -1247.26
v 383.69 0.00 -1240.06
v 382.74 0.00 -1247.01
v 360.70 0.00 -1235.45
v 359.33 0.00 -1242.31
f 16808 16810 16809 16807
f 16810 16812 16811 16809
f 16812 16814 16813 16811
f 16814 16816 16815 16813
f 16816 16818 16817 16815
f 16818 16820 16819 16817
f 16820 16822 16821 16819
f 16822 16824 16823 16821
f 16824 16826 16825 16823
f 16826 16828 16827 16825
f 16830 16832 16831 16829
f 16832 16834 16833 16831
f 16834 16836 16835 16833
f 16836 16838 16837 16835
f 16840 16842 16841 16839
f 16842 16844 16843 16841
f 16846 16848 16847 16845
f 16848 16850 16849 16847
f 16850 16852 16851 16849
f 16852 16854 16853 16851
f 16854 16856 16855 16853
f 16858 16860 16859 16857
f 16860 16862 16861 16859
f 16864 16866 16865 16863
f 16868 16870 16869 16867
f 16872 16874 16873 16871
f 16876 16878 16877 16875
f 16878 16880 16879 16877
f 16882 16884 16883 16881
f 16886 16888 16887 16885
f 16890 16892 16891 16889
f 16894 16896 16895 16893
f 16898 16900 16899 16897
f 16900 16902 16901 16899
f 16902 16904 16903 16901
f 16904 16906 16905 16903
f 16906 16908 16907 16905
f 16908 16910 16909 16907
f 16910 16912 16911 16909
f 16914 16916 16915 16913
f 16916 16918 16917 16915
f 16918 16920 16919 16917
o Roads_-2_-6
v 168.17 0.00 -1474.13
v 166.68 0.00 -1467.29
v 231.93 0.00 -1460.25
v 230.44 0.00 -1453.41
v 261.58 0.00 -1453.80
v 260.09 0.00 -1446.96
v 285.61 0.00 -1448.57
v 284.12 0.00 -1441.73
v 387.55 0.00 -1247.50
v 391.30 0.00 -1241.59
v 390.98 0.00 -1249.67
v 394.02 0.00 -1243.31
v 436.79 0.00 -1265.34
v 438.98 0.00 -1258.69
v 497.63 0.00 -1284.80
v 499.62 0.00 -1278.09
v 542.67 0.00 -1297.11
v 544.01 0.00 -1290.22
v 546.68 0.00 -1297.58
v 547.50 0.00 -1290.63
v 535.92 0.00 -1481.41
v 536.81 0.00 -1486.33
v 496.82 0.00 -1488.52
v 497.71 0.00 -1493.44
v 468.83 0.00 -1493.61
v 469.69 0.00 -1498.54
v 439.64 0.00 -1498.48
v 440.46 0.00 -1503.41
v 298.62 0.00 -1464.79
v 297.83 0.00 -1459.85
v 306.36 0.00 -1463.54
v 305.75 0.00 -1458.58
v 312.74 0.00 -1463.00
v 312.12 0.00 -1458.03
v 327.91 0.00 -1460.48
v 327.09 0.00 -1455.55
v 512.86 0.00 -1548.46
v 506.01 0.00 -1549.89
v 500.69 0.00 -1490.26
v 493.84 0.00 -1491.70
v 356.97 0.00 -1261.56
v 361.74 0.00 -1256.43
v 360.30 0.00 -1264.66
v 364.82 0.00 -1259.30
v 365.96 0.00 -1269.00
v 369.87 0.00 -1263.17
v 371.21 0.00 -1272.05
v 374.75 0.00 -1266.02
v 377.63 0.00 -1275.85
v 380.75 0.00 -1269.56
v 381.96 0.00 -1277.62
v 384.20 0.00 -1270.98
v 392.23 0.00 -1280.39
v 394.01 0.00 -1273.62
v 397.71 0.00 -1281.79
v 399.44 0.00 -1275.01
v 356.60 0.00 -1238.11
v 363.43 0.00 -1239.65
v 355.95 0.00 -1240.99
v 362.88 0.00 -1242.08
v 355.57 0.00 -1245.26
v 362.59 0.00 -1245.33
v 355.83 0.00 -1249.00
v 362.80 0.00 -1248.32
v 356.61 0.00 -1255.22
v 363.66 0.00 -1255.18
v 356.49 0.00 -1256.30
v 363.38 0.00 -1257.68
v 356.20 0.00 -1257.30
v 362.50 0.00 -1260.70
v 354.82 0.00 -1258.92
v 360.47 0.00 -1263.08
v 352.30 0.00 -1262.91
v 358.83 0.00 -1265.68
v 351.58 0.00 -1265.85
v 358.39 0.00 -1267.49
v 348.91 0.00 -1277.13
v 355.72 0.00 -1278.72
v 346.73 0.00 -1286.62
v 353.54 0.00 -1288.23
v 342.32 0.00 -1304.79
v 349.19 0.00 -1306.15
v 340.90 0.00 -1313.93
v 347.83 0.00 -1314.90
v 340.20 0.00 -1319.44
v 347.16 0.00 -1320.25
v 339.62 0.00 -1324.97
v 346.58 0.00 -1325.77
v 339.02 0.00 -1329.86
v 345.96 0.00 -1330.72
f 16922 16924 16923 16921
f 16924 16926 16925 16923
f 16926 16928 16927 16925
f 16930 16932 16931 16929
f 16932 16934 16933 16931
f 16934 16936 16935 16933
f 16936 16938 16937 16935
f 16938 16940 16939 16937
f 16942 16944 16943 16941
f 16944 16946 16945 16943
f 16946 16948 16947 16945
f 16950 16952 16951 16949
f 16952 16954 16953 16951
f 16954 16956 16955 16953
f 16958 16960 16959 16957
f 16962 16964 16963 16961
f 16964 16966 16965 16963
f 16966 16968 16967 16965
f 16968 16970 16969 16967
f 16970 16972 16971 16969
f 16972 16974 16973 16971
f 16974 16976 16975 16973
f 16978 16980 16979 16977
f 16980 16982 16981 16979
f 16982 16984 16983 16981
f 16984 16986 16985 16983
f 16986 16988 16987 16985
f 16988 16990 16989 16987
f 16990 16992 16991 16989
f 16992 16994 16993 16991
f 16994 16996 16995 16993
f 16996 16998 16997 16995
f 16998 17000 16999 16997
f 17000 17002 17001 16999
f 17002 17004 17003 17001
f 17004 17006 17005 17003
f 17006 17008 17007 17005
f 17008 17010 17009 17007
o Roads_-2_-7
v 279.90 0.00 -1700.82
v 279.60 0.00 -1693.83
v 288.47 0.00 -1700.45
v 287.95 0.00 -1693.47
v 409.87 0.00 -1687.57
v 409.00 0.00 -1680.62
v 418.19 0.00 -1686.37
v 415.53 0.00 -1679.68
v 424.12 0.00 -1682.19
v 418.17 0.00 -1677.82
v 426.27 0.00 -1675.48
v 419.56 0.00 -1673.50
v 434.57 0.00 -1644.47
v 427.78 0.00 -1642.79
v 438.40 0.00 -1627.63
v 431.58 0.00 -1626.05
v 446.96 0.00 -1591.55
v 440.17 0.00 -1589.84
v 448.67 0.00 -1585.16
v 441.96 0.00 -1583.16
v 452.99 0.00 -1572.02
v 446.14 0.00 -1570.42
v 454.02 0.00 -1564.80
v 447.08 0.00 -1563.87
v 454.32 0.00 -1562.48
v 448.01 0.00 -1556.53
v 463.32 0.00 -1560.81
v 462.08 0.00 -1553.92
v 481.56 0.00 -1557.62
v 480.36 0.00 -1550.73
v 510.07 0.00 -1552.62
v 508.79 0.00 -1545.73
v 528.67 0.00 -1548.96
v 527.32 0.00 -1542.09
v 435.75 0.00 -1729.56
v 435.31 0.00 -1722.58
v 465.18 0.00 -1727.69
v 465.40 0.00 -1720.67
v 470.43 0.00 -1728.36
v 470.67 0.00 -1721.33
v 476.95 0.00 -1727.99
v 476.31 0.00 -1721.01
v 484.06 0.00 -1727.08
v 483.11 0.00 -1720.15
v 497.34 0.00 -1725.11
v 496.33 0.00 -1718.19
v 501.28 0.00 -1724.54
v 499.91 0.00 -1717.67
v 504.87 0.00 -1723.62
v 503.14 0.00 -1716.84
v 440.82 0.00 -1744.31
v 435.87 0.00 -1745.05
v 438.01 0.00 -1725.71
v 433.06 0.00 -1726.44
v 435.59 0.00 -1708.93
v 431.34 0.00 -1714.55
v 303.11 0.00 -1726.73
v 303.78 0.00 -1731.69
v 315.72 0.00 -1759.44
v 315.08 0.00 -1752.47
v 438.66 0.00 -1748.17
v 438.02 0.00 -1741.20
v 301.14 0.00 -1521.19
v 303.86 0.00 -1527.64
v 293.46 0.00 -1524.44
v 295.04 0.00 -1531.37
v 266.73 0.00 -1525.77
v 267.15 0.00 -1532.75
v 240.37 0.00 -1527.59
v 241.13 0.00 -1534.56
v 209.80 0.00 -1532.21
v 210.85 0.00 -1539.13
v 540.03 0.00 -1448.03
v 540.91 0.00 -1452.95
v 430.48 0.00 -1467.56
v 436.43 0.00 -1471.58
v 437.61 0.00 -1501.48
v 442.50 0.00 -1500.40
v 439.88 0.00 -1511.27
v 444.77 0.00 -1510.26
v 448.70 0.00 -1559.95
v 453.62 0.00 -1559.06
v 444.72 0.00 -1586.59
v 445.91 0.00 -1581.73
v 455.01 0.00 -1589.11
v 456.05 0.00 -1584.21
v 465.93 0.00 -1591.10
v 466.19 0.00 -1586.07
v 471.36 0.00 -1590.67
v 470.96 0.00 -1585.68
v 487.12 0.00 -1589.39
v 486.27 0.00 -1584.44
v 498.32 0.00 -1586.40
v 497.22 0.00 -1581.52
v 517.22 0.00 -1582.89
v 516.23 0.00 -1577.98
v 531.82 0.00 -1579.73
v 531.79 0.00 -1574.62
v 540.89 0.00 -1581.57
v 541.29 0.00 -1576.55
v 554.66 0.00 -1581.02
v 554.46 0.00 -1576.02
v 258.34 0.00 -1450.64
v 263.32 0.00 -1450.11
v 262.45 0.00 -1489.36
v 267.42 0.00 -1488.84
v 264.07 0.00 -1504.76
v 269.06 0.00 -1504.46
v 264.44 0.00 -1529.30
v 269.44 0.00 -1529.22
v 268.27 0.00 -1632.44
v 268.12 0.00 -1625.44
v 313.95 0.00 -1631.48
v 313.80 0.00 -1624.48
v 375.25 0.00 -1630.19
v 375.14 0.00 -1623.19
v 422.00 0.00 -1629.66
v 421.92 0.00 -1622.66
v 369.08 0.00 -1511.22
v 376.08 0.00 -1511.06
v 370.50 0.00 -1573.56
v 377.50 0.00 -1573.40
v 371.70 0.00 -1626.77
v 378.70 0.00 -1626.61
v 230.42 0.00 -1580.30
v 230.26 0.00 -1573.30
v 311.98 0.00 -1578.42
v 311.82 0.00 -1571.42
v 374.08 0.00 -1576.98
v 373.92 0.00 -1569.98
v 431.57 0.00 -1575.65
v 431.41 0.00 -1568.65
v 301.56 0.00 -1514.42
v 301.59 0.00 -1507.42
v 324.88 0.00 -1514.49
v 324.90 0.00 -1507.49
v 372.59 0.00 -1514.64
v 372.57 0.00 -1507.64
v 427.67 0.00 -1514.16
v 427.61 0.00 -1507.16
v 494.28 0.00 -1584.11
v 501.27 0.00 -1583.81
v 494.96 0.00 -1600.08
v 501.98 0.00 -1600.38
v 492.56 0.00 -1618.53
v 499.48 0.00 -1619.65
v 487.23 0.00 -1646.28
v 493.75 0.00 -1649.42
v 486.85 0.00 -1646.73
v 489.78 0.00 -1654.06
v 475.81 0.00 -1645.59
v 474.99 0.00 -1652.54
v 461.30 0.00 -1643.67
v 460.56 0.00 -1650.64
v 459.77 0.00 -1643.55
v 459.07 0.00 -1650.52
v 431.59 0.00 -1640.15
v 430.76 0.00 -1647.10
v 467.71 0.00 -1587.58
v 474.61 0.00 -1588.77
v 460.62 0.00 -1628.94
v 467.51 0.00 -1630.14
v 457.48 0.00 -1646.54
v 464.38 0.00 -1647.77
v 465.83 0.00 -1496.77
v 472.69 0.00 -1495.39
v 477.53 0.00 -1554.86
v 484.39 0.00 -1553.48
v 323.09 0.00 -1507.99
v 326.69 0.00 -1514.00
v 300.70 0.00 -1521.42
v 304.30 0.00 -1527.42
v 294.73 0.00 -1462.56
v 301.71 0.00 -1462.08
v 298.08 0.00 -1511.16
v 305.07 0.00 -1510.68
v 299.01 0.00 -1524.66
v 305.99 0.00 -1524.18
v 308.40 0.00 -1575.05
v 315.40 0.00 -1574.79
v 310.38 0.00 -1628.11
v 317.37 0.00 -1627.85
f 17012 17014 17013 17011
f 17014 17016 17015 17013
f 17016 17018 17017 17015
f 17018 17020 17019 17017
f 17020 17022 17021 17019
f 17022 17024 17023 17021
f 17024 17026 17025 17023
f 17026 17028 17027 17025
f 17028 17030 17029 17027
f 17030 17032 17031 17029
f 17032 17034 17033 17031
f 17034 17036 17035 17033
f 17036 17038 17037 17035
f 17038 17040 17039 17037
f 17040 17042 17041 17039
f 17042 17044 17043 17041
f 17046 17048 17047 17045
f 17048 17050 17049 17047
f 17050 17052 17051 17049
f 17052 17054 17053 17051
f 17054 17056 17055 17053
f 17056 17058 17057 17055
f 17058 17060 17059 17057
f 17062 17064 17063 17061
f 17064 17066 17065 17063
f 17066 17068 17067 17065
f 17070 17072 17071 17069
f 17074 17076 17075 17073
f 17076 17078 17077 17075
f 17078 17080 17079 17077
f 17080 17082 17081 17079
f 17084 17086 17085 17083
f 17086 17088 17087 17085
f 17088 17090 17089 17087
f 17090 17092 17091 17089
f 17094 17096 17095 17093
f 17096 17098 17097 17095
f 17098 17100 17099 17097
f 17100 17102 17101 17099
f 17102 17104 17103 17101
f 17104 17106 17105 17103
f 17106 17108 17107 17105
f 17108 17110 17109 17107
f 17110 17112 17111 17109
f 17114 17116 17115 17113
f 17116 17118 17117 17115
f 17118 17120 17119 17117
f 17122 17124 17123 17121
f 17124 17126 17125 17123
f 17126 17128 17127 17125
f 17130 17132 17131 17129
f 17132 17134 17133 17131
f 17136 17138 17137 17135
f 17138 17140 17139 17137
f 17140 17142 17141 17139
f 17144 17146 17145 17143
f 17146 17148 17147 17145
f 17148 17150 17149 17147
f 17152 17154 17153 17151
f 17154 17156 17155 17153
f 17156 17158 17157 17155
f 17158 17160 17159 17157
f 17160 17162 17161 17159
f 17162 17164 17163 17161
f 17164 17166 17165 17163
f 17166 17168 17167 17165
f 17170 17172 17171 17169
f 17172 17174 17173 17171
f 17176 17178 17177 17175
f 17180 17182 17181 17179
f 17184 17186 17185 17183
f 17186 17188 17187 17185
f 17190 17192 17191 17189
o Roads_-2_-8
v 685.85 0.00 -1974.08
v 683.84 0.00 -1980.78
v 481.87 0.00 -1912.98
v 479.86 0.00 -1919.69
v 211.15 0.00 -1839.14
v 212.46 0.00 -1832.27
v 318.99 0.00 -1859.68
v 320.30 0.00 -1852.80
v 208.72 0.00 -1883.13
v 209.58 0.00 -1878.20
v 261.80 0.00 -1892.35
v 262.64 0.00 -1887.42
v 310.80 0.00 -1900.55
v 311.63 0.00 -1895.61
v 331.22 0.00 -1818.89
v 330.59 0.00 -1811.92
v 391.45 0.00 -1813.46
v 390.82 0.00 -1806.49
v 325.42 0.00 -1789.70
v 324.77 0.00 -1782.73
v 348.73 0.00 -1787.54
v 348.06 0.00 -1780.57
v 422.48 0.00 -1780.35
v 421.80 0.00 -1773.39
f 17194 17196 17195 17193
f 17198 17200 17199 17197
f 17202 17204 17203 17201
f 17204 17206 17205 17203
f 17208 17210 17209 17207
f 17212 17214 17213 17211
f 17214 17216 17215 17213
o Roads_-2_-9
v 285.87 0.00 -2062.07
v 290.19 0.00 -2050.87
v 374.39 0.00 -2096.20
v 378.75 0.00 -2085.02
v 409.14 0.00 -2109.84
v 413.62 0.00 -2098.70
v 423.79 0.00 -2115.86
v 428.53 0.00 -2104.84
v 433.29 0.00 -2120.14
v 438.37 0.00 -2109.26
v 442.70 0.00 -2124.68
v 448.00 0.00 -2113.92
v 507.58 0.00 -2157.34
v 512.90 0.00 -2146.58
v 531.16 0.00 -2168.77
v 536.22 0.00 -2157.89
v 546.14 0.00 -2175.41
v 550.88 0.00 -2164.39
v 561.20 0.00 -2181.68
v 565.72 0.00 -2170.56
v 618.98 0.00 -2204.71
v 623.42 0.00 -2193.57
v 255.34 0.00 -2249.47
v 249.48 0.00 -2245.65
v 279.58 0.00 -2212.24
v 273.75 0.00 -2208.37
v 300.86 0.00 -2180.82
v 295.06 0.00 -2176.90
v 321.81 0.00 -2149.86
v 316.02 0.00 -2145.94
v 342.34 0.00 -2119.54
v 336.55 0.00 -2115.62
v 362.14 0.00 -2090.30
v 356.34 0.00 -2086.39
v 364.57 0.00 -2086.71
v 358.76 0.00 -2082.79
v 127.84 0.00 -2041.61
v 129.22 0.00 -2034.75
v 276.63 0.00 -2071.38
v 278.00 0.00 -2064.51
v 441.64 0.00 -2184.91
v 437.63 0.00 -2190.64
v 341.45 0.00 -2114.71
v 337.44 0.00 -2120.45
v 420.71 0.00 -2215.75
v 416.67 0.00 -2221.46
v 320.94 0.00 -2145.04
v 316.89 0.00 -2150.76
v 462.54 0.00 -2153.70
v 458.63 0.00 -2159.51
v 361.20 0.00 -2085.44
v 357.29 0.00 -2091.25
v 492.58 0.00 -2268.92
v 488.54 0.00 -2274.63
v 419.60 0.00 -2217.38
v 415.56 0.00 -2223.10
v 274.74 0.00 -2213.23
v 278.59 0.00 -2207.39
v 277.56 0.00 -2215.09
v 281.44 0.00 -2209.26
v 318.11 0.00 -2242.34
v 322.00 0.00 -2236.52
v 398.61 0.00 -2295.65
v 402.48 0.00 -2289.81
v 513.35 0.00 -2235.55
v 509.52 0.00 -2241.41
v 439.75 0.00 -2187.50
v 435.92 0.00 -2193.36
v 535.77 0.00 -2203.11
v 532.09 0.00 -2209.06
v 460.59 0.00 -2156.67
v 456.91 0.00 -2162.62
v 552.48 0.00 -2154.03
v 547.22 0.00 -2164.81
v 460.98 0.00 -2109.35
v 455.78 0.00 -2120.17
v 445.95 0.00 -2102.26
v 440.95 0.00 -2113.16
v 431.01 0.00 -2095.61
v 426.29 0.00 -2106.65
v 416.22 0.00 -2089.51
v 411.72 0.00 -2100.63
v 372.36 0.00 -2072.05
v 368.00 0.00 -2083.23
v 306.47 0.00 -2046.94
v 302.13 0.00 -2058.12
v 284.62 0.00 -2038.29
v 280.20 0.00 -2049.45
v 278.53 0.00 -2059.79
v 282.11 0.00 -2048.33
v 286.24 0.00 -2062.20
v 289.82 0.00 -2050.74
v 291.52 0.00 -1961.12
v 303.32 0.00 -1963.32
v 274.42 0.00 -2052.96
v 286.22 0.00 -2055.16
f 17218 17220 17219 17217
f 17220 17222 17221 17219
f 17222 17224 17223 17221
f 17224 17226 17225 17223
f 17226 17228 17227 17225
f 17228 17230 17229 17227
f 17230 17232 17231 17229
f 17232 17234 17233 17231
f 17234 17236 17235 17233
f 17236 17238 17237 17235
f 17240 17242 17241 17239
f 17242 17244 17243 17241
f 17244 17246 17245 17243
f 17246 17248 17247 17245
f 17248 17250 17249 17247
f 17250 17252 17251 17249
f 17254 17256 17255 17253
f 17258 17260 17259 17257
f 17262 17264 17263 17261
f 17266 17268 17267 17265
f 17270 17272 17271 17269
f 17274 17276 17275 17273
f 17276 17278 17277 17275
f 17278 17280 17279 17277
f 17282 17284 17283 17281
f 17286 17288 17287 17285
f 17290 17292 17291 17289
f 17292 17294 17293 17291
f 17294 17296 17295 17293
f 17296 17298 17297 17295
f 17298 17300 17299 17297
f 17300 17302 17301 17299
f 17302 17304 17303 17301
f 17306 17308 17307 17305
f 17310 17312 17311 17309
o Roads_-3_+0
v 353.14 0.00 30.62
v 353.17 0.00 37.62
v 502.54 0.00 29.94
v 502.57 0.00 36.94
v 723.56 0.00 -149.68
v 711.56 0.00 -149.20
v 725.09 0.00 -111.30
v 713.09 0.00 -110.98
v 725.90 0.00 -50.44
v 713.90 0.00 -50.14
v 727.03 0.00 -20.05
v 715.05 0.00 -19.51
v 728.17 0.00 0.84
v 716.19 0.00 1.58
v 729.73 0.00 23.83
v 717.77 0.00 24.77
v 731.74 0.00 46.74
v 719.80 0.00 47.88
v 734.06 0.00 69.16
v 722.12 0.00 70.40
v 508.56 0.00 33.32
v 496.56 0.00 33.56
v 508.79 0.00 44.52
v 496.79 0.00 44.60
v 508.73 0.00 53.78
v 496.73 0.00 53.46
v 507.71 0.00 75.78
v 495.73 0.00 75.04
v 505.61 0.00 102.44
v 493.65 0.00 101.36
v 500.19 0.00 155.18
v 488.23 0.00 154.14
v 499.42 0.00 166.13
v 487.42 0.00 165.63
v 499.35 0.00 171.59
v 487.35 0.00 171.89
v 499.69 0.00 177.02
v 487.75 0.00 178.36
v 500.55 0.00 182.26
v 488.83 0.00 184.98
v 502.03 0.00 187.16
v 490.83 0.00 191.56
v 504.20 0.00 191.60
v 493.88 0.00 197.82
v 507.08 0.00 195.53
v 498.00 0.00 203.45
v 510.60 0.00 198.93
v 502.96 0.00 208.23
v 514.69 0.00 201.77
v 508.51 0.00 212.09
v 519.25 0.00 204.09
v 514.37 0.00 215.07
v 524.12 0.00 205.96
v 520.24 0.00 217.32
v 529.17 0.00 207.47
v 525.99 0.00 219.05
v 534.30 0.00 208.75
v 531.64 0.00 220.45
v 596.32 0.00 221.46
v 593.84 0.00 233.20
v 731.42 0.00 250.66
v 728.98 0.00 262.42
v 747.02 0.00 253.74
v 744.78 0.00 265.54
v 767.73 0.00 257.51
v 765.69 0.00 269.33
v 811.70 0.00 264.69
v 809.56 0.00 276.49
v 817.76 0.00 265.90
v 815.14 0.00 277.62
v 823.91 0.00 267.42
v 820.67 0.00 278.98
v 830.11 0.00 269.38
v 825.99 0.00 280.66
v 836.24 0.00 271.92
v 831.06 0.00 282.76
v 842.11 0.00 275.11
v 835.77 0.00 285.33
v 847.55 0.00 278.93
v 840.11 0.00 288.37
v 852.48 0.00 283.30
v 844.08 0.00 291.88
v 856.85 0.00 288.03
v 847.73 0.00 295.83
v 860.72 0.00 292.93
v 851.10 0.00 300.09
v 864.21 0.00 297.90
v 854.21 0.00 304.54
v 870.35 0.00 307.67
v 860.07 0.00 313.87
v 875.97 0.00 317.37
v 865.51 0.00 323.27
v 881.12 0.00 326.76
v 870.52 0.00 332.40
v 889.85 0.00 343.72
v 879.19 0.00 349.22
v 521.45 0.00 -3.18
v 514.58 0.00 -1.84
v 524.28 0.00 11.32
v 517.39 0.00 12.54
v 525.30 0.00 17.68
v 518.37 0.00 18.67
v 526.92 0.00 30.59
v 519.97 0.00 31.40
v 528.50 0.00 45.35
v 521.54 0.00 46.10
v 505.09 0.00 -17.05
v 493.11 0.00 -16.23
v 508.55 0.00 33.03
v 496.57 0.00 33.85
f 17314 17316 17315 17313
f 17318 17320 17319 17317
f 17320 17322 17321 17319
f 17322 17324 17323 17321
f 17324 17326 17325 17323
f 17326 17328 17327 17325
f 17328 17330 17329 17327
f 17330 17332 17331 17329
f 17334 17336 17335 17333
f 17336 17338 17337 17335
f 17338 17340 17339 17337
f 17340 17342 17341 17339
f 17342 17344 17343 17341
f 17344 17346 17345 17343
f 17346 17348 17347 17345
f 17348 17350 17349 17347
f 17350 17352 17351 17349
f 17352 17354 17353 17351
f 17354 17356 17355 17353
f 17356 17358 17357 17355
f 17358 17360 17359 17357
f 17360 17362 17361 17359
f 17362 17364 17363 17361
f 17364 17366 17365 17363
f 17366 17368 17367 17365
f 17368 17370 17369 17367
f 17370 17372 17371 17369
f 17372 17374 17373 17371
f 17374 17376 17375 17373
f 17376 17378 17377 17375
f 17378 17380 17379 17377
f 17380 17382 17381 17379
f 17382 17384 17383 17381
f 17384 17386 17385 17383
f 17386 17388 17387 17385
f 17388 17390 17389 17387
f 17390 17392 17391 17389
f 17392 17394 17393 17391
f 17394 17396 17395 17393
f 17396 17398 17397 17395
f 17398 17400 17399 17397
f 17400 17402 17401 17399
f 17402 17404 17403 17401
f 17404 17406 17405 17403
f 17406 17408 17407 17405
f 17410 17412 17411 17409
f 17412 17414 17413 17411
f 17414 17416 17415 17413
f 17416 17418 17417 17415
f 17420 17422 17421 17419
o Roads_-3_+1
v 251.91 0.00 435.25
v 252.29 0.00 442.24
v 645.64 0.00 413.85
v 644.91 0.00 420.90
v 659.75 0.00 417.63
v 657.01 0.00 424.15
v 672.31 0.00 425.05
v 667.38 0.00 430.27
v 680.55 0.00 437.32
v 674.42 0.00 440.74
v 685.73 0.00 448.75
v 679.03 0.00 450.93
v 701.53 0.00 525.40
v 694.68 0.00 526.82
f 17424 17426 17425 17423
f 17426 17428 17427 17425
f 17428 17430 17429 17427
f 17430 17432 17431 17429
f 17432 17434 17433 17431
f 17434 17436 17435 17433
o Roads_-3_+3
v 28.67 0.00 433.85
v 28.69 0.00 445.85
v 55.54 0.00 433.79
v 55.70 0.00 445.79
v 81.63 0.00 433.14
v 82.01 0.00 445.14
v 149.50 0.00 430.59
v 150.04 0.00 442.57
v 206.74 0.00 427.59
v 207.22 0.00 439.59
v 217.75 0.00 427.29
v 217.79 0.00 439.29
v 223.55 0.00 427.42
v 222.91 0.00 439.40
v 229.46 0.00 427.91
v 227.98 0.00 439.83
v 235.44 0.00 428.90
v 232.94 0.00 440.64
v 241.39 0.00 430.46
v 237.73 0.00 441.90
v 247.17 0.00 432.65
v 242.29 0.00 443.63
v 252.63 0.00 435.44
v 246.61 0.00 445.84
v 257.65 0.00 438.70
v 250.67 0.00 448.48
v 262.25 0.00 442.30
v 254.49 0.00 451.48
v 266.42 0.00 446.11
v 258.14 0.00 454.79
v 270.31 0.00 449.99
v 261.67 0.00 458.31
v 322.96 0.00 507.03
v 314.08 0.00 515.09
v 340.30 0.00 526.43
v 331.26 0.00 534.33
v 496.46 0.00 708.76
v 487.24 0.00 716.44
v 503.16 0.00 717.05
v 493.62 0.00 724.35
v 509.69 0.00 726.06
v 499.75 0.00 732.80
v 512.87 0.00 731.09
v 502.53 0.00 737.21
v 515.81 0.00 736.42
v 505.13 0.00 741.90
v 518.48 0.00 742.04
v 507.46 0.00 746.82
v 520.78 0.00 747.89
v 509.48 0.00 751.93
v 522.69 0.00 753.82
v 511.17 0.00 757.18
v 524.25 0.00 759.79
v 512.53 0.00 762.43
v 526.39 0.00 771.13
v 514.55 0.00 773.05
v 527.85 0.00 781.87
v 515.93 0.00 783.33
v 548.52 0.00 970.14
v 536.60 0.00 971.50
v 558.41 0.00 1053.71
v 546.49 0.00 1055.09
v 567.95 0.00 1137.40
v 556.03 0.00 1138.84
v 571.16 0.00 1162.85
v 559.26 0.00 1164.41
v 578.38 0.00 1215.59
v 566.50 0.00 1217.27
v 581.55 0.00 1237.27
v 569.69 0.00 1239.09
v 605.06 0.00 1382.97
v 593.24 0.00 1385.07
v 608.11 0.00 1398.78
v 596.39 0.00 1401.34
v 611.77 0.00 1413.75
v 600.15 0.00 1416.79
v 644.62 0.00 1531.06
v 633.04 0.00 1534.22
v 679.08 0.00 1660.50
v 667.46 0.00 1663.50
v 681.78 0.00 1671.21
v 670.10 0.00 1673.99
v 684.20 0.00 1681.95
v 672.44 0.00 1684.39
v 687.14 0.00 1697.44
v 675.34 0.00 1699.60
v 706.51 0.00 1808.23
v 694.67 0.00 1810.23
v 709.00 0.00 1823.62
v 697.10 0.00 1825.26
v 710.17 0.00 1833.93
v 698.21 0.00 1835.03
v 710.54 0.00 1839.24
v 698.54 0.00 1839.76
v 710.82 0.00 1854.64
v 698.82 0.00 1854.64
v 708.15 0.00 1988.10
v 696.15 0.00 1987.94
v 708.07 0.00 1998.26
v 696.07 0.00 1998.30
v 708.23 0.00 2008.33
v 696.23 0.00 2008.71
v 708.70 0.00 2018.38
v 696.72 0.00 2019.08
v 709.41 0.00 2028.46
v 697.45 0.00 2029.38
v 720.45 0.00 2160.83
v 708.49 0.00 2161.83
f 17438 17440 17439 17437
f 17440 17442 17441 17439
f 17442 17444 17443 17441
f 17444 17446 17445 17443
f 17446 17448 17447 17445
f 17448 17450 17449 17447
f 17450 17452 17451 17449
f 17452 17454 17453 17451
f 17454 17456 17455 17453
f 17456 17458 17457 17455
f 17458 17460 17459 17457
f 17460 17462 17461 17459
f 17462 17464 17463 17461
f 17464 17466 17465 17463
f 17466 17468 17467 17465
f 17468 17470 17469 17467
f 17470 17472 17471 17469
f 17472 17474 17473 17471
f 17474 17476 17475 17473
f 17476 17478 17477 17475
f 17478 17480 17479 17477
f 17480 17482 17481 17479
f 17482 17484 17483 17481
f 17484 17486 17485 17483
f 17486 17488 17487 17485
f 17488 17490 17489 17487
f 17490 17492 17491 17489
f 17492 17494 17493 17491
f 17494 17496 17495 17493
f 17496 17498 17497 17495
f 17498 17500 17499 17497
f 17500 17502 17501 17499
f 17502 17504 17503 17501
f 17504 17506 17505 17503
f 17506 17508 17507 17505
f 17508 17510 17509 17507
f 17510 17512 17511 17509
f 17512 17514 17513 17511
f 17514 17516 17515 17513
f 17516 17518 17517 17515
f 17518 17520 17519 17517
f 17520 17522 17521 17519
f 17522 17524 17523 17521
f 17524 17526 17525 17523
f 17526 17528 17527 17525
f 17528 17530 17529 17527
f 17530 17532 17531 17529
f 17532 17534 17533 17531
f 17534 17536 17535 17533
f 17536 17538 17537 17535
f 17538 17540 17539 17537
f 17540 17542 17541 17539
f 17542 17544 17543 17541
o Roads_-3_-1
v 486.58 0.00 -181.42
v 486.77 0.00 -174.43
v 544.48 0.00 -183.03
v 544.67 0.00 -176.03
v 717.35 0.00 -187.80
v 717.54 0.00 -180.81
v 483.17 0.00 -217.22
v 483.58 0.00 -210.23
v 529.24 0.00 -219.90
v 529.48 0.00 -212.91
v 540.03 0.00 -220.00
v 540.10 0.00 -213.00
v 717.28 0.00 -221.67
v 717.34 0.00 -214.67
v 600.95 0.00 -146.83
v 593.96 0.00 -146.66
v 601.87 0.00 -108.97
v 594.87 0.00 -108.80
v 602.65 0.00 -76.32
v 595.70 0.00 -74.42
v 604.52 0.00 -72.97
v 597.39 0.00 -71.38
v 603.21 0.00 -54.23
v 596.18 0.00 -54.11
v 604.53 0.00 -41.21
v 597.55 0.00 -40.73
v 605.09 0.00 -26.17
v 598.09 0.00 -26.20
v 604.29 0.00 -8.64
v 597.30 0.00 -8.96
v 601.19 0.00 -37.47
v 600.89 0.00 -44.46
v 519.37 0.00 -33.94
v 519.07 0.00 -40.94
v 599.38 0.00 -71.87
v 598.97 0.00 -78.86
v 500.96 0.00 -66.18
v 500.55 0.00 -73.17
v 498.21 0.00 -20.03
v 499.98 0.00 -13.26
v 505.04 0.00 -21.81
v 506.18 0.00 -14.88
v 515.64 0.00 -22.56
v 510.55 0.00 -15.19
v 520.56 0.00 -6.19
v 515.47 0.00 1.17
v 566.75 0.00 -9.33
v 566.98 0.00 -2.33
v 589.34 0.00 -9.33
v 589.25 0.00 -2.33
v 593.90 0.00 -9.21
v 595.06 0.00 -2.18
v 596.41 0.00 -10.13
v 599.56 0.00 -3.83
v 597.97 0.00 -11.14
v 601.79 0.00 -5.27
v 598.82 0.00 -11.69
v 602.77 0.00 -5.91
v 602.08 0.00 -14.03
v 605.16 0.00 -7.62
v 605.56 0.00 -15.01
v 607.33 0.00 -8.23
v 609.94 0.00 -16.06
v 611.14 0.00 -9.15
v 619.47 0.00 -17.07
v 619.86 0.00 -10.07
v 721.24 0.00 -17.61
v 721.28 0.00 -10.61
v 723.06 0.00 -290.45
v 711.06 0.00 -290.41
v 723.56 0.00 -149.46
v 711.56 0.00 -149.42
v 541.10 0.00 -179.08
v 548.05 0.00 -179.97
v 536.71 0.00 -213.41
v 543.68 0.00 -214.02
v 536.56 0.00 -216.39
v 543.56 0.00 -216.62
v 536.49 0.00 -220.20
v 543.49 0.00 -220.26
v 536.49 0.00 -226.88
v 543.49 0.00 -226.48
v 539.52 0.00 -253.25
v 546.47 0.00 -252.45
f 17546 17548 17547 17545
f 17548 17550 17549 17547
f 17552 17554 17553 17551
f 17554 17556 17555 17553
f 17556 17558 17557 17555
f 17560 17562 17561 17559
f 17562 17564 17563 17561
f 17564 17566 17565 17563
f 17566 17568 17567 17565
f 17568 17570 17569 17567
f 17570 17572 17571 17569
f 17572 17574 17573 17571
f 17576 17578 17577 17575
f 17580 17582 17581 17579
f 17584 17586 17585 17583
f 17586 17588 17587 17585
f 17588 17590 17589 17587
f 17590 17592 17591 17589
f 17592 17594 17593 17591
f 17594 17596 17595 17593
f 17596 17598 17597 17595
f 17598 17600 17599 17597
f 17600 17602 17601 17599
f 17602 17604 17603 17601
f 17604 17606 17605 17603
f 17606 17608 17607 17605
f 17608 17610 17609 17607
f 17610 17612 17611 17609
f 17614 17616 17615 17613
f 17618 17620 17619 17617
f 17620 17622 17621 17619
f 17622 17624 17623 17621
f 17624 17626 17625 17623
f 17626 17628 17627 17625
o Roads_-3_-10
v 728.96 0.00 -2239.27
v 734.60 0.00 -2243.42
v 704.86 0.00 -2272.04
v 710.50 0.00 -2276.18
v 701.32 0.00 -2276.85
v 706.96 0.00 -2280.99
v 668.87 0.00 -2320.95
v 674.51 0.00 -2325.10
v 667.11 0.00 -2323.34
v 672.74 0.00 -2327.49
v 666.65 0.00 -2520.20
v 662.54 0.00 -2525.87
v 640.64 0.00 -2501.31
v 636.87 0.00 -2507.23
v 620.93 0.00 -2490.37
v 617.40 0.00 -2496.41
v 570.92 0.00 -2459.64
v 567.13 0.00 -2465.52
v 520.90 0.00 -2425.76
v 516.97 0.00 -2431.56
v 641.55 0.00 -2506.38
v 635.96 0.00 -2502.16
v 665.52 0.00 -2474.64
v 659.94 0.00 -2470.42
v 684.37 0.00 -2449.70
v 678.79 0.00 -2445.48
v 693.49 0.00 -2437.62
v 687.91 0.00 -2433.40
v 722.96 0.00 -2398.62
v 717.38 0.00 -2394.40
v 625.29 0.00 -2385.74
v 629.76 0.00 -2380.35
v 688.47 0.00 -2438.21
v 692.94 0.00 -2432.82
v 596.08 0.00 -2324.70
v 592.76 0.00 -2330.86
v 557.85 0.00 -2304.12
v 554.67 0.00 -2310.36
v 544.87 0.00 -2297.86
v 541.97 0.00 -2304.23
v 535.66 0.00 -2293.90
v 533.17 0.00 -2300.45
v 519.66 0.00 -2288.57
v 517.96 0.00 -2295.38
v 507.88 0.00 -2286.56
v 506.70 0.00 -2293.46
v 500.54 0.00 -2285.31
v 499.36 0.00 -2292.21
v 498.21 0.00 -2284.91
v 497.27 0.00 -2291.85
v 487.32 0.00 -2283.82
v 486.62 0.00 -2290.78
v 633.47 0.00 -2374.35
v 629.95 0.00 -2380.40
v 608.10 0.00 -2359.60
v 604.36 0.00 -2365.52
v 582.87 0.00 -2342.33
v 578.92 0.00 -2348.11
v 611.94 0.00 -2404.11
v 607.92 0.00 -2409.84
v 557.03 0.00 -2365.59
v 553.01 0.00 -2371.32
v 591.45 0.00 -2431.75
v 587.64 0.00 -2437.62
v 539.05 0.00 -2397.70
v 535.23 0.00 -2403.57
v 655.10 0.00 -2234.99
v 660.76 0.00 -2239.12
v 621.81 0.00 -2280.68
v 627.50 0.00 -2284.76
v 618.05 0.00 -2286.01
v 623.77 0.00 -2290.05
v 610.06 0.00 -2297.32
v 615.78 0.00 -2301.36
v 773.47 0.00 -2432.61
v 769.23 0.00 -2438.18
v 761.10 0.00 -2423.21
v 756.86 0.00 -2428.78
v 722.29 0.00 -2393.73
v 718.05 0.00 -2399.30
v 656.49 0.00 -2343.77
v 652.26 0.00 -2349.34
v 664.87 0.00 -2469.77
v 660.58 0.00 -2475.30
v 600.53 0.00 -2419.90
v 596.24 0.00 -2425.43
v 734.99 0.00 -2483.94
v 730.75 0.00 -2489.50
v 683.70 0.00 -2444.81
v 679.45 0.00 -2450.37
v 500.17 0.00 -2459.80
v 494.46 0.00 -2455.74
v 510.97 0.00 -2444.61
v 505.35 0.00 -2440.44
v 521.77 0.00 -2430.71
v 516.09 0.00 -2426.61
v 532.67 0.00 -2414.44
v 526.79 0.00 -2410.64
v 540.23 0.00 -2402.30
v 534.05 0.00 -2398.98
v 549.25 0.00 -2382.66
v 543.16 0.00 -2379.14
v 557.86 0.00 -2370.49
v 552.18 0.00 -2366.41
v 569.66 0.00 -2354.33
v 563.88 0.00 -2350.37
v 573.79 0.00 -2347.90
v 568.80 0.00 -2342.72
v 575.44 0.00 -2346.93
v 573.53 0.00 -2339.93
v 576.29 0.00 -2346.93
v 577.85 0.00 -2339.93
v 579.41 0.00 -2348.39
v 582.38 0.00 -2342.05
v 673.68 0.00 -2320.14
v 669.70 0.00 -2325.91
v 638.67 0.00 -2296.03
v 634.69 0.00 -2301.79
v 622.89 0.00 -2285.15
v 618.92 0.00 -2290.91
v 667.11 0.00 -2323.34
v 672.75 0.00 -2327.49
v 651.56 0.00 -2344.48
v 657.20 0.00 -2348.63
v 628.89 0.00 -2375.30
v 634.53 0.00 -2379.45
v 624.71 0.00 -2380.97
v 630.34 0.00 -2385.12
v 607.11 0.00 -2404.90
v 612.75 0.00 -2409.05
v 595.56 0.00 -2420.59
v 601.20 0.00 -2424.74
v 586.72 0.00 -2432.61
v 592.36 0.00 -2436.76
v 566.20 0.00 -2460.51
v 571.84 0.00 -2464.66
v 553.05 0.00 -2478.39
v 558.69 0.00 -2482.54
v 545.05 0.00 -2489.26
v 550.69 0.00 -2493.41
v 529.06 0.00 -2511.00
v 534.69 0.00 -2515.15
v 639.50 0.00 -2300.98
v 633.86 0.00 -2296.84
v 655.84 0.00 -2278.76
v 650.20 0.00 -2274.61
v 569.94 0.00 -2246.28
v 576.07 0.00 -2249.68
v 558.07 0.00 -2267.68
v 564.19 0.00 -2271.09
v 540.37 0.00 -2299.34
v 546.48 0.00 -2302.75
v 591.65 0.00 -2325.64
v 597.19 0.00 -2329.93
v 578.13 0.00 -2343.07
v 583.66 0.00 -2347.36
v 597.40 0.00 -2329.62
v 591.44 0.00 -2325.94
v 602.35 0.00 -2321.62
v 600.24 0.00 -2311.72
v 623.10 0.00 -2335.74
v 627.04 0.00 -2329.95
v 568.13 0.00 -2349.13
v 565.41 0.00 -2355.58
v 531.96 0.00 -2333.87
v 529.82 0.00 -2340.56
v 508.46 0.00 -2328.62
v 506.94 0.00 -2335.45
v 614.17 0.00 -2297.18
v 611.67 0.00 -2301.51
v 562.38 0.00 -2267.22
v 559.88 0.00 -2271.55
v 591.91 0.00 -2263.37
v 594.73 0.00 -2259.24
v 623.24 0.00 -2284.79
v 626.06 0.00 -2280.66
v 604.24 0.00 -2318.57
v 598.35 0.00 -2314.77
v 608.26 0.00 -2312.33
v 602.41 0.00 -2308.47
v 614.27 0.00 -2303.40
v 608.56 0.00 -2299.36
v 615.74 0.00 -2301.43
v 610.11 0.00 -2297.26
v 505.44 0.00 -2330.97
v 509.96 0.00 -2333.11
v 499.83 0.00 -2342.81
v 504.35 0.00 -2344.95
v 709.92 0.00 -2271.42
v 705.43 0.00 -2276.79
v 684.78 0.00 -2250.42
v 680.61 0.00 -2256.05
v 659.85 0.00 -2234.13
v 656.02 0.00 -2239.99
f 17630 17632 17631 17629
f 17632 17634 17633 17631
f 17634 17636 17635 17633
f 17636 17638 17637 17635
f 17640 17642 17641 17639
f 17642 17644 17643 17641
f 17644 17646 17645 17643
f 17646 17648 17647 17645
f 17650 17652 17651 17649
f 17652 17654 17653 17651
f 17654 17656 17655 17653
f 17656 17658 17657 17655
f 17660 17662 17661 17659
f 17664 17666 17665 17663
f 17666 17668 17667 17665
f 17668 17670 17669 17667
f 17670 17672 17671 17669
f 17672 17674 17673 17671
f 17674 17676 17675 17673
f 17676 17678 17677 17675
f 17678 17680 17679 17677
f 17682 17684 17683 17681
f 17684 17686 17685 17683
f 17688 17690 17689 17687
f 17692 17694 17693 17691
f 17696 17698 17697 17695
f 17698 17700 17699 17697
f 17700 17702 17701 17699
f 17704 17706 17705 17703
f 17706 17708 17707 17705
f 17708 17710 17709 17707
f 17712 17714 17713 17711
f 17716 17718 17717 17715
f 17720 17722 17721 17719
f 17722 17724 17723 17721
f 17724 17726 17725 17723
f 17726 17728 17727 17725
f 17728 17730 17729 17727
f 17730 17732 17731 17729
f 17732 17734 17733 17731
f 17734 17736 17735 17733
f 17736 17738 17737 17735
f 17738 17740 17739 17737
f 17740 17742 17741 17739
f 17744 17746 17745 17743
f 17746 17748 17747 17745
f 17750 17752 17751 17749
f 17752 17754 17753 17751
f 17754 17756 17755 17753
f 17756 17758 17757 17755
f 17758 17760 17759 17757
f 17760 17762 17761 17759
f 17762 17764 17763 17761
f 17764 17766 17765 17763
f 17766 17768 17767 17765
f 17768 17770 17769 17767
f 17772 17774 17773 17771
f 17776 17778 17777 17775
f 17778 17780 17779 17777
f 17782 17784 17783 17781
f 17786 17788 17787 17785
f 17788 17790 17789 17787
f 17792 17794 17793 17791
f 17794 17796 17795 17793
f 17798 17800 17799 17797
f 17802 17804 17803 17801
f 17806 17808 17807 17805
f 17808 17810 17809 17807
f 17810 17812 17811 17809
f 17814 17816 17815 17813
f 17818 17820 17819 17817
f 17820 17822 17821 17819
o Roads_-3_-11
v 815.15 0.00 -2637.51
v 820.69 0.00 -2641.80
v 776.11 0.00 -2687.87
v 781.64 0.00 -2692.16
v 765.12 0.00 -2702.04
v 770.66 0.00 -2706.33
v 742.19 0.00 -2731.62
v 747.72 0.00 -2735.91
v 730.89 0.00 -2746.21
v 736.42 0.00 -2750.49
v 706.58 0.00 -2777.56
v 712.11 0.00 -2781.85
v 696.17 0.00 -2790.99
v 701.71 0.00 -2795.28
v 682.99 0.00 -2807.99
v 688.52 0.00 -2812.28
v 632.47 0.00 -2773.08
v 627.02 0.00 -2768.69
v 656.10 0.00 -2743.81
v 651.17 0.00 -2738.78
v 657.59 0.00 -2742.66
v 653.63 0.00 -2736.86
v 662.41 0.00 -2739.79
v 658.83 0.00 -2733.77
v 562.85 0.00 -2655.03
v 567.13 0.00 -2649.49
v 663.62 0.00 -2732.74
v 667.89 0.00 -2727.20
v 597.39 0.00 -2609.91
v 593.42 0.00 -2615.68
v 576.78 0.00 -2595.74
v 573.14 0.00 -2601.73
v 571.91 0.00 -2593.13
v 569.74 0.00 -2599.91
v 517.00 0.00 -2586.16
v 516.12 0.00 -2593.10
v 553.76 0.00 -2483.26
v 557.97 0.00 -2477.66
v 643.41 0.00 -2550.60
v 647.61 0.00 -2545.00
v 815.86 0.00 -2553.46
v 811.69 0.00 -2559.08
v 744.72 0.00 -2500.56
v 740.55 0.00 -2506.18
v 730.44 0.00 -2489.94
v 726.26 0.00 -2495.56
v 700.40 0.00 -2686.11
v 696.24 0.00 -2691.74
v 597.49 0.00 -2609.98
v 593.33 0.00 -2615.61
v 747.09 0.00 -2730.99
v 742.82 0.00 -2736.54
v 696.04 0.00 -2691.70
v 691.77 0.00 -2697.25
v 780.95 0.00 -2687.19
v 776.80 0.00 -2692.83
v 728.71 0.00 -2648.79
v 724.56 0.00 -2654.43
v 711.41 0.00 -2776.88
v 707.28 0.00 -2782.54
v 666.23 0.00 -2743.94
v 661.48 0.00 -2749.14
v 664.52 0.00 -2741.98
v 658.77 0.00 -2746.05
v 664.10 0.00 -2741.23
v 657.36 0.00 -2743.53
v 663.87 0.00 -2739.67
v 656.82 0.00 -2739.87
v 664.11 0.00 -2737.10
v 657.14 0.00 -2736.46
v 787.13 0.00 -2783.66
v 782.96 0.00 -2789.29
v 735.74 0.00 -2745.54
v 731.57 0.00 -2751.16
v 616.40 0.00 -2585.37
v 612.32 0.00 -2591.06
v 591.53 0.00 -2567.58
v 587.45 0.00 -2573.27
v 663.42 0.00 -2738.89
v 657.83 0.00 -2734.68
v 668.52 0.00 -2732.11
v 662.98 0.00 -2727.83
v 696.65 0.00 -2696.65
v 691.17 0.00 -2692.30
v 701.08 0.00 -2691.07
v 695.55 0.00 -2686.78
v 729.43 0.00 -2653.72
v 723.85 0.00 -2649.49
v 731.51 0.00 -2650.98
v 725.92 0.00 -2646.75
v 768.50 0.00 -2602.06
v 762.92 0.00 -2597.84
v 625.18 0.00 -2574.10
v 629.52 0.00 -2568.61
v 647.58 0.00 -2591.82
v 651.87 0.00 -2586.29
v 726.60 0.00 -2651.66
v 730.83 0.00 -2646.08
v 471.39 0.00 -2485.10
v 475.44 0.00 -2479.39
v 509.56 0.00 -2512.16
v 513.60 0.00 -2506.44
v 659.05 0.00 -2518.76
v 670.13 0.00 -2527.30
v 520.22 0.00 -2698.90
v 531.30 0.00 -2707.44
v 517.08 0.00 -2541.64
v 524.05 0.00 -2542.25
v 514.79 0.00 -2567.73
v 521.77 0.00 -2568.32
v 513.07 0.00 -2589.32
v 520.05 0.00 -2589.94
v 512.66 0.00 -2593.62
v 519.63 0.00 -2594.29
f 17824 17826 17825 17823
f 17826 17828 17827 17825
f 17828 17830 17829 17827
f 17830 17832 17831 17829
f 17832 17834 17833 17831
f 17834 17836 17835 17833
f 17836 17838 17837 17835
f 17840 17842 17841 17839
f 17842 17844 17843 17841
f 17844 17846 17845 17843
f 17848 17850 17849 17847
f 17852 17854 17853 17851
f 17854 17856 17855 17853
f 17856 17858 17857 17855
f 17860 17862 17861 17859
f 17864 17866 17865 17863
f 17866 17868 17867 17865
f 17870 17872 17871 17869
f 17874 17876 17875 17873
f 17878 17880 17879 17877
f 17882 17884 17883 17881
f 17884 17886 17885 17883
f 17886 17888 17887 17885
f 17888 17890 17889 17887
f 17890 17892 17891 17889
f 17894 17896 17895 17893
f 17898 17900 17899 17897
f 17902 17904 17903 17901
f 17904 17906 17905 17903
f 17906 17908 17907 17905
f 17908 17910 17909 17907
f 17910 17912 17911 17909
f 17912 17914 17913 17911
f 17916 17918 17917 17915
f 17918 17920 17919 17917
f 17922 17924 17923 17921
f 17926 17928 17927 17925
f 17930 17932 17931 17929
f 17932 17934 17933 17931
f 17934 17936 17935 17933
o Roads_-3_-12
v 83.42 0.00 -2568.96
v 89.36 0.00 -2560.30
v 194.93 0.00 -2645.53
v 200.91 0.00 -2636.91
v 248.49 0.00 -2683.12
v 254.55 0.00 -2674.54
v 290.92 0.00 -2713.36
v 297.00 0.00 -2704.80
v 364.55 0.00 -2765.39
v 370.57 0.00 -2756.79
v 523.26 0.00 -2875.87
v 529.26 0.00 -2867.25
v 652.09 0.00 -2965.90
v 658.05 0.00 -2957.26
v 778.57 0.00 -3051.62
v 784.43 0.00 -3042.92
v 820.51 0.00 -3079.71
v 826.55 0.00 -3071.13
v 828.73 0.00 -3085.80
v 835.29 0.00 -3077.60
v 836.40 0.00 -3092.44
v 843.64 0.00 -3084.82
v 842.29 0.00 -3098.58
v 850.15 0.00 -3091.62
v 849.22 0.00 -3107.05
v 857.34 0.00 -3100.41
v 891.00 0.00 -2958.10
v 886.77 0.00 -2963.67
v 740.64 0.00 -2843.73
v 736.40 0.00 -2849.30
v 696.81 0.00 -2795.91
v 701.07 0.00 -2790.36
v 747.56 0.00 -2834.83
v 751.82 0.00 -2829.28
v 673.66 0.00 -2809.44
v 684.02 0.00 -2815.50
v 655.02 0.00 -2841.23
v 665.42 0.00 -2847.23
v 639.49 0.00 -2868.53
v 649.99 0.00 -2874.35
v 629.18 0.00 -2887.66
v 639.78 0.00 -2893.28
v 613.80 0.00 -2917.09
v 624.44 0.00 -2922.65
v 513.27 0.00 -2846.60
v 521.41 0.00 -2852.40
v 505.74 0.00 -2857.18
v 513.88 0.00 -2862.98
v 682.84 0.00 -2812.40
v 674.84 0.00 -2812.54
v 682.78 0.00 -2809.08
v 674.80 0.00 -2809.82
v 681.92 0.00 -2804.03
v 674.04 0.00 -2805.37
v 684.47 0.00 -2806.35
v 687.03 0.00 -2813.93
v 677.56 0.00 -2808.68
v 680.12 0.00 -2816.26
f 17938 17940 17939 17937
f 17940 17942 17941 17939
f 17942 17944 17943 17941
f 17944 17946 17945 17943
f 17946 17948 17947 17945
f 17948 17950 17949 17947
f 17950 17952 17951 17949
f 17952 17954 17953 17951
f 17954 17956 17955 17953
f 17956 17958 17957 17955
f 17958 17960 17959 17957
f 17960 17962 17961 17959
f 17964 17966 17965 17963
f 17968 17970 17969 17967
f 17972 17974 17973 17971
f 17974 17976 17975 17973
f 17976 17978 17977 17975
f 17978 17980 17979 17977
f 17982 17984 17983 17981
f 17986 17988 17987 17985
f 17988 17990 17989 17987
f 17992 17994 17993 17991
o Roads_-3_-13
v 512.08 0.00 -3287.33
v 505.13 0.00 -3286.49
v 516.41 0.00 -3251.65
v 509.48 0.00 -3250.70
v 521.69 0.00 -3216.71
v 514.74 0.00 -3215.85
v 521.93 0.00 -3214.23
v 515.00 0.00 -3213.24
v 527.95 0.00 -3182.80
v 521.10 0.00 -3181.36
v 530.14 0.00 -3173.24
v 523.32 0.00 -3171.67
v 534.04 0.00 -3156.27
v 527.39 0.00 -3153.93
v 537.11 0.00 -3149.92
v 530.81 0.00 -3146.87
v 540.54 0.00 -3142.85
v 534.39 0.00 -3139.48
v 557.34 0.00 -3115.50
v 551.30 0.00 -3111.96
v 570.43 0.00 -3091.97
v 564.13 0.00 -3088.90
v 632.33 0.00 -2944.65
v 625.88 0.00 -2941.94
v 653.02 0.00 -2960.60
v 657.39 0.00 -2963.03
v 647.27 0.00 -2970.93
v 652.01 0.00 -2972.69
v 646.00 0.00 -2977.12
v 651.01 0.00 -2977.58
v 646.11 0.00 -2982.97
v 651.10 0.00 -2982.68
v 648.80 0.00 -3010.84
v 653.79 0.00 -3010.51
v 649.61 0.00 -3034.78
v 654.61 0.00 -3034.78
v 648.59 0.00 -3062.54
v 653.59 0.00 -3062.57
v 649.14 0.00 -3083.01
v 654.14 0.00 -3083.19
v 648.01 0.00 -3094.36
v 652.98 0.00 -3094.93
v 646.33 0.00 -3107.29
v 651.25 0.00 -3108.21
v 643.83 0.00 -3117.60
v 648.61 0.00 -3119.12
v 637.75 0.00 -3132.91
v 642.39 0.00 -3134.76
v 601.07 0.00 -3226.55
v 599.91 0.00 -3233.45
v 518.80 0.00 -3212.82
v 517.64 0.00 -3219.73
v 633.56 0.00 -3194.84
v 639.39 0.00 -3198.71
v 624.87 0.00 -3207.93
v 627.35 0.00 -3216.86
v 608.91 0.00 -3200.36
v 610.52 0.00 -3208.87
v 600.22 0.00 -3209.60
v 606.79 0.00 -3212.83
v 597.03 0.00 -3229.45
v 603.95 0.00 -3230.55
v 591.34 0.00 -3264.99
v 598.25 0.00 -3266.10
v 588.49 0.00 -3282.75
v 595.40 0.00 -3283.86
v 586.04 0.00 -3298.03
v 592.97 0.00 -3299.03
v 581.50 0.00 -3333.29
v 588.44 0.00 -3334.19
v 523.96 0.00 -3185.53
v 525.08 0.00 -3178.62
v 596.73 0.00 -3197.29
v 597.85 0.00 -3190.38
v 533.36 0.00 -3151.84
v 534.57 0.00 -3144.95
v 564.99 0.00 -3157.42
v 566.21 0.00 -3150.52
f 17996 17998 17997 17995
f 17998 18000 17999 17997
f 18000 18002 18001 17999
f 18002 18004 18003 18001
f 18004 18006 18005 18003
f 18006 18008 18007 18005
f 18008 18010 18009 18007
f 18010 18012 18011 18009
f 18012 18014 18013 18011
f 18014 18016 18015 18013
f 18016 18018 18017 18015
f 18020 18022 18021 18019
f 18022 18024 18023 18021
f 18024 18026 18025 18023
f 18026 18028 18027 18025
f 18028 18030 18029 18027
f 18030 18032 18031 18029
f 18032 18034 18033 18031
f 18034 18036 18035 18033
f 18036 18038 18037 18035
f 18038 18040 18039 18037
f 18040 18042 18041 18039
f 18044 18046 18045 18043
f 18048 18050 18049 18047
f 18050 18052 18051 18049
f 18052 18054 18053 18051
f 18054 18056 18055 18053
f 18056 18058 18057 18055
f 18058 18060 18059 18057
f 18060 18062 18061 18059
f 18062 18064 18063 18061
f 18066 18068 18067 18065
f 18070 18072 18071 18069
o Roads_-3_-14
v 736.52 0.00 -3411.62
v 735.55 0.00 -3418.56
v 731.83 0.00 -3410.97
v 730.87 0.00 -3417.90
v 719.62 0.00 -3409.28
v 718.85 0.00 -3416.24
v 705.06 0.00 -3408.09
v 704.87 0.00 -3415.10
v 698.03 0.00 -3408.29
v 699.12 0.00 -3415.26
v 692.70 0.00 -3409.82
v 693.93 0.00 -3416.75
v 685.68 0.00 -3410.32
v 685.71 0.00 -3417.34
v 678.93 0.00 -3409.90
v 678.04 0.00 -3416.85
v 669.45 0.00 -3408.06
v 667.33 0.00 -3414.78
v 662.34 0.00 -3404.87
v 658.54 0.00 -3410.84
v 654.55 0.00 -3398.13
v 650.07 0.00 -3403.52
v 650.41 0.00 -3394.83
v 644.30 0.00 -3398.91
v 647.96 0.00 -3386.30
v 640.96 0.00 -3387.31
v 647.84 0.00 -3362.91
v 640.83 0.00 -3360.61
v 659.39 0.00 -3347.35
v 653.77 0.00 -3343.18
v 732.43 0.00 -3348.48
v 732.55 0.00 -3355.48
v 723.50 0.00 -3348.64
v 723.47 0.00 -3355.64
v 702.85 0.00 -3348.11
v 702.44 0.00 -3355.10
v 682.15 0.00 -3346.22
v 681.23 0.00 -3353.17
v 657.11 0.00 -3341.80
v 656.04 0.00 -3348.72
v 630.91 0.00 -3338.33
v 629.80 0.00 -3345.25
v 598.60 0.00 -3332.26
v 597.43 0.00 -3339.16
v 585.43 0.00 -3330.27
v 584.51 0.00 -3337.21
v 569.55 0.00 -3328.47
v 568.66 0.00 -3335.41
v 551.76 0.00 -3325.89
v 550.65 0.00 -3332.81
v 520.84 0.00 -3320.47
v 519.11 0.00 -3327.28
v 518.84 0.00 -3319.80
v 510.92 0.00 -3324.52
v 524.66 0.00 -3285.98
v 516.56 0.00 -3291.76
v 509.17 0.00 -3283.46
v 508.04 0.00 -3290.37
v 516.49 0.00 -3324.21
v 523.46 0.00 -3323.55
v 518.07 0.00 -3340.99
v 525.03 0.00 -3340.24
v 519.74 0.00 -3354.86
v 526.76 0.00 -3354.55
v 519.02 0.00 -3378.36
v 526.02 0.00 -3378.59
v 517.04 0.00 -3436.52
v 524.04 0.00 -3436.76
v 520.22 0.00 -3292.35
v 521.01 0.00 -3285.39
v 542.75 0.00 -3294.89
v 543.53 0.00 -3287.93
v 570.02 0.00 -3297.92
v 571.14 0.00 -3291.00
v 588.77 0.00 -3301.95
v 590.24 0.00 -3295.11
v 595.40 0.00 -3262.10
v 594.19 0.00 -3269.00
v 513.55 0.00 -3247.73
v 512.34 0.00 -3254.62
v 431.77 0.00 -3233.15
v 430.54 0.00 -3240.05
v 736.69 0.00 -3255.11
v 741.73 0.00 -3259.97
v 723.86 0.00 -3268.42
v 729.51 0.00 -3272.65
v 717.44 0.00 -3279.73
v 724.71 0.00 -3281.11
v 726.51 0.00 -3343.18
v 733.38 0.00 -3341.77
v 729.24 0.00 -3353.36
v 735.75 0.00 -3350.61
v 736.97 0.00 -3366.35
v 744.33 0.00 -3365.04
v 735.69 0.00 -3373.25
v 742.64 0.00 -3374.15
v 732.55 0.00 -3414.83
v 739.53 0.00 -3415.35
v 727.90 0.00 -3413.87
v 734.81 0.00 -3415.00
v 725.70 0.00 -3427.37
v 732.61 0.00 -3428.46
v 723.54 0.00 -3441.48
v 730.45 0.00 -3442.57
v 717.89 0.00 -3476.55
v 724.80 0.00 -3477.67
v 657.15 0.00 -3292.50
v 655.80 0.00 -3299.37
v 592.62 0.00 -3279.87
v 591.27 0.00 -3286.74
v 522.67 0.00 -3439.42
v 518.41 0.00 -3433.86
v 533.87 0.00 -3430.82
v 529.70 0.00 -3425.19
v 545.41 0.00 -3422.54
v 541.33 0.00 -3416.86
f 18074 18076 18075 18073
f 18076 18078 18077 18075
f 18078 18080 18079 18077
f 18080 18082 18081 18079
f 18082 18084 18083 18081
f 18084 18086 18085 18083
f 18086 18088 18087 18085
f 18088 18090 18089 18087
f 18090 18092 18091 18089
f 18092 18094 18093 18091
f 18094 18096 18095 18093
f 18096 18098 18097 18095
f 18098 18100 18099 18097
f 18100 18102 18101 18099
f 18104 18106 18105 18103
f 18106 18108 18107 18105
f 18108 18110 18109 18107
f 18110 18112 18111 18109
f 18112 18114 18113 18111
f 18114 18116 18115 18113
f 18116 18118 18117 18115
f 18118 18120 18119 18117
f 18120 18122 18121 18119
f 18122 18124 18123 18121
f 18124 18126 18125 18123
f 18126 18128 18127 18125
f 18128 18130 18129 18127
f 18132 18134 18133 18131
f 18134 18136 18135 18133
f 18136 18138 18137 18135
f 18138 18140 18139 18137
f 18142 18144 18143 18141
f 18144 18146 18145 18143
f 18146 18148 18147 18145
f 18150 18152 18151 18149
f 18152 18154 18153 18151
f 18156 18158 18157 18155
f 18158 18160 18159 18157
f 18160 18162 18161 18159
f 18162 18164 18163 18161
f 18164 18166 18165 18163
f 18166 18168 18167 18165
f 18168 18170 18169 18167
f 18172 18174 18173 18171
f 18174 18176 18175 18173
f 18176 18178 18177 18175
f 18180 18182 18181 18179
f 18184 18186 18185 18183
f 18186 18188 18187 18185
o Roads_-3_-15
v 598.29 0.00 -3637.19
v 591.29 0.00 -3637.32
v 597.30 0.00 -3587.17
v 590.30 0.00 -3587.25
v 597.10 0.00 -3539.95
v 590.10 0.00 -3539.88
v 597.16 0.00 -3537.37
v 590.17 0.00 -3536.91
v 597.50 0.00 -3534.15
v 590.54 0.00 -3533.41
v 640.51 0.00 -3644.05
v 635.52 0.00 -3643.62
v 647.34 0.00 -3563.79
v 642.39 0.00 -3562.97
v 657.45 0.00 -3522.96
v 652.59 0.00 -3521.76
v 545.28 0.00 -3468.15
v 550.28 0.00 -3468.05
v 545.41 0.00 -3474.70
v 550.41 0.00 -3474.74
v 544.81 0.00 -3491.76
v 549.80 0.00 -3492.00
v 544.33 0.00 -3499.85
v 549.32 0.00 -3500.19
v 543.93 0.00 -3505.20
v 548.76 0.00 -3507.60
v 544.39 0.00 -3504.79
v 545.69 0.00 -3510.31
v 540.90 0.00 -3503.85
v 539.63 0.00 -3508.69
v 532.35 0.00 -3501.68
v 531.11 0.00 -3506.52
v 523.79 0.00 -3499.47
v 524.93 0.00 -3504.93
v 521.38 0.00 -3501.36
v 525.28 0.00 -3504.65
v 518.48 0.00 -3506.70
v 522.87 0.00 -3509.09
f 18190 18192 18191 18189
f 18192 18194 18193 18191
f 18194 18196 18195 18193
f 18196 18198 18197 18195
f 18200 18202 18201 18199
f 18202 18204 18203 18201
f 18206 18208 18207 18205
f 18208 18210 18209 18207
f 18210 18212 18211 18209
f 18212 18214 18213 18211
f 18214 18216 18215 18213
f 18216 18218 18217 18215
f 18218 18220 18219 18217
f 18220 18222 18221 18219
f 18222 18224 18223 18221
f 18224 18226 18225 18223
o Roads_-3_-2
v 461.20 0.00 -473.51
v 461.35 0.00 -466.51
v 653.30 0.00 -477.60
v 653.44 0.00 -470.60
v 495.85 0.00 -284.82
v 496.60 0.00 -277.86
v 498.95 0.00 -285.16
v 499.91 0.00 -278.22
v 502.76 0.00 -285.81
v 504.72 0.00 -279.05
v 507.02 0.00 -287.58
v 508.91 0.00 -280.79
v 512.33 0.00 -288.39
v 513.38 0.00 -281.47
v 515.73 0.00 -288.90
v 516.45 0.00 -281.93
v 523.23 0.00 -289.33
v 523.29 0.00 -282.32
v 527.16 0.00 -289.18
v 526.88 0.00 -282.18
v 533.14 0.00 -288.92
v 533.31 0.00 -281.91
v 543.42 0.00 -289.86
v 543.82 0.00 -282.87
v 716.97 0.00 -293.93
v 717.14 0.00 -286.93
v 722.32 0.00 -491.75
v 710.32 0.00 -491.71
v 722.55 0.00 -423.21
v 710.55 0.00 -423.21
v 722.43 0.00 -374.53
v 710.43 0.00 -374.49
v 723.06 0.00 -290.47
v 711.06 0.00 -290.39
v 655.62 0.00 -410.99
v 648.62 0.00 -410.98
v 655.67 0.00 -380.98
v 648.67 0.00 -380.97
v 655.73 0.00 -344.73
v 648.73 0.00 -345.30
v 654.92 0.00 -339.82
v 648.26 0.00 -342.43
v 651.80 0.00 -335.09
v 647.20 0.00 -340.83
v 645.28 0.00 -332.62
v 643.96 0.00 -339.61
v 639.46 0.00 -332.56
v 639.32 0.00 -339.56
v 555.65 0.00 -330.20
v 555.45 0.00 -337.20
v 513.57 0.00 -329.03
v 513.38 0.00 -336.03
v 552.05 0.00 -333.57
v 559.05 0.00 -333.83
v 550.63 0.00 -371.06
v 557.63 0.00 -371.20
v 550.63 0.00 -378.00
v 557.63 0.00 -375.37
v 554.62 0.00 -382.56
v 558.32 0.00 -376.16
v 562.42 0.00 -384.12
v 563.12 0.00 -377.12
v 652.15 0.00 -384.47
v 652.18 0.00 -377.47
f 18228 18230 18229 18227
f 18232 18234 18233 18231
f 18234 18236 18235 18233
f 18236 18238 18237 18235
f 18238 18240 18239 18237
f 18240 18242 18241 18239
f 18242 18244 18243 18241
f 18244 18246 18245 18243
f 18246 18248 18247 18245
f 18248 18250 18249 18247
f 18250 18252 18251 18249
f 18254 18256 18255 18253
f 18256 18258 18257 18255
f 18258 18260 18259 18257
f 18262 18264 18263 18261
f 18264 18266 18265 18263
f 18266 18268 18267 18265
f 18268 18270 18269 18267
f 18270 18272 18271 18269
f 18272 18274 18273 18271
f 18274 18276 18275 18273
f 18276 18278 18277 18275
f 18280 18282 18281 18279
f 18282 18284 18283 18281
f 18284 18286 18285 18283
f 18286 18288 18287 18285
f 18288 18290 18289 18287
o Roads_-3_-3
v 460.19 0.00 -529.51
v 460.34 0.00 -522.51
v 532.73 0.00 -531.05
v 532.86 0.00 -524.05
v 654.44 0.00 -532.91
v 654.50 0.00 -525.91
v 716.05 0.00 -532.93
v 716.05 0.00 -525.93
v 715.27 0.00 -636.16
v 715.25 0.00 -643.16
v 655.09 0.00 -636.00
v 658.23 0.00 -643.01
v 651.75 0.00 -639.78
v 656.05 0.00 -645.47
v 651.49 0.00 -639.90
v 653.24 0.00 -646.83
v 649.99 0.00 -639.97
v 650.05 0.00 -646.98
v 612.75 0.00 -638.86
v 612.57 0.00 -645.86
v 563.40 0.00 -637.86
v 563.26 0.00 -644.86
v 495.98 0.00 -636.68
v 493.60 0.00 -643.64
v 497.42 0.00 -637.75
v 490.92 0.00 -641.63
v 497.54 0.00 -638.57
v 490.53 0.00 -639.02
v 498.61 0.00 -584.52
v 491.61 0.00 -584.38
v 660.16 0.00 -639.44
v 653.16 0.00 -639.57
v 659.13 0.00 -587.55
v 652.13 0.00 -587.69
v 657.97 0.00 -529.34
v 650.97 0.00 -529.48
v 656.87 0.00 -474.03
v 649.87 0.00 -474.17
v 655.62 0.00 -410.91
v 648.62 0.00 -411.05
v 710.32 0.00 -491.69
v 722.32 0.00 -491.77
v 708.76 0.00 -709.75
v 720.76 0.00 -709.83
v 559.83 0.00 -641.21
v 566.83 0.00 -641.52
v 558.46 0.00 -672.67
v 565.45 0.00 -672.97
v 609.16 0.00 -642.25
v 616.16 0.00 -642.47
v 607.18 0.00 -704.06
v 614.18 0.00 -704.28
v 579.48 0.00 -774.38
v 572.62 0.00 -772.95
v 584.95 0.00 -748.22
v 578.10 0.00 -746.78
v 590.03 0.00 -724.00
v 583.17 0.00 -722.57
v 543.72 0.00 -739.69
v 536.80 0.00 -738.64
v 549.00 0.00 -705.15
v 542.08 0.00 -704.09
v 582.22 0.00 -744.07
v 580.84 0.00 -750.93
v 537.29 0.00 -735.00
v 543.22 0.00 -743.33
v 535.89 0.00 -745.25
v 541.87 0.00 -753.24
v 499.28 0.00 -739.69
v 498.22 0.00 -746.61
f 18292 18294 18293 18291
f 18294 18296 18295 18293
f 18296 18298 18297 18295
f 18300 18302 18301 18299
f 18302 18304 18303 18301
f 18304 18306 18305 18303
f 18306 18308 18307 18305
f 18308 18310 18309 18307
f 18310 18312 18311 18309
f 18312 18314 18313 18311
f 18314 18316 18315 18313
f 18316 18318 18317 18315
f 18318 18320 18319 18317
f 18322 18324 18323 18321
f 18324 18326 18325 18323
f 18326 18328 18327 18325
f 18328 18330 18329 18327
f 18332 18334 18333 18331
f 18336 18338 18337 18335
f 18340 18342 18341 18339
f 18344 18346 18345 18343
f 18346 18348 18347 18345
f 18350 18352 18351 18349
f 18354 18356 18355 18353
f 18356 18358 18357 18355
f 18358 18360 18359 18357
o Roads_-3_-4
v 634.98 0.00 -845.94
v 628.03 0.00 -845.07
v 642.03 0.00 -789.31
v 635.08 0.00 -788.45
v 749.82 0.00 -854.40
v 748.89 0.00 -861.34
v 681.53 0.00 -845.25
v 680.83 0.00 -852.22
v 631.87 0.00 -842.02
v 631.14 0.00 -848.99
v 582.92 0.00 -834.85
v 581.91 0.00 -841.78
v 581.58 0.00 -873.47
v 574.63 0.00 -872.61
v 585.89 0.00 -838.76
v 578.94 0.00 -837.87
v 592.63 0.00 -787.72
v 585.69 0.00 -786.81
v 763.50 0.00 -893.47
v 762.75 0.00 -900.43
v 711.60 0.00 -887.83
v 710.78 0.00 -894.78
v 663.05 0.00 -881.68
v 662.12 0.00 -888.61
v 584.36 0.00 -870.40
v 583.36 0.00 -877.33
v 578.60 0.00 -869.57
v 577.61 0.00 -876.50
v 542.13 0.00 -864.34
v 541.13 0.00 -871.27
v 528.78 0.00 -862.43
v 527.78 0.00 -869.36
v 503.24 0.00 -858.78
v 495.32 0.00 -864.72
v 504.85 0.00 -847.40
v 497.64 0.00 -848.43
v 503.87 0.00 -845.22
v 498.19 0.00 -849.66
v 502.01 0.00 -843.76
v 499.18 0.00 -850.43
v 424.54 0.00 -832.95
v 423.57 0.00 -839.88
v 577.51 0.00 -921.40
v 578.40 0.00 -914.46
v 656.62 0.00 -931.56
v 657.51 0.00 -924.62
v 663.90 0.00 -974.30
v 665.76 0.00 -967.55
v 690.02 0.00 -981.49
v 692.01 0.00 -974.78
v 730.41 0.00 -994.40
v 732.54 0.00 -987.73
v 750.74 0.00 -1000.90
v 752.88 0.00 -994.23
v 725.49 0.00 -780.13
v 724.77 0.00 -787.10
v 708.29 0.00 -778.37
v 707.20 0.00 -785.30
v 691.77 0.00 -774.86
v 691.49 0.00 -781.96
v 689.42 0.00 -775.17
v 692.15 0.00 -781.87
v 686.84 0.00 -777.11
v 693.40 0.00 -780.93
v 677.71 0.00 -848.29
v 684.65 0.00 -849.18
v 650.62 0.00 -966.96
v 643.84 0.00 -965.21
v 660.51 0.00 -928.76
v 653.62 0.00 -927.43
v 666.06 0.00 -885.59
v 659.11 0.00 -884.70
v 531.74 0.00 -866.42
v 524.82 0.00 -865.37
v 543.08 0.00 -791.20
v 536.08 0.00 -790.67
v 543.11 0.00 -784.39
v 536.10 0.00 -785.50
v 540.67 0.00 -776.98
v 533.67 0.00 -778.13
v 540.63 0.00 -771.33
v 533.63 0.00 -771.07
v 542.37 0.00 -749.53
v 535.39 0.00 -748.97
v 694.36 0.00 -979.17
v 687.67 0.00 -977.11
v 703.34 0.00 -950.10
v 696.80 0.00 -947.53
v 706.48 0.00 -943.58
v 699.77 0.00 -941.38
v 712.54 0.00 -911.19
v 705.61 0.00 -910.16
v 714.67 0.00 -891.68
v 707.71 0.00 -890.92
v 578.37 0.00 -942.33
v 571.38 0.00 -941.94
v 578.48 0.00 -940.42
v 571.50 0.00 -939.76
v 581.42 0.00 -918.39
v 574.48 0.00 -917.47
v 587.33 0.00 -874.33
v 580.39 0.00 -873.40
v 665.76 0.00 -967.55
v 663.90 0.00 -974.30
v 648.22 0.00 -962.73
v 646.24 0.00 -969.44
v 577.92 0.00 -940.40
v 573.16 0.00 -946.23
v 577.93 0.00 -940.43
v 571.82 0.00 -943.84
v 536.10 0.00 -944.65
v 529.15 0.00 -943.83
v 545.11 0.00 -868.22
v 538.15 0.00 -867.40
v 777.34 0.00 -925.85
v 765.78 0.00 -929.07
v 770.66 0.00 -901.83
v 759.12 0.00 -905.15
v 765.61 0.00 -884.83
v 754.17 0.00 -888.43
v 761.75 0.00 -873.23
v 750.41 0.00 -877.15
v 750.82 0.00 -842.82
v 739.50 0.00 -846.80
v 744.91 0.00 -825.54
v 733.51 0.00 -829.30
v 737.89 0.00 -803.48
v 726.39 0.00 -806.94
v 733.13 0.00 -786.71
v 721.49 0.00 -789.65
v 729.45 0.00 -770.19
v 717.67 0.00 -772.53
v 724.64 0.00 -742.83
v 712.78 0.00 -744.69
v 722.45 0.00 -726.95
v 710.53 0.00 -728.35
v 720.73 0.00 -709.21
v 708.79 0.00 -710.37
v 692.94 0.00 -776.94
v 687.30 0.00 -781.09
v 689.69 0.00 -772.52
v 684.58 0.00 -777.39
v 684.68 0.00 -768.45
v 681.94 0.00 -775.25
v 668.39 0.00 -767.08
v 667.37 0.00 -774.02
v 651.85 0.00 -763.63
v 650.84 0.00 -770.57
v 610.00 0.00 -760.16
v 609.43 0.00 -767.13
v 740.20 0.00 -951.86
v 746.88 0.00 -953.97
v 728.14 0.00 -990.01
v 734.81 0.00 -992.12
f 18362 18364 18363 18361
f 18366 18368 18367 18365
f 18368 18370 18369 18367
f 18370 18372 18371 18369
f 18374 18376 18375 18373
f 18376 18378 18377 18375
f 18380 18382 18381 18379
f 18382 18384 18383 18381
f 18384 18386 18385 18383
f 18386 18388 18387 18385
f 18388 18390 18389 18387
f 18390 18392 18391 18389
f 18392 18394 18393 18391
f 18394 18396 18395 18393
f 18396 18398 18397 18395
f 18398 18400 18399 18397
f 18400 18402 18401 18399
f 18404 18406 18405 18403
f 18408 18410 18409 18407
f 18410 18412 18411 18409
f 18412 18414 18413 18411
f 18416 18418 18417 18415
f 18418 18420 18419 18417
f 18420 18422 18421 18419
f 18422 18424 18423 18421
f 18424 18426 18425 18423
f 18428 18430 18429 18427
f 18430 18432 18431 18429
f 18434 18436 18435 18433
f 18436 18438 18437 18435
f 18438 18440 18439 18437
f 18440 18442 18441 18439
f 18442 18444 18443 18441
f 18446 18448 18447 18445
f 18448 18450 18449 18447
f 18450 18452 18451 18449
f 18452 18454 18453 18451
f 18456 18458 18457 18455
f 18458 18460 18459 18457
f 18460 18462 18461 18459
f 18464 18466 18465 18463
f 18466 18468 18467 18465
f 18468 18470 18469 18467
f 18472 18474 18473 18471
f 18476 18478 18477 18475
f 18478 18480 18479 18477
f 18480 18482 18481 18479
f 18482 18484 18483 18481
f 18484 18486 18485 18483
f 18486 18488 18487 18485
f 18488 18490 18489 18487
f 18490 18492 18491 18489
f 18492 18494 18493 18491
f 18494 18496 18495 18493
f 18496 18498 18497 18495
f 18500 18502 18501 18499
f 18502 18504 18503 18501
f 18504 18506 18505 18503
f 18506 18508 18507 18505
f 18508 18510 18509 18507
f 18512 18514 18513 18511
o Roads_-3_-5
v 546.56 0.00 -1106.16
v 539.92 0.00 -1103.95
v 562.75 0.00 -1057.70
v 556.05 0.00 -1055.64
v 566.31 0.00 -1045.02
v 559.54 0.00 -1043.24
v 571.48 0.00 -1024.00
v 565.04 0.00 -1020.89
v 571.30 0.00 -1024.23
v 567.42 0.00 -1017.81
v 571.16 0.00 -1024.25
v 569.94 0.00 -1017.36
v 488.66 0.00 -1090.67
v 490.86 0.00 -1084.03
v 542.14 0.00 -1108.38
v 544.33 0.00 -1101.73
v 578.31 0.00 -1120.22
v 580.41 0.00 -1113.55
v 615.59 0.00 -1131.55
v 617.59 0.00 -1124.84
v 656.07 0.00 -1143.35
v 658.06 0.00 -1136.64
v 691.82 0.00 -1154.17
v 693.94 0.00 -1147.50
v 713.29 0.00 -1161.29
v 715.49 0.00 -1154.64
v 641.13 0.00 -1201.75
v 634.45 0.00 -1199.63
v 643.98 0.00 -1192.77
v 637.31 0.00 -1190.65
v 660.40 0.00 -1141.06
v 653.73 0.00 -1138.94
v 698.13 0.00 -1022.28
v 691.46 0.00 -1020.16
v 619.93 0.00 -1129.24
v 613.25 0.00 -1127.15
v 635.62 0.00 -1079.16
v 628.94 0.00 -1077.08
v 646.20 0.00 -1044.69
v 639.52 0.00 -1042.57
v 657.38 0.00 -1010.39
v 650.68 0.00 -1008.36
v 668.20 0.00 -971.87
v 661.46 0.00 -969.98
v 633.27 0.00 -1074.76
v 631.29 0.00 -1081.48
v 560.39 0.00 -1053.31
v 558.41 0.00 -1060.02
v 744.79 0.00 -1032.60
v 742.74 0.00 -1039.29
v 730.78 0.00 -1028.29
v 728.75 0.00 -1034.99
v 695.78 0.00 -1017.86
v 693.81 0.00 -1024.57
v 655.01 0.00 -1006.01
v 653.06 0.00 -1012.74
v 643.90 0.00 -1040.29
v 641.82 0.00 -1046.97
v 603.95 0.00 -1027.81
v 601.84 0.00 -1034.48
v 571.62 0.00 -1017.47
v 569.49 0.00 -1024.14
v 583.54 0.00 -1174.96
v 590.25 0.00 -1176.97
v 581.01 0.00 -1183.41
v 587.71 0.00 -1185.42
v 565.18 0.00 -1236.23
v 569.88 0.00 -1244.92
v 455.83 0.00 -1203.87
v 453.85 0.00 -1210.58
v 655.11 0.00 -1006.04
v 652.96 0.00 -1012.71
v 628.16 0.00 -997.35
v 626.01 0.00 -1004.01
v 814.49 0.00 -1192.66
v 814.73 0.00 -1199.65
v 728.00 0.00 -1195.59
v 728.23 0.00 -1202.58
v 696.22 0.00 -1151.87
v 689.54 0.00 -1149.80
v 733.11 0.00 -1032.68
v 726.42 0.00 -1030.61
v 810.97 0.00 -1149.93
v 811.49 0.00 -1156.91
v 741.63 0.00 -1155.10
v 742.15 0.00 -1162.08
v 699.50 0.00 -1210.71
v 707.20 0.00 -1212.91
v 696.83 0.00 -1220.09
v 704.53 0.00 -1222.29
v 717.92 0.00 -1210.19
v 714.24 0.00 -1221.61
v 705.19 0.00 -1206.10
v 701.51 0.00 -1217.52
v 792.97 0.00 -1233.03
v 789.47 0.00 -1244.51
v 717.83 0.00 -1210.16
v 714.33 0.00 -1221.64
v 698.93 0.00 -1226.93
v 702.43 0.00 -1215.45
v 711.53 0.00 -1230.78
v 715.03 0.00 -1219.30
f 18516 18518 18517 18515
f 18518 18520 18519 18517
f 18520 18522 18521 18519
f 18522 18524 18523 18521
f 18524 18526 18525 18523
f 18528 18530 18529 18527
f 18530 18532 18531 18529
f 18532 18534 18533 18531
f 18534 18536 18535 18533
f 18536 18538 18537 18535
f 18538 18540 18539 18537
f 18542 18544 18543 18541
f 18544 18546 18545 18543
f 18546 18548 18547 18545
f 18550 18552 18551 18549
f 18552 18554 18553 18551
f 18554 18556 18555 18553
f 18556 18558 18557 18555
f 18560 18562 18561 18559
f 18564 18566 18565 18563
f 18566 18568 18567 18565
f 18568 18570 18569 18567
f 18572 18574 18573 18571
f 18574 18576 18575 18573
f 18578 18580 18579 18577
f 18580 18582 18581 18579
f 18582 18584 18583 18581
f 18586 18588 18587 18585
f 18590 18592 18591 18589
f 18594 18596 18595 18593
f 18598 18600 18599 18597
f 18602 18604 18603 18601
f 18606 18608 18607 18605
f 18610 18612 18611 18609
f 18614 18616 18615 18613
o Roads_-3_-6
v 566.49 0.00 -1243.92
v 568.57 0.00 -1237.23
v 664.43 0.00 -1274.39
v 666.51 0.00 -1267.71
v 815.88 0.00 -1295.84
v 813.81 0.00 -1302.53
v 737.99 0.00 -1271.82
v 735.92 0.00 -1278.51
v 814.29 0.00 -1334.55
v 812.22 0.00 -1341.23
v 713.71 0.00 -1303.45
v 711.64 0.00 -1310.14
v 810.54 0.00 -1441.61
v 808.98 0.00 -1448.44
v 729.44 0.00 -1423.11
v 727.83 0.00 -1429.92
v 695.70 0.00 -1414.90
v 694.01 0.00 -1421.70
v 676.55 0.00 -1410.05
v 674.65 0.00 -1416.79
v 654.01 0.00 -1403.07
v 651.94 0.00 -1409.76
v 812.41 0.00 -1374.64
v 810.38 0.00 -1381.33
v 748.14 0.00 -1355.12
v 746.19 0.00 -1361.84
v 687.40 0.00 -1338.31
v 685.53 0.00 -1345.06
v 743.81 0.00 -1357.51
v 750.53 0.00 -1359.45
v 733.26 0.00 -1393.92
v 740.02 0.00 -1395.75
v 725.23 0.00 -1425.70
v 732.04 0.00 -1427.33
v 713.52 0.00 -1477.25
v 720.35 0.00 -1478.80
v 564.22 0.00 -1239.44
v 570.84 0.00 -1241.71
v 546.87 0.00 -1290.04
v 552.73 0.00 -1294.54
v 545.14 0.00 -1291.19
v 549.04 0.00 -1297.01
v 435.92 0.00 -1469.14
v 430.99 0.00 -1470.01
v 431.19 0.00 -1442.31
v 425.43 0.00 -1438.43
v 520.11 0.00 -1423.43
v 519.26 0.00 -1418.50
v 549.33 0.00 -1419.61
v 548.68 0.00 -1414.65
v 801.74 0.00 -1510.99
v 800.06 0.00 -1517.79
v 735.32 0.00 -1494.57
v 733.64 0.00 -1501.37
v 737.68 0.00 -1391.49
v 735.60 0.00 -1398.18
v 666.35 0.00 -1369.31
v 664.28 0.00 -1376.00
f 18618 18620 18619 18617
f 18622 18624 18623 18621
f 18626 18628 18627 18625
f 18630 18632 18631 18629
f 18632 18634 18633 18631
f 18634 18636 18635 18633
f 18636 18638 18637 18635
f 18640 18642 18641 18639
f 18642 18644 18643 18641
f 18646 18648 18647 18645
f 18648 18650 18649 18647
f 18650 18652 18651 18649
f 18654 18656 18655 18653
f 18656 18658 18657 18655
f 18660 18662 18661 18659
f 18662 18664 18663 18661
f 18664 18666 18665 18663
f 18668 18670 18669 18667
f 18672 18674 18673 18671
o Roads_-3_-7
v 758.79 0.00 -1709.32
v 756.75 0.00 -1716.02
v 672.67 0.00 -1683.04
v 670.69 0.00 -1689.75
v 661.23 0.00 -1679.76
v 660.81 0.00 -1686.93
v 654.43 0.00 -1680.88
v 658.14 0.00 -1687.36
v 649.75 0.00 -1686.50
v 656.14 0.00 -1689.77
v 639.41 0.00 -1726.68
v 646.60 0.00 -1726.84
v 640.46 0.00 -1731.66
v 646.77 0.00 -1727.67
v 647.59 0.00 -1737.08
v 651.82 0.00 -1731.51
v 769.85 0.00 -1656.19
v 767.91 0.00 -1662.91
v 682.36 0.00 -1630.89
v 680.41 0.00 -1637.61
v 778.96 0.00 -1610.71
v 776.74 0.00 -1617.35
v 700.24 0.00 -1584.36
v 699.71 0.00 -1591.57
v 693.55 0.00 -1585.55
v 696.94 0.00 -1592.06
v 689.38 0.00 -1589.71
v 695.67 0.00 -1593.32
v 681.95 0.00 -1618.22
v 688.72 0.00 -1619.98
v 677.97 0.00 -1633.49
v 684.80 0.00 -1635.01
v 668.24 0.00 -1685.76
v 675.12 0.00 -1687.04
v 745.13 0.00 -1758.77
v 743.15 0.00 -1765.49
v 650.69 0.00 -1730.94
v 648.71 0.00 -1737.66
f 18676 18678 18677 18675
f 18678 18680 18679 18677
f 18680 18682 18681 18679
f 18682 18684 18683 18681
f 18684 18686 18685 18683
f 18686 18688 18687 18685
f 18688 18690 18689 18687
f 18692 18694 18693 18691
f 18696 18698 18697 18695
f 18698 18700 18699 18697
f 18700 18702 18701 18699
f 18702 18704 18703 18701
f 18704 18706 18705 18703
f 18706 18708 18707 18705
f 18710 18712 18711 18709
o Roads_-3_-8
v 706.43 0.00 -1899.22
v 704.50 0.00 -1905.95
v 573.35 0.00 -1861.16
v 571.42 0.00 -1867.89
v 726.40 0.00 -1826.94
v 724.35 0.00 -1833.64
v 590.88 0.00 -1785.64
v 588.84 0.00 -1792.34
v 888.97 0.00 -1830.93
v 887.26 0.00 -1837.72
v 735.76 0.00 -1792.29
v 734.05 0.00 -1799.08
v 695.16 0.00 -1940.40
v 693.09 0.00 -1947.09
v 586.11 0.00 -1906.58
v 584.04 0.00 -1913.27
v 716.49 0.00 -1862.79
v 714.50 0.00 -1869.50
v 593.60 0.00 -1826.41
v 591.61 0.00 -1833.12
f 18714 18716 18715 18713
f 18718 18720 18719 18717
f 18722 18724 18723 18721
f 18726 18728 18727 18725
f 18730 18732 18731 18729
o Roads_-3_-9
v 840.28 0.00 -2173.02
v 837.88 0.00 -2179.59
v 770.91 0.00 -2147.71
v 768.51 0.00 -2154.28
v 721.62 0.00 -2129.71
v 719.07 0.00 -2136.23
v 658.25 0.00 -2103.28
v 655.56 0.00 -2109.74
v 651.43 0.00 -2100.44
v 648.74 0.00 -2106.90
v 523.51 0.00 -2222.17
v 527.13 0.00 -2216.18
v 571.14 0.00 -2250.94
v 574.87 0.00 -2245.02
v 591.40 0.00 -2264.23
v 595.24 0.00 -2258.38
v 659.97 0.00 -2238.50
v 655.89 0.00 -2235.61
v 673.16 0.00 -2219.83
v 669.08 0.00 -2216.95
v 619.03 0.00 -2204.73
v 623.37 0.00 -2193.55
v 681.37 0.00 -2228.93
v 685.71 0.00 -2217.75
v 681.45 0.00 -2228.96
v 685.63 0.00 -2217.72
v 729.74 0.00 -2246.92
v 733.88 0.00 -2235.66
v 768.57 0.00 -2260.96
v 772.65 0.00 -2249.68
v 678.48 0.00 -2206.11
v 674.08 0.00 -2217.27
v 616.44 0.00 -2181.71
v 612.04 0.00 -2192.87
v 626.85 0.00 -2201.15
v 615.55 0.00 -2197.13
v 640.48 0.00 -2162.84
v 629.14 0.00 -2158.94
v 647.47 0.00 -2141.78
v 636.01 0.00 -2138.22
v 650.52 0.00 -2131.23
v 638.92 0.00 -2128.15
v 652.91 0.00 -2121.34
v 641.17 0.00 -2118.84
v 655.98 0.00 -2104.76
v 644.18 0.00 -2102.58
v 644.90 0.00 -2100.64
v 655.26 0.00 -2106.70
v 640.04 0.00 -2108.93
v 650.52 0.00 -2114.79
v 635.90 0.00 -2116.69
v 646.62 0.00 -2122.09
v 630.98 0.00 -2127.05
v 641.92 0.00 -2132.01
v 628.55 0.00 -2132.69
v 639.63 0.00 -2137.29
v 624.11 0.00 -2143.83
v 635.31 0.00 -2148.15
v 608.62 0.00 -2185.19
v 619.86 0.00 -2189.39
v 608.70 0.00 -2184.99
v 619.78 0.00 -2189.59
v 605.42 0.00 -2192.91
v 616.50 0.00 -2197.51
v 616.62 0.00 -2181.78
v 611.86 0.00 -2192.80
v 552.23 0.00 -2153.91
v 547.47 0.00 -2164.93
v 723.68 0.00 -2134.03
v 717.01 0.00 -2131.91
v 726.58 0.00 -2124.89
v 719.95 0.00 -2122.65
v 731.92 0.00 -2109.94
v 725.26 0.00 -2107.78
v 736.94 0.00 -2092.70
v 730.20 0.00 -2090.82
v 740.78 0.00 -2078.35
v 734.02 0.00 -2076.54
f 18734 18736 18735 18733
f 18736 18738 18737 18735
f 18738 18740 18739 18737
f 18740 18742 18741 18739
f 18744 18746 18745 18743
f 18746 18748 18747 18745
f 18750 18752 18751 18749
f 18754 18756 18755 18753
f 18758 18760 18759 18757
f 18760 18762 18761 18759
f 18764 18766 18765 18763
f 18768 18770 18769 18767
f 18770 18772 18771 18769
f 18772 18774 18773 18771
f 18774 18776 18775 18773
f 18776 18778 18777 18775
f 18780 18782 18781 18779
f 18782 18784 18783 18781
f 18784 18786 18785 18783
f 18786 18788 18787 18785
f 18788 18790 18789 18787
f 18790 18792 18791 18789
f 18794 18796 18795 18793
f 18798 18800 18799 18797
f 18802 18804 18803 18801
f 18804 18806 18805 18803
f 18806 18808 18807 18805
f 18808 18810 18809 18807
o Roads_-4_+0
v 727.79 0.00 67.30
v 728.40 0.00 72.27
v 729.99 0.00 67.04
v 730.40 0.00 72.02
v 739.46 0.00 66.63
v 739.60 0.00 71.63
v 753.82 0.00 66.46
v 753.84 0.00 71.47
v 767.82 0.00 66.52
v 767.62 0.00 71.52
v 774.70 0.00 67.04
v 774.25 0.00 72.02
v 784.57 0.00 68.09
v 784.04 0.00 73.07
v 794.90 0.00 69.19
v 794.64 0.00 74.19
v 798.86 0.00 69.19
v 798.86 0.00 74.19
v 800.84 0.00 69.19
v 800.97 0.00 74.19
v 803.19 0.00 69.06
v 803.46 0.00 74.05
f 18812 18814 18813 18811
f 18814 18816 18815 18813
f 18816 18818 18817 18815
f 18818 18820 18819 18817
f 18820 18822 18821 18819
f 18822 18824 18823 18821
f 18824 18826 18825 18823
f 18826 18828 18827 18825
f 18828 18830 18829 18827
f 18830 18832 18831 18829
o Roads_-4_-1
v 980.61 0.00 -48.79
v 976.37 0.00 -54.36
v 971.50 0.00 -41.85
v 968.35 0.00 -48.25
v 957.42 0.00 -38.04
v 961.26 0.00 -46.33
v 951.06 0.00 -51.61
v 957.36 0.00 -54.65
v 944.11 0.00 -65.65
v 950.85 0.00 -67.79
v 943.80 0.00 -67.61
v 950.71 0.00 -68.68
v 943.21 0.00 -71.42
v 950.08 0.00 -72.85
v 938.73 0.00 -88.32
v 945.55 0.00 -89.91
v 934.96 0.00 -107.05
v 941.71 0.00 -108.97
v 930.36 0.00 -119.44
v 936.92 0.00 -121.90
v 924.09 0.00 -135.97
v 930.64 0.00 -138.45
v 919.91 0.00 -147.09
v 924.72 0.00 -154.18
v 824.94 0.00 -145.52
v 824.79 0.00 -152.52
v 772.10 0.00 -144.23
v 771.95 0.00 -151.23
v 744.80 0.00 -143.75
v 744.75 0.00 -150.75
v 730.91 0.00 -143.82
v 731.47 0.00 -150.82
v 717.33 0.00 -145.93
v 717.80 0.00 -152.95
v 597.62 0.00 -143.25
v 597.29 0.00 -150.24
v 561.09 0.00 -140.67
v 560.62 0.00 -147.66
v 496.98 0.00 -136.59
v 496.39 0.00 -143.56
v 477.25 0.00 -134.52
v 476.52 0.00 -141.48
v 717.20 0.00 -240.07
v 717.30 0.00 -233.07
v 810.46 0.00 -241.32
v 810.55 0.00 -234.32
v 846.06 0.00 -241.80
v 846.15 0.00 -234.80
v 888.53 0.00 -242.36
v 888.44 0.00 -235.36
v 891.45 0.00 -242.25
v 891.17 0.00 -235.25
v 717.52 0.00 -196.14
v 717.55 0.00 -189.14
v 893.15 0.00 -196.94
v 893.18 0.00 -189.94
f 18834 18836 18835 18833
f 18836 18838 18837 18835
f 18838 18840 18839 18837
f 18840 18842 18841 18839
f 18842 18844 18843 18841
f 18844 18846 18845 18843
f 18846 18848 18847 18845
f 18848 18850 18849 18847
f 18850 18852 18851 18849
f 18852 18854 18853 18851
f 18854 18856 18855 18853
f 18856 18858 18857 18855
f 18858 18860 18859 18857
f 18860 18862 18861 18859
f 18862 18864 18863 18861
f 18864 18866 18865 18863
f 18866 18868 18867 18865
f 18868 18870 18869 18867
f 18870 18872 18871 18869
f 18872 18874 18873 18871
f 18876 18878 18877 18875
f 18878 18880 18879 18877
f 18880 18882 18881 18879
f 18882 18884 18883 18881
f 18886 18888 18887 18885
o Roads_-4_-10
v 777.95 0.00 -2609.24
v 772.37 0.00 -2605.01
v 780.58 0.00 -2605.78
v 775.00 0.00 -2601.55
v 797.55 0.00 -2583.43
v 791.98 0.00 -2579.20
v 807.55 0.00 -2570.26
v 801.98 0.00 -2566.03
v 816.56 0.00 -2558.39
v 810.99 0.00 -2554.16
v 848.72 0.00 -2516.02
v 843.15 0.00 -2511.78
v 849.65 0.00 -2514.80
v 844.07 0.00 -2510.56
v 863.57 0.00 -2496.47
v 857.99 0.00 -2492.23
v 877.62 0.00 -2477.95
v 872.05 0.00 -2473.71
v 891.48 0.00 -2459.70
v 885.91 0.00 -2455.47
v 901.78 0.00 -2446.14
v 896.28 0.00 -2441.81
v 905.56 0.00 -2441.50
v 899.97 0.00 -2437.27
v 913.82 0.00 -2429.72
v 908.19 0.00 -2425.54
v 926.78 0.00 -2413.19
v 921.24 0.00 -2408.92
v 931.10 0.00 -2407.50
v 925.51 0.00 -2403.29
v 949.12 0.00 -2383.42
v 943.56 0.00 -2379.18
v 960.32 0.00 -2369.01
v 954.76 0.00 -2364.75
v 966.52 0.00 -2360.85
v 960.94 0.00 -2356.61
v 972.39 0.00 -2353.12
v 966.81 0.00 -2348.89
v 986.39 0.00 -2334.67
v 980.81 0.00 -2330.44
v 693.54 0.00 -2545.02
v 687.94 0.00 -2540.83
v 731.15 0.00 -2494.85
v 725.55 0.00 -2490.65
v 735.67 0.00 -2488.82
v 730.07 0.00 -2484.62
v 763.84 0.00 -2451.25
v 758.24 0.00 -2447.05
v 774.15 0.00 -2437.49
v 768.55 0.00 -2433.29
v 786.53 0.00 -2420.98
v 780.93 0.00 -2416.78
v 812.70 0.00 -2386.09
v 807.09 0.00 -2381.89
v 816.71 0.00 -2380.73
v 811.11 0.00 -2376.54
v 823.13 0.00 -2372.17
v 817.52 0.00 -2367.98
v 855.93 0.00 -2328.13
v 850.38 0.00 -2323.85
v 881.49 0.00 -2296.02
v 876.02 0.00 -2291.66
v 701.98 0.00 -2281.67
v 706.30 0.00 -2276.17
v 780.68 0.00 -2343.43
v 785.00 0.00 -2337.92
v 787.36 0.00 -2348.67
v 791.68 0.00 -2343.16
v 818.16 0.00 -2372.83
v 822.48 0.00 -2367.32
v 811.78 0.00 -2381.41
v 816.04 0.00 -2375.86
v 896.90 0.00 -2446.75
v 901.16 0.00 -2441.20
v 848.94 0.00 -2509.87
v 844.78 0.00 -2515.50
v 763.12 0.00 -2446.33
v 758.95 0.00 -2451.96
v 800.68 0.00 -2272.53
v 804.70 0.00 -2261.23
v 829.55 0.00 -2282.77
v 833.57 0.00 -2271.47
v 768.58 0.00 -2260.96
v 772.64 0.00 -2249.68
v 800.66 0.00 -2272.52
v 804.72 0.00 -2261.24
f 18890 18892 18891 18889
f 18892 18894 18893 18891
f 18894 18896 18895 18893
f 18896 18898 18897 18895
f 18898 18900 18899 18897
f 18900 18902 18901 18899
f 18902 18904 18903 18901
f 18904 18906 18905 18903
f 18906 18908 18907 18905
f 18908 18910 18909 18907
f 18910 18912 18911 18909
f 18912 18914 18913 18911
f 18914 18916 18915 18913
f 18916 18918 18917 18915
f 18918 18920 18919 18917
f 18920 18922 18921 18919
f 18922 18924 18923 18921
f 18924 18926 18925 18923
f 18926 18928 18927 18925
f 18930 18932 18931 18929
f 18932 18934 18933 18931
f 18934 18936 18935 18933
f 18936 18938 18937 18935
f 18938 18940 18939 18937
f 18940 18942 18941 18939
f 18942 18944 18943 18941
f 18944 18946 18945 18943
f 18946 18948 18947 18945
f 18948 18950 18949 18947
f 18952 18954 18953 18951
f 18954 18956 18955 18953
f 18956 18958 18957 18955
f 18960 18962 18961 18959
f 18964 18966 18965 18963
f 18968 18970 18969 18967
f 18972 18974 18973 18971
o Roads_-4_-11
v 1060.91 0.00 -2815.19
v 1053.33 0.00 -2825.99
v 1019.08 0.00 -2785.80
v 1011.40 0.00 -2796.52
v 998.36 0.00 -2770.65
v 990.44 0.00 -2781.21
v 932.29 0.00 -2719.83
v 924.21 0.00 -2730.27
v 864.35 0.00 -2666.70
v 856.29 0.00 -2677.16
v 668.59 0.00 -2517.78
v 660.59 0.00 -2528.28
v 821.41 0.00 -2739.42
v 817.24 0.00 -2745.05
v 769.97 0.00 -2701.37
v 765.81 0.00 -2707.00
f 18976 18978 18977 18975
f 18978 18980 18979 18977
f 18980 18982 18981 18979
f 18982 18984 18983 18981
f 18984 18986 18985 18983
f 18988 18990 18989 18987
o Roads_-4_-12
v 863.60 0.00 -2674.31
v 874.03 0.00 -2682.40
v 830.98 0.00 -2716.42
v 841.42 0.00 -2724.51
v 814.11 0.00 -2738.19
v 824.54 0.00 -2746.28
v 801.28 0.00 -2754.75
v 811.71 0.00 -2762.83
v 779.83 0.00 -2782.43
v 790.27 0.00 -2790.52
v 758.41 0.00 -2810.08
v 768.84 0.00 -2818.18
v 744.48 0.00 -2828.01
v 754.91 0.00 -2836.10
v 733.30 0.00 -2842.48
v 743.75 0.00 -2850.55
v 804.36 0.00 -2761.56
v 808.63 0.00 -2756.01
v 946.16 0.00 -2870.50
v 950.43 0.00 -2864.95
v 913.52 0.00 -2922.76
v 909.30 0.00 -2928.35
v 765.73 0.00 -2811.34
v 761.52 0.00 -2816.93
f 18992 18994 18993 18991
f 18994 18996 18995 18993
f 18996 18998 18997 18995
f 18998 19000 18999 18997
f 19000 19002 19001 18999
f 19002 19004 19003 19001
f 19004 19006 19005 19003
f 19008 19010 19009 19007
f 19012 19014 19013 19011
o Roads_-4_-13
v 780.40 0.00 -3147.53
v 784.42 0.00 -3141.79
v 883.88 0.00 -3219.97
v 887.90 0.00 -3214.24
v 867.84 0.00 -3079.57
v 862.76 0.00 -3088.77
v 856.49 0.00 -3073.31
v 851.27 0.00 -3082.43
v 847.92 0.00 -3068.23
v 842.38 0.00 -3077.15
v 833.53 0.00 -3058.93
v 827.77 0.00 -3067.71
v 788.88 0.00 -3029.14
v 783.00 0.00 -3037.84
v 744.10 0.00 -2998.54
v 738.20 0.00 -3007.22
v 650.27 0.00 -2935.10
v 644.39 0.00 -2943.80
f 19016 19018 19017 19015
f 19020 19022 19021 19019
f 19022 19024 19023 19021
f 19024 19026 19025 19023
f 19026 19028 19027 19025
f 19028 19030 19029 19027
f 19030 19032 19031 19029
o Roads_-4_-14
v 792.44 0.00 -3057.57
v 804.24 0.00 -3059.75
v 778.37 0.00 -3133.42
v 790.15 0.00 -3135.66
v 770.50 0.00 -3173.81
v 782.32 0.00 -3175.85
v 769.71 0.00 -3178.99
v 781.63 0.00 -3180.43
v 769.24 0.00 -3184.23
v 781.24 0.00 -3184.67
v 769.33 0.00 -3189.53
v 781.31 0.00 -3188.35
v 770.28 0.00 -3194.80
v 781.88 0.00 -3191.52
v 772.25 0.00 -3199.81
v 782.99 0.00 -3194.35
v 775.12 0.00 -3204.33
v 784.74 0.00 -3197.09
v 778.66 0.00 -3208.33
v 787.22 0.00 -3199.89
v 782.63 0.00 -3211.94
v 790.37 0.00 -3202.76
v 790.89 0.00 -3218.37
v 798.11 0.00 -3208.79
v 799.42 0.00 -3224.58
v 806.44 0.00 -3214.86
v 851.06 0.00 -3261.60
v 858.22 0.00 -3251.96
v 859.66 0.00 -3268.23
v 867.10 0.00 -3258.81
v 868.27 0.00 -3275.21
v 875.95 0.00 -3265.99
v 885.32 0.00 -3289.74
v 893.20 0.00 -3280.70
v 897.68 0.00 -3300.76
v 905.84 0.00 -3291.96
v 909.80 0.00 -3312.41
v 918.42 0.00 -3304.05
v 917.70 0.00 -3321.12
v 926.86 0.00 -3313.36
v 921.45 0.00 -3325.84
v 931.03 0.00 -3318.62
v 925.05 0.00 -3330.89
v 934.99 0.00 -3324.15
v 928.46 0.00 -3336.19
v 938.72 0.00 -3329.95
v 931.62 0.00 -3341.68
v 942.16 0.00 -3335.94
v 934.52 0.00 -3347.29
v 945.30 0.00 -3342.01
v 937.13 0.00 -3352.94
v 948.13 0.00 -3348.12
v 939.46 0.00 -3358.56
v 950.66 0.00 -3354.26
v 941.45 0.00 -3364.17
v 952.87 0.00 -3360.45
v 943.10 0.00 -3369.75
v 954.72 0.00 -3366.71
v 944.38 0.00 -3375.34
v 956.16 0.00 -3373.04
v 945.30 0.00 -3380.97
v 957.20 0.00 -3379.37
v 945.89 0.00 -3386.57
v 957.87 0.00 -3385.73
v 946.28 0.00 -3397.88
v 958.28 0.00 -3397.78
v 946.08 0.00 -3408.70
v 958.08 0.00 -3409.04
v 944.50 0.00 -3449.59
v 956.50 0.00 -3450.05
v 795.71 0.00 -3440.92
v 802.39 0.00 -3443.04
v 793.97 0.00 -3446.41
v 798.33 0.00 -3455.81
v 786.86 0.00 -3443.45
v 784.28 0.00 -3449.96
v 778.50 0.00 -3440.31
v 776.10 0.00 -3446.88
v 745.91 0.00 -3428.78
v 743.84 0.00 -3435.47
v 730.06 0.00 -3424.53
v 728.25 0.00 -3431.30
v 654.40 0.00 -3141.24
v 661.34 0.00 -3142.13
v 654.09 0.00 -3143.65
v 660.92 0.00 -3145.43
v 632.08 0.00 -3198.32
v 640.87 0.00 -3195.22
v 694.85 0.00 -3233.54
v 698.44 0.00 -3227.52
v 738.30 0.00 -3261.11
v 740.12 0.00 -3253.98
v 766.97 0.00 -3259.21
v 766.51 0.00 -3252.23
v 786.81 0.00 -3257.89
v 786.24 0.00 -3250.91
v 796.91 0.00 -3256.91
v 795.50 0.00 -3250.02
v 800.56 0.00 -3255.76
v 797.87 0.00 -3249.27
v 803.42 0.00 -3254.27
v 800.18 0.00 -3248.06
v 812.59 0.00 -3227.10
v 818.54 0.00 -3230.79
v 798.82 0.00 -3249.32
v 804.77 0.00 -3253.01
v 814.81 0.00 -3505.40
v 809.97 0.00 -3504.13
v 819.24 0.00 -3488.51
v 814.40 0.00 -3487.25
v 798.37 0.00 -3251.87
v 805.23 0.00 -3250.45
v 803.82 0.00 -3278.19
v 810.51 0.00 -3275.98
v 809.50 0.00 -3290.46
v 816.10 0.00 -3288.05
v 810.25 0.00 -3293.18
v 817.14 0.00 -3291.86
v 810.50 0.00 -3295.47
v 817.58 0.00 -3295.81
v 809.96 0.00 -3298.05
v 816.90 0.00 -3299.06
v 809.54 0.00 -3303.18
v 816.64 0.00 -3302.20
v 818.98 0.00 -3328.56
v 825.47 0.00 -3325.94
v 824.48 0.00 -3341.12
v 831.34 0.00 -3339.32
v 827.90 0.00 -3375.13
v 834.86 0.00 -3374.43
v 797.97 0.00 -3428.23
v 799.36 0.00 -3423.42
v 810.54 0.00 -3431.87
v 811.92 0.00 -3427.06
v 833.50 0.00 -3438.47
v 834.88 0.00 -3433.66
v 763.28 0.00 -3256.26
v 770.20 0.00 -3255.18
v 770.11 0.00 -3300.08
v 777.00 0.00 -3298.83
v 773.53 0.00 -3316.57
v 780.39 0.00 -3315.17
v 777.72 0.00 -3337.50
v 784.68 0.00 -3336.57
v 778.80 0.00 -3353.28
v 785.78 0.00 -3352.81
v 779.79 0.00 -3353.15
v 784.79 0.00 -3352.94
v 780.87 0.00 -3377.96
v 785.91 0.00 -3378.87
v 775.94 0.00 -3389.58
v 780.72 0.00 -3391.12
v 773.30 0.00 -3401.20
v 778.18 0.00 -3402.31
f 19034 19036 19035 19033
f 19036 19038 19037 19035
f 19038 19040 19039 19037
f 19040 19042 19041 19039
f 19042 19044 19043 19041
f 19044 19046 19045 19043
f 19046 19048 19047 19045
f 19048 19050 19049 19047
f 19050 19052 19051 19049
f 19052 19054 19053 19051
f 19054 19056 19055 19053
f 19056 19058 19057 19055
f 19058 19060 19059 19057
f 19060 19062 19061 19059
f 19062 19064 19063 19061
f 19064 19066 19065 19063
f 19066 19068 19067 19065
f 19068 19070 19069 19067
f 19070 19072 19071 19069
f 19072 19074 19073 19071
f 19074 19076 19075 19073
f 19076 19078 19077 19075
f 19078 19080 19079 19077
f 19080 19082 19081 19079
f 19082 19084 19083 19081
f 19084 19086 19085 19083
f 19086 19088 19087 19085
f 19088 19090 19089 19087
f 19090 19092 19091 19089
f 19092 19094 19093 19091
f 19094 19096 19095 19093
f 19096 19098 19097 19095
f 19098 19100 19099 19097
f 19100 19102 19101 19099
f 19104 19106 19105 19103
f 19106 19108 19107 19105
f 19108 19110 19109 19107
f 19110 19112 19111 19109
f 19112 19114 19113 19111
f 19116 19118 19117 19115
f 19118 19120 19119 19117
f 19120 19122 19121 19119
f 19122 19124 19123 19121
f 19124 19126 19125 19123
f 19126 19128 19127 19125
f 19128 19130 19129 19127
f 19130 19132 19131 19129
f 19132 19134 19133 19131
f 19136 19138 19137 19135
f 19140 19142 19141 19139
f 19144 19146 19145 19143
f 19146 19148 19147 19145
f 19148 19150 19149 19147
f 19150 19152 19151 19149
f 19152 19154 19153 19151
f 19154 19156 19155 19153
f 19156 19158 19157 19155
f 19158 19160 19159 19157
f 19160 19162 19161 19159
f 19164 19166 19165 19163
f 19166 19168 19167 19165
f 19170 19172 19171 19169
f 19172 19174 19173 19171
f 19174 19176 19175 19173
f 19176 19178 19177 19175
f 19180 19182 19181 19179
f 19182 19184 19183 19181
f 19184 19186 19185 19183
o Roads_-4_-2
v 716.47 0.00 -416.18
v 716.74 0.00 -409.19
v 750.86 0.00 -417.49
v 751.05 0.00 -410.49
v 793.08 0.00 -418.26
v 793.15 0.00 -411.26
v 836.02 0.00 -418.33
v 836.12 0.00 -411.33
v 854.71 0.00 -418.83
v 854.59 0.00 -411.82
v 877.99 0.00 -417.39
v 879.13 0.00 -410.30
v 881.91 0.00 -418.94
v 884.50 0.00 -412.44
v 716.80 0.00 -331.41
v 717.02 0.00 -324.41
v 882.46 0.00 -336.66
v 882.38 0.00 -329.66
v 886.54 0.00 -336.44
v 883.25 0.00 -329.61
v 890.34 0.00 -332.18
v 883.68 0.00 -329.12
v 891.59 0.00 -322.74
v 884.61 0.00 -322.15
v 892.08 0.00 -308.41
v 885.08 0.00 -308.39
v 891.57 0.00 -289.52
v 884.57 0.00 -289.71
v 716.37 0.00 -377.65
v 716.29 0.00 -370.65
v 780.33 0.00 -376.87
v 780.24 0.00 -369.88
v 716.48 0.00 -453.25
v 716.47 0.00 -446.25
v 853.28 0.00 -453.04
v 853.10 0.00 -446.04
v 876.17 0.00 -451.91
v 875.82 0.00 -444.92
v 716.28 0.00 -497.73
v 716.36 0.00 -485.73
v 960.63 0.00 -499.24
v 960.71 0.00 -487.24
v 717.07 0.00 -293.93
v 717.04 0.00 -286.93
v 885.62 0.00 -293.34
v 885.31 0.00 -286.34
v 888.36 0.00 -293.10
v 887.78 0.00 -286.13
v 907.46 0.00 -291.54
v 906.85 0.00 -284.57
v 923.83 0.00 -290.01
v 923.80 0.00 -282.98
v 937.54 0.00 -291.17
v 938.91 0.00 -284.26
v 947.12 0.00 -294.21
v 948.16 0.00 -287.19
v 957.66 0.00 -294.07
v 957.57 0.00 -287.07
v 877.85 0.00 -375.85
v 871.45 0.00 -378.67
v 875.87 0.00 -371.34
v 870.56 0.00 -376.65
v 871.74 0.00 -369.52
v 869.78 0.00 -376.30
v 862.65 0.00 -368.18
v 862.21 0.00 -375.19
v 780.21 0.00 -369.88
v 780.35 0.00 -376.87
f 19188 19190 19189 19187
f 19190 19192 19191 19189
f 19192 19194 19193 19191
f 19194 19196 19195 19193
f 19196 19198 19197 19195
f 19198 19200 19199 19197
f 19202 19204 19203 19201
f 19204 19206 19205 19203
f 19206 19208 19207 19205
f 19208 19210 19209 19207
f 19210 19212 19211 19209
f 19212 19214 19213 19211
f 19216 19218 19217 19215
f 19220 19222 19221 19219
f 19222 19224 19223 19221
f 19226 19228 19227 19225
f 19230 19232 19231 19229
f 19232 19234 19233 19231
f 19234 19236 19235 19233
f 19236 19238 19237 19235
f 19238 19240 19239 19237
f 19240 19242 19241 19239
f 19242 19244 19243 19241
f 19246 19248 19247 19245
f 19248 19250 19249 19247
f 19250 19252 19251 19249
f 19252 19254 19253 19251
o Roads_-4_-3
v 716.08 0.00 -524.64
v 716.13 0.00 -517.64
v 957.75 0.00 -526.45
v 957.80 0.00 -519.45
v 715.91 0.00 -551.25
v 715.94 0.00 -544.25
v 811.53 0.00 -551.76
v 811.60 0.00 -544.76
v 849.85 0.00 -552.28
v 849.94 0.00 -545.28
v 955.93 0.00 -553.54
v 956.01 0.00 -546.54
v 715.79 0.00 -580.71
v 715.63 0.00 -573.71
v 788.98 0.00 -579.08
v 788.94 0.00 -572.08
v 954.49 0.00 -580.62
v 954.56 0.00 -573.62
v 715.49 0.00 -605.74
v 715.57 0.00 -598.74
v 833.44 0.00 -607.16
v 833.51 0.00 -600.16
v 951.96 0.00 -608.10
v 952.02 0.00 -601.10
v 715.30 0.00 -632.29
v 715.39 0.00 -625.29
v 921.01 0.00 -634.76
v 921.65 0.00 -627.77
v 930.34 0.00 -636.36
v 931.36 0.00 -629.43
v 939.51 0.00 -637.48
v 940.36 0.00 -630.54
v 715.12 0.00 -659.09
v 715.19 0.00 -652.09
v 844.05 0.00 -660.42
v 844.13 0.00 -653.42
v 845.04 0.00 -660.43
v 844.99 0.00 -653.43
v 876.12 0.00 -659.66
v 876.29 0.00 -652.65
v 911.78 0.00 -662.32
v 912.67 0.00 -655.37
v 927.23 0.00 -665.17
v 928.50 0.00 -658.29
v 714.93 0.00 -686.58
v 714.99 0.00 -679.58
v 814.08 0.00 -687.44
v 814.09 0.00 -680.44
v 846.71 0.00 -687.26
v 846.75 0.00 -680.26
v 897.71 0.00 -688.16
v 898.82 0.00 -681.18
v 913.27 0.00 -692.94
v 915.32 0.00 -686.25
v 714.88 0.00 -713.28
v 714.65 0.00 -706.29
v 737.51 0.00 -712.57
v 737.44 0.00 -705.57
v 762.85 0.00 -712.83
v 762.89 0.00 -705.83
v 813.81 0.00 -712.83
v 813.81 0.00 -705.83
v 717.49 0.00 -741.50
v 717.32 0.00 -734.51
v 814.95 0.00 -739.16
v 814.78 0.00 -732.16
f 19256 19258 19257 19255
f 19260 19262 19261 19259
f 19262 19264 19263 19261
f 19264 19266 19265 19263
f 19268 19270 19269 19267
f 19270 19272 19271 19269
f 19274 19276 19275 19273
f 19276 19278 19277 19275
f 19280 19282 19281 19279
f 19282 19284 19283 19281
f 19284 19286 19285 19283
f 19288 19290 19289 19287
f 19290 19292 19291 19289
f 19292 19294 19293 19291
f 19294 19296 19295 19293
f 19296 19298 19297 19295
f 19300 19302 19301 19299
f 19302 19304 19303 19301
f 19304 19306 19305 19303
f 19306 19308 19307 19305
f 19310 19312 19311 19309
f 19312 19314 19313 19311
f 19314 19316 19315 19313
f 19318 19320 19319 19317
o Roads_-4_-4
v 737.09 0.00 -825.25
v 737.10 0.00 -818.25
v 775.24 0.00 -825.30
v 775.29 0.00 -818.30
v 822.85 0.00 -825.93
v 822.99 0.00 -818.93
v 858.96 0.00 -826.99
v 859.29 0.00 -819.99
v 882.05 0.00 -828.49
v 883.24 0.00 -821.56
v 883.74 0.00 -828.97
v 885.64 0.00 -822.23
v 770.95 0.00 -930.91
v 772.16 0.00 -924.01
v 805.09 0.00 -936.92
v 806.33 0.00 -930.03
v 867.63 0.00 -948.26
v 869.11 0.00 -941.41
v 893.78 0.00 -954.81
v 895.60 0.00 -948.05
v 920.20 0.00 -962.41
v 922.50 0.00 -955.79
v 945.93 0.00 -972.96
v 948.80 0.00 -966.57
v 983.20 0.00 -991.25
v 987.02 0.00 -985.33
v 986.66 0.00 -994.11
v 992.08 0.00 -989.50
v 988.51 0.00 -997.27
v 995.21 0.00 -994.87
v 992.41 0.00 -1021.37
v 999.32 0.00 -1020.25
v 784.99 0.00 -983.55
v 783.23 0.00 -976.77
v 895.57 0.00 -954.82
v 893.81 0.00 -948.05
v 793.33 0.00 -1012.12
v 791.64 0.00 -1005.33
v 889.40 0.00 -988.24
v 887.68 0.00 -981.46
v 948.24 0.00 -973.16
v 946.50 0.00 -966.38
v 799.59 0.00 -1042.58
v 797.90 0.00 -1035.79
v 990.22 0.00 -995.20
v 988.53 0.00 -988.41
v 860.24 0.00 -880.04
v 857.25 0.00 -873.71
v 861.28 0.00 -879.55
v 859.34 0.00 -872.72
v 866.40 0.00 -878.97
v 866.38 0.00 -871.93
v 887.71 0.00 -881.26
v 882.89 0.00 -873.70
v 891.04 0.00 -871.49
v 882.29 0.00 -875.47
v 879.07 0.00 -866.57
v 876.40 0.00 -873.05
v 869.74 0.00 -862.73
v 868.22 0.00 -869.67
v 843.94 0.00 -861.65
v 837.22 0.00 -868.37
v 843.24 0.00 -845.36
v 836.53 0.00 -852.39
v 746.64 0.00 -845.80
v 746.67 0.00 -852.80
v 858.77 0.00 -873.37
v 858.72 0.00 -880.37
v 757.15 0.00 -872.73
v 757.10 0.00 -879.73
v 722.55 0.00 -767.58
v 722.66 0.00 -760.58
v 814.78 0.00 -769.10
v 814.89 0.00 -762.10
v 840.17 0.00 -769.52
v 840.29 0.00 -762.52
v 729.02 0.00 -798.24
v 729.04 0.00 -791.24
v 890.55 0.00 -798.59
v 890.56 0.00 -791.59
v 801.99 0.00 -903.09
v 808.99 0.00 -903.04
v 802.21 0.00 -933.50
v 809.21 0.00 -933.45
v 883.59 0.00 -900.65
v 883.06 0.00 -907.63
v 860.66 0.00 -898.88
v 860.37 0.00 -905.88
v 832.75 0.00 -898.74
v 832.84 0.00 -905.74
v 805.41 0.00 -899.57
v 805.56 0.00 -906.57
v 764.90 0.00 -900.07
v 764.99 0.00 -907.07
f 19322 19324 19323 19321
f 19324 19326 19325 19323
f 19326 19328 19327 19325
f 19328 19330 19329 19327
f 19330 19332 19331 19329
f 19334 19336 19335 19333
f 19336 19338 19337 19335
f 19338 19340 19339 19337
f 19340 19342 19341 19339
f 19342 19344 19343 19341
f 19344 19346 19345 19343
f 19346 19348 19347 19345
f 19348 19350 19349 19347
f 19350 19352 19351 19349
f 19354 19356 19355 19353
f 19358 19360 19359 19357
f 19360 19362 19361 19359
f 19364 19366 19365 19363
f 19368 19370 19369 19367
f 19370 19372 19371 19369
f 19372 19374 19373 19371
f 19374 19376 19375 19373
f 19376 19378 19377 19375
f 19378 19380 19379 19377
f 19380 19382 19381 19379
f 19382 19384 19383 19381
f 19384 19386 19385 19383
f 19388 19390 19389 19387
f 19392 19394 19393 19391
f 19394 19396 19395 19393
f 19398 19400 19399 19397
f 19402 19404 19403 19401
f 19406 19408 19407 19405
f 19408 19410 19409 19407
f 19410 19412 19411 19409
f 19412 19414 19413 19411
o Roads_-4_-5
v 814.39 0.00 -1199.65
v 814.83 0.00 -1192.66
v 866.01 0.00 -1202.90
v 866.58 0.00 -1195.92
v 898.49 0.00 -1206.16
v 898.94 0.00 -1199.17
v 1028.52 0.00 -1209.78
v 1028.72 0.00 -1202.79
v 806.27 0.00 -1072.91
v 804.54 0.00 -1066.13
v 996.74 0.00 -1024.20
v 995.00 0.00 -1017.42
v 1025.85 0.00 -1016.76
v 1024.12 0.00 -1009.98
v 808.22 0.00 -1107.67
v 808.76 0.00 -1114.65
v 753.97 0.00 -1111.83
v 754.50 0.00 -1118.81
v 805.26 0.00 -1066.02
v 805.55 0.00 -1073.01
v 762.98 0.00 -1067.81
v 763.27 0.00 -1074.80
v 794.16 0.00 -1019.09
v 795.61 0.00 -1025.93
v 764.91 0.00 -1025.31
v 766.37 0.00 -1032.16
v 812.84 0.00 -1222.54
v 819.38 0.00 -1232.60
v 805.03 0.00 -1227.62
v 810.35 0.00 -1238.48
v 801.91 0.00 -1228.71
v 806.87 0.00 -1239.69
v 799.13 0.00 -1230.27
v 803.79 0.00 -1241.43
v 789.57 0.00 -1233.00
v 792.87 0.00 -1244.54
v 711.51 0.00 -1230.77
v 715.05 0.00 -1219.31
v 788.69 0.00 -1254.67
v 792.23 0.00 -1243.21
f 19416 19418 19417 19415
f 19418 19420 19419 19417
f 19420 19422 19421 19419
f 19424 19426 19425 19423
f 19426 19428 19427 19425
f 19430 19432 19431 19429
f 19434 19436 19435 19433
f 19438 19440 19439 19437
f 19442 19444 19443 19441
f 19444 19446 19445 19443
f 19446 19448 19447 19445
f 19448 19450 19449 19447
f 19452 19454 19453 19451
o Roads_-4_-6
v 807.16 0.00 -1462.72
v 808.64 0.00 -1455.88
v 874.62 0.00 -1477.26
v 876.11 0.00 -1470.42
v 887.57 0.00 -1480.11
v 889.10 0.00 -1473.28
v 978.62 0.00 -1500.82
v 980.17 0.00 -1493.99
v 763.64 0.00 -1713.91
v 751.90 0.00 -1711.43
v 772.56 0.00 -1671.58
v 760.84 0.00 -1669.02
v 779.46 0.00 -1641.16
v 767.72 0.00 -1638.66
v 785.60 0.00 -1610.06
v 773.88 0.00 -1607.50
v 794.63 0.00 -1572.56
v 782.95 0.00 -1569.84
v 800.61 0.00 -1545.88
v 788.87 0.00 -1543.40
v 806.77 0.00 -1514.95
v 794.97 0.00 -1512.79
v 808.58 0.00 -1504.11
v 796.72 0.00 -1502.29
v 810.13 0.00 -1493.06
v 798.23 0.00 -1491.54
v 816.91 0.00 -1434.41
v 804.97 0.00 -1433.23
v 818.36 0.00 -1416.67
v 806.38 0.00 -1416.05
v 818.60 0.00 -1405.10
v 806.60 0.00 -1405.14
v 817.99 0.00 -1383.07
v 805.99 0.00 -1383.21
v 818.05 0.00 -1366.72
v 806.05 0.00 -1366.44
v 820.55 0.00 -1307.51
v 808.55 0.00 -1307.07
v 822.06 0.00 -1256.61
v 810.06 0.00 -1256.43
v 822.09 0.00 -1233.97
v 810.09 0.00 -1234.13
v 821.79 0.00 -1222.62
v 809.79 0.00 -1223.06
v 821.05 0.00 -1206.32
v 809.07 0.00 -1206.96
v 820.08 0.00 -1190.35
v 808.10 0.00 -1191.15
v 816.26 0.00 -1138.21
v 804.28 0.00 -1138.99
v 814.00 0.00 -1097.52
v 802.04 0.00 -1098.42
v 812.31 0.00 -1079.70
v 800.39 0.00 -1081.14
v 810.56 0.00 -1067.81
v 798.72 0.00 -1069.77
v 808.34 0.00 -1055.77
v 796.58 0.00 -1058.13
v 799.23 0.00 -1013.85
v 787.53 0.00 -1016.53
v 796.36 0.00 -1001.94
v 784.72 0.00 -1004.88
v 787.75 0.00 -969.19
v 776.11 0.00 -972.11
v 777.39 0.00 -926.06
v 765.73 0.00 -928.86
v 788.63 0.00 -1254.65
v 792.29 0.00 -1243.23
v 814.38 0.00 -1262.91
v 818.04 0.00 -1251.49
f 19456 19458 19457 19455
f 19458 19460 19459 19457
f 19460 19462 19461 19459
f 19464 19466 19465 19463
f 19466 19468 19467 19465
f 19468 19470 19469 19467
f 19470 19472 19471 19469
f 19472 19474 19473 19471
f 19474 19476 19475 19473
f 19476 19478 19477 19475
f 19478 19480 19479 19477
f 19480 19482 19481 19479
f 19482 19484 19483 19481
f 19484 19486 19485 19483
f 19486 19488 19487 19485
f 19488 19490 19489 19487
f 19490 19492 19491 19489
f 19492 19494 19493 19491
f 19494 19496 19495 19493
f 19496 19498 19497 19495
f 19498 19500 19499 19497
f 19500 19502 19501 19499
f 19502 19504 19503 19501
f 19504 19506 19505 19503
f 19506 19508 19507 19505
f 19508 19510 19509 19507
f 19510 19512 19511 19509
f 19512 19514 19513 19511
f 19514 19516 19515 19513
f 19516 19518 19517 19515
f 19518 19520 19519 19517
f 19522 19524 19523 19521
o Roads_-4_-7
v 774.36 0.00 -1638.71
v 775.97 0.00 -1631.89
v 898.56 0.00 -1668.05
v 900.35 0.00 -1661.28
v 967.61 0.00 -1688.26
v 969.57 0.00 -1681.55
v 793.11 0.00 -1552.80
v 794.66 0.00 -1545.97
v 919.27 0.00 -1581.35
v 920.82 0.00 -1574.52
v 1039.00 0.00 -1608.43
v 1040.54 0.00 -1601.60
v 782.92 0.00 -1596.40
v 784.53 0.00 -1589.59
v 907.13 0.00 -1625.83
v 908.74 0.00 -1619.01
v 909.72 0.00 -1626.43
v 911.33 0.00 -1619.62
v 1014.20 0.00 -1651.42
v 1015.83 0.00 -1644.61
v 756.75 0.00 -1716.02
v 758.78 0.00 -1709.32
v 792.48 0.00 -1726.83
v 794.46 0.00 -1720.11
v 875.54 0.00 -1750.58
v 877.47 0.00 -1743.85
v 802.32 0.00 -1506.72
v 803.92 0.00 -1499.90
v 928.89 0.00 -1536.45
v 930.49 0.00 -1529.63
v 655.86 0.00 -2105.26
v 644.30 0.00 -2102.08
v 763.55 0.00 -1714.26
v 751.99 0.00 -1711.08
f 19526 19528 19527 19525
f 19528 19530 19529 19527
f 19532 19534 19533 19531
f 19534 19536 19535 19533
f 19538 19540 19539 19537
f 19540 19542 19541 19539
f 19542 19544 19543 19541
f 19546 19548 19547 19545
f 19548 19550 19549 19547
f 19552 19554 19553 19551
f 19556 19558 19557 19555
o Roads_-4_-8
v 693.16 0.00 -1947.11
v 695.09 0.00 -1940.38
v 812.32 0.00 -1981.41
v 814.26 0.00 -1974.68
v 827.27 0.00 -1985.72
v 829.20 0.00 -1979.00
v 840.72 0.00 -1989.59
v 842.66 0.00 -1982.87
v 936.74 0.00 -2017.29
v 938.68 0.00 -2010.57
v 964.09 0.00 -1908.71
v 962.17 0.00 -1915.44
v 869.92 0.00 -1881.76
v 867.99 0.00 -1888.48
v 866.51 0.00 -1880.77
v 864.58 0.00 -1887.50
v 722.82 0.00 -1839.68
v 720.90 0.00 -1846.41
v 748.64 0.00 -1746.04
v 750.38 0.00 -1739.26
v 905.67 0.00 -1786.46
v 907.42 0.00 -1779.68
v 951.26 0.00 -1958.75
v 949.32 0.00 -1965.48
v 942.35 0.00 -1956.19
v 940.37 0.00 -1962.91
v 915.70 0.00 -1948.18
v 913.84 0.00 -1954.93
v 854.30 0.00 -1932.81
v 852.45 0.00 -1939.56
v 709.12 0.00 -1889.56
v 707.13 0.00 -1896.27
f 19560 19562 19561 19559
f 19562 19564 19563 19561
f 19564 19566 19565 19563
f 19566 19568 19567 19565
f 19570 19572 19571 19569
f 19572 19574 19573 19571
f 19574 19576 19575 19573
f 19578 19580 19579 19577
f 19582 19584 19583 19581
f 19584 19586 19585 19583
f 19586 19588 19587 19585
f 19588 19590 19589 19587
o Roads_-4_-9
v 809.67 0.00 -2259.70
v 803.18 0.00 -2257.09
v 822.18 0.00 -2228.65
v 815.68 0.00 -2226.06
v 833.41 0.00 -2200.21
v 826.89 0.00 -2197.64
v 842.27 0.00 -2177.75
v 835.89 0.00 -2174.87
v 864.18 0.00 -2134.72
v 857.95 0.00 -2131.54
v 871.04 0.00 -2121.26
v 864.80 0.00 -2118.08
v 876.74 0.00 -2110.08
v 870.53 0.00 -2106.85
v 882.37 0.00 -2099.46
v 876.18 0.00 -2096.18
v 633.59 0.00 -2164.57
v 635.96 0.00 -2157.99
v 817.75 0.00 -2230.65
v 820.11 0.00 -2224.06
v 896.15 0.00 -2055.18
v 894.24 0.00 -2061.91
v 800.30 0.00 -2028.01
v 798.39 0.00 -2034.74
v 680.30 0.00 -1994.04
v 678.39 0.00 -2000.78
v 802.72 0.00 -2032.31
v 795.97 0.00 -2030.45
v 804.01 0.00 -2027.62
v 797.25 0.00 -2025.81
v 816.67 0.00 -1978.93
v 809.90 0.00 -1977.17
v 862.18 0.00 -2129.81
v 859.95 0.00 -2136.44
v 792.78 0.00 -2106.40
v 790.54 0.00 -2113.04
f 19592 19594 19593 19591
f 19594 19596 19595 19593
f 19596 19598 19597 19595
f 19598 19600 19599 19597
f 19600 19602 19601 19599
f 19602 19604 19603 19601
f 19604 19606 19605 19603
f 19608 19610 19609 19607
f 19612 19614 19613 19611
f 19614 19616 19615 19613
f 19618 19620 19619 19617
f 19620 19622 19621 19619
f 19624 19626 19625 19623
o Roads_-5_-10
v 1254.83 0.00 -2415.69
v 1252.71 0.00 -2427.51
v 1243.19 0.00 -2413.61
v 1240.83 0.00 -2425.37
v 1234.12 0.00 -2411.61
v 1231.22 0.00 -2423.25
v 1223.70 0.00 -2408.71
v 1220.16 0.00 -2420.19
v 1213.63 0.00 -2405.28
v 1209.47 0.00 -2416.54
v 1127.09 0.00 -2370.98
v 1122.69 0.00 -2382.14
v 1069.39 0.00 -2348.46
v 1065.07 0.00 -2359.66
v 1045.83 0.00 -2339.52
v 1041.63 0.00 -2350.76
v 973.59 0.00 -2312.98
v 969.47 0.00 -2324.24
v 813.18 0.00 -2254.50
v 809.10 0.00 -2265.78
v 678.31 0.00 -2206.04
v 674.25 0.00 -2217.34
f 19628 19630 19629 19627
f 19630 19632 19631 19629
f 19632 19634 19633 19631
f 19634 19636 19635 19633
f 19636 19638 19637 19635
f 19638 19640 19639 19637
f 19640 19642 19641 19639
f 19642 19644 19643 19641
f 19644 19646 19645 19643
f 19646 19648 19647 19645
o Roads_-5_-5
v 809.95 0.00 -1106.02
v 808.09 0.00 -1099.27
v 1001.03 0.00 -1053.53
v 999.18 0.00 -1046.78
v 1051.11 0.00 -1039.77
v 1049.26 0.00 -1033.02
f 19650 19652 19651 19649
f 19652 19654 19653 19651
o Roads_-5_-6
v 812.81 0.00 -1413.82
v 814.42 0.00 -1407.01
v 988.19 0.00 -1455.36
v 989.82 0.00 -1448.56
v 1016.72 0.00 -1462.31
v 1018.22 0.00 -1455.47
v 1143.43 0.00 -1487.03
v 1144.77 0.00 -1480.16
v 812.80 0.00 -1347.67
v 813.12 0.00 -1340.67
v 1022.68 0.00 -1357.47
v 1023.01 0.00 -1350.48
v 1146.42 0.00 -1363.31
v 1146.75 0.00 -1356.32
v 811.31 0.00 -1386.56
v 811.60 0.00 -1379.56
v 1022.52 0.00 -1395.19
v 1022.76 0.00 -1388.20
v 1137.89 0.00 -1398.27
v 1138.08 0.00 -1391.27
f 19656 19658 19657 19655
f 19658 19660 19659 19657
f 19660 19662 19661 19659
f 19664 19666 19665 19663
f 19666 19668 19667 19665
f 19670 19672 19671 19669
f 19672 19674 19673 19671
